uf;mu;nome;ufnome;regiao;lat;lon;eleitores;abstencao;taxa_abst;secoes;pct_21_34;pct_escol_baixa;pct_masculino;densidade_alvo;votos_recuperaveis
ac;01120;ACRELÂNDIA;Acre;Norte;-10.00163;-67.02437;10207;2152;21.08;45;29.9;52.3;50.1;0.428;921.0
ac;01570;ASSIS BRASIL;Acre;Norte;-10.86239;-69.63198;7294;1549;21.24;28;33.4;62.9;50.7;0.474;734.0
ac;01058;BRASILÉIA;Acre;Norte;-10.95728;-68.82494;19978;4071;20.38;74;32.3;45.9;48.8;0.416;1696.0
ac;01007;BUJARI;Acre;Norte;-9.77479;-68.00994;11152;2495;22.37;41;31.1;54.5;51.7;0.444;1108.0
ac;01015;CAPIXABA;Acre;Norte;-10.52934;-67.7336;8170;1657;20.28;34;32.4;54.3;51.7;0.45;746.0
ac;01074;CRUZEIRO DO SUL;Acre;Norte;-7.6709;-72.6326;63851;12369;19.37;256;33.9;37.3;48.2;0.394;4869.0
ac;01112;EPITACIOLÂNDIA;Acre;Norte;-11.00932;-68.71735;14599;2897;19.84;54;31.2;43.8;48.7;0.405;1174.0
ac;01139;FEIJÓ;Acre;Norte;-8.31503;-70.41827;24197;6041;24.97;88;35.9;54.9;50.6;0.464;2801.0
ac;01104;JORDÃO;Acre;Norte;-9.16787;-71.92412;5999;1485;24.75;24;40.4;59.5;53.6;0.505;750.0
ac;01554;MANOEL URBANO;Acre;Norte;-8.85291;-69.29016;8602;1885;21.91;31;35.2;59.3;50.9;0.474;892.0
ac;01040;MARECHAL THAUMATURGO;Acre;Norte;-9.0182;-72.70529;11897;2545;21.39;47;39.3;57.2;52.7;0.491;1250.0
ac;01090;MÂNCIO LIMA;Acre;Norte;-7.58206;-72.98022;14657;2568;17.52;57;34.5;42.9;49.7;0.419;1075.0
ac;01511;PLÁCIDO DE CASTRO;Acre;Norte;-10.27256;-67.23057;12291;2360;19.2;54;30.2;48.4;50.2;0.419;988.0
ac;01023;PORTO ACRE;Acre;Norte;-9.67395;-67.62134;14284;2675;18.73;60;31.5;52.2;52.4;0.442;1182.0
ac;01066;PORTO WALTER;Acre;Norte;-8.34424;-72.7286;8032;1512;18.82;34;39.7;55.1;52.9;0.487;736.0
ac;01392;RIO BRANCO;Acre;Norte;-9.9747;-67.82598;270174;54610;20.21;908;30.1;28.8;46.1;0.342;18686.0
ac;01082;RODRIGUES ALVES;Acre;Norte;-7.7831;-72.73392;12185;1967;16.14;55;37.0;42.8;51.2;0.432;851.0
ac;01031;SANTA ROSA DO PURUS;Acre;Norte;-9.35416;-70.38714;3927;1043;26.56;16;37.9;62.2;50.4;0.492;513.0
ac;01457;SENA MADUREIRA;Acre;Norte;-9.12241;-68.67606;30864;6203;20.1;120;34.3;53.4;50.4;0.452;2802.0
ac;01538;SENADOR GUIOMARD;Acre;Norte;-10.10212;-67.64319;18638;3472;18.63;81;30.6;43.5;50.0;0.405;1408.0
ac;01473;TARAUACÁ;Acre;Norte;-8.17168;-70.87472;29970;7367;24.58;110;36.9;54.4;49.8;0.464;3418.0
ac;01490;XAPURI;Acre;Norte;-10.64293;-68.50602;12774;2489;19.48;53;32.0;52.5;50.4;0.439;1093.0
al;27030;ANADIA;Alagoas;Nordeste;-9.68228;-36.3046;13090;2946;22.51;46;26.9;56.3;47.1;0.415;1222.0
al;27057;ARAPIRACA;Alagoas;Nordeste;-9.75192;-36.65743;158990;28114;17.68;446;28.5;46.3;44.6;0.389;10932.0
al;27073;ATALAIA;Alagoas;Nordeste;-9.5047;-36.03744;32403;6943;21.43;113;29.1;55.2;48.1;0.426;2956.0
al;27090;BARRA DE SANTO ANTÔNIO;Alagoas;Nordeste;-9.40874;-35.50737;14944;3288;22.0;41;30.6;57.5;47.9;0.438;1441.0
al;27111;BARRA DE SÃO MIGUEL;Alagoas;Nordeste;-9.84082;-35.90254;8063;1288;15.97;27;28.7;45.9;47.5;0.397;511.0
al;27138;BATALHA;Alagoas;Nordeste;-9.67254;-37.12712;13574;2776;20.45;36;30.5;53.5;47.0;0.425;1180.0
al;27170;BELO MONTE;Alagoas;Nordeste;-9.82708;-37.2775;6030;1161;19.25;16;31.2;62.8;49.1;0.458;532.0
al;27154;BELÉM;Alagoas;Nordeste;-9.57329;-36.48908;5054;1172;23.19;20;26.3;59.6;48.3;0.423;496.0
al;27197;BOCA DA MATA;Alagoas;Nordeste;-9.64529;-36.21332;19738;4740;24.01;59;27.5;47.0;48.0;0.396;1876.0
al;27219;BRANQUINHA;Alagoas;Nordeste;-9.25661;-35.99459;9119;2424;26.58;26;30.1;65.8;48.4;0.458;1109.0
al;27235;CACIMBINHAS;Alagoas;Nordeste;-9.40071;-36.98873;8774;2396;27.31;24;27.7;63.1;46.5;0.433;1038.0
al;27251;CAJUEIRO;Alagoas;Nordeste;-9.39634;-36.15449;14474;3499;24.17;42;28.8;58.3;47.2;0.429;1502.0
al;27081;CAMPESTRE;Alagoas;Nordeste;-8.85223;-35.56845;6077;1491;24.54;17;32.8;54.7;47.9;0.441;658.0
al;27278;CAMPO ALEGRE;Alagoas;Nordeste;-9.82547;-36.29987;27042;6732;24.89;78;31.1;54.4;47.4;0.431;2901.0
al;27294;CAMPO GRANDE;Alagoas;Nordeste;-9.95958;-36.78968;9154;2032;22.2;26;30.1;66.6;49.1;0.462;938.0
al;27316;CANAPI;Alagoas;Nordeste;-9.12236;-37.59587;14793;3724;25.17;53;30.6;62.8;48.7;0.454;1692.0
al;27332;CAPELA;Alagoas;Nordeste;-9.4116;-36.07883;12900;2588;20.06;46;28.6;48.8;47.4;0.405;1048.0
al;27359;CARNEIROS;Alagoas;Nordeste;-9.48426;-37.37779;7751;1813;23.39;23;32.9;60.6;46.9;0.454;823.0
al;27375;CHÃ PRETA;Alagoas;Nordeste;-9.25766;-36.2985;6923;1440;20.8;23;29.6;53.8;49.5;0.429;617.0
al;27391;COITÉ DO NÓIA;Alagoas;Nordeste;-9.63459;-36.58005;9481;1960;20.67;30;29.1;65.1;49.0;0.453;887.0
al;27413;COLÔNIA LEOPOLDINA;Alagoas;Nordeste;-8.91246;-35.71884;15416;3792;24.6;55;30.8;60.5;48.9;0.45;1706.0
al;27430;COQUEIRO SECO;Alagoas;Nordeste;-9.64018;-35.79811;5554;911;16.4;17;27.9;51.3;49.0;0.412;376.0
al;27456;CORURIPE;Alagoas;Nordeste;-10.13768;-36.20922;41885;9196;21.96;122;29.4;46.5;47.3;0.401;3692.0
al;28894;CRAÍBAS;Alagoas;Nordeste;-9.63561;-36.77271;21887;4446;20.31;59;30.0;62.9;48.3;0.45;2000.0
al;27472;DELMIRO GOUVEIA;Alagoas;Nordeste;-9.38176;-38.0361;41407;9303;22.47;151;28.7;54.9;47.0;0.42;3907.0
al;27499;DOIS RIACHOS;Alagoas;Nordeste;-9.38709;-37.09214;9497;2719;28.63;27;31.1;66.5;49.1;0.467;1269.0
al;27049;ESTRELA DE ALAGOAS;Alagoas;Nordeste;-9.40025;-36.75708;13040;3544;27.18;41;24.9;63.3;47.7;0.422;1496.0
al;27510;FEIRA GRANDE;Alagoas;Nordeste;-9.89219;-36.67519;19459;3791;19.48;53;29.9;58.9;47.3;0.437;1655.0
al;27537;FELIZ DESERTO;Alagoas;Nordeste;-10.29314;-36.30579;3975;971;24.43;11;30.2;55.5;48.3;0.433;420.0
al;27553;FLEXEIRAS;Alagoas;Nordeste;-9.27673;-35.72336;8538;1876;21.97;26;29.1;57.3;48.3;0.432;810.0
al;27570;GIRAU DO PONCIANO;Alagoas;Nordeste;-9.84667;-36.81332;28504;6415;22.51;76;30.6;58.8;47.7;0.441;2828.0
al;27596;IBATEGUARA;Alagoas;Nordeste;-8.97292;-35.9301;11536;2792;24.2;33;30.9;63.0;48.6;0.456;1272.0
al;27618;IGACI;Alagoas;Nordeste;-9.53491;-36.63257;20525;5231;25.49;82;26.5;61.2;47.5;0.426;2227.0
al;27634;IGREJA NOVA;Alagoas;Nordeste;-10.14141;-36.61492;17729;3814;21.51;55;28.0;60.4;49.2;0.436;1664.0
al;27650;INHAPI;Alagoas;Nordeste;-9.21532;-37.74101;14561;3920;26.92;43;30.6;65.5;46.9;0.455;1782.0
al;27677;JACARÉ DOS HOMENS;Alagoas;Nordeste;-9.63369;-37.20574;5258;1068;20.31;14;30.3;57.9;48.8;0.44;470.0
al;27693;JACUÍPE;Alagoas;Nordeste;-8.8443;-35.4609;6044;1064;17.6;17;31.6;54.5;49.9;0.441;469.0
al;27715;JAPARATINGA;Alagoas;Nordeste;-9.10035;-35.26668;9190;1798;19.56;27;31.4;52.7;48.5;0.432;776.0
al;27731;JARAMATAIA;Alagoas;Nordeste;-9.65956;-37.00199;5223;895;17.14;16;28.6;62.6;48.8;0.444;397.0
al;27065;JEQUIÁ DA PRAIA;Alagoas;Nordeste;-10.01091;-36.02477;8245;1627;19.73;24;28.8;52.7;50.3;0.424;690.0
al;27758;JOAQUIM GOMES;Alagoas;Nordeste;-9.13404;-35.75131;15470;3422;22.12;53;30.6;57.8;49.1;0.443;1517.0
al;27774;JUNDIÁ;Alagoas;Nordeste;-8.94161;-35.55396;4851;1036;21.36;14;31.6;56.0;50.1;0.446;462.0
al;27790;JUNQUEIRO;Alagoas;Nordeste;-9.89436;-36.46739;20177;4387;21.74;63;28.0;56.1;48.1;0.423;1855.0
al;27812;LAGOA DA CANOA;Alagoas;Nordeste;-9.81806;-36.73588;17008;3641;21.41;46;31.0;58.0;48.1;0.442;1610.0
al;27839;LIMOEIRO DE ANADIA;Alagoas;Nordeste;-9.74812;-36.51599;20414;4193;20.54;64;31.0;65.0;47.3;0.457;1915.0
al;27855;MACEIÓ;Alagoas;Nordeste;-9.61394;-35.7399;646463;120917;18.7;1661;27.2;33.4;44.3;0.343;41430.0
al;27871;MAJOR ISIDORO;Alagoas;Nordeste;-9.54391;-37.00996;15675;3445;21.98;46;28.1;60.9;47.7;0.434;1496.0
al;27979;MAR VERMELHO;Alagoas;Nordeste;-9.44749;-36.38867;3653;583;15.96;11;26.1;51.0;48.4;0.401;234.0
al;27898;MARAGOGI;Alagoas;Nordeste;-9.0042;-35.21576;26019;5751;22.1;69;32.0;52.3;48.2;0.432;2484.0
al;27910;MARAVILHA;Alagoas;Nordeste;-9.24845;-37.36671;8963;2273;25.36;26;28.4;58.5;49.0;0.434;986.0
al;27936;MARECHAL DEODORO;Alagoas;Nordeste;-9.72978;-35.87394;47095;8580;18.22;142;29.2;45.6;46.7;0.396;3398.0
al;27952;MARIBONDO;Alagoas;Nordeste;-9.57183;-36.31068;11142;1970;17.68;37;26.5;54.0;46.0;0.404;796.0
al;27995;MATA GRANDE;Alagoas;Nordeste;-9.12265;-37.74938;18418;4784;25.97;63;29.9;63.7;48.8;0.453;2168.0
al;28010;MATRIZ DE CAMARAGIBE;Alagoas;Nordeste;-9.15208;-35.52833;18656;4067;21.8;53;30.8;56.0;47.5;0.434;1767.0
al;28037;MESSIAS;Alagoas;Nordeste;-9.3878;-35.83965;14073;2760;19.61;39;30.0;57.5;47.4;0.434;1199.0
al;28053;MINADOR DO NEGRÃO;Alagoas;Nordeste;-9.31103;-36.86803;5111;1167;22.83;18;27.7;60.6;48.4;0.433;506.0
al;28070;MONTEIRÓPOLIS;Alagoas;Nordeste;-9.60066;-37.24742;6417;1389;21.65;19;29.7;62.6;47.5;0.446;619.0
al;28096;MURICI;Alagoas;Nordeste;-9.31148;-35.94106;20644;4033;19.54;63;30.5;58.5;47.1;0.438;1768.0
al;28118;NOVO LINO;Alagoas;Nordeste;-8.94256;-35.66227;10016;2211;22.07;30;30.6;60.3;49.2;0.449;994.0
al;28134;OLHO D'ÁGUA DAS FLORES;Alagoas;Nordeste;-9.53233;-37.29435;16240;3605;22.2;47;29.4;58.1;46.4;0.429;1548.0
al;28150;OLHO D'ÁGUA DO CASADO;Alagoas;Nordeste;-9.50086;-37.83182;7631;1993;26.12;21;31.5;67.0;49.1;0.47;937.0
al;28177;OLHO D'ÁGUA GRANDE;Alagoas;Nordeste;-10.05582;-36.81303;5133;1152;22.44;15;31.5;65.1;50.6;0.47;541.0
al;28193;OLIVENÇA;Alagoas;Nordeste;-9.51068;-37.19608;10337;1868;18.07;38;32.1;66.0;49.0;0.47;878.0
al;28215;OURO BRANCO;Alagoas;Nordeste;-9.15989;-37.35917;10029;2276;22.69;27;29.8;57.5;48.6;0.437;994.0
al;28231;PALESTINA;Alagoas;Nordeste;-9.67231;-37.32998;4992;1270;25.44;14;32.5;51.3;47.3;0.429;544.0
al;28258;PALMEIRA DOS ÍNDIOS;Alagoas;Nordeste;-9.41517;-36.63089;54544;11498;21.08;170;26.3;49.0;45.9;0.39;4481.0
al;27022;PARICONHA;Alagoas;Nordeste;-9.25768;-38.00484;9772;2233;22.85;29;31.2;57.3;49.0;0.444;991.0
al;27006;PARIPUEIRA;Alagoas;Nordeste;-9.46748;-35.5539;12721;2514;19.76;33;30.4;50.4;48.7;0.421;1058.0
al;28290;PASSO DE CAMARAGIBE;Alagoas;Nordeste;-9.25822;-35.4679;12513;2258;18.05;38;30.3;54.6;49.2;0.433;979.0
al;28312;PAULO JACINTO;Alagoas;Nordeste;-9.36782;-36.37332;6620;1154;17.43;26;28.6;50.7;48.5;0.413;476.0
al;28339;PENEDO;Alagoas;Nordeste;-10.27821;-36.55539;44742;10224;22.85;138;27.2;44.0;45.8;0.38;3886.0
al;28355;PIAÇABUÇU;Alagoas;Nordeste;-10.40022;-36.41232;13930;2992;21.48;44;29.0;54.4;47.5;0.422;1262.0
al;28371;PILAR;Alagoas;Nordeste;-9.59774;-35.9582;29494;5567;18.88;84;28.3;47.4;46.0;0.395;2199.0
al;28398;PINDOBA;Alagoas;Nordeste;-9.47582;-36.28707;2895;488;16.86;8;29.6;52.5;48.2;0.421;206.0
al;28410;PIRANHAS;Alagoas;Nordeste;-9.57117;-37.72593;20101;4785;23.8;56;32.9;55.5;46.9;0.441;2109.0
al;28452;PORTO CALVO;Alagoas;Nordeste;-9.05454;-35.39835;21598;4380;20.28;69;31.4;51.3;48.0;0.426;1866.0
al;28479;PORTO DE PEDRAS;Alagoas;Nordeste;-9.17192;-35.30569;8457;1572;18.59;23;28.8;52.3;48.7;0.418;658.0
al;28495;PORTO REAL DO COLÉGIO;Alagoas;Nordeste;-10.16084;-36.78297;17563;3434;19.55;53;29.7;58.4;47.9;0.436;1499.0
al;28436;POÇO DAS TRINCHEIRAS;Alagoas;Nordeste;-9.30036;-37.29105;11257;2423;21.52;34;29.7;62.3;49.8;0.452;1094.0
al;28274;PÃO DE AÇÚCAR;Alagoas;Nordeste;-9.72368;-37.41682;18843;4377;23.23;64;28.9;48.8;48.3;0.408;1787.0
al;28517;QUEBRANGULO;Alagoas;Nordeste;-9.31891;-36.4761;10425;2149;20.61;37;28.1;53.6;48.1;0.417;896.0
al;28533;RIO LARGO;Alagoas;Nordeste;-9.49641;-35.83257;68061;10735;15.77;205;29.3;45.7;46.2;0.396;4246.0
al;28550;ROTEIRO;Alagoas;Nordeste;-9.83376;-35.98027;5776;1276;22.09;17;33.0;62.8;50.3;0.47;600.0
al;28576;SANTA LUZIA DO NORTE;Alagoas;Nordeste;-9.60304;-35.82243;6471;1096;16.94;18;30.6;48.4;47.2;0.412;451.0
al;28592;SANTANA DO IPANEMA;Alagoas;Nordeste;-9.37088;-37.23575;33109;6630;20.02;115;30.0;56.1;46.4;0.427;2832.0
al;28614;SANTANA DO MUNDAÚ;Alagoas;Nordeste;-9.17773;-36.21899;9415;2212;23.49;28;29.5;56.3;48.9;0.433;959.0
al;28770;SATUBA;Alagoas;Nordeste;-9.56671;-35.81942;15433;2286;14.81;41;27.8;39.0;46.7;0.37;846.0
al;28916;SENADOR RUI PALMEIRA;Alagoas;Nordeste;-9.46169;-37.45483;9681;2230;23.03;30;32.2;66.2;47.6;0.466;1039.0
al;28630;SÃO BRÁS;Alagoas;Nordeste;-10.11693;-36.87958;7353;1504;20.45;23;29.4;54.4;49.0;0.428;644.0
al;28657;SÃO JOSÉ DA LAJE;Alagoas;Nordeste;-9.00672;-36.05803;17824;4240;23.79;50;30.6;54.9;48.0;0.432;1831.0
al;28673;SÃO JOSÉ DA TAPERA;Alagoas;Nordeste;-9.55599;-37.40076;23495;6061;25.8;64;33.3;58.7;47.5;0.453;2744.0
al;28690;SÃO LUÍS DO QUITUNDE;Alagoas;Nordeste;-9.31633;-35.56299;23573;5437;23.06;71;31.8;60.6;48.7;0.454;2471.0
al;28711;SÃO MIGUEL DOS CAMPOS;Alagoas;Nordeste;-9.786;-36.09958;43051;9015;20.94;137;28.5;47.8;46.8;0.399;3601.0
al;28738;SÃO MIGUEL DOS MILAGRES;Alagoas;Nordeste;-9.25045;-35.36055;8255;1638;19.84;22;28.6;50.3;47.4;0.409;669.0
al;28754;SÃO SEBASTIÃO;Alagoas;Nordeste;-9.94164;-36.55556;27082;5695;21.03;74;30.2;61.7;47.4;0.445;2537.0
al;28797;TANQUE D'ARCA;Alagoas;Nordeste;-9.53423;-36.43165;6000;1459;24.32;19;26.8;57.7;48.1;0.42;613.0
al;28819;TAQUARANA;Alagoas;Nordeste;-9.64622;-36.49064;15528;3227;20.78;54;27.3;56.7;46.5;0.416;1342.0
al;28932;TEOTÔNIO VILELA;Alagoas;Nordeste;-9.91255;-36.36493;31106;8312;26.72;89;30.4;51.5;46.1;0.416;3460.0
al;28835;TRAIPU;Alagoas;Nordeste;-9.96587;-37.00057;19176;4454;23.23;72;30.0;62.9;49.5;0.454;2023.0
al;28851;UNIÃO DOS PALMARES;Alagoas;Nordeste;-9.15789;-36.02751;48373;10672;22.06;140;29.1;51.5;46.5;0.412;4395.0
al;28878;VIÇOSA;Alagoas;Nordeste;-9.37563;-36.24235;20902;4309;20.62;60;28.1;50.2;46.8;0.404;1741.0
al;27014;ÁGUA BRANCA;Alagoas;Nordeste;-9.26432;-37.93623;16513;4689;28.4;46;29.7;60.6;48.3;0.443;2078.0
ap;06017;AMAPÁ;Amapá;Norte;2.01863;-50.78449;7523;1261;16.76;27;32.7;40.0;51.6;0.407;514.0
ap;06033;CALÇOENE;Amapá;Norte;2.47264;-51.11063;8907;1898;21.31;30;30.6;48.5;53.2;0.429;814.0
ap;06068;CUTIAS;Amapá;Norte;0.95523;-50.77381;6300;1109;17.6;23;38.3;40.7;53.3;0.436;484.0
ap;06114;FERREIRA GOMES;Amapá;Norte;0.85607;-51.18529;7861;1601;20.37;26;35.0;34.9;51.5;0.398;637.0
ap;06041;ITAUBAL;Amapá;Norte;0.557;-50.69853;8881;1527;17.19;31;37.3;42.9;53.3;0.44;672.0
ap;06130;LARANJAL DO JARI;Amapá;Norte;-0.82242;-52.49907;28170;7055;25.04;106;32.6;40.7;50.9;0.407;2872.0
ap;06050;MACAPÁ;Amapá;Norte;0.07613;-51.04408;321597;51063;15.88;1027;31.9;26.6;47.1;0.342;17458.0
ap;06076;MAZAGÃO;Amapá;Norte;-0.21219;-51.43701;22212;3223;14.51;90;36.0;47.9;51.4;0.446;1437.0
ap;06092;OIAPOQUE;Amapá;Norte;3.7552;-51.75323;24220;6704;27.68;91;31.9;50.2;49.4;0.429;2878.0
ap;06084;PEDRA BRANCA DO AMAPARI;Amapá;Norte;0.83519;-52.04483;9909;2790;28.16;31;35.4;40.6;52.8;0.424;1182.0
ap;06025;PORTO GRANDE;Amapá;Norte;0.67978;-51.45844;15533;3195;20.57;45;31.4;42.4;51.0;0.408;1304.0
ap;06009;PRACUÚBA;Amapá;Norte;1.73428;-50.88636;4022;709;17.63;16;34.1;45.8;53.4;0.437;310.0
ap;06157;SANTANA;Amapá;Norte;-0.03224;-51.17965;85900;12723;14.81;274;33.7;31.7;48.7;0.374;4752.0
ap;06173;TARTARUGALZINHO;Amapá;Norte;1.41218;-50.87241;11437;2163;18.91;44;33.6;49.1;52.1;0.441;955.0
ap;06122;VITÓRIA DO JARI;Amapá;Norte;-0.9398;-52.34465;10405;2334;22.43;41;34.9;47.8;52.0;0.442;1033.0
am;02895;ALVARÃES;Amazonas;Norte;-3.23146;-64.80758;12444;2605;20.93;34;39.9;47.8;51.4;0.461;1201.0
am;02917;AMATURÁ;Amazonas;Norte;-3.37663;-68.22954;7522;1153;15.33;23;36.5;42.5;51.2;0.43;496.0
am;02933;ANAMÃ;Amazonas;Norte;-3.57775;-61.40566;9177;2301;25.07;25;37.1;39.3;52.2;0.424;975.0
am;02038;ANORI;Amazonas;Norte;-3.76907;-61.65943;11109;2374;21.37;31;33.6;43.7;50.2;0.419;995.0
am;02003;APUÍ;Amazonas;Norte;-7.19354;-59.82315;11540;3090;26.78;32;30.0;52.9;51.9;0.435;1344.0
am;02054;ATALAIA DO NORTE;Amazonas;Norte;-4.87136;-70.86358;9508;2543;26.75;32;39.8;55.7;50.7;0.483;1228.0
am;02070;AUTAZES;Amazonas;Norte;-3.58457;-59.22012;32340;8273;25.58;103;33.9;45.7;50.6;0.428;3544.0
am;02097;BARCELOS;Amazonas;Norte;-0.83171;-62.87436;12648;4642;36.7;36;36.5;48.7;51.0;0.449;2085.0
am;02119;BARREIRINHA;Amazonas;Norte;-2.91921;-57.11154;22727;4294;18.89;68;37.6;39.0;51.0;0.422;1810.0
am;02135;BENJAMIN CONSTANT;Amazonas;Norte;-4.37107;-69.93033;24218;4131;17.06;76;36.0;35.9;49.0;0.398;1646.0
am;02950;BERURI;Amazonas;Norte;-4.05556;-61.54356;15139;3591;23.72;44;39.4;47.7;51.2;0.458;1645.0
am;02976;BOA VISTA DO RAMOS;Amazonas;Norte;-3.0043;-57.62421;13666;3040;22.24;43;37.2;38.8;53.1;0.425;1290.0
am;02151;BOCA DO ACRE;Amazonas;Norte;-8.77158;-67.4143;23223;5629;24.24;68;33.6;49.8;50.8;0.44;2476.0
am;02178;BORBA;Amazonas;Norte;-4.30536;-59.50075;24462;5454;22.3;76;36.1;41.7;50.9;0.425;2316.0
am;02992;CAAPIRANGA;Amazonas;Norte;-3.32877;-61.20232;9486;2419;25.5;26;36.3;41.9;51.5;0.428;1035.0
am;02194;CANUTAMA;Amazonas;Norte;-7.1361;-64.277;10740;2808;26.15;34;32.0;58.3;52.7;0.462;1297.0
am;02216;CARAUARI;Amazonas;Norte;-4.92943;-66.95328;20927;6009;28.71;76;37.2;44.7;50.6;0.438;2633.0
am;02232;CAREIRO;Amazonas;Norte;-3.63968;-60.16237;27452;7236;26.36;97;29.3;48.1;51.3;0.417;3015.0
am;02046;CAREIRO DA VÁRZEA;Amazonas;Norte;-3.24143;-59.72186;18436;4387;23.8;63;30.3;49.3;50.7;0.423;1857.0
am;02259;COARI;Amazonas;Norte;-4.05931;-63.17259;51479;13338;25.91;161;35.7;43.4;49.7;0.426;5677.0
am;02275;CODAJÁS;Amazonas;Norte;-3.81314;-62.14129;17092;3930;22.99;54;34.5;46.5;50.4;0.432;1699.0
am;02291;EIRUNEPÉ;Amazonas;Norte;-6.66121;-69.86897;22838;7244;31.72;65;35.6;50.6;49.7;0.447;3240.0
am;02313;ENVIRA;Amazonas;Norte;-7.43678;-70.02511;10870;3030;27.87;35;36.0;57.3;50.1;0.469;1421.0
am;02330;FONTE BOA;Amazonas;Norte;-2.47236;-66.13253;17120;4057;23.7;54;35.9;46.0;51.3;0.439;1783.0
am;02020;GUAJARÁ;Amazonas;Norte;-7.49383;-72.58008;12171;2969;24.39;38;37.7;50.6;50.5;0.458;1361.0
am;02356;HUMAITÁ;Amazonas;Norte;-7.35865;-62.91552;34907;7448;21.34;106;34.8;43.4;50.3;0.424;3156.0
am;02399;IPIXUNA;Amazonas;Norte;-7.0577;-71.5995;11575;3120;26.95;36;38.8;57.5;51.1;0.485;1512.0
am;98353;IRANDUBA;Amazonas;Norte;-3.21503;-60.18443;45948;8198;17.84;205;31.6;38.4;49.5;0.392;3213.0
am;02410;ITACOATIARA;Amazonas;Norte;-3.16646;-58.5586;76067;17682;23.25;248;32.7;35.8;50.1;0.389;6872.0
am;98370;ITAMARATI;Amazonas;Norte;-6.4262;-68.24668;7343;1814;24.7;25;39.0;58.9;52.1;0.493;894.0
am;02437;ITAPIRANGA;Amazonas;Norte;-2.69403;-58.10347;9689;2221;22.92;30;34.2;34.3;50.9;0.391;868.0
am;02453;JAPURÁ;Amazonas;Norte;-1.80048;-67.27218;5709;1793;31.41;17;40.5;44.7;52.7;0.457;819.0
am;02470;JURUÁ;Amazonas;Norte;-3.22018;-65.94742;7620;2004;26.3;28;38.4;53.5;51.0;0.471;944.0
am;02496;JUTAÍ;Amazonas;Norte;-2.75975;-66.78206;15903;4919;30.93;43;38.3;51.0;49.5;0.459;2258.0
am;02518;LÁBREA;Amazonas;Norte;-7.44059;-65.01965;29351;6888;23.47;91;35.5;51.2;49.9;0.449;3093.0
am;02534;MANACAPURU;Amazonas;Norte;-3.32184;-60.67058;81115;17036;21.0;234;33.8;39.6;49.5;0.405;6892.0
am;98396;MANAQUIRI;Amazonas;Norte;-3.44346;-60.43608;15304;3571;23.33;46;32.4;43.5;51.2;0.417;1487.0
am;02550;MANAUS;Amazonas;Norte;-3.06562;-59.99254;1477265;254036;17.2;4013;31.2;21.7;47.0;0.317;80517.0
am;02577;MANICORÉ;Amazonas;Norte;-6.13796;-61.40311;33789;6950;20.57;107;35.7;44.6;51.3;0.434;3015.0
am;02593;MARAÃ;Amazonas;Norte;-2.22679;-65.30395;9995;2967;29.68;32;40.0;49.9;52.3;0.471;1397.0
am;02615;MAUÉS;Amazonas;Norte;-3.47881;-57.69831;38063;9297;24.43;113;34.8;45.5;50.7;0.431;4011.0
am;02631;NHAMUNDÁ;Amazonas;Norte;-2.18765;-56.77552;15833;3558;22.47;52;34.9;39.0;52.0;0.414;1472.0
am;02658;NOVA OLINDA DO NORTE;Amazonas;Norte;-3.85786;-58.96351;19945;4237;21.24;64;36.3;40.6;50.8;0.422;1787.0
am;02011;NOVO AIRÃO;Amazonas;Norte;-2.57178;-60.9831;13332;3574;26.81;39;32.2;41.8;49.9;0.407;1454.0
am;02674;NOVO ARIPUANÃ;Amazonas;Norte;-5.22046;-60.38968;13283;3360;25.3;39;35.8;47.8;51.3;0.445;1494.0
am;02690;PARINTINS;Amazonas;Norte;-2.63723;-56.76162;73020;16329;22.36;235;34.8;29.2;49.6;0.369;6028.0
am;02712;PAUINI;Amazonas;Norte;-7.7775;-67.03935;11565;3000;25.94;33;37.5;60.7;51.2;0.488;1464.0
am;98418;PRESIDENTE FIGUEIREDO;Amazonas;Norte;-1.94989;-59.9912;28343;7980;28.16;90;30.8;37.9;50.5;0.389;3106.0
am;98434;RIO PRETO DA EVA;Amazonas;Norte;-2.71592;-59.65219;23243;5775;24.85;73;29.5;40.2;50.6;0.392;2262.0
am;02372;SANTA ISABEL DO RIO NEGRO;Amazonas;Norte;-0.27401;-65.08891;9379;2799;29.84;31;36.1;41.8;51.1;0.426;1191.0
am;02739;SANTO ANTÔNIO DO IÇÁ;Amazonas;Norte;-3.08733;-68.13614;18469;3488;18.89;51;39.0;48.1;51.1;0.457;1596.0
am;02771;SILVES;Amazonas;Norte;-2.87625;-58.3052;9656;2115;21.9;33;35.6;37.9;52.2;0.413;874.0
am;02836;SÃO GABRIEL DA CACHOEIRA;Amazonas;Norte;0.25883;-67.60509;32420;8328;25.69;103;35.4;42.9;48.8;0.42;3496.0
am;02755;SÃO PAULO DE OLIVENÇA;Amazonas;Norte;-3.54549;-69.12444;21421;3503;16.35;62;38.2;40.4;50.5;0.427;1496.0
am;98450;SÃO SEBASTIÃO DO UATUMÃ;Amazonas;Norte;-2.56706;-57.88219;7748;1865;24.07;23;36.7;36.2;52.0;0.41;765.0
am;98477;TABATINGA;Amazonas;Norte;-4.20693;-69.85958;40230;8550;21.25;121;36.1;36.8;46.9;0.397;3391.0
am;02798;TAPAUÁ;Amazonas;Norte;-5.61258;-63.29542;14621;3867;26.45;41;36.9;56.3;51.9;0.476;1842.0
am;02810;TEFÉ;Amazonas;Norte;-3.36261;-64.69415;49827;10341;20.75;145;37.3;38.0;48.9;0.411;4247.0
am;98515;TONANTINS;Amazonas;Norte;-2.80652;-67.69684;11653;2227;19.11;35;38.2;43.5;51.7;0.441;982.0
am;98493;UARINI;Amazonas;Norte;-2.98262;-65.15895;9798;2016;20.58;32;38.8;49.7;51.1;0.462;932.0
am;02852;URUCARÁ;Amazonas;Norte;-2.50515;-57.74355;12648;3241;25.62;38;32.9;30.5;50.8;0.371;1202.0
am;02879;URUCURITUBA;Amazonas;Norte;-3.04243;-58.07234;14200;3418;24.07;49;34.6;37.0;52.0;0.405;1385.0
ba;33030;ABARÉ;Bahia;Nordeste;-8.70757;-39.2287;14734;2445;16.59;45;30.4;50.2;49.1;0.422;1031.0
ba;33014;ABAÍRA;Bahia;Nordeste;-13.27701;-41.72289;6761;1381;20.43;29;19.6;55.6;48.5;0.375;519.0
ba;33057;ACAJUTIBA;Bahia;Nordeste;-11.66597;-38.01972;12019;2402;19.99;39;29.0;48.4;46.8;0.404;970.0
ba;33065;ADUSTINA;Bahia;Nordeste;-10.56218;-38.09723;12402;2163;17.44;45;27.2;66.0;47.4;0.44;951.0
ba;33111;AIQUARA;Bahia;Nordeste;-14.10174;-39.87111;4318;1032;23.9;14;24.9;53.3;50.4;0.406;419.0
ba;33138;ALAGOINHAS;Bahia;Nordeste;-12.13265;-38.42288;114417;23878;20.87;366;25.8;34.0;45.3;0.341;8149.0
ba;33154;ALCOBAÇA;Bahia;Nordeste;-17.50031;-39.32132;19171;4321;22.54;57;27.1;56.6;49.0;0.422;1823.0
ba;33170;ALMADINA;Bahia;Nordeste;-14.70502;-39.63608;4923;1079;21.92;15;23.8;56.6;48.2;0.402;434.0
ba;33197;AMARGOSA;Bahia;Nordeste;-13.03295;-39.59524;28384;5554;19.57;84;27.8;45.6;47.0;0.391;2169.0
ba;33219;AMÉLIA RODRIGUES;Bahia;Nordeste;-12.40296;-38.74393;19625;3800;19.36;64;26.1;38.5;46.7;0.361;1370.0
ba;30716;AMÉRICA DOURADA;Bahia;Nordeste;-11.4005;-41.50864;12503;2260;18.08;42;27.8;51.5;49.4;0.414;935.0
ba;33235;ANAGÉ;Bahia;Nordeste;-14.60238;-40.99877;18704;3669;19.62;68;24.0;61.1;49.5;0.417;1531.0
ba;33251;ANDARAÍ;Bahia;Nordeste;-12.72978;-41.22138;9794;2112;21.56;37;28.3;52.6;48.3;0.416;878.0
ba;33260;ANDORINHA;Bahia;Nordeste;-10.32017;-39.85544;13508;2217;16.41;44;26.8;56.0;50.3;0.422;936.0
ba;33278;ANGICAL;Bahia;Nordeste;-12.01845;-44.62394;12831;2410;18.78;49;26.4;48.3;51.4;0.403;971.0
ba;33294;ANGUERA;Bahia;Nordeste;-12.16651;-39.22668;10304;1847;17.93;36;26.5;50.0;48.8;0.401;741.0
ba;33316;ANTAS;Bahia;Nordeste;-10.40487;-38.33027;10594;2004;18.92;33;24.5;56.6;48.4;0.406;814.0
ba;33332;ANTÔNIO CARDOSO;Bahia;Nordeste;-12.38047;-39.15671;12130;2105;17.35;38;26.8;52.7;47.4;0.406;854.0
ba;33359;ANTÔNIO GONÇALVES;Bahia;Nordeste;-10.59141;-40.30476;8672;1602;18.47;35;27.7;49.5;49.3;0.407;652.0
ba;33375;APORÁ;Bahia;Nordeste;-11.69816;-38.17378;14198;2814;19.82;45;28.4;56.5;49.1;0.429;1206.0
ba;33405;APUAREMA;Bahia;Nordeste;-13.84104;-39.75104;6358;1373;21.59;18;26.9;58.6;49.2;0.427;586.0
ba;33391;ARACATU;Bahia;Nordeste;-14.38299;-41.41536;12568;2069;16.46;43;24.1;58.7;51.2;0.417;862.0
ba;33413;ARACI;Bahia;Nordeste;-11.24693;-39.02735;40272;8486;21.07;131;30.1;63.5;48.6;0.453;3843.0
ba;33430;ARAMARI;Bahia;Nordeste;-12.08776;-38.4988;9785;2094;21.4;35;27.8;45.8;49.0;0.397;831.0
ba;30732;ARATACA;Bahia;Nordeste;-15.25699;-39.42324;6559;1624;24.76;24;28.3;57.9;50.6;0.436;708.0
ba;33456;ARATUÍPE;Bahia;Nordeste;-13.07592;-39.00113;8424;1767;20.98;28;28.3;55.0;49.1;0.424;750.0
ba;33383;ARAÇÁS;Bahia;Nordeste;-12.20904;-38.20197;10800;2534;23.46;30;29.9;46.6;48.0;0.406;1028.0
ba;33472;AURELINO LEAL;Bahia;Nordeste;-14.32762;-39.36856;9612;2393;24.9;34;27.0;54.7;48.2;0.414;992.0
ba;33499;BAIANÓPOLIS;Bahia;Nordeste;-12.44972;-44.50473;12451;2334;18.75;45;27.2;53.6;50.8;0.42;980.0
ba;33510;BAIXA GRANDE;Bahia;Nordeste;-11.95057;-40.17078;15480;3320;21.45;56;26.1;54.5;48.9;0.411;1365.0
ba;33529;BANZAÊ;Bahia;Nordeste;-10.61574;-38.62898;10902;2142;19.65;42;26.6;56.9;49.6;0.422;904.0
ba;33537;BARRA;Bahia;Nordeste;-10.97422;-43.14842;37117;7889;21.25;139;31.9;51.0;50.3;0.434;3427.0
ba;33553;BARRA DA ESTIVA;Bahia;Nordeste;-13.62579;-41.25096;21065;2761;13.11;67;29.5;54.9;50.2;0.433;1196.0
ba;33570;BARRA DO CHOÇA;Bahia;Nordeste;-14.88815;-40.57288;28911;5623;19.45;110;27.2;60.1;48.1;0.428;2408.0
ba;33596;BARRA DO MENDES;Bahia;Nordeste;-11.91071;-42.05957;12115;2196;18.13;57;25.3;47.2;49.4;0.389;855.0
ba;33618;BARRA DO ROCHA;Bahia;Nordeste;-14.20861;-39.60145;4427;1177;26.59;14;25.3;48.8;49.1;0.393;462.0
ba;33634;BARREIRAS;Bahia;Nordeste;-12.14236;-45.00686;109227;20368;18.65;325;29.5;31.1;47.4;0.352;7167.0
ba;30759;BARRO ALTO;Bahia;Nordeste;-11.83269;-41.83375;11523;2091;18.15;41;26.5;52.6;50.1;0.412;861.0
ba;33650;BARRO PRETO;Bahia;Nordeste;-14.80816;-39.47371;5763;1232;21.38;21;25.5;56.2;51.4;0.419;516.0
ba;30775;BARROCAS;Bahia;Nordeste;-11.54429;-39.09122;14895;2504;16.81;52;27.4;51.2;49.4;0.411;1028.0
ba;33677;BELMONTE;Bahia;Nordeste;-15.9267;-39.05289;14778;3348;22.66;55;27.1;52.6;48.4;0.41;1374.0
ba;33693;BELO CAMPO;Bahia;Nordeste;-15.02508;-41.23092;15726;3179;20.21;58;26.1;57.5;49.2;0.419;1333.0
ba;33715;BIRITINGA;Bahia;Nordeste;-11.63491;-38.80978;13259;2680;20.21;43;26.8;61.0;48.3;0.429;1150.0
ba;33731;BOA NOVA;Bahia;Nordeste;-14.3726;-40.22262;13066;3535;27.05;48;24.9;60.1;50.3;0.422;1493.0
ba;33758;BOA VISTA DO TUPIM;Bahia;Nordeste;-12.72979;-40.66087;14089;2981;21.16;51;26.3;54.2;49.7;0.414;1234.0
ba;33774;BOM JESUS DA LAPA;Bahia;Nordeste;-13.27901;-43.37047;48946;8948;18.28;160;29.1;41.4;47.7;0.386;3452.0
ba;33782;BOM JESUS DA SERRA;Bahia;Nordeste;-14.37404;-40.52811;9372;2230;23.79;32;26.5;65.9;50.2;0.444;990.0
ba;33790;BONINAL;Bahia;Nordeste;-12.75146;-41.83679;10945;2326;21.25;45;26.7;50.4;48.2;0.402;935.0
ba;33804;BONITO;Bahia;Nordeste;-11.96009;-41.28881;12270;2090;17.03;42;32.7;52.1;49.2;0.438;915.0
ba;33812;BOQUIRA;Bahia;Nordeste;-12.78061;-42.74189;16616;3800;22.87;69;26.1;52.2;48.8;0.405;1540.0
ba;33839;BOTUPORÃ;Bahia;Nordeste;-13.35141;-42.53144;9465;2025;21.39;35;26.7;56.8;49.8;0.423;856.0
ba;33871;BREJOLÂNDIA;Bahia;Nordeste;-12.50742;-43.93602;8415;1975;23.47;31;21.5;52.7;51.6;0.388;767.0
ba;33855;BREJÕES;Bahia;Nordeste;-13.09605;-39.84978;10919;2197;20.12;37;26.2;50.2;50.1;0.404;887.0
ba;33898;BROTAS DE MACAÚBAS;Bahia;Nordeste;-12.20582;-42.13232;9505;1653;17.39;38;24.0;56.3;51.0;0.41;677.0
ba;33910;BRUMADO;Bahia;Nordeste;-14.18384;-41.67853;53467;8694;16.26;173;25.1;41.0;48.0;0.367;3191.0
ba;33936;BUERAREMA;Bahia;Nordeste;-14.95989;-39.30194;13021;3132;24.05;42;23.9;55.8;47.7;0.399;1250.0
ba;30791;BURITIRAMA;Bahia;Nordeste;-10.59878;-43.67334;15728;3309;21.04;53;29.8;55.6;51.5;0.44;1457.0
ba;33952;CAATIBA;Bahia;Nordeste;-14.98071;-40.41679;5851;1201;20.53;23;24.1;57.4;51.2;0.414;497.0
ba;33960;CABACEIRAS DO PARAGUAÇU;Bahia;Nordeste;-12.54627;-39.17952;14433;2981;20.65;46;31.0;49.2;47.2;0.416;1241.0
ba;33979;CACHOEIRA;Bahia;Nordeste;-12.60445;-38.93573;26041;5156;19.8;85;27.3;44.5;47.2;0.386;1988.0
ba;33995;CACULÉ;Bahia;Nordeste;-14.49256;-42.2514;18021;2908;16.14;61;25.9;48.2;48.7;0.393;1144.0
ba;34010;CAEM;Bahia;Nordeste;-11.14016;-40.33613;8150;1654;20.29;28;26.5;54.3;47.2;0.408;674.0
ba;34029;CAETANOS;Bahia;Nordeste;-14.34286;-40.91259;11192;2549;22.78;34;25.7;59.6;51.3;0.428;1091.0
ba;34037;CAETITÉ;Bahia;Nordeste;-14.01344;-42.48173;42181;7284;17.27;139;26.1;54.1;48.3;0.408;2974.0
ba;34053;CAFARNAUM;Bahia;Nordeste;-11.73234;-41.4993;14513;2572;17.72;49;29.1;51.1;49.3;0.418;1075.0
ba;34070;CAIRU;Bahia;Nordeste;-13.4641;-38.96458;15480;3354;21.67;46;28.1;43.9;48.1;0.39;1308.0
ba;34096;CALDEIRÃO GRANDE;Bahia;Nordeste;-11.0422;-40.25431;10361;2192;21.16;34;27.7;53.3;48.6;0.415;910.0
ba;34118;CAMACAN;Bahia;Nordeste;-15.40163;-39.50329;17301;3673;21.23;66;26.2;52.7;47.6;0.404;1483.0
ba;34150;CAMAMU;Bahia;Nordeste;-14.00108;-39.14554;24576;5981;24.34;79;29.4;55.8;47.5;0.427;2554.0
ba;34134;CAMAÇARI;Bahia;Nordeste;-12.72042;-38.28486;210762;43759;20.76;564;27.0;28.7;45.7;0.328;14361.0
ba;34177;CAMPO ALEGRE DE LOURDES;Bahia;Nordeste;-9.54455;-43.12091;23549;4384;18.62;84;26.1;61.8;49.6;0.431;1891.0
ba;34193;CAMPO FORMOSO;Bahia;Nordeste;-10.39277;-40.52603;57975;10101;17.42;208;28.9;52.4;48.8;0.42;4238.0
ba;34231;CANARANA;Bahia;Nordeste;-11.76943;-41.71527;20021;3583;17.9;69;27.8;52.4;48.3;0.413;1480.0
ba;34258;CANAVIEIRAS;Bahia;Nordeste;-15.66566;-38.98064;25424;6796;26.73;90;25.0;55.0;48.1;0.404;2747.0
ba;34274;CANDEAL;Bahia;Nordeste;-11.83596;-39.15385;7799;1243;15.94;27;26.3;49.5;49.5;0.401;498.0
ba;34290;CANDEIAS;Bahia;Nordeste;-12.6765;-38.52766;64825;13997;21.59;192;26.4;31.9;46.6;0.34;4753.0
ba;34312;CANDIBA;Bahia;Nordeste;-14.40154;-42.84532;11498;2169;18.86;36;22.3;58.4;49.5;0.401;870.0
ba;34355;CANSANÇÃO;Bahia;Nordeste;-10.68137;-39.49592;28890;5034;17.42;97;30.3;59.2;49.1;0.445;2239.0
ba;30856;CANUDOS;Bahia;Nordeste;-9.93492;-39.04884;13077;2314;17.7;51;27.8;53.9;50.1;0.422;976.0
ba;34215;CANÁPOLIS;Bahia;Nordeste;-13.08377;-44.19375;8772;1566;17.85;31;27.2;52.0;51.1;0.417;652.0
ba;30813;CAPELA DO ALTO ALEGRE;Bahia;Nordeste;-11.6735;-39.82507;9756;1741;17.85;36;22.3;59.0;49.3;0.402;700.0
ba;30830;CAPIM GROSSO;Bahia;Nordeste;-11.37954;-40.00955;24872;4561;18.34;75;26.9;51.9;46.9;0.403;1838.0
ba;34371;CARAVELAS;Bahia;Nordeste;-17.69964;-39.4896;16260;3940;24.23;49;27.2;52.0;49.3;0.411;1621.0
ba;34363;CARAÍBAS;Bahia;Nordeste;-14.63871;-41.28026;8699;1829;21.03;24;23.7;61.9;50.9;0.421;770.0
ba;34398;CARDEAL DA SILVA;Bahia;Nordeste;-11.96795;-37.95388;8041;1989;24.74;22;33.5;46.0;48.7;0.422;839.0
ba;34410;CARINHANHA;Bahia;Nordeste;-14.12876;-43.78036;22328;4013;17.97;75;29.1;49.7;50.5;0.418;1676.0
ba;34436;CASA NOVA;Bahia;Nordeste;-9.2048;-41.17015;57206;10148;17.74;185;29.1;56.3;49.6;0.433;4396.0
ba;34452;CASTRO ALVES;Bahia;Nordeste;-12.76095;-39.38293;22931;3774;16.46;80;26.7;45.9;47.7;0.388;1465.0
ba;34479;CATOLÂNDIA;Bahia;Nordeste;-12.30962;-44.79664;4177;831;19.89;15;24.7;54.2;53.6;0.416;345.0
ba;34495;CATU;Bahia;Nordeste;-12.35369;-38.38579;41271;7683;18.62;127;24.2;35.3;46.9;0.342;2630.0
ba;34509;CATURAMA;Bahia;Nordeste;-13.24814;-42.30988;7298;1453;19.91;30;23.0;57.3;50.4;0.405;588.0
ba;34517;CENTRAL;Bahia;Nordeste;-11.14176;-42.09142;13497;2357;17.46;52;25.7;52.1;49.8;0.406;956.0
ba;34533;CHORROCHÓ;Bahia;Nordeste;-9.07607;-39.05521;9081;1690;18.61;31;28.6;50.4;49.6;0.415;702.0
ba;34576;CIPÓ;Bahia;Nordeste;-11.09812;-38.51895;15277;3279;21.46;46;27.8;52.8;46.5;0.409;1340.0
ba;34592;COARACI;Bahia;Nordeste;-14.63666;-39.55546;15399;3326;21.6;61;24.1;52.5;47.6;0.392;1303.0
ba;34614;COCOS;Bahia;Nordeste;-14.21065;-44.5849;16368;3649;22.29;53;27.5;58.1;51.0;0.433;1581.0
ba;34630;CONCEIÇÃO DA FEIRA;Bahia;Nordeste;-12.50174;-38.99634;17483;3112;17.8;57;27.5;46.2;46.3;0.389;1211.0
ba;34657;CONCEIÇÃO DO ALMEIDA;Bahia;Nordeste;-12.8212;-39.20624;14213;2164;15.23;49;24.6;46.4;47.8;0.379;821.0
ba;34673;CONCEIÇÃO DO COITÉ;Bahia;Nordeste;-11.56539;-39.26854;54576;8227;15.07;187;26.1;48.3;47.3;0.391;3213.0
ba;34690;CONCEIÇÃO DO JACUÍPE;Bahia;Nordeste;-12.33016;-38.76647;29454;6328;21.48;80;25.8;38.3;45.6;0.356;2253.0
ba;34711;CONDE;Bahia;Nordeste;-11.82606;-37.62517;19016;4261;22.41;59;32.4;50.8;48.8;0.432;1839.0
ba;34738;CONDEÚBA;Bahia;Nordeste;-14.91853;-42.02104;15144;3697;24.41;59;23.6;59.5;48.8;0.409;1512.0
ba;34754;CONTENDAS DO SINCORÁ;Bahia;Nordeste;-13.76438;-41.07975;4520;828;18.32;15;26.9;52.4;51.5;0.417;345.0
ba;34770;CORAÇÃO DE MARIA;Bahia;Nordeste;-12.209;-38.77095;22538;4145;18.39;67;26.1;45.7;46.7;0.382;1584.0
ba;34797;CORDEIROS;Bahia;Nordeste;-15.04233;-41.93386;7148;1720;24.06;25;24.7;58.5;48.9;0.414;712.0
ba;34819;CORIBE;Bahia;Nordeste;-13.80513;-44.40066;12810;3259;25.44;45;24.0;54.0;50.9;0.404;1317.0
ba;34835;CORONEL JOÃO SÁ;Bahia;Nordeste;-10.28638;-37.93831;15065;2859;18.98;48;30.2;63.8;49.9;0.458;1311.0
ba;34851;CORRENTINA;Bahia;Nordeste;-13.4246;-44.74308;28078;5913;21.06;94;27.2;50.7;49.9;0.41;2423.0
ba;34878;COTEGIPE;Bahia;Nordeste;-11.91884;-44.27727;11726;2466;21.03;42;27.4;51.8;51.4;0.418;1030.0
ba;34894;CRAVOLÂNDIA;Bahia;Nordeste;-13.40849;-39.77438;4632;991;21.39;15;25.4;50.0;50.5;0.4;397.0
ba;34932;CRISTÓPOLIS;Bahia;Nordeste;-12.2255;-44.33696;12379;2419;19.54;45;26.5;50.8;50.9;0.409;990.0
ba;34916;CRISÓPOLIS;Bahia;Nordeste;-11.48875;-38.16771;16673;3576;21.45;53;27.8;61.7;49.9;0.441;1576.0
ba;34959;CRUZ DAS ALMAS;Bahia;Nordeste;-12.67011;-39.11096;49209;7931;16.12;154;25.2;32.2;45.4;0.333;2641.0
ba;34975;CURAÇÁ;Bahia;Nordeste;-9.01289;-39.7219;27548;4406;15.99;96;28.8;50.1;49.9;0.416;1832.0
ba;34339;CÂNDIDO SALES;Bahia;Nordeste;-15.40636;-41.2681;20878;4571;21.89;79;25.2;58.1;48.0;0.413;1886.0
ba;34550;CÍCERO DANTAS;Bahia;Nordeste;-10.56338;-38.398;26260;5264;20.05;82;24.9;56.2;48.1;0.407;2142.0
ba;30872;DIAS D'ÁVILA;Bahia;Nordeste;-12.61369;-38.30285;53134;11878;22.35;169;27.8;35.9;46.6;0.36;4269.0
ba;35017;DOM BASÍLIO;Bahia;Nordeste;-13.82232;-41.73918;10634;1484;13.96;37;24.3;58.0;50.9;0.416;617.0
ba;35033;DOM MACEDO COSTA;Bahia;Nordeste;-12.90529;-39.18265;4864;890;18.3;16;24.2;46.7;48.3;0.379;338.0
ba;34991;DÁRIO MEIRA;Bahia;Nordeste;-14.42072;-39.95722;8515;1972;23.16;30;25.4;58.4;50.2;0.421;830.0
ba;35050;ELÍSIO MEDRADO;Bahia;Nordeste;-12.93818;-39.52076;7650;1467;19.18;24;23.0;53.6;50.1;0.395;579.0
ba;35076;ENCRUZILHADA;Bahia;Nordeste;-15.58837;-40.8805;15576;3602;23.13;55;26.7;65.4;50.0;0.444;1599.0
ba;35092;ENTRE RIOS;Bahia;Nordeste;-12.01377;-38.05303;31166;7392;23.72;105;29.1;44.6;47.1;0.394;2910.0
ba;35114;ESPLANADA;Bahia;Nordeste;-11.83743;-37.93358;26991;5608;20.78;84;31.4;46.6;48.2;0.413;2315.0
ba;35130;EUCLIDES DA CUNHA;Bahia;Nordeste;-10.51112;-38.97494;45601;8421;18.47;150;26.4;56.7;48.7;0.418;3519.0
ba;30058;EUNÁPOLIS;Bahia;Nordeste;-16.35912;-39.58058;83372;18743;22.48;267;26.9;38.9;46.8;0.366;6858.0
ba;35149;FEIRA DA MATA;Bahia;Nordeste;-14.15829;-44.25762;5181;1045;20.17;16;24.1;53.4;50.8;0.403;421.0
ba;35157;FEIRA DE SANTANA;Bahia;Nordeste;-12.24542;-38.9603;435631;74984;17.21;1218;26.9;31.2;44.7;0.335;25089.0
ba;30910;FILADÉLFIA;Bahia;Nordeste;-10.73251;-40.12494;15281;2722;17.81;50;26.8;53.8;48.8;0.413;1125.0
ba;35173;FIRMINO ALVES;Bahia;Nordeste;-14.95499;-39.92248;5527;1510;27.32;19;28.2;55.9;52.2;0.435;657.0
ba;35190;FLORESTA AZUL;Bahia;Nordeste;-14.8571;-39.66457;7825;1709;21.84;25;24.6;49.2;49.1;0.39;667.0
ba;35211;FORMOSA DO RIO PRETO;Bahia;Nordeste;-11.03925;-45.23665;20786;4036;19.42;72;30.4;45.1;50.6;0.411;1658.0
ba;30899;FÁTIMA;Bahia;Nordeste;-10.61453;-38.20044;15318;2517;16.43;48;27.6;60.0;49.3;0.434;1091.0
ba;35238;GANDU;Bahia;Nordeste;-13.74854;-39.48578;23509;4620;19.65;78;26.4;46.5;47.0;0.386;1785.0
ba;30937;GAVIÃO;Bahia;Nordeste;-11.47048;-39.7809;4375;805;18.4;19;23.0;54.6;50.8;0.4;322.0
ba;35254;GENTIO DO OURO;Bahia;Nordeste;-11.42806;-42.50412;9718;1588;16.34;41;26.7;54.1;51.3;0.42;667.0
ba;35270;GLÓRIA;Bahia;Nordeste;-9.27596;-38.33934;13025;2617;20.09;52;25.9;55.4;48.6;0.412;1077.0
ba;35297;GONGOGI;Bahia;Nordeste;-14.30179;-39.51444;5380;1638;30.45;19;24.9;53.4;49.6;0.404;662.0
ba;35319;GOVERNADOR MANGABEIRA;Bahia;Nordeste;-12.59466;-39.06556;19120;4145;21.68;60;26.0;42.8;45.9;0.371;1538.0
ba;30953;GUAJERU;Bahia;Nordeste;-14.56794;-41.95852;6431;1580;24.57;21;23.9;64.5;49.6;0.424;671.0
ba;35335;GUANAMBI;Bahia;Nordeste;-14.22976;-42.78793;67489;12072;17.89;192;24.9;41.9;46.6;0.365;4407.0
ba;35351;GUARATINGA;Bahia;Nordeste;-16.58019;-39.85701;15720;3810;24.24;58;25.9;61.0;50.4;0.43;1640.0
ba;30970;HELIÓPOLIS;Bahia;Nordeste;-10.69521;-38.30204;12729;2660;20.9;39;28.7;62.0;49.9;0.446;1187.0
ba;35378;IAÇU;Bahia;Nordeste;-12.78441;-40.19996;20513;4674;22.79;73;26.9;57.3;47.5;0.418;1955.0
ba;35394;IBIASSUCÊ;Bahia;Nordeste;-14.27823;-42.28642;8476;1395;16.46;31;22.0;56.1;49.9;0.395;550.0
ba;35416;IBICARAÍ;Bahia;Nordeste;-14.86584;-39.58365;17862;3756;21.03;61;25.4;47.9;47.8;0.387;1456.0
ba;35432;IBICOARA;Bahia;Nordeste;-13.35724;-41.34507;15956;2633;16.5;46;31.4;50.0;50.0;0.428;1127.0
ba;35459;IBICUÍ;Bahia;Nordeste;-14.79614;-39.95199;11456;2555;22.3;39;24.3;52.6;49.2;0.398;1016.0
ba;35475;IBIPEBA;Bahia;Nordeste;-11.5864;-42.11299;13655;2215;16.22;53;24.2;50.9;49.4;0.393;871.0
ba;35513;IBIPITANGA;Bahia;Nordeste;-12.8732;-42.4084;13075;2836;21.69;44;26.2;56.2;49.0;0.416;1180.0
ba;35530;IBIQUERA;Bahia;Nordeste;-12.64943;-40.93166;4187;997;23.81;15;28.7;53.6;52.0;0.431;430.0
ba;35556;IBIRAPITANGA;Bahia;Nordeste;-14.11502;-39.40937;14359;3401;23.69;48;28.3;57.7;48.6;0.43;1462.0
ba;35572;IBIRAPUÃ;Bahia;Nordeste;-17.70216;-40.07343;7516;1385;18.43;28;25.8;49.8;49.7;0.4;554.0
ba;35599;IBIRATAIA;Bahia;Nordeste;-14.04542;-39.63794;16014;4028;25.15;54;23.3;57.2;47.5;0.399;1606.0
ba;35610;IBITIARA;Bahia;Nordeste;-12.60751;-42.24595;12093;2587;21.39;46;24.3;53.4;49.2;0.4;1033.0
ba;35637;IBITITÁ;Bahia;Nordeste;-11.55863;-41.93272;15648;2328;14.88;62;25.8;49.7;49.9;0.4;931.0
ba;35653;IBOTIRAMA;Bahia;Nordeste;-12.16343;-43.22007;21431;4191;19.56;81;28.1;47.5;48.8;0.402;1686.0
ba;35670;ICHU;Bahia;Nordeste;-11.72623;-39.17172;6009;885;14.73;18;26.8;39.5;49.0;0.373;330.0
ba;35696;IGAPORÃ;Bahia;Nordeste;-13.81795;-42.7204;12265;2384;19.44;36;24.7;53.7;48.9;0.402;958.0
ba;35700;IGRAPIÚNA;Bahia;Nordeste;-13.83509;-39.15113;9050;1845;20.39;33;29.7;52.0;49.2;0.423;781.0
ba;35718;IGUAÍ;Bahia;Nordeste;-14.72794;-40.0791;17709;4626;26.12;57;23.7;58.9;50.0;0.412;1906.0
ba;35734;ILHÉUS;Bahia;Nordeste;-14.78256;-39.06956;130310;26740;20.52;409;24.7;34.1;45.5;0.337;9011.0
ba;35750;INHAMBUPE;Bahia;Nordeste;-11.79603;-38.34455;27722;5754;20.76;83;29.1;50.6;47.7;0.412;2373.0
ba;35777;IPECAETÁ;Bahia;Nordeste;-12.31951;-39.31671;15029;3038;20.21;48;26.8;56.5;47.2;0.415;1260.0
ba;35793;IPIAÚ;Bahia;Nordeste;-14.12388;-39.73868;32735;7546;23.05;117;24.0;41.7;46.4;0.359;2710.0
ba;35815;IPIRÁ;Bahia;Nordeste;-12.17171;-39.72686;47871;10823;22.61;155;26.8;58.9;47.7;0.422;4567.0
ba;35831;IPUPIARA;Bahia;Nordeste;-11.81795;-42.624;8953;1459;16.3;28;24.5;54.1;50.3;0.406;592.0
ba;35858;IRAJUBA;Bahia;Nordeste;-13.2455;-40.07383;5507;1261;22.9;21;24.7;60.9;48.8;0.419;528.0
ba;35874;IRAMAIA;Bahia;Nordeste;-13.41746;-40.93463;8556;1594;18.63;31;26.6;54.3;51.6;0.421;671.0
ba;35890;IRAQUARA;Bahia;Nordeste;-12.2589;-41.59736;19044;3237;17.0;63;29.8;43.9;48.3;0.398;1290.0
ba;35912;IRARÁ;Bahia;Nordeste;-12.04776;-38.76776;25619;5092;19.88;90;26.6;46.0;47.0;0.386;1967.0
ba;35939;IRECÊ;Bahia;Nordeste;-11.30523;-41.85578;51249;8458;16.5;163;27.2;36.6;44.9;0.355;3001.0
ba;35947;ITABELA;Bahia;Nordeste;-16.62181;-39.53251;22120;5561;25.14;70;29.8;55.5;48.5;0.431;2398.0
ba;35955;ITABERABA;Bahia;Nordeste;-12.51189;-40.2887;48749;8411;17.25;151;27.7;43.6;46.4;0.383;3217.0
ba;35971;ITABUNA;Bahia;Nordeste;-14.79725;-39.27914;141524;26518;18.74;453;24.1;33.9;44.9;0.332;8811.0
ba;35998;ITACARÉ;Bahia;Nordeste;-14.3081;-39.06433;19616;4860;24.78;59;30.2;43.3;49.8;0.402;1956.0
ba;36013;ITAETÉ;Bahia;Nordeste;-13.04073;-41.02149;11361;2735;24.07;40;28.3;48.0;48.4;0.404;1105.0
ba;36030;ITAGI;Bahia;Nordeste;-14.16421;-40.00601;10639;2589;24.33;36;25.7;57.0;48.9;0.415;1075.0
ba;36056;ITAGIBÁ;Bahia;Nordeste;-14.2547;-39.83319;13131;2987;22.75;41;24.3;49.8;49.2;0.391;1167.0
ba;36072;ITAGIMIRIM;Bahia;Nordeste;-16.10106;-39.6401;6636;1773;26.72;22;27.1;52.5;49.9;0.414;734.0
ba;36080;ITAGUAÇU DA BAHIA;Bahia;Nordeste;-10.95302;-42.3754;10842;1999;18.44;36;28.5;55.8;50.2;0.43;861.0
ba;36099;ITAJU DO COLÔNIA;Bahia;Nordeste;-15.15314;-39.67938;6225;1536;24.67;20;28.0;48.8;51.5;0.413;634.0
ba;36110;ITAJUÍPE;Bahia;Nordeste;-14.67636;-39.38387;16067;3295;20.51;56;25.6;49.2;48.1;0.392;1293.0
ba;36137;ITAMARAJU;Bahia;Nordeste;-17.02329;-39.58776;45999;10480;22.78;152;26.9;48.0;47.3;0.394;4131.0
ba;36153;ITAMARI;Bahia;Nordeste;-13.78021;-39.68102;6100;1404;23.02;24;25.8;59.7;49.3;0.424;595.0
ba;36170;ITAMBÉ;Bahia;Nordeste;-15.20322;-40.57091;17831;3755;21.06;65;27.9;53.3;48.8;0.417;1566.0
ba;36196;ITANAGRA;Bahia;Nordeste;-12.28314;-38.05592;6668;1764;26.45;20;30.1;49.4;50.7;0.422;745.0
ba;36218;ITANHÉM;Bahia;Nordeste;-17.12677;-40.32165;14916;3982;26.7;50;22.5;53.4;50.0;0.392;1560.0
ba;36234;ITAPARICA;Bahia;Nordeste;-12.90452;-38.66044;20044;4245;21.18;64;25.1;38.0;46.8;0.355;1506.0
ba;36277;ITAPEBI;Bahia;Nordeste;-15.95555;-39.55197;8383;2502;29.85;26;27.3;56.3;50.5;0.427;1068.0
ba;36293;ITAPETINGA;Bahia;Nordeste;-15.24833;-40.23246;48314;9624;19.92;159;25.9;41.7;47.0;0.37;3563.0
ba;36315;ITAPICURU;Bahia;Nordeste;-11.23727;-38.1464;23461;4266;18.18;75;29.6;66.6;49.5;0.46;1963.0
ba;36331;ITAPITANGA;Bahia;Nordeste;-14.43175;-39.56925;5934;1228;20.69;21;25.4;58.8;48.7;0.417;512.0
ba;36250;ITAPÉ;Bahia;Nordeste;-14.89472;-39.42758;8428;1876;22.26;28;24.8;53.8;48.5;0.402;754.0
ba;36358;ITAQUARA;Bahia;Nordeste;-13.45179;-39.91127;6754;1630;24.13;21;24.8;59.2;49.7;0.418;681.0
ba;36374;ITARANTIM;Bahia;Nordeste;-15.66755;-40.07579;13931;3067;22.02;47;25.1;57.1;49.8;0.415;1273.0
ba;36382;ITATIM;Bahia;Nordeste;-12.72168;-39.70349;12954;2245;17.33;40;28.5;51.7;48.9;0.416;934.0
ba;36390;ITIRUÇU;Bahia;Nordeste;-13.51353;-40.15398;8937;1862;20.83;33;24.3;52.0;47.4;0.391;729.0
ba;36412;ITIÚBA;Bahia;Nordeste;-10.7019;-39.83783;27758;5177;18.65;97;27.6;57.7;49.6;0.429;2222.0
ba;36439;ITORORÓ;Bahia;Nordeste;-15.10253;-40.05073;16355;3731;22.81;56;24.7;53.4;49.0;0.401;1497.0
ba;36455;ITUAÇU;Bahia;Nordeste;-13.82256;-41.35408;15600;2852;18.28;57;25.8;62.0;49.5;0.43;1226.0
ba;36471;ITUBERÁ;Bahia;Nordeste;-13.73673;-39.14151;17839;3937;22.07;65;25.8;51.1;47.3;0.396;1560.0
ba;30660;IUIU;Bahia;Nordeste;-14.449;-43.5608;8643;1625;18.8;28;28.2;51.1;50.5;0.418;679.0
ba;30678;JABORANDI;Bahia;Nordeste;-13.62861;-44.56248;10158;2413;23.75;34;25.9;50.8;50.9;0.406;979.0
ba;36498;JACARACI;Bahia;Nordeste;-14.79977;-42.3494;11808;2433;20.6;39;21.6;58.3;50.6;0.399;971.0
ba;36510;JACOBINA;Bahia;Nordeste;-11.18882;-40.5023;61665;12254;19.87;192;25.8;42.9;46.1;0.371;4541.0
ba;36536;JAGUAQUARA;Bahia;Nordeste;-13.55135;-39.96321;35855;8050;22.45;117;26.3;53.6;46.5;0.403;3242.0
ba;36552;JAGUARARI;Bahia;Nordeste;-10.15822;-40.11488;23294;3857;16.56;89;25.1;45.8;49.2;0.384;1481.0
ba;36579;JAGUARIPE;Bahia;Nordeste;-13.1043;-38.97103;15393;3098;20.13;49;27.1;54.8;49.5;0.419;1297.0
ba;36595;JANDAÍRA;Bahia;Nordeste;-11.57174;-37.62342;9074;1950;21.49;33;32.6;50.8;49.7;0.435;848.0
ba;36617;JEQUIÉ;Bahia;Nordeste;-13.8694;-40.07505;119040;21722;18.25;359;25.7;39.0;46.6;0.36;7827.0
ba;36633;JEREMOABO;Bahia;Nordeste;-10.06926;-38.36185;29071;5049;17.37;104;28.4;58.4;48.9;0.433;2186.0
ba;36650;JIQUIRIÇÁ;Bahia;Nordeste;-13.26689;-39.57082;11479;2186;19.04;38;25.2;55.4;48.7;0.408;893.0
ba;36676;JITAÚNA;Bahia;Nordeste;-14.01303;-39.8741;12992;2868;22.08;45;25.6;54.7;48.0;0.407;1167.0
ba;30996;JOÃO DOURADO;Bahia;Nordeste;-11.31665;-41.6329;19862;3626;18.26;59;28.2;48.9;48.2;0.405;1469.0
ba;36692;JUAZEIRO;Bahia;Nordeste;-9.4444;-40.44459;165666;28726;17.34;495;30.2;36.6;46.7;0.372;10700.0
ba;36706;JUCURUÇU;Bahia;Nordeste;-16.8333;-40.09137;8448;1972;23.34;30;25.5;58.6;52.2;0.427;843.0
ba;36714;JUSSARA;Bahia;Nordeste;-11.0506;-41.95682;14126;2570;18.19;50;26.6;55.2;50.7;0.42;1080.0
ba;30694;JUSSARI;Bahia;Nordeste;-15.17467;-39.49404;4647;1003;21.58;16;26.2;57.7;50.1;0.423;425.0
ba;36730;JUSSIAPE;Bahia;Nordeste;-13.50502;-41.59328;6499;1073;16.51;27;20.7;56.9;49.4;0.388;416.0
ba;36757;LAFAIETE COUTINHO;Bahia;Nordeste;-13.64481;-40.25227;4471;846;18.92;15;21.6;54.8;51.7;0.394;334.0
ba;36765;LAGOA REAL;Bahia;Nordeste;-14.06549;-42.19013;10624;1637;15.41;36;27.6;63.4;51.1;0.447;732.0
ba;36773;LAJE;Bahia;Nordeste;-13.16561;-39.39409;20749;4190;20.19;62;27.2;54.2;49.0;0.416;1745.0
ba;36811;LAJEDINHO;Bahia;Nordeste;-12.34793;-40.95285;3619;784;21.66;11;24.8;60.3;51.3;0.425;333.0
ba;36820;LAJEDO DO TABOCAL;Bahia;Nordeste;-13.45371;-40.24738;6287;1262;20.07;25;25.0;56.7;48.8;0.411;518.0
ba;36790;LAJEDÃO;Bahia;Nordeste;-17.61041;-40.33672;4258;1057;24.82;16;24.4;52.6;49.5;0.399;421.0
ba;36838;LAMARÃO;Bahia;Nordeste;-11.7845;-38.90004;8523;1963;23.03;28;27.1;58.7;48.8;0.427;837.0
ba;39730;LAPÃO;Bahia;Nordeste;-11.44914;-41.81318;22037;3270;14.84;86;27.3;51.1;48.9;0.409;1336.0
ba;36854;LAURO DE FREITAS;Bahia;Nordeste;-12.88537;-38.32856;163871;37542;22.91;413;27.1;25.5;45.2;0.315;11823.0
ba;36870;LENÇÓIS;Bahia;Nordeste;-12.52541;-41.3701;7895;1741;22.05;24;27.8;42.4;47.9;0.384;668.0
ba;36897;LICÍNIO DE ALMEIDA;Bahia;Nordeste;-14.62146;-42.47748;10121;1634;16.14;32;23.1;49.9;50.0;0.386;631.0
ba;36919;LIVRAMENTO DE NOSSA SENHORA;Bahia;Nordeste;-13.72404;-41.91055;34703;5320;15.33;114;25.1;51.0;49.8;0.399;2125.0
ba;30007;LUÍS EDUARDO MAGALHÃES;Bahia;Nordeste;-12.09406;-45.79484;81123;17190;21.19;241;34.2;31.7;48.0;0.373;6413.0
ba;36935;MACAJUBA;Bahia;Nordeste;-12.14081;-40.30242;10033;2569;25.61;32;27.4;60.6;48.4;0.431;1108.0
ba;36951;MACARANI;Bahia;Nordeste;-15.57055;-40.43722;12841;3171;24.69;42;24.9;53.9;49.0;0.404;1280.0
ba;36978;MACAÚBAS;Bahia;Nordeste;-13.05475;-42.68255;32963;6749;20.47;142;27.0;53.1;49.8;0.415;2800.0
ba;36994;MACURURÉ;Bahia;Nordeste;-9.26749;-38.9644;6566;1236;18.82;24;27.0;51.4;48.9;0.408;504.0
ba;39748;MADRE DE DEUS;Bahia;Nordeste;-12.74007;-38.61478;17110;3378;19.74;49;24.8;27.9;46.2;0.318;1073.0
ba;39756;MAETINGA;Bahia;Nordeste;-14.66617;-41.49012;6722;1736;25.83;20;23.3;62.5;50.7;0.42;729.0
ba;37010;MAIQUINIQUE;Bahia;Nordeste;-15.65063;-40.27402;7260;1575;21.69;23;26.3;54.0;49.2;0.412;649.0
ba;37036;MAIRI;Bahia;Nordeste;-11.71341;-40.17252;13826;3011;21.78;49;24.9;58.5;47.4;0.41;1235.0
ba;37052;MALHADA;Bahia;Nordeste;-14.33795;-43.70824;13151;2442;18.57;45;30.5;51.3;50.7;0.43;1049.0
ba;37079;MALHADA DE PEDRAS;Bahia;Nordeste;-14.3695;-41.86479;7896;1412;17.88;26;26.1;55.8;49.7;0.417;588.0
ba;37095;MANOEL VITORINO;Bahia;Nordeste;-14.10527;-40.41066;13181;2647;20.08;44;24.8;59.6;49.6;0.419;1109.0
ba;39772;MANSIDÃO;Bahia;Nordeste;-10.74976;-44.05325;10491;3203;30.53;37;27.4;47.7;51.2;0.406;1301.0
ba;37117;MARACÁS;Bahia;Nordeste;-13.47411;-40.47578;21719;4747;21.86;74;25.5;51.5;48.0;0.398;1889.0
ba;37133;MARAGOGIPE;Bahia;Nordeste;-12.79333;-38.94013;34902;6111;17.51;122;26.1;48.5;48.8;0.395;2415.0
ba;37150;MARAÚ;Bahia;Nordeste;-14.11804;-39.10902;16481;3999;24.26;57;30.1;56.8;50.5;0.442;1768.0
ba;37176;MARCIONÍLIO SOUZA;Bahia;Nordeste;-13.10348;-40.67073;7767;1707;21.98;27;27.5;59.9;49.0;0.432;738.0
ba;37192;MASCOTE;Bahia;Nordeste;-15.60176;-39.41862;9177;2205;24.03;34;26.5;59.5;50.2;0.429;946.0
ba;37214;MATA DE SÃO JOÃO;Bahia;Nordeste;-12.52124;-38.17318;43098;9217;21.39;128;26.8;34.0;47.0;0.35;3228.0
ba;37222;MATINA;Bahia;Nordeste;-13.87666;-42.87158;9556;1923;20.12;31;28.3;56.3;50.0;0.43;827.0
ba;37230;MEDEIROS NETO;Bahia;Nordeste;-17.38342;-40.22334;18663;4041;21.65;66;25.8;53.6;49.5;0.409;1652.0
ba;37257;MIGUEL CALMON;Bahia;Nordeste;-11.42645;-40.60458;19996;3995;19.98;77;24.5;55.7;48.2;0.404;1612.0
ba;37273;MILAGRES;Bahia;Nordeste;-12.88769;-39.82649;8823;1685;19.1;35;26.4;50.4;47.1;0.397;669.0
ba;37290;MIRANGABA;Bahia;Nordeste;-10.82984;-40.64753;12693;2488;19.6;45;27.0;56.7;48.3;0.42;1044.0
ba;37303;MIRANTE;Bahia;Nordeste;-14.20684;-40.76269;8301;1705;20.54;30;25.0;63.9;51.0;0.434;739.0
ba;37311;MONTE SANTO;Bahia;Nordeste;-10.42643;-39.40089;41809;7664;18.33;162;26.6;64.5;49.8;0.441;3377.0
ba;37338;MORPARÁ;Bahia;Nordeste;-11.70946;-43.13824;7604;1653;21.74;30;25.7;56.1;51.6;0.42;695.0
ba;37354;MORRO DO CHAPÉU;Bahia;Nordeste;-11.51423;-41.113;26151;5364;20.51;91;27.0;49.4;48.6;0.402;2155.0
ba;37370;MORTUGABA;Bahia;Nordeste;-15.02082;-42.36687;9597;2141;22.31;33;20.6;56.8;48.5;0.384;823.0
ba;37397;MUCUGÊ;Bahia;Nordeste;-13.0581;-41.47344;9863;1482;15.03;34;27.3;48.7;48.8;0.402;596.0
ba;37419;MUCURI;Bahia;Nordeste;-18.03797;-39.78345;27873;6886;24.7;98;28.0;42.0;49.1;0.387;2663.0
ba;37427;MULUNGU DO MORRO;Bahia;Nordeste;-11.97041;-41.60522;10988;1777;16.17;38;31.8;52.4;48.1;0.431;766.0
ba;37435;MUNDO NOVO;Bahia;Nordeste;-11.8909;-40.51837;14921;3252;21.79;56;26.3;53.5;48.8;0.409;1331.0
ba;37451;MUNIZ FERREIRA;Bahia;Nordeste;-13.00185;-39.09502;8206;1237;15.07;32;23.4;49.0;48.7;0.382;472.0
ba;37460;MUQUÉM DO SÃO FRANCISCO;Bahia;Nordeste;-12.18292;-43.48118;9684;1849;19.09;31;30.4;49.2;51.9;0.427;789.0
ba;37478;MURITIBA;Bahia;Nordeste;-12.62451;-39.04413;23640;5621;23.78;73;25.3;38.6;45.8;0.355;1994.0
ba;37494;MUTUÍPE;Bahia;Nordeste;-13.22881;-39.50569;17909;3757;20.98;56;24.6;54.9;47.9;0.401;1508.0
ba;37516;NAZARÉ;Bahia;Nordeste;-13.02838;-39.00595;22055;4087;18.53;72;25.3;40.2;46.8;0.362;1481.0
ba;37532;NILO PEÇANHA;Bahia;Nordeste;-13.64916;-39.16188;10011;1999;19.97;30;27.3;54.6;48.2;0.416;831.0
ba;39799;NORDESTINA;Bahia;Nordeste;-10.81941;-39.45458;10580;2026;19.15;36;29.3;56.4;51.0;0.438;888.0
ba;37559;NOVA CANAÃ;Bahia;Nordeste;-14.81144;-40.17432;12377;2830;22.86;43;24.5;61.1;50.0;0.422;1194.0
ba;37567;NOVA FÁTIMA;Bahia;Nordeste;-11.62201;-39.6394;7957;1360;17.09;29;24.1;51.1;48.1;0.39;530.0
ba;39969;NOVA IBIÁ;Bahia;Nordeste;-13.80872;-39.62093;5509;1049;19.04;19;25.2;56.7;51.0;0.418;438.0
ba;37575;NOVA ITARANA;Bahia;Nordeste;-13.04654;-40.03397;6607;1140;17.25;23;29.1;53.7;48.6;0.424;483.0
ba;37583;NOVA REDENÇÃO;Bahia;Nordeste;-12.80947;-41.0821;6421;1322;20.59;21;27.6;54.3;50.4;0.423;559.0
ba;37591;NOVA SOURE;Bahia;Nordeste;-11.30341;-38.49208;21207;4708;22.2;70;27.2;56.3;49.1;0.422;1987.0
ba;37613;NOVA VIÇOSA;Bahia;Nordeste;-17.88638;-39.72524;30989;6888;22.23;101;28.6;44.6;48.2;0.395;2720.0
ba;39942;NOVO HORIZONTE;Bahia;Nordeste;-12.81949;-42.13192;9200;1511;16.42;38;25.8;52.3;49.5;0.406;613.0
ba;37621;NOVO TRIUNFO;Bahia;Nordeste;-10.33654;-38.41244;8227;1846;22.44;25;26.6;61.7;49.0;0.432;797.0
ba;37630;OLINDINA;Bahia;Nordeste;-11.40354;-38.33364;19699;4228;21.46;69;27.0;58.2;48.5;0.424;1793.0
ba;37656;OLIVEIRA DOS BREJINHOS;Bahia;Nordeste;-12.30214;-42.54493;16618;2732;16.44;70;26.9;52.7;50.6;0.415;1135.0
ba;37672;OURIÇANGAS;Bahia;Nordeste;-12.01269;-38.64496;7224;1492;20.65;26;25.8;51.0;49.2;0.402;599.0
ba;37680;OUROLÂNDIA;Bahia;Nordeste;-10.8867;-41.17619;14353;3016;21.01;44;28.4;58.0;49.3;0.433;1305.0
ba;37699;PALMAS DE MONTE ALTO;Bahia;Nordeste;-14.20032;-43.18054;17255;3182;18.44;69;24.5;59.3;49.9;0.417;1327.0
ba;37710;PALMEIRAS;Bahia;Nordeste;-12.54455;-41.55717;7857;1424;18.12;24;27.3;43.8;48.4;0.387;550.0
ba;37737;PARAMIRIM;Bahia;Nordeste;-13.49634;-42.24387;16913;3106;18.36;61;23.5;51.0;48.6;0.388;1203.0
ba;37753;PARATINGA;Bahia;Nordeste;-12.721;-43.10953;24228;5063;20.9;79;27.8;51.2;49.5;0.413;2092.0
ba;37770;PARIPIRANGA;Bahia;Nordeste;-10.67727;-37.87463;23527;4287;18.22;87;26.7;62.4;47.6;0.43;1841.0
ba;37796;PAU BRASIL;Bahia;Nordeste;-15.46224;-39.65075;7547;1441;19.09;26;28.5;59.0;49.8;0.438;630.0
ba;37818;PAULO AFONSO;Bahia;Nordeste;-9.43416;-38.23075;83620;18276;21.86;258;27.6;39.2;46.2;0.368;6735.0
ba;37850;PEDRO ALEXANDRE;Bahia;Nordeste;-10.03769;-37.94737;10164;1775;17.46;35;32.6;66.4;49.9;0.476;845.0
ba;37834;PEDRÃO;Bahia;Nordeste;-12.14685;-38.64621;6573;1294;19.69;21;27.6;46.2;49.2;0.397;514.0
ba;37877;PIATÃ;Bahia;Nordeste;-13.05335;-41.84345;17470;4030;23.07;76;25.6;52.7;48.0;0.402;1620.0
ba;37893;PILÃO ARCADO;Bahia;Nordeste;-9.97379;-42.86676;28531;5338;18.71;121;28.4;67.1;50.8;0.459;2451.0
ba;37915;PINDAÍ;Bahia;Nordeste;-14.46294;-42.66818;12750;1989;15.6;42;24.5;56.7;50.1;0.412;819.0
ba;37931;PINDOBAÇU;Bahia;Nordeste;-10.7307;-40.36546;16173;2757;17.05;57;26.9;51.4;49.1;0.408;1126.0
ba;39837;PINTADAS;Bahia;Nordeste;-11.83647;-39.89416;8931;2308;25.84;29;26.5;56.7;48.6;0.418;964.0
ba;37940;PIRAÍ DO NORTE;Bahia;Nordeste;-13.76004;-39.3731;7100;1287;18.13;24;29.3;60.3;51.2;0.449;578.0
ba;37958;PIRIPÁ;Bahia;Nordeste;-14.96821;-41.71573;8923;2325;26.06;27;22.3;57.0;49.0;0.397;922.0
ba;37974;PIRITIBA;Bahia;Nordeste;-11.70636;-40.59431;14292;2912;20.38;48;25.3;62.6;48.2;0.424;1236.0
ba;37990;PLANALTINO;Bahia;Nordeste;-13.21779;-40.32196;6975;1472;21.1;25;24.2;57.6;50.6;0.413;608.0
ba;38016;PLANALTO;Bahia;Nordeste;-14.69573;-40.47164;20252;3790;18.71;77;26.0;61.0;47.5;0.422;1600.0
ba;38059;POJUCA;Bahia;Nordeste;-12.42374;-38.3237;29229;5970;20.42;88;25.3;39.6;46.3;0.359;2145.0
ba;38067;PONTO NOVO;Bahia;Nordeste;-10.90538;-40.12511;15183;2727;17.96;44;28.7;55.4;47.8;0.424;1156.0
ba;38075;PORTO SEGURO;Bahia;Nordeste;-16.4653;-39.11305;116587;27632;23.7;323;29.1;37.2;46.5;0.369;10204.0
ba;38091;POTIRAGUÁ;Bahia;Nordeste;-15.64627;-39.75735;7860;1865;23.73;29;27.1;51.5;49.9;0.411;767.0
ba;38032;POÇÕES;Bahia;Nordeste;-14.52381;-40.38012;37374;7881;21.09;126;26.9;55.2;47.6;0.413;3259.0
ba;38113;PRADO;Bahia;Nordeste;-17.22598;-39.28633;25814;5930;22.97;76;28.4;50.3;48.9;0.412;2443.0
ba;38130;PRESIDENTE DUTRA;Bahia;Nordeste;-11.30427;-41.99696;11979;1735;14.48;48;24.7;48.1;48.8;0.387;671.0
ba;38156;PRESIDENTE JÂNIO QUADROS;Bahia;Nordeste;-14.6759;-41.68655;10674;2851;26.71;35;22.7;66.7;50.5;0.425;1211.0
ba;38164;PRESIDENTE TANCREDO NEVES;Bahia;Nordeste;-13.45261;-39.42404;21689;3896;17.96;65;29.6;54.5;48.9;0.429;1671.0
ba;39810;PÉ DE SERRA;Bahia;Nordeste;-11.85133;-39.61611;12191;2121;17.4;43;26.0;52.2;48.8;0.405;859.0
ba;38172;QUEIMADAS;Bahia;Nordeste;-10.99257;-39.67427;20515;3830;18.67;66;27.5;53.8;49.8;0.419;1605.0
ba;38199;QUIJINGUE;Bahia;Nordeste;-10.74811;-39.08881;21197;3652;17.23;69;27.8;60.8;50.5;0.44;1608.0
ba;39845;QUIXABEIRA;Bahia;Nordeste;-11.40448;-40.10205;8784;1650;18.78;31;25.2;58.0;48.6;0.414;684.0
ba;39853;RAFAEL JAMBEIRO;Bahia;Nordeste;-12.47591;-39.49472;19049;4431;23.26;63;27.3;57.4;46.7;0.419;1855.0
ba;38210;REMANSO;Bahia;Nordeste;-9.60635;-42.18875;32212;6402;19.87;108;26.1;53.4;48.8;0.408;2613.0
ba;38237;RETIROLÂNDIA;Bahia;Nordeste;-11.49544;-39.41753;12901;2122;16.45;44;25.0;48.5;47.9;0.387;821.0
ba;38296;RIACHO DE SANTANA;Bahia;Nordeste;-13.62953;-42.96864;23737;4939;20.81;78;25.7;51.0;50.0;0.403;1991.0
ba;38253;RIACHÃO DAS NEVES;Bahia;Nordeste;-11.6849;-44.94557;19206;4154;21.63;72;26.6;51.7;51.6;0.414;1719.0
ba;38270;RIACHÃO DO JACUÍPE;Bahia;Nordeste;-11.78571;-39.40099;27708;4086;14.75;94;25.0;45.0;47.4;0.376;1537.0
ba;38318;RIBEIRA DO AMPARO;Bahia;Nordeste;-10.96547;-38.39796;12452;2443;19.62;44;28.5;60.6;50.0;0.442;1080.0
ba;38334;RIBEIRA DO POMBAL;Bahia;Nordeste;-10.80081;-38.51753;45064;8897;19.74;142;27.6;51.0;47.8;0.407;3618.0
ba;38342;RIBEIRÃO DO LARGO;Bahia;Nordeste;-15.46745;-40.68465;8797;2218;25.21;28;27.5;64.7;51.6;0.451;1001.0
ba;38350;RIO DE CONTAS;Bahia;Nordeste;-13.5841;-41.73693;12117;1944;16.04;44;22.0;53.8;48.6;0.386;750.0
ba;38377;RIO DO ANTÔNIO;Bahia;Nordeste;-14.30315;-42.0902;10690;1728;16.16;40;24.8;62.4;49.6;0.425;734.0
ba;38393;RIO DO PIRES;Bahia;Nordeste;-13.10398;-42.23229;11178;3424;30.63;38;23.9;54.8;50.5;0.404;1384.0
ba;38415;RIO REAL;Bahia;Nordeste;-11.49954;-37.9321;29286;5445;18.59;94;28.4;51.3;47.7;0.411;2240.0
ba;38431;RODELAS;Bahia;Nordeste;-8.85555;-38.75497;7602;1409;18.53;22;31.0;48.6;47.2;0.414;584.0
ba;38458;RUY BARBOSA;Bahia;Nordeste;-12.2825;-40.53415;23977;5303;22.12;81;27.9;48.1;46.9;0.398;2110.0
ba;38474;SALINAS DA MARGARIDA;Bahia;Nordeste;-12.89039;-38.76767;16000;3666;22.91;45;25.2;39.9;45.7;0.358;1313.0
ba;38490;SALVADOR;Bahia;Nordeste;-12.94206;-38.4623;1955479;393886;20.14;5124;24.1;23.9;44.5;0.295;116158.0
ba;38539;SANTA BRÍGIDA;Bahia;Nordeste;-9.76341;-38.16319;11939;2660;22.28;42;28.9;61.0;50.0;0.445;1184.0
ba;38512;SANTA BÁRBARA;Bahia;Nordeste;-11.95036;-38.97774;20163;3839;19.04;61;26.8;51.6;46.8;0.402;1542.0
ba;38555;SANTA CRUZ CABRÁLIA;Bahia;Nordeste;-16.2852;-39.05488;25527;7097;27.8;82;28.9;45.5;48.4;0.399;2831.0
ba;38571;SANTA CRUZ DA VITÓRIA;Bahia;Nordeste;-14.95942;-39.80879;4922;1359;27.61;16;25.6;52.3;49.4;0.405;550.0
ba;38598;SANTA INÊS;Bahia;Nordeste;-13.29295;-39.82967;8217;1916;23.32;30;25.2;48.8;48.4;0.39;748.0
ba;39870;SANTA LUZIA;Bahia;Nordeste;-15.43619;-39.32518;9034;2095;23.19;30;27.4;63.5;50.8;0.446;933.0
ba;38636;SANTA MARIA DA VITÓRIA;Bahia;Nordeste;-13.31036;-44.29845;30271;5446;17.99;113;25.9;48.8;49.6;0.397;2164.0
ba;35491;SANTA RITA DE CÁSSIA;Bahia;Nordeste;-10.93786;-44.52069;22965;5225;22.75;80;26.8;48.7;50.9;0.405;2115.0
ba;38695;SANTA TEREZINHA;Bahia;Nordeste;-12.74473;-39.55486;9441;1741;18.44;34;26.2;49.8;48.9;0.399;695.0
ba;38610;SANTALUZ;Bahia;Nordeste;-11.24772;-39.43019;32102;5525;17.21;104;28.1;48.8;48.4;0.405;2237.0
ba;38652;SANTANA;Bahia;Nordeste;-13.00733;-44.04363;21022;4173;19.85;68;25.5;48.3;50.4;0.396;1652.0
ba;38679;SANTANÓPOLIS;Bahia;Nordeste;-12.01001;-38.86531;9599;1948;20.29;29;25.6;47.8;47.9;0.388;757.0
ba;38717;SANTO AMARO;Bahia;Nordeste;-12.55044;-38.73043;47773;10043;21.02;154;24.5;38.1;46.2;0.351;3521.0
ba;38733;SANTO ANTÔNIO DE JESUS;Bahia;Nordeste;-12.97592;-39.25534;77886;13917;17.87;237;25.8;37.4;45.1;0.352;4896.0
ba;38750;SANTO ESTEVÃO;Bahia;Nordeste;-12.44233;-39.25642;39754;7537;18.96;120;28.7;45.1;45.8;0.39;2938.0
ba;38911;SAPEAÇU;Bahia;Nordeste;-12.72579;-39.19202;16207;2946;18.18;57;25.5;45.5;46.5;0.378;1113.0
ba;38946;SAUBARA;Bahia;Nordeste;-12.75738;-38.76952;13374;3057;22.86;38;21.9;41.3;46.7;0.348;1064.0
ba;38954;SAÚDE;Bahia;Nordeste;-10.9449;-40.39829;9154;2191;23.93;32;24.2;52.9;49.0;0.397;870.0
ba;38970;SEABRA;Bahia;Nordeste;-12.44222;-41.80904;35799;5547;15.49;121;28.8;42.2;47.6;0.387;2146.0
ba;38997;SEBASTIÃO LARANJEIRAS;Bahia;Nordeste;-14.5806;-42.98661;7218;1256;17.4;26;24.5;56.2;49.4;0.408;512.0
ba;39012;SENHOR DO BONFIM;Bahia;Nordeste;-10.46576;-40.16734;53709;9965;18.55;174;25.8;38.5;46.1;0.358;3564.0
ba;39039;SENTO SÉ;Bahia;Nordeste;-9.86529;-41.76299;30127;5490;18.22;103;28.7;49.2;50.3;0.414;2273.0
ba;39047;SERRA DO RAMALHO;Bahia;Nordeste;-13.48829;-43.6134;26065;4697;18.02;90;28.8;46.7;49.5;0.405;1903.0
ba;39055;SERRA DOURADA;Bahia;Nordeste;-12.79942;-43.94699;15281;3430;22.45;52;23.6;50.1;50.7;0.391;1342.0
ba;39071;SERRA PRETA;Bahia;Nordeste;-12.11104;-39.39401;17262;3741;21.67;60;25.3;56.5;48.3;0.411;1536.0
ba;39098;SERRINHA;Bahia;Nordeste;-11.66038;-39.00359;63689;11610;18.23;218;27.1;43.0;46.5;0.378;4391.0
ba;39110;SERROLÂNDIA;Bahia;Nordeste;-11.41628;-40.28809;11033;2129;19.3;37;23.4;53.8;47.8;0.392;834.0
ba;39136;SIMÕES FILHO;Bahia;Nordeste;-12.79301;-38.39821;90003;18564;20.63;260;28.5;34.8;46.6;0.359;6662.0
ba;39985;SOBRADINHO;Bahia;Nordeste;-9.47073;-40.80647;20427;4452;21.79;60;29.4;48.3;48.8;0.411;1829.0
ba;39152;SOUTO SOARES;Bahia;Nordeste;-12.04814;-41.69283;14232;2576;18.1;47;28.9;50.3;49.6;0.416;1072.0
ba;38938;SÁTIRO DIAS;Bahia;Nordeste;-11.60858;-38.54947;14469;3142;21.72;49;30.2;59.0;48.9;0.443;1393.0
ba;38776;SÃO DESIDÉRIO;Bahia;Nordeste;-12.55069;-45.12119;28595;5717;19.99;94;31.0;53.2;50.7;0.437;2499.0
ba;38806;SÃO DOMINGOS;Bahia;Nordeste;-11.45248;-39.50974;7986;1172;14.68;29;23.1;47.5;48.8;0.377;442.0
ba;38814;SÃO FELIPE;Bahia;Nordeste;-12.82967;-39.08802;17802;3029;17.01;67;24.6;47.9;48.1;0.384;1163.0
ba;38830;SÃO FRANCISCO DO CONDE;Bahia;Nordeste;-12.6521;-38.64107;33764;8009;23.72;108;27.2;36.0;45.9;0.356;2849.0
ba;38792;SÃO FÉLIX;Bahia;Nordeste;-12.63553;-38.9823;10118;1830;18.09;38;25.0;44.4;47.9;0.376;688.0
ba;38822;SÃO FÉLIX DO CORIBE;Bahia;Nordeste;-13.47127;-44.14185;12580;2172;17.27;40;28.5;41.6;49.8;0.389;845.0
ba;39896;SÃO GABRIEL;Bahia;Nordeste;-11.13776;-41.78433;16440;2467;15.01;68;26.3;53.6;49.9;0.413;1019.0
ba;38857;SÃO GONÇALO DOS CAMPOS;Bahia;Nordeste;-12.41373;-38.94164;30041;5191;17.28;93;26.5;47.4;46.9;0.389;2018.0
ba;39926;SÃO JOSÉ DA VITÓRIA;Bahia;Nordeste;-15.08027;-39.33746;5258;1304;24.8;19;26.6;58.0;50.1;0.426;555.0
ba;38865;SÃO JOSÉ DO JACUÍPE;Bahia;Nordeste;-11.46061;-39.96086;8830;1813;20.53;27;26.4;59.9;48.5;0.425;770.0
ba;38873;SÃO MIGUEL DAS MATAS;Bahia;Nordeste;-13.04843;-39.44075;9030;1358;15.04;35;26.8;53.7;49.5;0.415;563.0
ba;38890;SÃO SEBASTIÃO DO PASSÉ;Bahia;Nordeste;-12.51497;-38.50257;34046;6979;20.5;105;25.0;36.1;47.6;0.35;2443.0
ba;39144;SÍTIO DO MATO;Bahia;Nordeste;-12.94497;-43.4312;11257;2029;18.02;38;29.8;47.9;50.8;0.417;846.0
ba;39900;SÍTIO DO QUINTO;Bahia;Nordeste;-10.35739;-38.16482;9929;1697;17.09;34;27.2;67.6;49.5;0.45;763.0
ba;39179;TABOCAS DO BREJO VELHO;Bahia;Nordeste;-12.58216;-44.11969;11241;2584;22.99;36;25.8;51.6;51.6;0.409;1058.0
ba;39195;TANHAÇU;Bahia;Nordeste;-14.06615;-41.22201;17984;2999;16.68;57;24.6;58.3;49.4;0.414;1242.0
ba;39918;TANQUE NOVO;Bahia;Nordeste;-13.54162;-42.50923;14688;2452;16.69;45;28.3;56.0;49.7;0.429;1052.0
ba;39217;TANQUINHO;Bahia;Nordeste;-11.95375;-39.09398;7717;1273;16.5;28;26.9;51.9;48.8;0.408;520.0
ba;39233;TAPEROÁ;Bahia;Nordeste;-13.5502;-39.13339;14359;3062;21.32;45;29.0;54.9;48.3;0.425;1302.0
ba;39250;TAPIRAMUTÁ;Bahia;Nordeste;-11.85287;-40.80075;11283;2667;23.64;37;27.9;53.3;49.2;0.418;1116.0
ba;39934;TEIXEIRA DE FREITAS;Bahia;Nordeste;-17.52875;-39.74216;105045;23328;22.21;303;27.6;40.4;46.5;0.373;8699.0
ba;39276;TEODORO SAMPAIO;Bahia;Nordeste;-12.28095;-38.62733;6868;1237;18.01;24;24.9;46.3;50.2;0.387;479.0
ba;39292;TEOFILÂNDIA;Bahia;Nordeste;-11.48128;-38.96988;18692;4388;23.48;62;28.1;60.4;48.3;0.434;1905.0
ba;39314;TEOLÂNDIA;Bahia;Nordeste;-13.59012;-39.48057;11256;2279;20.25;37;29.8;55.5;48.8;0.432;985.0
ba;39330;TERRA NOVA;Bahia;Nordeste;-12.40303;-38.62044;10480;2157;20.58;35;26.5;42.6;47.3;0.377;813.0
ba;39357;TREMEDAL;Bahia;Nordeste;-15.01144;-41.46042;15421;3870;25.1;51;22.5;65.4;50.0;0.419;1621.0
ba;39373;TUCANO;Bahia;Nordeste;-11.00615;-38.81075;41771;8343;19.97;133;26.1;57.2;48.3;0.416;3471.0
ba;39390;UAUÁ;Bahia;Nordeste;-9.90596;-39.50446;22079;3942;17.85;82;25.1;50.5;49.7;0.398;1569.0
ba;39438;UBAITABA;Bahia;Nordeste;-14.31029;-39.3223;14272;3593;25.18;43;25.3;47.9;46.8;0.384;1381.0
ba;39454;UBATÃ;Bahia;Nordeste;-14.21171;-39.52534;11980;2758;23.02;41;24.3;48.1;46.5;0.379;1044.0
ba;39411;UBAÍRA;Bahia;Nordeste;-13.26403;-39.65532;15896;3266;20.55;54;23.8;55.8;48.3;0.4;1308.0
ba;39470;UIBAÍ;Bahia;Nordeste;-11.33853;-42.11138;12012;2041;16.99;43;23.7;49.4;49.4;0.387;789.0
ba;39489;UMBURANAS;Bahia;Nordeste;-10.64045;-41.27629;11651;2416;20.74;35;27.9;55.7;50.7;0.429;1036.0
ba;39497;UNA;Bahia;Nordeste;-15.29648;-39.06918;16864;4263;25.28;64;24.5;52.4;50.1;0.401;1709.0
ba;39519;URANDI;Bahia;Nordeste;-14.75674;-42.69539;13766;2635;19.14;43;24.8;56.6;49.4;0.411;1082.0
ba;39535;URUÇUCA;Bahia;Nordeste;-14.57606;-39.25242;18222;4303;23.61;62;26.6;52.3;49.0;0.408;1757.0
ba;39551;UTINGA;Bahia;Nordeste;-12.07799;-41.08627;13057;2867;21.96;42;29.1;50.8;48.6;0.416;1193.0
ba;39594;VALENTE;Bahia;Nordeste;-11.40386;-39.45395;20175;2744;13.6;73;24.5;44.1;47.7;0.372;1021.0
ba;39578;VALENÇA;Bahia;Nordeste;-13.36282;-39.12073;66657;13763;20.65;195;27.3;46.4;46.1;0.388;5337.0
ba;39624;VARZEDO;Bahia;Nordeste;-12.98032;-39.38104;9468;1600;16.9;30;26.1;57.3;49.2;0.419;670.0
ba;39632;VERA CRUZ;Bahia;Nordeste;-13.01052;-38.67608;36715;7487;20.39;107;24.2;41.0;46.7;0.359;2690.0
ba;39640;VEREDA;Bahia;Nordeste;-17.16195;-40.07347;6714;1611;23.99;23;26.2;58.2;52.1;0.43;693.0
ba;39659;VITÓRIA DA CONQUISTA;Bahia;Nordeste;-14.87404;-40.85877;265595;49309;18.57;766;27.0;39.5;45.8;0.366;18029.0
ba;39977;VÁRZEA DA ROÇA;Bahia;Nordeste;-11.60695;-40.11313;10928;2236;20.46;38;25.1;64.6;48.5;0.429;958.0
ba;39616;VÁRZEA DO POÇO;Bahia;Nordeste;-11.53062;-40.30148;7284;1379;18.93;25;23.7;56.1;48.8;0.402;554.0
ba;39950;VÁRZEA NOVA;Bahia;Nordeste;-11.23227;-40.95946;10874;2019;18.57;36;26.9;56.4;49.0;0.421;850.0
ba;39675;WAGNER;Bahia;Nordeste;-12.2802;-41.16994;6804;1391;20.44;22;27.2;48.6;48.1;0.399;555.0
ba;39993;WANDERLEY;Bahia;Nordeste;-12.03707;-43.91243;10702;2208;20.63;36;25.9;55.7;51.1;0.419;926.0
ba;39691;WENCESLAU GUIMARÃES;Bahia;Nordeste;-13.65751;-39.53947;16675;3599;21.58;54;28.3;57.7;49.5;0.432;1556.0
ba;39713;XIQUE-XIQUE;Bahia;Nordeste;-10.82792;-42.74556;35384;7968;22.52;124;30.4;48.5;48.3;0.414;3303.0
ba;33073;ÁGUA FRIA;Bahia;Nordeste;-11.82093;-38.75813;13416;2834;21.12;45;26.9;55.1;48.0;0.414;1173.0
ba;33090;ÉRICO CARDOSO;Bahia;Nordeste;-13.4107;-42.09953;8440;1972;23.36;34;24.8;58.3;48.6;0.412;813.0
ce;13013;ABAIARA;Ceará;Nordeste;-7.35037;-39.04334;7775;1536;19.76;28;29.1;44.8;49.1;0.4;615.0
ce;13145;ACARAPE;Ceará;Nordeste;-4.22347;-38.68767;12546;1678;13.37;41;30.2;44.7;47.3;0.4;670.0
ce;13030;ACARAÚ;Ceará;Nordeste;-2.90332;-40.11497;49197;9366;19.04;167;29.6;50.2;47.8;0.414;3882.0
ce;13056;ACOPIARA;Ceará;Nordeste;-6.10483;-39.4597;38571;6167;15.99;146;24.3;55.2;48.7;0.403;2483.0
ce;13072;AIUABA;Ceará;Nordeste;-6.59989;-40.23554;11440;2399;20.97;45;25.4;56.9;49.3;0.414;994.0
ce;13099;ALCÂNTARAS;Ceará;Nordeste;-3.58321;-40.53978;10265;2076;20.22;36;27.8;50.5;48.6;0.409;848.0
ce;13110;ALTANEIRA;Ceará;Nordeste;-7.00273;-39.72455;6949;1279;18.41;27;29.9;49.8;48.5;0.417;533.0
ce;13137;ALTO SANTO;Ceará;Nordeste;-5.4958;-38.27269;12108;1952;16.12;50;25.5;52.7;48.8;0.403;787.0
ce;15873;AMONTADA;Ceará;Nordeste;-3.20937;-39.74591;36349;6716;18.48;130;31.1;44.8;50.2;0.412;2770.0
ce;13153;ANTONINA DO NORTE;Ceará;Nordeste;-6.77331;-39.9879;7089;1621;22.87;30;26.1;55.7;48.5;0.413;670.0
ce;13170;APUIARÉS;Ceará;Nordeste;-3.93428;-39.39468;12696;1974;15.55;48;27.5;47.8;50.3;0.404;798.0
ce;13196;AQUIRAZ;Ceará;Nordeste;-3.95085;-38.39286;69632;9885;14.2;229;27.9;43.1;48.5;0.388;3836.0
ce;13218;ARACATI;Ceará;Nordeste;-4.59514;-37.75651;57417;8684;15.12;206;26.5;42.3;47.6;0.377;3269.0
ce;13234;ARACOIABA;Ceará;Nordeste;-4.42502;-38.74539;24943;3179;12.75;91;27.5;48.8;49.0;0.404;1283.0
ce;13420;ARARENDÁ;Ceará;Nordeste;-4.75334;-40.76003;9705;1620;16.69;37;26.8;54.6;49.4;0.417;675.0
ce;13250;ARARIPE;Ceará;Nordeste;-7.20062;-40.12202;17494;3312;18.93;67;28.9;58.1;48.6;0.434;1437.0
ce;13277;ARATUBA;Ceará;Nordeste;-4.4164;-39.03751;12289;2056;16.73;40;30.7;43.9;49.8;0.407;836.0
ce;13293;ARNEIROZ;Ceará;Nordeste;-6.26415;-40.14434;6939;1476;21.27;25;25.5;50.8;49.8;0.401;592.0
ce;13315;ASSARÉ;Ceará;Nordeste;-6.8938;-39.86323;18914;3901;20.62;72;27.9;55.8;48.6;0.423;1650.0
ce;13331;AURORA;Ceará;Nordeste;-6.96425;-38.95016;20292;4096;20.19;79;25.3;55.5;49.1;0.41;1682.0
ce;13358;BAIXIO;Ceará;Nordeste;-6.71999;-38.73047;5464;882;16.14;23;25.1;48.9;50.6;0.396;349.0
ce;13382;BANABUIÚ;Ceará;Nordeste;-5.2632;-38.89745;15673;2488;15.87;56;30.1;51.2;50.0;0.426;1058.0
ce;13374;BARBALHA;Ceará;Nordeste;-7.31414;-39.30973;53415;8783;16.44;171;28.9;36.3;46.0;0.364;3197.0
ce;13129;BARREIRA;Ceará;Nordeste;-4.29663;-38.62075;19586;2671;13.64;63;28.3;48.2;47.4;0.401;1072.0
ce;13390;BARRO;Ceará;Nordeste;-7.14131;-38.78068;17005;3812;22.42;59;24.5;53.5;48.0;0.397;1515.0
ce;13404;BARROQUINHA;Ceará;Nordeste;-2.96153;-41.18058;15207;3165;20.81;49;30.1;51.3;49.3;0.424;1342.0
ce;13412;BATURITÉ;Ceará;Nordeste;-4.33722;-38.8735;28552;4603;16.12;97;29.4;45.3;47.2;0.397;1829.0
ce;13439;BEBERIBE;Ceará;Nordeste;-4.30861;-38.07833;46979;6478;13.79;166;25.6;48.3;48.9;0.392;2540.0
ce;13455;BELA CRUZ;Ceará;Nordeste;-3.0337;-40.23417;21553;3798;17.62;81;27.5;51.8;49.0;0.412;1564.0
ce;13471;BOA VIAGEM;Ceará;Nordeste;-5.07415;-39.76051;42595;8098;19.01;161;27.4;55.0;48.8;0.419;3395.0
ce;13498;BREJO SANTO;Ceará;Nordeste;-7.4925;-38.98067;36964;6351;17.18;136;28.1;44.1;46.5;0.386;2452.0
ce;13510;CAMOCIM;Ceará;Nordeste;-2.91275;-40.8321;50991;9714;19.05;177;29.1;43.4;47.8;0.392;3810.0
ce;13536;CAMPOS SALES;Ceará;Nordeste;-7.00676;-40.33222;20555;4077;19.83;77;26.9;54.5;47.6;0.411;1677.0
ce;13552;CANINDÉ;Ceará;Nordeste;-4.38421;-39.35576;60219;10359;17.2;222;28.6;50.8;47.9;0.412;4263.0
ce;13579;CAPISTRANO;Ceará;Nordeste;-4.46624;-38.91175;16205;2473;15.26;56;28.0;46.8;49.4;0.401;993.0
ce;13595;CARIDADE;Ceará;Nordeste;-4.19296;-39.15794;17474;2801;16.03;66;29.1;55.1;49.2;0.429;1201.0
ce;13633;CARIRIAÇU;Ceará;Nordeste;-7.03072;-39.27146;24954;4312;17.28;97;28.5;53.3;49.1;0.421;1814.0
ce;13617;CARIRÉ;Ceará;Nordeste;-3.95472;-40.49628;15391;2933;19.06;58;26.9;51.5;49.4;0.409;1199.0
ce;13650;CARIÚS;Ceará;Nordeste;-6.59612;-39.47651;15846;2728;17.22;58;25.2;57.2;50.1;0.416;1136.0
ce;13676;CARNAUBAL;Ceará;Nordeste;-4.14839;-40.94428;14575;3035;20.82;53;28.4;50.8;48.8;0.413;1254.0
ce;13692;CASCAVEL;Ceará;Nordeste;-4.14302;-38.25288;60466;9131;15.1;216;27.6;45.3;48.0;0.391;3571.0
ce;13714;CATARINA;Ceará;Nordeste;-6.18988;-39.88705;9892;2516;25.43;35;25.2;53.1;49.4;0.405;1018.0
ce;13447;CATUNDA;Ceará;Nordeste;-4.64975;-40.18569;9313;1642;17.63;32;26.8;50.9;50.0;0.409;671.0
ce;13730;CAUCAIA;Ceará;Nordeste;-3.74292;-38.67339;249622;34206;13.7;783;30.6;37.4;46.5;0.376;12853.0
ce;13757;CEDRO;Ceará;Nordeste;-6.57985;-39.0742;20348;3929;19.31;78;24.4;48.8;48.4;0.386;1518.0
ce;13773;CHAVAL;Ceará;Nordeste;-3.05506;-41.24175;10966;2349;21.42;47;27.7;51.0;48.8;0.41;963.0
ce;13161;CHOROZINHO;Ceará;Nordeste;-4.30401;-38.49047;18301;2511;13.72;64;28.2;53.0;49.6;0.42;1055.0
ce;13463;CHORÓ;Ceará;Nordeste;-4.80296;-39.18404;11642;2142;18.4;43;28.9;53.5;50.8;0.428;917.0
ce;13811;COREAÚ;Ceará;Nordeste;-3.60498;-40.70408;19700;3431;17.42;83;29.5;49.9;49.0;0.416;1429.0
ce;13838;CRATEÚS;Ceará;Nordeste;-5.20574;-40.70856;60099;9807;16.32;212;25.4;48.3;47.2;0.387;3795.0
ce;13854;CRATO;Ceará;Nordeste;-7.21172;-39.42232;95932;13236;13.8;327;28.1;32.9;45.4;0.347;4600.0
ce;15881;CROATÁ;Ceará;Nordeste;-4.39219;-40.8939;15338;3328;21.7;57;28.4;53.0;48.4;0.418;1390.0
ce;15890;CRUZ;Ceará;Nordeste;-2.90128;-40.26952;23786;4212;17.71;84;28.9;48.5;47.3;0.405;1704.0
ce;15989;DEPUTADO IRAPUAN PINHEIRO;Ceará;Nordeste;-5.8888;-39.25228;7474;1209;16.18;29;24.9;52.9;49.7;0.403;487.0
ce;13200;ERERÉ;Ceará;Nordeste;-6.00718;-38.33474;5605;1027;18.32;21;24.5;53.8;49.7;0.403;414.0
ce;13226;EUSÉBIO;Ceará;Nordeste;-3.87912;-38.45894;59877;9404;15.71;184;29.0;31.0;46.3;0.347;3261.0
ce;13870;FARIAS BRITO;Ceará;Nordeste;-6.90381;-39.56361;17579;2795;15.9;65;26.5;46.2;48.7;0.391;1093.0
ce;15911;FORQUILHA;Ceará;Nordeste;-3.81709;-40.25151;19740;2723;13.79;66;28.9;41.6;49.0;0.389;1059.0
ce;13897;FORTALEZA;Ceará;Nordeste;-3.76894;-38.54699;1795713;233859;13.02;5335;26.8;27.5;44.9;0.321;75055.0
ce;13501;FORTIM;Ceará;Nordeste;-4.45105;-37.81749;17196;2523;14.67;54;28.0;45.1;48.9;0.395;997.0
ce;13919;FRECHEIRINHA;Ceará;Nordeste;-3.75081;-40.81533;13849;2178;15.73;46;32.6;49.3;48.5;0.428;931.0
ce;13935;GENERAL SAMPAIO;Ceará;Nordeste;-4.06145;-39.45151;8274;1563;18.89;30;31.0;47.3;51.2;0.422;660.0
ce;13951;GRANJA;Ceará;Nordeste;-3.20333;-40.95712;44060;8665;19.67;159;31.2;52.5;50.3;0.435;3774.0
ce;13978;GRANJEIRO;Ceará;Nordeste;-6.90155;-39.24127;6328;1190;18.81;22;28.3;51.3;49.5;0.416;495.0
ce;13064;GRAÇA;Ceará;Nordeste;-4.03259;-40.78057;12854;2346;18.25;47;27.4;55.3;50.3;0.424;995.0
ce;13994;GROAÍRAS;Ceará;Nordeste;-3.91674;-40.37774;9842;1830;18.59;34;27.8;45.8;49.0;0.397;726.0
ce;13242;GUAIÚBA;Ceará;Nordeste;-4.08217;-38.667;20884;2759;13.21;73;28.7;45.8;49.0;0.401;1106.0
ce;14010;GUARACIABA DO NORTE;Ceará;Nordeste;-4.19413;-40.78684;34685;7046;20.31;127;28.8;54.1;48.1;0.422;2972.0
ce;14036;GUARAMIRANGA;Ceará;Nordeste;-4.24475;-38.94511;6646;1199;18.04;24;30.0;40.3;49.0;0.39;468.0
ce;14052;HIDROLÂNDIA;Ceará;Nordeste;-4.40751;-40.4286;16000;2616;16.35;59;25.7;53.3;49.4;0.408;1066.0
ce;13188;HORIZONTE;Ceará;Nordeste;-4.10145;-38.48495;62776;9188;14.64;201;30.6;38.7;48.3;0.385;3542.0
ce;14060;IBARETAMA;Ceará;Nordeste;-4.78718;-38.73265;13532;2066;15.27;48;28.5;55.2;50.1;0.429;886.0
ce;14079;IBIAPINA;Ceará;Nordeste;-3.93513;-40.90427;20158;4027;19.98;86;27.1;52.1;48.3;0.408;1644.0
ce;15920;IBICUITINGA;Ceará;Nordeste;-4.96248;-38.58723;12514;1762;14.08;48;27.1;50.3;50.6;0.41;722.0
ce;15938;ICAPUÍ;Ceará;Nordeste;-4.7051;-37.38254;17718;2629;14.84;56;25.0;49.5;49.4;0.394;1036.0
ce;14095;ICÓ;Ceará;Nordeste;-6.4011;-38.81309;51307;10377;20.23;185;25.4;53.9;47.1;0.401;4161.0
ce;14117;IGUATU;Ceará;Nordeste;-6.36373;-39.28978;71278;10562;14.82;261;24.7;42.8;46.6;0.367;3873.0
ce;14133;INDEPENDÊNCIA;Ceará;Nordeste;-5.43551;-40.35284;21208;3573;16.85;98;24.7;50.8;49.3;0.396;1414.0
ce;13340;IPAPORANGA;Ceará;Nordeste;-4.89398;-40.78272;10349;2052;19.83;38;25.9;56.3;49.3;0.416;854.0
ce;14150;IPAUMIRIM;Ceará;Nordeste;-6.79665;-38.73069;9459;1523;16.1;36;26.4;52.6;48.4;0.406;619.0
ce;14176;IPU;Ceará;Nordeste;-4.33466;-40.70743;33130;5095;15.38;117;28.2;50.0;48.5;0.409;2083.0
ce;14192;IPUEIRAS;Ceará;Nordeste;-4.56912;-40.77731;30943;6747;21.8;134;26.7;57.7;48.9;0.422;2848.0
ce;14214;IRACEMA;Ceará;Nordeste;-5.81038;-38.31821;12096;2494;20.62;43;24.0;45.9;47.9;0.375;936.0
ce;14230;IRAUÇUBA;Ceará;Nordeste;-3.75775;-39.8011;19467;2994;15.38;70;31.8;44.5;48.9;0.411;1230.0
ce;13480;ITAITINGA;Ceará;Nordeste;-3.94339;-38.52691;38235;5040;13.18;134;29.2;37.6;47.5;0.374;1883.0
ce;14257;ITAIÇABA;Ceará;Nordeste;-4.70054;-37.81826;7213;1012;14.03;26;24.2;43.9;48.0;0.371;375.0
ce;14273;ITAPAJÉ;Ceará;Nordeste;-3.69478;-39.57753;39662;6057;15.27;140;29.3;46.4;47.9;0.403;2439.0
ce;14290;ITAPIPOCA;Ceará;Nordeste;-3.43571;-39.58005;103228;13985;13.55;361;30.7;39.0;49.0;0.388;5433.0
ce;14311;ITAPIÚNA;Ceará;Nordeste;-4.57747;-38.93043;16385;2820;17.21;58;29.0;50.2;49.7;0.416;1174.0
ce;15954;ITAREMA;Ceará;Nordeste;-2.98221;-39.88637;34502;6446;18.68;116;31.3;45.6;48.7;0.411;2650.0
ce;14338;ITATIRA;Ceará;Nordeste;-4.6283;-39.58388;19602;4551;23.22;69;30.1;55.7;49.3;0.436;1982.0
ce;14354;JAGUARETAMA;Ceará;Nordeste;-5.5545;-38.78069;15538;2608;16.78;58;26.1;50.7;49.4;0.403;1050.0
ce;14370;JAGUARIBARA;Ceará;Nordeste;-5.48002;-38.46617;8993;1215;13.51;31;25.7;50.2;48.1;0.396;481.0
ce;14397;JAGUARIBE;Ceará;Nordeste;-5.92235;-38.68243;29394;5634;19.17;102;24.7;48.4;47.6;0.385;2168.0
ce;14419;JAGUARUANA;Ceará;Nordeste;-4.84106;-37.79268;28915;4416;15.27;109;25.7;49.0;48.5;0.394;1738.0
ce;14435;JARDIM;Ceará;Nordeste;-7.60115;-39.25558;22592;4911;21.74;87;27.7;47.2;47.5;0.396;1944.0
ce;14451;JATI;Ceará;Nordeste;-7.69718;-39.02006;7093;1429;20.15;27;26.0;42.0;49.0;0.377;539.0
ce;13005;JIJOCA DE JERICOACOARA;Ceará;Nordeste;-2.8859;-40.4748;21575;4047;18.76;72;32.7;41.9;48.3;0.405;1638.0
ce;14478;JUAZEIRO DO NORTE;Ceará;Nordeste;-7.21728;-39.31107;200346;31426;15.69;646;29.1;34.9;45.9;0.36;11310.0
ce;14494;JUCÁS;Ceará;Nordeste;-6.47357;-39.53194;20189;4223;20.92;79;25.9;54.5;47.8;0.407;1720.0
ce;14516;LAVRAS DA MANGABEIRA;Ceará;Nordeste;-6.75488;-38.99114;24134;4710;19.52;90;25.5;51.7;49.1;0.401;1891.0
ce;14532;LIMOEIRO DO NORTE;Ceará;Nordeste;-5.1415;-38.10044;46944;6936;14.78;162;26.1;42.6;47.7;0.376;2609.0
ce;13021;MADALENA;Ceará;Nordeste;-4.83612;-39.52356;14764;2600;17.61;50;30.1;51.8;49.2;0.425;1105.0
ce;15857;MARACANAÚ;Ceará;Nordeste;-3.86309;-38.61423;179488;22238;12.39;559;29.4;32.1;46.3;0.352;7826.0
ce;14559;MARANGUAPE;Ceará;Nordeste;-3.94744;-38.73363;83544;10710;12.82;293;27.1;37.6;47.3;0.364;3898.0
ce;14575;MARCO;Ceará;Nordeste;-3.13735;-40.18743;23434;3549;15.14;85;31.6;51.2;49.0;0.43;1524.0
ce;14591;MARTINÓPOLE;Ceará;Nordeste;-3.21534;-40.68389;10730;1621;15.11;35;33.2;46.6;49.8;0.425;690.0
ce;14613;MASSAPÊ;Ceará;Nordeste;-3.51934;-40.35501;31825;4276;13.44;115;31.3;42.3;48.6;0.401;1714.0
ce;14630;MAURITI;Ceará;Nordeste;-7.37677;-38.75303;36552;6174;16.89;140;27.8;49.1;48.4;0.404;2497.0
ce;14656;MERUOCA;Ceará;Nordeste;-3.56589;-40.45837;13277;1989;14.98;46;28.6;43.2;49.1;0.393;782.0
ce;14672;MILAGRES;Ceará;Nordeste;-7.303;-38.93769;22637;4230;18.69;91;26.2;48.4;48.1;0.393;1665.0
ce;15970;MILHÃ;Ceará;Nordeste;-5.65126;-39.18962;11291;1834;16.24;40;25.9;49.9;49.0;0.399;731.0
ce;14680;MIRAÍMA;Ceará;Nordeste;-3.55189;-39.88012;12141;2047;16.86;45;30.3;47.5;51.6;0.421;861.0
ce;14699;MISSÃO VELHA;Ceará;Nordeste;-7.29688;-39.15147;30981;6174;19.93;113;28.8;49.8;47.6;0.409;2524.0
ce;14710;MOMBAÇA;Ceará;Nordeste;-5.77515;-39.68252;32520;6924;21.29;119;25.2;58.1;48.2;0.413;2862.0
ce;14737;MONSENHOR TABOSA;Ceará;Nordeste;-4.85063;-40.05454;14947;2975;19.9;57;26.7;51.2;48.8;0.406;1207.0
ce;14753;MORADA NOVA;Ceará;Nordeste;-5.03623;-38.4026;56913;9314;16.37;199;25.1;52.3;48.2;0.399;3715.0
ce;14770;MORAÚJO;Ceará;Nordeste;-3.47365;-40.65735;8262;1537;18.6;33;30.7;48.7;50.0;0.421;648.0
ce;14796;MORRINHOS;Ceará;Nordeste;-3.26361;-40.08772;19053;3014;15.82;68;31.0;49.2;49.0;0.421;1270.0
ce;14818;MUCAMBO;Ceará;Nordeste;-3.89937;-40.7559;12736;2690;21.12;45;25.9;52.4;47.4;0.401;1078.0
ce;14834;MULUNGU;Ceará;Nordeste;-4.31156;-38.99612;9751;1660;17.02;33;28.3;45.6;49.5;0.4;663.0
ce;14850;NOVA OLINDA;Ceará;Nordeste;-7.09529;-39.68175;12790;2141;16.74;46;29.2;44.9;48.0;0.398;852.0
ce;14877;NOVA RUSSAS;Ceará;Nordeste;-4.6967;-40.54582;24866;4672;18.79;99;25.6;51.2;47.9;0.398;1858.0
ce;14893;NOVO ORIENTE;Ceará;Nordeste;-5.56709;-40.7808;23218;5276;22.72;91;26.2;55.4;47.5;0.41;2163.0
ce;13307;OCARA;Ceará;Nordeste;-4.51983;-38.54567;25191;2933;11.64;98;27.4;50.3;50.5;0.412;1207.0
ce;14915;ORÓS;Ceará;Nordeste;-6.27009;-38.955;17682;3509;19.85;68;22.0;56.4;47.5;0.389;1367.0
ce;14931;PACAJUS;Ceará;Nordeste;-4.17671;-38.47565;54458;6848;12.57;186;29.8;43.1;47.8;0.394;2700.0
ce;14958;PACATUBA;Ceará;Nordeste;-3.92117;-38.60727;57825;8229;14.23;185;29.8;34.0;46.7;0.362;2975.0
ce;14974;PACOTI;Ceará;Nordeste;-4.20493;-38.90295;10776;1761;16.34;48;27.3;47.0;48.3;0.396;697.0
ce;14990;PACUJÁ;Ceará;Nordeste;-3.98593;-40.69694;6659;1293;19.42;22;27.6;50.9;48.8;0.409;529.0
ce;15016;PALHANO;Ceará;Nordeste;-4.71644;-37.9958;9841;1477;15.01;35;24.1;47.6;50.3;0.386;570.0
ce;15032;PALMÁCIA;Ceará;Nordeste;-4.14131;-38.84872;9908;1563;15.78;40;27.6;46.5;49.4;0.399;623.0
ce;15059;PARACURU;Ceará;Nordeste;-3.4439;-39.0351;33717;5595;16.59;115;27.5;39.7;48.1;0.374;2094.0
ce;15997;PARAIPABA;Ceará;Nordeste;-3.42649;-39.16035;27584;4016;14.56;93;29.5;42.2;48.8;0.393;1579.0
ce;15075;PARAMBU;Ceará;Nordeste;-6.21603;-40.67691;27269;6593;24.18;109;26.9;57.9;47.1;0.419;2762.0
ce;15091;PARAMOTI;Ceará;Nordeste;-4.12683;-39.30267;10188;1581;15.52;42;28.9;55.9;49.9;0.432;683.0
ce;15113;PEDRA BRANCA;Ceará;Nordeste;-5.47907;-39.75883;34612;7660;22.13;138;26.5;55.7;47.8;0.413;3165.0
ce;15130;PENAFORTE;Ceará;Nordeste;-7.81896;-39.06223;8694;1395;16.05;30;29.9;39.4;48.3;0.385;537.0
ce;15156;PENTECOSTE;Ceará;Nordeste;-3.82457;-39.24361;32386;5197;16.05;105;27.7;43.5;48.9;0.389;2021.0
ce;15172;PEREIRO;Ceará;Nordeste;-6.08953;-38.48475;14487;2840;19.6;59;27.0;52.6;49.6;0.413;1174.0
ce;13285;PINDORETAMA;Ceará;Nordeste;-4.04168;-38.29905;21261;3163;14.88;67;26.8;46.6;47.5;0.39;1234.0
ce;15199;PIQUET CARNEIRO;Ceará;Nordeste;-5.86875;-39.43436;12098;2224;18.38;43;23.3;57.4;48.9;0.403;895.0
ce;13048;PIRES FERREIRA;Ceará;Nordeste;-4.26092;-40.59389;8610;1131;13.14;32;27.6;52.2;51.3;0.42;475.0
ce;15210;PORANGA;Ceará;Nordeste;-4.75618;-40.98684;10071;1956;19.42;42;25.5;56.4;48.9;0.413;807.0
ce;15237;PORTEIRAS;Ceará;Nordeste;-7.53369;-39.115;14641;2816;19.23;58;27.2;47.9;48.1;0.397;1118.0
ce;15253;POTENGI;Ceará;Nordeste;-7.08371;-40.04114;8102;1286;15.87;33;27.3;56.4;48.2;0.42;540.0
ce;13269;POTIRETAMA;Ceará;Nordeste;-5.71105;-38.17133;5834;743;12.74;22;27.3;52.3;50.2;0.415;309.0
ce;13102;QUITERIANÓPOLIS;Ceará;Nordeste;-5.85316;-40.74175;16987;3194;18.8;64;25.2;58.0;48.5;0.414;1322.0
ce;15270;QUIXADÁ;Ceará;Nordeste;-4.95756;-38.99494;61599;9507;15.43;217;28.4;41.6;46.9;0.381;3623.0
ce;98531;QUIXELÔ;Ceará;Nordeste;-6.20461;-39.15068;14956;2077;13.89;53;24.0;56.9;50.3;0.41;851.0
ce;15296;QUIXERAMOBIM;Ceará;Nordeste;-5.23966;-39.33126;60112;9875;16.43;218;28.2;46.9;48.3;0.4;3946.0
ce;15318;QUIXERÉ;Ceará;Nordeste;-5.07855;-37.94454;18875;2956;15.66;63;28.0;51.2;48.8;0.412;1218.0
ce;15334;REDENÇÃO;Ceará;Nordeste;-4.25292;-38.74954;24248;4022;16.59;85;27.0;43.6;47.6;0.383;1540.0
ce;15350;RERIUTABA;Ceará;Nordeste;-4.12406;-40.58799;15853;2541;16.03;62;27.4;49.6;49.8;0.407;1034.0
ce;15377;RUSSAS;Ceará;Nordeste;-4.93995;-38.00254;58537;8867;15.15;200;26.6;44.2;47.2;0.381;3383.0
ce;15393;SABOEIRO;Ceará;Nordeste;-6.50627;-39.86402;12621;2435;19.29;50;26.7;55.1;49.5;0.417;1016.0
ce;15440;SALITRE;Ceará;Nordeste;-7.2183;-40.39706;14839;2575;17.35;52;31.6;59.8;49.4;0.454;1168.0
ce;15458;SANTA QUITÉRIA;Ceará;Nordeste;-4.2968;-40.12893;33618;5618;16.71;125;26.8;47.2;48.5;0.394;2215.0
ce;15415;SANTANA DO ACARAÚ;Ceará;Nordeste;-3.43331;-40.19092;25778;3856;14.96;107;29.4;51.4;49.6;0.422;1626.0
ce;15431;SANTANA DO CARIRI;Ceará;Nordeste;-7.18957;-39.74012;13899;2419;17.4;56;29.1;48.5;49.1;0.411;994.0
ce;15555;SENADOR POMPEU;Ceará;Nordeste;-5.56907;-39.42643;20302;3287;16.19;80;25.5;51.9;47.6;0.398;1308.0
ce;15571;SENADOR SÁ;Ceará;Nordeste;-3.3114;-40.47202;7038;958;13.61;23;31.2;43.9;49.7;0.408;391.0
ce;15598;SOBRAL;Ceará;Nordeste;-3.71949;-40.34738;153073;23379;15.27;502;29.4;33.3;46.9;0.358;8366.0
ce;15610;SOLONÓPOLE;Ceará;Nordeste;-5.76689;-39.01809;14292;2552;17.86;50;25.9;46.0;48.6;0.387;987.0
ce;15474;SÃO BENEDITO;Ceará;Nordeste;-4.04916;-40.89014;37548;7230;19.26;140;27.9;50.8;48.0;0.408;2951.0
ce;15490;SÃO GONÇALO DO AMARANTE;Ceará;Nordeste;-3.5833;-38.98435;51355;8350;16.26;170;29.9;37.5;48.9;0.38;3172.0
ce;15512;SÃO JOÃO DO JAGUARIBE;Ceará;Nordeste;-5.27989;-38.26502;5965;1168;19.58;24;21.0;52.6;47.4;0.374;437.0
ce;15539;SÃO LUÍS DO CURU;Ceará;Nordeste;-3.66622;-39.24253;12630;2202;17.43;41;26.1;47.4;48.5;0.391;861.0
ce;15636;TABULEIRO DO NORTE;Ceará;Nordeste;-5.27785;-38.1048;26004;4779;18.38;96;25.6;51.1;47.0;0.395;1886.0
ce;15652;TAMBORIL;Ceará;Nordeste;-4.86049;-40.34405;21345;4083;19.13;89;25.8;57.6;49.1;0.418;1707.0
ce;13366;TARRAFAS;Ceará;Nordeste;-6.70482;-39.74798;7393;1559;21.09;29;27.0;59.4;49.6;0.43;671.0
ce;15679;TAUÁ;Ceará;Nordeste;-5.95982;-40.2664;47270;9266;19.6;186;25.7;50.7;47.9;0.397;3675.0
ce;13323;TEJUÇUOCA;Ceará;Nordeste;-3.91852;-39.56358;15973;2408;15.08;61;29.3;54.2;50.2;0.431;1037.0
ce;15695;TIANGUÁ;Ceará;Nordeste;-3.72239;-40.9879;59588;8531;14.32;222;30.7;43.0;47.3;0.397;3388.0
ce;15717;TRAIRI;Ceará;Nordeste;-3.29558;-39.33181;49869;7553;15.15;183;29.2;47.0;49.6;0.408;3086.0
ce;13080;TURURU;Ceará;Nordeste;-3.55081;-39.42644;15653;2195;14.02;62;29.8;46.3;50.1;0.411;901.0
ce;15733;UBAJARA;Ceará;Nordeste;-3.85081;-40.93215;27963;4636;16.58;95;28.5;44.4;47.6;0.392;1818.0
ce;15750;UMARI;Ceará;Nordeste;-6.63665;-38.73681;6522;1150;17.63;26;25.7;54.1;49.6;0.41;471.0
ce;98558;UMIRIM;Ceará;Nordeste;-3.68669;-39.37642;16067;2873;17.88;56;30.1;48.4;49.7;0.417;1198.0
ce;15776;URUBURETAMA;Ceará;Nordeste;-3.62105;-39.51243;18709;3114;16.64;65;30.3;44.0;48.9;0.403;1253.0
ce;15792;URUOCA;Ceará;Nordeste;-3.32186;-40.66013;11317;1901;16.8;41;29.3;52.0;49.8;0.424;806.0
ce;98574;VARJOTA;Ceará;Nordeste;-4.19068;-40.48158;15992;2540;15.88;59;29.3;49.0;49.2;0.414;1050.0
ce;15830;VIÇOSA DO CEARÁ;Ceará;Nordeste;-3.55636;-41.12169;48288;8616;17.84;181;31.2;53.7;48.9;0.434;3741.0
ce;15814;VÁRZEA ALEGRE;Ceará;Nordeste;-6.78696;-39.29782;32554;5887;18.08;116;25.0;48.5;47.6;0.387;2276.0
df;97012;BRASÍLIA;Distrito Federal;Centro-Oeste;-15.82232;-47.97743;2258320;426924;18.9;6969;26.3;20.1;45.9;0.29;123594.0
es;56014;AFONSO CLÁUDIO;Espírito Santo;Sudeste;-20.0909;-41.11219;26254;6896;26.27;83;21.3;56.1;48.6;0.387;2670.0
es;56030;ALEGRE;Espírito Santo;Sudeste;-20.74041;-41.52369;23554;5614;23.83;93;23.9;39.5;47.9;0.356;1997.0
es;56057;ALFREDO CHAVES;Espírito Santo;Sudeste;-20.60246;-40.78206;12984;2934;22.6;49;20.3;46.4;49.6;0.36;1057.0
es;56065;ALTO RIO NOVO;Espírito Santo;Sudeste;-19.04749;-41.0059;6545;1490;22.77;24;21.3;57.2;47.7;0.387;577.0
es;56073;ANCHIETA;Espírito Santo;Sudeste;-20.78135;-40.65561;24797;4477;18.05;94;23.3;35.1;48.2;0.341;1524.0
es;56090;APIACÁ;Espírito Santo;Sudeste;-21.12224;-41.57217;6320;1414;22.37;25;21.6;48.2;49.5;0.372;526.0
es;56111;ARACRUZ;Espírito Santo;Sudeste;-19.81277;-40.21611;75118;17218;22.92;240;26.1;38.2;48.6;0.365;6282.0
es;56138;ATÍLIO VIVÁCQUA;Espírito Santo;Sudeste;-20.92769;-41.18968;9255;1696;18.33;30;22.1;52.7;49.2;0.385;654.0
es;56154;BAIXO GUANDU;Espírito Santo;Sudeste;-19.51393;-41.00583;24892;5649;22.69;90;23.8;42.6;47.3;0.363;2052.0
es;56170;BARRA DE SÃO FRANCISCO;Espírito Santo;Sudeste;-18.73496;-40.86572;34548;8941;25.88;115;22.6;49.6;48.2;0.378;3380.0
es;56197;BOA ESPERANÇA;Espírito Santo;Sudeste;-18.51823;-40.31629;11266;2272;20.17;39;24.3;46.1;48.0;0.377;857.0
es;56219;BOM JESUS DO NORTE;Espírito Santo;Sudeste;-21.12861;-41.67507;8487;1756;20.69;33;24.3;36.9;47.3;0.348;612.0
es;56146;BREJETUBA;Espírito Santo;Sudeste;-20.12674;-41.28858;10987;2931;26.68;37;26.0;66.1;51.1;0.444;1303.0
es;56235;CACHOEIRO DE ITAPEMIRIM;Espírito Santo;Sudeste;-20.83359;-41.13283;134177;24206;18.04;480;23.9;35.6;46.5;0.341;8244.0
es;56251;CARIACICA;Espírito Santo;Sudeste;-20.32639;-40.38507;274339;60535;22.07;842;25.7;40.6;46.6;0.365;22085.0
es;56278;CASTELO;Espírito Santo;Sudeste;-20.59292;-41.20271;30033;6170;20.54;138;21.6;46.2;48.1;0.363;2241.0
es;56294;COLATINA;Espírito Santo;Sudeste;-19.51978;-40.64847;87109;16074;18.45;319;23.6;36.2;46.7;0.342;5490.0
es;56316;CONCEIÇÃO DA BARRA;Espírito Santo;Sudeste;-18.51428;-39.81656;25964;7493;28.86;77;24.5;43.3;48.8;0.372;2789.0
es;56332;CONCEIÇÃO DO CASTELO;Espírito Santo;Sudeste;-20.36831;-41.24349;9986;2243;22.46;38;22.7;54.6;48.7;0.392;879.0
es;56359;DIVINO DE SÃO LOURENÇO;Espírito Santo;Sudeste;-20.61169;-41.70376;4889;929;19.0;16;25.7;53.9;51.5;0.415;385.0
es;56375;DOMINGOS MARTINS;Espírito Santo;Sudeste;-20.31615;-40.79499;29145;5474;18.78;97;22.8;54.0;49.6;0.394;2155.0
es;56391;DORES DO RIO PRETO;Espírito Santo;Sudeste;-20.64752;-41.83328;6285;1332;21.19;25;25.4;52.8;49.5;0.405;539.0
es;56413;ECOPORANGA;Espírito Santo;Sudeste;-18.34441;-40.8208;19065;4816;25.26;73;22.7;49.4;49.1;0.381;1833.0
es;56430;FUNDÃO;Espírito Santo;Sudeste;-19.98018;-40.3409;14736;3194;21.67;51;22.2;45.5;49.3;0.368;1174.0
es;56308;GOVERNADOR LINDENBERG;Espírito Santo;Sudeste;-19.22253;-40.49567;9107;2102;23.08;31;22.1;55.7;50.5;0.396;833.0
es;56472;GUARAPARI;Espírito Santo;Sudeste;-20.64385;-40.50437;101964;24456;23.98;313;23.9;42.1;47.2;0.362;8856.0
es;56456;GUAÇUÍ;Espírito Santo;Sudeste;-20.76886;-41.68352;22346;5503;24.63;73;22.9;45.2;46.5;0.364;2002.0
es;57096;IBATIBA;Espírito Santo;Sudeste;-20.23404;-41.51918;19598;3832;19.55;69;26.3;58.2;47.6;0.418;1602.0
es;56499;IBIRAÇU;Espírito Santo;Sudeste;-19.82962;-40.38191;9933;2306;23.22;38;23.4;39.3;47.9;0.353;815.0
es;56502;IBITIRAMA;Espírito Santo;Sudeste;-20.51562;-41.67622;7471;1326;17.75;28;25.3;58.1;50.0;0.419;556.0
es;56510;ICONHA;Espírito Santo;Sudeste;-20.7752;-40.83114;11401;2225;19.52;42;21.7;45.1;49.6;0.365;812.0
es;56049;IRUPI;Espírito Santo;Sudeste;-20.33501;-41.64545;11392;2733;23.99;40;25.8;63.1;50.0;0.433;1185.0
es;56537;ITAGUAÇU;Espírito Santo;Sudeste;-19.76055;-40.84869;11742;2968;25.28;40;20.3;49.2;49.2;0.366;1088.0
es;56553;ITAPEMIRIM;Espírito Santo;Sudeste;-20.95504;-40.87119;36630;7359;20.09;130;25.6;47.9;47.5;0.388;2853.0
es;56570;ITARANA;Espírito Santo;Sudeste;-19.90196;-40.87627;9584;2222;23.18;32;22.5;50.7;49.8;0.384;853.0
es;56596;IÚNA;Espírito Santo;Sudeste;-20.3505;-41.58106;21285;5079;23.86;77;23.7;60.7;48.2;0.411;2087.0
es;57134;JAGUARÉ;Espírito Santo;Sudeste;-18.91156;-40.05845;24297;5260;21.65;80;26.4;51.0;48.7;0.403;2121.0
es;56618;JERÔNIMO MONTEIRO;Espírito Santo;Sudeste;-20.79242;-41.39071;10071;2194;21.79;35;23.3;51.1;48.1;0.386;846.0
es;56626;JOÃO NEIVA;Espírito Santo;Sudeste;-19.74185;-40.39208;12793;2737;21.39;48;20.9;37.3;48.0;0.335;916.0
es;57916;LARANJA DA TERRA;Espírito Santo;Sudeste;-19.87673;-41.0535;9495;1591;16.76;32;21.4;58.2;50.1;0.397;631.0
es;56634;LINHARES;Espírito Santo;Sudeste;-19.39365;-40.06475;122598;29479;24.05;379;26.3;43.5;47.2;0.378;11139.0
es;56650;MANTENÓPOLIS;Espírito Santo;Sudeste;-18.86903;-41.09852;10402;2669;25.66;35;21.2;60.5;47.5;0.394;1050.0
es;56120;MARATAÍZES;Espírito Santo;Sudeste;-21.04919;-40.83987;33342;6042;18.12;116;23.7;42.9;47.0;0.363;2194.0
es;56103;MARECHAL FLORIANO;Espírito Santo;Sudeste;-20.42526;-40.71614;14378;2991;20.8;51;23.7;47.8;49.8;0.384;1147.0
es;57070;MARILÂNDIA;Espírito Santo;Sudeste;-19.41267;-40.54718;10864;1958;18.02;38;22.8;49.3;48.9;0.38;744.0
es;56677;MIMOSO DO SUL;Espírito Santo;Sudeste;-21.04999;-41.39906;19748;4046;20.49;71;21.9;50.3;49.2;0.378;1531.0
es;56693;MONTANHA;Espírito Santo;Sudeste;-18.13727;-40.33783;15424;3790;24.57;51;23.3;49.3;47.9;0.38;1442.0
es;56715;MUCURICI;Espírito Santo;Sudeste;-18.01598;-40.53184;5141;1108;21.55;20;23.3;49.9;49.5;0.386;428.0
es;56731;MUNIZ FREIRE;Espírito Santo;Sudeste;-20.41529;-41.40708;14757;3355;22.73;58;24.1;52.7;49.2;0.397;1332.0
es;56758;MUQUI;Espírito Santo;Sudeste;-20.94375;-41.33509;11078;2166;19.55;38;22.1;49.3;48.9;0.376;815.0
es;56774;NOVA VENÉCIA;Espírito Santo;Sudeste;-18.70102;-40.44111;41191;9624;23.36;155;23.8;45.0;48.1;0.372;3579.0
es;56790;PANCAS;Espírito Santo;Sudeste;-19.16388;-40.83536;15876;4313;27.17;53;21.8;52.9;49.4;0.385;1660.0
es;57150;PEDRO CANÁRIO;Espírito Santo;Sudeste;-18.26535;-39.98233;18937;5429;28.67;63;26.6;46.4;49.0;0.392;2130.0
es;56812;PINHEIROS;Espírito Santo;Sudeste;-18.4032;-40.22657;18818;4180;22.21;72;24.7;46.7;47.5;0.38;1587.0
es;56839;PIÚMA;Espírito Santo;Sudeste;-20.83921;-40.73307;17326;3265;18.84;69;24.6;37.6;47.3;0.353;1151.0
es;56200;PONTO BELO;Espírito Santo;Sudeste;-18.15323;-40.53332;6490;1505;23.19;24;22.4;46.7;48.8;0.371;558.0
es;56855;PRESIDENTE KENNEDY;Espírito Santo;Sudeste;-21.13142;-41.03258;13256;2807;21.18;51;26.5;48.2;49.0;0.397;1114.0
es;57118;RIO BANANAL;Espírito Santo;Sudeste;-19.23387;-40.32775;15535;3541;22.79;54;23.3;57.3;49.9;0.406;1436.0
es;56871;RIO NOVO DO SUL;Espírito Santo;Sudeste;-20.8401;-40.93037;8808;1534;17.42;34;21.4;48.2;49.2;0.37;568.0
es;56898;SANTA LEOPOLDINA;Espírito Santo;Sudeste;-20.13812;-40.54636;10108;2116;20.93;40;21.4;55.9;51.4;0.395;835.0
es;57932;SANTA MARIA DE JETIBÁ;Espírito Santo;Sudeste;-20.05872;-40.77247;31314;5791;18.49;94;26.1;63.4;49.0;0.433;2507.0
es;56910;SANTA TERESA;Espírito Santo;Sudeste;-19.91032;-40.63451;20737;5348;25.79;64;21.8;43.3;49.5;0.36;1928.0
es;56995;SERRA;Espírito Santo;Sudeste;-20.17132;-40.2519;361737;79908;22.09;1093;26.8;35.4;46.7;0.354;28278.0
es;56189;SOORETAMA;Espírito Santo;Sudeste;-19.164;-40.1176;20980;5621;26.79;67;28.4;54.9;48.7;0.423;2379.0
es;56006;SÃO DOMINGOS DO NORTE;Espírito Santo;Sudeste;-19.131;-40.59318;8443;1705;20.19;30;24.0;51.2;51.5;0.398;679.0
es;56936;SÃO GABRIEL DA PALHA;Espírito Santo;Sudeste;-19.0023;-40.52956;26249;5581;21.26;88;22.4;47.7;47.1;0.369;2060.0
es;56952;SÃO JOSÉ DO CALÇADO;Espírito Santo;Sudeste;-21.0074;-41.6506;9759;2110;21.62;37;22.4;43.5;48.7;0.362;764.0
es;56979;SÃO MATEUS;Espírito Santo;Sudeste;-18.72337;-39.8916;92268;22209;24.07;295;26.2;41.5;47.5;0.372;8270.0
es;56162;SÃO ROQUE DO CANAÃ;Espírito Santo;Sudeste;-19.73443;-40.66664;9890;2081;21.04;33;23.5;49.6;50.5;0.389;810.0
es;57959;VARGEM ALTA;Espírito Santo;Sudeste;-20.66707;-41.01858;16002;3181;19.88;54;23.3;56.7;49.8;0.404;1284.0
es;57975;VENDA NOVA DO IMIGRANTE;Espírito Santo;Sudeste;-20.34561;-41.13597;20198;4712;23.33;61;24.2;43.9;48.0;0.371;1747.0
es;57010;VIANA;Espírito Santo;Sudeste;-20.36997;-40.4417;54374;10462;19.24;172;26.9;39.7;47.1;0.369;3859.0
es;56081;VILA PAVÃO;Espírito Santo;Sudeste;-18.61297;-40.61607;7761;1187;15.29;28;23.7;54.8;50.1;0.402;477.0
es;56227;VILA VALÉRIO;Espírito Santo;Sudeste;-18.97802;-40.35104;12919;2383;18.45;44;25.7;55.4;51.0;0.417;994.0
es;57037;VILA VELHA;Espírito Santo;Sudeste;-20.36484;-40.32264;347987;66868;19.22;1119;24.5;20.9;45.5;0.286;19102.0
es;57053;VITÓRIA;Espírito Santo;Sudeste;-20.2902;-40.30972;267102;50378;18.86;799;22.5;17.0;44.9;0.258;13004.0
es;56022;ÁGUA DOCE DO NORTE;Espírito Santo;Sudeste;-18.51854;-41.00102;11111;2536;22.82;46;24.1;54.7;49.1;0.402;1019.0
es;57991;ÁGUIA BRANCA;Espírito Santo;Sudeste;-18.96675;-40.74698;8898;1742;19.58;32;24.5;49.0;49.8;0.391;682.0
go;93360;ABADIA DE GOIÁS;Goiás;Centro-Oeste;-16.76634;-49.42913;15631;3878;24.81;53;28.6;40.3;48.2;0.382;1481.0
go;92010;ABADIÂNIA;Goiás;Centro-Oeste;-16.17661;-48.73034;12586;2756;21.9;38;25.3;41.9;48.9;0.373;1028.0
go;96458;ACREÚNA;Goiás;Centro-Oeste;-17.40696;-50.35777;15970;3387;21.21;48;26.0;43.0;49.0;0.379;1285.0
go;96911;ADELÂNDIA;Goiás;Centro-Oeste;-16.41561;-50.16697;2963;601;20.28;8;22.1;45.5;51.7;0.373;224.0
go;92053;ALEXÂNIA;Goiás;Centro-Oeste;-16.08514;-48.50728;21974;4658;21.2;72;28.0;38.3;48.4;0.373;1737.0
go;92096;ALOÂNDIA;Goiás;Centro-Oeste;-17.72903;-49.48438;2168;437;20.16;6;20.2;47.9;50.6;0.366;160.0
go;92940;ALTO HORIZONTE;Goiás;Centro-Oeste;-14.19806;-49.33838;6397;1703;26.62;19;28.1;35.5;49.9;0.368;627.0
go;92118;ALTO PARAÍSO DE GOIÁS;Goiás;Centro-Oeste;-14.15201;-47.54451;7682;2078;27.05;25;26.6;26.3;45.9;0.318;660.0
go;92150;ALVORADA DO NORTE;Goiás;Centro-Oeste;-14.48418;-46.50093;6780;1609;23.73;24;25.7;42.6;48.8;0.377;606.0
go;93386;AMARALINA;Goiás;Centro-Oeste;-13.8898;-49.46765;2969;756;25.46;11;21.7;53.8;53.4;0.396;300.0
go;96610;AMERICANO DO BRASIL;Goiás;Centro-Oeste;-16.2571;-49.98303;5599;1114;19.9;17;23.7;48.3;49.8;0.385;429.0
go;92177;AMORINÓPOLIS;Goiás;Centro-Oeste;-16.60378;-51.09923;3862;791;20.48;17;20.9;47.7;50.5;0.369;292.0
go;92231;ANHANGÜERA;Goiás;Centro-Oeste;-18.3368;-48.21832;1738;645;37.11;5;26.0;31.4;52.9;0.351;226.0
go;92258;ANICUNS;Goiás;Centro-Oeste;-16.45442;-49.9569;15170;3002;19.79;49;21.7;41.2;47.8;0.35;1050.0
go;92215;ANÁPOLIS;Goiás;Centro-Oeste;-16.32495;-48.95227;288292;64228;22.28;847;26.7;29.6;46.2;0.332;21309.0
go;92274;APARECIDA DE GOIÂNIA;Goiás;Centro-Oeste;-16.78878;-49.28473;341263;72628;21.28;930;29.8;31.7;46.0;0.352;25544.0
go;93009;APARECIDA DO RIO DOCE;Goiás;Centro-Oeste;-18.29777;-51.1496;3439;923;26.84;11;25.6;48.0;50.8;0.397;366.0
go;92290;APORÉ;Goiás;Centro-Oeste;-18.96782;-51.92692;3455;897;25.96;13;25.3;44.5;49.4;0.382;343.0
go;92339;ARAGARÇAS;Goiás;Centro-Oeste;-15.9037;-52.24215;13908;3239;23.29;49;25.0;37.7;46.9;0.354;1145.0
go;92355;ARAGOIÂNIA;Goiás;Centro-Oeste;-16.9097;-49.44344;10215;2140;20.95;34;24.5;44.9;49.5;0.379;811.0
go;96695;ARAGUAPAZ;Goiás;Centro-Oeste;-15.10384;-50.60858;6011;1360;22.63;24;23.1;48.4;50.9;0.385;523.0
go;92312;ARAÇU;Goiás;Centro-Oeste;-16.35962;-49.67722;4172;676;16.2;15;21.2;43.4;49.2;0.356;241.0
go;96717;ARENÓPOLIS;Goiás;Centro-Oeste;-16.34469;-51.58477;3626;809;22.31;14;21.0;45.8;50.5;0.365;295.0
go;92495;ARUANÃ;Goiás;Centro-Oeste;-14.91966;-51.08144;7391;2187;29.59;24;24.1;57.7;50.2;0.412;901.0
go;92517;AURILÂNDIA;Goiás;Centro-Oeste;-16.68299;-50.46572;3295;729;22.12;10;18.5;43.2;49.3;0.34;248.0
go;92550;AVELINÓPOLIS;Goiás;Centro-Oeste;-16.46613;-49.75815;4465;1008;22.58;13;23.5;38.3;50.4;0.357;360.0
go;92614;BALIZA;Goiás;Centro-Oeste;-16.30324;-52.51917;3329;833;25.02;15;21.0;50.5;53.2;0.384;320.0
go;92630;BARRO ALTO;Goiás;Centro-Oeste;-14.99272;-48.92037;10023;2434;24.28;31;27.2;36.0;49.5;0.365;888.0
go;92657;BELA VISTA DE GOIÁS;Goiás;Centro-Oeste;-16.95695;-48.95781;24222;5632;23.25;69;25.2;40.6;48.7;0.368;2072.0
go;92673;BOM JARDIM DE GOIÁS;Goiás;Centro-Oeste;-16.20273;-52.1743;7603;1721;22.64;24;22.1;50.8;49.9;0.382;658.0
go;92690;BOM JESUS;Goiás;Centro-Oeste;-18.21782;-49.73545;18138;4473;24.66;51;27.9;41.2;49.4;0.384;1718.0
go;92029;BONFINÓPOLIS;Goiás;Centro-Oeste;-16.61894;-48.9668;7873;1530;19.43;23;25.4;42.0;47.8;0.371;567.0
go;93408;BONÓPOLIS;Goiás;Centro-Oeste;-13.61276;-49.80944;3730;1024;27.45;13;28.0;40.9;52.5;0.392;401.0
go;92711;BRAZABRANTES;Goiás;Centro-Oeste;-16.41079;-49.39387;3891;890;22.87;12;25.0;39.6;49.6;0.366;326.0
go;92754;BRITÂNIA;Goiás;Centro-Oeste;-15.2465;-51.16678;5183;1240;23.92;19;22.7;45.1;49.6;0.37;459.0
go;92770;BURITI ALEGRE;Goiás;Centro-Oeste;-18.13432;-49.04063;8690;2482;28.56;29;21.2;45.3;48.3;0.359;892.0
go;93106;BURITI DE GOIÁS;Goiás;Centro-Oeste;-16.18011;-50.42746;3494;755;21.61;10;21.8;44.7;50.0;0.365;276.0
go;93262;BURITINÓPOLIS;Goiás;Centro-Oeste;-14.4436;-46.39502;3507;903;25.75;12;26.3;46.8;50.8;0.397;358.0
go;92797;CABECEIRAS;Goiás;Centro-Oeste;-15.80408;-46.92809;7447;1629;21.87;25;28.8;39.6;50.9;0.387;630.0
go;92819;CACHOEIRA ALTA;Goiás;Centro-Oeste;-18.75845;-50.94536;7723;1986;25.72;27;25.2;44.0;49.3;0.379;754.0
go;92835;CACHOEIRA DE GOIÁS;Goiás;Centro-Oeste;-16.66723;-50.64548;2065;484;23.44;6;24.4;43.0;51.3;0.378;183.0
go;96733;CACHOEIRA DOURADA;Goiás;Centro-Oeste;-18.4913;-49.5388;7232;1695;23.44;25;21.6;45.8;50.2;0.368;623.0
go;92878;CAIAPÔNIA;Goiás;Centro-Oeste;-16.96998;-51.79172;13208;3082;23.33;42;22.3;46.1;48.4;0.368;1134.0
go;92894;CALDAS NOVAS;Goiás;Centro-Oeste;-17.74777;-48.6192;68138;16446;24.14;210;27.1;33.1;46.9;0.348;5720.0
go;93122;CALDAZINHA;Goiás;Centro-Oeste;-16.7125;-49.00239;4292;989;23.04;13;24.0;41.9;50.9;0.371;367.0
go;92916;CAMPESTRE DE GOIÁS;Goiás;Centro-Oeste;-16.76389;-49.69346;4041;978;24.2;13;25.7;45.4;51.2;0.391;382.0
go;96873;CAMPINAÇU;Goiás;Centro-Oeste;-13.81128;-48.57949;3775;1011;26.78;15;24.0;45.7;52.3;0.386;390.0
go;92932;CAMPINORTE;Goiás;Centro-Oeste;-14.27227;-49.12395;9168;2047;22.33;29;25.0;42.3;48.7;0.372;762.0
go;92959;CAMPO ALEGRE DE GOIÁS;Goiás;Centro-Oeste;-17.63594;-47.77804;5811;1160;19.96;20;26.6;44.0;51.1;0.391;453.0
go;93580;CAMPO LIMPO DE GOIÁS;Goiás;Centro-Oeste;-16.29767;-49.08972;6772;1426;21.06;20;27.4;49.5;48.7;0.404;577.0
go;92975;CAMPOS BELOS;Goiás;Centro-Oeste;-13.0307;-46.74215;14899;3838;25.76;47;26.4;39.3;47.5;0.367;1408.0
go;92061;CAMPOS VERDES;Goiás;Centro-Oeste;-14.26559;-49.65622;4498;1295;28.79;14;23.5;46.9;50.3;0.381;494.0
go;92991;CARMO DO RIO VERDE;Goiás;Centro-Oeste;-15.36238;-49.70813;7229;1551;21.46;21;23.5;42.7;49.4;0.367;570.0
go;92967;CASTELÂNDIA;Goiás;Centro-Oeste;-18.08819;-50.22163;3999;1088;27.21;17;26.1;49.0;51.3;0.403;439.0
go;93017;CATALÃO;Goiás;Centro-Oeste;-18.15593;-47.92439;75393;16708;22.16;216;25.1;30.5;47.2;0.331;5523.0
go;93033;CATURAÍ;Goiás;Centro-Oeste;-16.44411;-49.49175;5460;1224;22.42;17;23.5;49.0;49.9;0.386;473.0
go;93050;CAVALCANTE;Goiás;Centro-Oeste;-13.69972;-47.50584;7953;2281;28.68;30;29.6;45.7;50.3;0.408;932.0
go;92851;CAÇU;Goiás;Centro-Oeste;-18.56378;-51.13439;10792;2532;23.46;37;22.7;45.2;48.4;0.368;931.0
go;93076;CERES;Goiás;Centro-Oeste;-15.30806;-49.60317;16940;3359;19.83;57;23.3;30.2;46.7;0.32;1076.0
go;92100;CEZARINA;Goiás;Centro-Oeste;-16.98751;-49.77954;7360;1402;19.05;26;23.0;40.3;50.3;0.36;504.0
go;92924;CHAPADÃO DO CÉU;Goiás;Centro-Oeste;-18.39609;-52.66866;9497;2170;22.85;30;30.1;33.6;49.3;0.368;799.0
go;93025;CIDADE OCIDENTAL;Goiás;Centro-Oeste;-16.09831;-47.91748;49714;10659;21.44;144;30.9;29.5;45.1;0.345;3681.0
go;92886;COCALZINHO DE GOIÁS;Goiás;Centro-Oeste;-15.74219;-48.59404;17515;4119;23.52;50;26.7;46.6;49.3;0.394;1625.0
go;92126;COLINAS DO SUL;Goiás;Centro-Oeste;-14.09614;-48.076;3848;1042;27.08;13;25.8;42.0;51.3;0.382;398.0
go;93190;CORUMBAÍBA;Goiás;Centro-Oeste;-18.15905;-48.55561;7145;1682;23.54;23;23.5;42.1;49.8;0.366;616.0
go;93173;CORUMBÁ DE GOIÁS;Goiás;Centro-Oeste;-15.92404;-48.79544;7930;1834;23.13;31;23.7;47.3;50.2;0.383;703.0
go;93254;CRISTALINA;Goiás;Centro-Oeste;-16.64493;-47.5825;38974;8911;22.86;115;29.0;40.2;48.2;0.383;3409.0
go;93270;CRISTIANÓPOLIS;Goiás;Centro-Oeste;-17.1976;-48.70404;4023;959;23.84;12;22.5;41.8;50.0;0.361;346.0
go;93297;CRIXÁS;Goiás;Centro-Oeste;-14.57791;-49.97277;13017;3688;28.33;42;23.0;38.1;50.4;0.353;1303.0
go;93319;CROMÍNIA;Goiás;Centro-Oeste;-17.27291;-49.37195;3970;679;17.1;15;21.6;37.9;49.0;0.342;232.0
go;93335;CUMARI;Goiás;Centro-Oeste;-18.26866;-48.14847;2613;613;23.46;12;21.7;36.5;50.1;0.341;209.0
go;93157;CÓRREGO DO OURO;Goiás;Centro-Oeste;-16.33299;-50.55723;3112;600;19.28;9;21.5;42.0;50.8;0.358;215.0
go;93351;DAMIANÓPOLIS;Goiás;Centro-Oeste;-14.54705;-46.18392;4024;984;24.45;13;25.4;42.2;50.7;0.379;373.0
go;93378;DAMOLÂNDIA;Goiás;Centro-Oeste;-16.25301;-49.36688;3634;685;18.85;12;22.2;44.2;51.0;0.369;253.0
go;93394;DAVINÓPOLIS;Goiás;Centro-Oeste;-18.15553;-47.5632;4145;1196;28.85;12;25.4;38.5;51.4;0.369;441.0
go;93432;DIORAMA;Goiás;Centro-Oeste;-16.23546;-51.25881;2503;531;21.21;8;21.6;42.3;51.0;0.36;191.0
go;93092;DIVINÓPOLIS DE GOIÁS;Goiás;Centro-Oeste;-13.28086;-46.43381;5110;1362;26.65;16;24.8;44.6;51.7;0.385;524.0
go;96750;DOVERLÂNDIA;Goiás;Centro-Oeste;-16.71079;-52.34159;5670;1123;19.81;20;21.8;52.8;51.1;0.389;437.0
go;92207;EDEALINA;Goiás;Centro-Oeste;-17.42562;-49.66374;4159;973;23.4;13;22.4;44.7;50.2;0.369;359.0
go;93491;EDÉIA;Goiás;Centro-Oeste;-17.33977;-49.92499;9541;2117;22.19;32;24.7;39.0;47.9;0.359;760.0
go;93513;ESTRELA DO NORTE;Goiás;Centro-Oeste;-13.86881;-49.07001;3214;729;22.68;12;25.0;47.1;49.8;0.388;283.0
go;92223;FAINA;Goiás;Centro-Oeste;-15.45066;-50.35719;6624;1684;25.42;21;21.1;48.2;51.4;0.374;630.0
go;93530;FAZENDA NOVA;Goiás;Centro-Oeste;-16.18723;-50.80297;5536;1086;19.62;22;21.6;43.1;49.8;0.359;390.0
go;93572;FIRMINÓPOLIS;Goiás;Centro-Oeste;-16.59257;-50.30608;8767;1670;19.05;30;21.8;38.2;46.6;0.339;566.0
go;93599;FLORES DE GOIÁS;Goiás;Centro-Oeste;-14.55302;-46.92004;8526;2268;26.6;28;24.9;51.0;52.3;0.405;918.0
go;93610;FORMOSA;Goiás;Centro-Oeste;-15.51931;-47.32134;77711;16791;21.61;243;28.3;30.6;46.4;0.343;5754.0
go;93637;FORMOSO;Goiás;Centro-Oeste;-13.65453;-48.87802;4706;1225;26.03;17;23.1;43.1;49.5;0.366;449.0
go;93564;GAMELEIRA DE GOIÁS;Goiás;Centro-Oeste;-16.45491;-48.65866;3713;706;19.01;13;23.2;49.2;50.8;0.387;273.0
go;93696;GOIANDIRA;Goiás;Centro-Oeste;-18.13455;-48.08641;4561;811;17.78;14;22.7;31.2;49.5;0.327;266.0
go;93750;GOIANIRA;Goiás;Centro-Oeste;-16.52955;-49.41144;47570;11746;24.69;137;29.0;39.8;47.2;0.379;4453.0
go;93670;GOIANÁPOLIS;Goiás;Centro-Oeste;-16.50519;-49.01939;10753;2122;19.73;42;25.5;45.3;47.8;0.381;807.0
go;93718;GOIANÉSIA;Goiás;Centro-Oeste;-15.31584;-49.12424;59437;13581;22.85;172;28.0;38.1;46.9;0.369;5006.0
go;93793;GOIATUBA;Goiás;Centro-Oeste;-18.01531;-49.38811;27861;5660;20.32;98;24.7;38.6;47.6;0.357;2020.0
go;93777;GOIÁS;Goiás;Centro-Oeste;-15.92867;-50.16166;19216;4835;25.16;63;20.6;38.0;47.6;0.334;1615.0
go;93734;GOIÂNIA;Goiás;Centro-Oeste;-16.6777;-49.28755;1019261;202732;19.89;3043;25.2;21.3;44.9;0.289;58608.0
go;92266;GOUVELÂNDIA;Goiás;Centro-Oeste;-18.44321;-50.1358;4011;938;23.39;13;22.5;45.7;49.7;0.371;348.0
go;93815;GUAPÓ;Goiás;Centro-Oeste;-16.84176;-49.54874;14861;3463;23.3;49;26.9;40.3;47.6;0.372;1289.0
go;93831;GUARANI DE GOIÁS;Goiás;Centro-Oeste;-13.91928;-46.48098;4796;821;17.12;17;25.2;47.6;53.4;0.4;328.0
go;93149;GUARAÍTA;Goiás;Centro-Oeste;-15.63021;-50.02822;2781;485;17.44;9;21.2;42.0;50.8;0.356;173.0
go;92860;GUARINOS;Goiás;Centro-Oeste;-14.69429;-49.71408;3062;916;29.92;10;23.2;47.8;53.6;0.39;358.0
go;93874;HEITORAÍ;Goiás;Centro-Oeste;-15.72466;-49.8267;4192;906;21.61;13;22.0;45.8;50.2;0.37;335.0
go;93912;HIDROLINA;Goiás;Centro-Oeste;-14.72568;-49.4399;3869;791;20.44;13;21.5;45.0;51.8;0.369;291.0
go;93890;HIDROLÂNDIA;Goiás;Centro-Oeste;-16.95711;-49.24831;23574;5393;22.88;67;26.7;39.4;48.9;0.372;2007.0
go;93939;IACIARA;Goiás;Centro-Oeste;-14.08073;-46.6297;8526;1933;22.67;28;27.9;45.2;48.7;0.395;763.0
go;93165;INACIOLÂNDIA;Goiás;Centro-Oeste;-18.48709;-49.99207;4809;1042;21.67;14;24.0;45.0;49.7;0.377;393.0
go;96814;INDIARA;Goiás;Centro-Oeste;-17.14484;-49.99711;12731;2842;22.32;40;26.6;40.2;49.1;0.374;1063.0
go;93955;INHUMAS;Goiás;Centro-Oeste;-16.36428;-49.49657;40854;8786;21.51;128;24.1;39.1;46.3;0.352;3092.0
go;93971;IPAMERI;Goiás;Centro-Oeste;-17.60732;-48.09881;20506;4851;23.66;69;24.4;42.2;47.9;0.367;1780.0
go;93548;IPIRANGA DE GOIÁS;Goiás;Centro-Oeste;-15.14577;-49.66692;3148;647;20.55;10;21.6;44.8;51.9;0.368;238.0
go;93998;IPORÁ;Goiás;Centro-Oeste;-16.4372;-51.11707;26609;6160;23.15;105;22.5;37.9;46.5;0.341;2100.0
go;94013;ISRAELÂNDIA;Goiás;Centro-Oeste;-16.32054;-50.89514;2989;720;24.09;12;21.2;42.9;50.8;0.359;259.0
go;94030;ITABERAÍ;Goiás;Centro-Oeste;-16.0195;-49.7984;33230;7829;23.56;99;27.4;41.9;47.2;0.378;2962.0
go;92282;ITAGUARI;Goiás;Centro-Oeste;-15.92395;-49.60533;5166;948;18.35;16;24.7;45.7;49.9;0.383;363.0
go;94072;ITAGUARU;Goiás;Centro-Oeste;-15.76275;-49.63359;5268;866;16.44;19;20.6;43.5;49.8;0.355;307.0
go;94110;ITAJÁ;Goiás;Centro-Oeste;-19.10311;-51.4819;3668;798;21.76;16;22.6;43.7;47.7;0.361;288.0
go;94137;ITAPACI;Goiás;Centro-Oeste;-14.95688;-49.55635;15697;3894;24.81;48;24.8;40.8;48.5;0.366;1426.0
go;94153;ITAPIRAPUÃ;Goiás;Centro-Oeste;-15.79844;-50.64493;6866;1629;23.73;23;22.8;47.9;49.2;0.377;615.0
go;94196;ITAPURANGA;Goiás;Centro-Oeste;-15.54704;-49.94757;21491;3854;17.93;76;22.0;43.2;47.0;0.355;1367.0
go;94218;ITARUMÃ;Goiás;Centro-Oeste;-18.76147;-51.34305;4683;1154;24.64;17;22.9;52.1;50.7;0.392;453.0
go;94234;ITAUÇU;Goiás;Centro-Oeste;-16.20576;-49.61643;7690;1355;17.62;31;21.7;41.0;48.2;0.35;474.0
go;94250;ITUMBIARA;Goiás;Centro-Oeste;-18.41185;-49.23049;74876;17542;23.43;219;23.8;33.3;46.2;0.332;5828.0
go;94277;IVOLÂNDIA;Goiás;Centro-Oeste;-16.58886;-50.90396;3148;803;25.51;10;20.8;42.0;51.8;0.356;286.0
go;94293;JANDAIA;Goiás;Centro-Oeste;-17.03192;-50.1639;5992;1112;18.56;21;20.7;40.4;49.4;0.345;384.0
go;94315;JARAGUÁ;Goiás;Centro-Oeste;-15.74565;-49.33468;33457;7255;21.68;100;26.2;44.0;47.1;0.379;2746.0
go;94331;JATAÍ;Goiás;Centro-Oeste;-17.88382;-51.71879;73593;16632;22.6;256;26.0;34.7;46.8;0.348;5787.0
go;94358;JAUPACI;Goiás;Centro-Oeste;-16.18001;-50.95394;3160;758;23.99;13;21.9;41.7;49.2;0.356;270.0
go;92983;JESÚPOLIS;Goiás;Centro-Oeste;-15.95555;-49.37364;2726;693;25.42;8;22.3;50.2;51.6;0.387;268.0
go;94374;JOVIÂNIA;Goiás;Centro-Oeste;-17.8073;-49.62177;5772;1048;18.16;22;24.3;44.4;49.4;0.377;395.0
go;94390;JUSSARA;Goiás;Centro-Oeste;-15.86942;-50.89621;14816;3272;22.08;52;22.8;39.5;47.2;0.349;1142.0
go;93602;LAGOA SANTA;Goiás;Centro-Oeste;-19.18239;-51.39973;1783;495;27.76;6;26.0;39.0;49.6;0.369;183.0
go;94439;LEOPOLDO DE BULHÕES;Goiás;Centro-Oeste;-16.59399;-48.78963;7348;1572;21.39;25;24.3;50.6;48.6;0.391;615.0
go;94455;LUZIÂNIA;Goiás;Centro-Oeste;-16.22223;-47.94889;136763;29809;21.8;397;30.9;34.9;46.4;0.368;10985.0
go;94471;MAIRIPOTABA;Goiás;Centro-Oeste;-17.29684;-49.49686;3493;754;21.59;11;20.1;39.1;50.7;0.341;257.0
go;94498;MAMBAÍ;Goiás;Centro-Oeste;-14.49155;-46.11682;6519;1407;21.58;20;29.6;46.4;50.4;0.411;578.0
go;94510;MARA ROSA;Goiás;Centro-Oeste;-14.01751;-49.2013;9165;2234;24.38;30;23.9;44.2;48.3;0.37;828.0
go;94536;MARZAGÃO;Goiás;Centro-Oeste;-17.98164;-48.64059;3001;756;25.19;9;29.1;38.4;49.1;0.38;287.0
go;92320;MATRINCHÃ;Goiás;Centro-Oeste;-15.46232;-50.69613;3955;929;23.49;13;22.9;48.1;49.1;0.378;351.0
go;94579;MAURILÂNDIA;Goiás;Centro-Oeste;-17.9755;-50.33818;7553;1581;20.93;26;25.4;44.1;49.7;0.382;603.0
go;92347;MIMOSO DE GOIÁS;Goiás;Centro-Oeste;-15.05793;-48.16035;3345;659;19.7;11;26.4;45.4;52.2;0.397;261.0
go;96474;MINAÇU;Goiás;Centro-Oeste;-13.52106;-48.23056;22408;5854;26.12;79;23.4;39.1;48.7;0.355;2076.0
go;94595;MINEIROS;Goiás;Centro-Oeste;-17.56402;-52.55202;51739;12326;23.82;141;28.8;37.4;47.5;0.371;4572.0
go;94650;MOIPORÁ;Goiás;Centro-Oeste;-16.52146;-50.75061;2507;642;25.61;9;21.8;36.2;50.5;0.342;219.0
go;94676;MONTE ALEGRE DE GOIÁS;Goiás;Centro-Oeste;-13.27988;-46.91381;5622;1504;26.75;22;25.5;47.2;50.4;0.393;591.0
go;94714;MONTES CLAROS DE GOIÁS;Goiás;Centro-Oeste;-15.97843;-51.45315;7109;1587;22.32;24;23.4;41.1;49.9;0.364;577.0
go;92363;MONTIVIDIU;Goiás;Centro-Oeste;-17.44892;-51.17724;9826;2016;20.52;31;28.0;44.1;50.8;0.397;801.0
go;93181;MONTIVIDIU DO NORTE;Goiás;Centro-Oeste;-13.22309;-48.6965;3716;930;25.03;13;23.7;50.8;51.4;0.396;368.0
go;94730;MORRINHOS;Goiás;Centro-Oeste;-17.73302;-49.11078;37180;8208;22.08;126;24.5;37.2;47.4;0.351;2881.0
go;92169;MORRO AGUDO DE GOIÁS;Goiás;Centro-Oeste;-15.31444;-50.05797;3067;541;17.64;10;22.4;44.0;50.2;0.367;199.0
go;94757;MOSSÂMEDES;Goiás;Centro-Oeste;-16.11977;-50.2017;4636;1039;22.41;13;20.8;44.2;49.2;0.356;370.0
go;94773;MOZARLÂNDIA;Goiás;Centro-Oeste;-14.75157;-50.56997;12318;3449;28.0;42;27.2;45.7;49.2;0.394;1360.0
go;96512;MUNDO NOVO;Goiás;Centro-Oeste;-13.79741;-50.25316;5366;1381;25.74;21;23.9;53.9;50.8;0.403;557.0
go;94790;MUTUNÓPOLIS;Goiás;Centro-Oeste;-13.73095;-49.27344;3622;726;20.04;14;23.4;53.4;50.5;0.398;289.0
go;94854;NAZÁRIO;Goiás;Centro-Oeste;-16.58383;-49.86458;7694;1660;21.58;24;23.4;44.4;49.4;0.372;617.0
go;94870;NERÓPOLIS;Goiás;Centro-Oeste;-16.4072;-49.22231;25856;6512;25.19;74;26.1;38.7;47.0;0.362;2360.0
go;94897;NIQUELÂNDIA;Goiás;Centro-Oeste;-14.49906;-48.46314;28256;7476;26.46;98;22.2;42.8;49.1;0.36;2693.0
go;94919;NOVA AMÉRICA;Goiás;Centro-Oeste;-15.02215;-49.8953;2769;471;17.01;10;21.7;43.6;49.4;0.36;170.0
go;94935;NOVA AURORA;Goiás;Centro-Oeste;-18.05801;-48.25512;2328;428;18.38;10;22.0;34.3;51.2;0.338;145.0
go;96539;NOVA CRIXÁS;Goiás;Centro-Oeste;-14.02816;-50.42112;9335;2185;23.41;31;24.9;52.9;50.6;0.406;887.0
go;96555;NOVA GLÓRIA;Goiás;Centro-Oeste;-15.1284;-49.54022;6881;1371;19.92;25;22.9;43.1;48.9;0.364;499.0
go;93084;NOVA IGUAÇU DE GOIÁS;Goiás;Centro-Oeste;-14.28519;-49.39193;2680;580;21.64;8;23.8;45.0;51.6;0.381;221.0
go;94951;NOVA ROMA;Goiás;Centro-Oeste;-13.78656;-46.91352;3006;798;26.55;11;22.9;42.6;51.4;0.369;294.0
go;94978;NOVA VENEZA;Goiás;Centro-Oeste;-16.37276;-49.31749;8553;1942;22.71;23;24.2;35.3;49.3;0.348;675.0
go;95010;NOVO BRASIL;Goiás;Centro-Oeste;-16.05481;-50.69477;3599;755;20.98;15;20.5;41.7;50.0;0.35;264.0
go;93327;NOVO GAMA;Goiás;Centro-Oeste;-16.0749;-48.04844;58615;12045;20.55;184;33.0;37.1;45.6;0.382;4605.0
go;92444;NOVO PLANALTO;Goiás;Centro-Oeste;-13.246;-49.53016;4131;984;23.82;13;23.1;46.7;51.0;0.38;374.0
go;95036;ORIZONA;Goiás;Centro-Oeste;-17.01976;-48.25562;12089;2369;19.6;43;22.2;44.6;49.8;0.367;869.0
go;95052;OURO VERDE DE GOIÁS;Goiás;Centro-Oeste;-16.21693;-49.1973;3766;680;18.06;15;23.6;45.6;49.6;0.377;256.0
go;95079;OUVIDOR;Goiás;Centro-Oeste;-18.2311;-47.83596;10501;2359;22.46;28;25.7;31.7;50.1;0.344;812.0
go;95095;PADRE BERNARDO;Goiás;Centro-Oeste;-15.2853;-48.27839;20391;4630;22.71;68;27.4;47.4;48.8;0.398;1845.0
go;92460;PALESTINA DE GOIÁS;Goiás;Centro-Oeste;-16.74219;-51.52622;3576;834;23.32;12;22.3;49.7;50.6;0.383;319.0
go;95117;PALMEIRAS DE GOIÁS;Goiás;Centro-Oeste;-16.80819;-49.92394;23454;5310;22.64;73;27.2;36.9;47.2;0.362;1921.0
go;95133;PALMELO;Goiás;Centro-Oeste;-17.32755;-48.42896;2406;569;23.65;8;24.1;37.1;47.2;0.348;198.0
go;95150;PALMINÓPOLIS;Goiás;Centro-Oeste;-16.79513;-50.16113;4428;951;21.48;13;23.3;42.0;49.4;0.364;346.0
go;95176;PANAMÁ;Goiás;Centro-Oeste;-18.17979;-49.35293;3038;671;22.09;14;20.1;44.9;50.0;0.356;239.0
go;94552;PARANAIGUARA;Goiás;Centro-Oeste;-18.9124;-50.65667;7170;1604;22.37;25;21.8;45.8;47.9;0.363;582.0
go;95230;PARAÚNA;Goiás;Centro-Oeste;-16.97284;-50.46533;9273;2133;23.0;31;23.6;44.3;48.1;0.369;787.0
go;93068;PEROLÂNDIA;Goiás;Centro-Oeste;-17.52578;-52.06816;3152;800;25.38;9;26.8;46.1;51.3;0.399;319.0
go;95311;PETROLINA DE GOIÁS;Goiás;Centro-Oeste;-16.10045;-49.33523;7530;1403;18.63;29;21.0;45.5;48.3;0.359;504.0
go;95354;PILAR DE GOIÁS;Goiás;Centro-Oeste;-14.68383;-49.55252;3938;1177;29.89;14;26.8;39.6;54.1;0.386;454.0
go;95397;PIRACANJUBA;Goiás;Centro-Oeste;-17.30092;-49.03219;18846;4515;23.96;63;21.5;43.5;48.2;0.356;1608.0
go;95419;PIRANHAS;Goiás;Centro-Oeste;-16.43064;-51.81958;9094;1888;20.76;32;22.1;43.7;48.3;0.36;679.0
go;95435;PIRENÓPOLIS;Goiás;Centro-Oeste;-15.86454;-48.98957;20745;4390;21.16;76;23.8;40.0;48.7;0.359;1576.0
go;95451;PIRES DO RIO;Goiás;Centro-Oeste;-17.30164;-48.28056;22071;5205;23.58;72;24.9;38.3;46.8;0.355;1847.0
go;95958;PLANALTINA;Goiás;Centro-Oeste;-15.44659;-47.60753;66587;15603;23.43;206;31.9;40.8;46.5;0.393;6125.0
go;95494;PONTALINA;Goiás;Centro-Oeste;-17.51705;-49.44874;14364;2809;19.56;53;22.6;43.8;47.6;0.361;1015.0
go;95559;PORANGATU;Goiás;Centro-Oeste;-13.42301;-49.14247;30959;7176;23.18;109;24.7;38.3;47.2;0.355;2545.0
go;93424;PORTEIRÃO;Goiás;Centro-Oeste;-17.81219;-50.16416;3963;1118;28.21;11;28.8;41.6;52.1;0.397;444.0
go;95575;PORTELÂNDIA;Goiás;Centro-Oeste;-17.35522;-52.67905;3416;766;22.42;11;22.9;53.3;51.8;0.398;305.0
go;95613;POSSE;Goiás;Centro-Oeste;-14.11775;-46.373;25339;5201;20.53;86;28.6;39.9;48.3;0.381;1980.0
go;93041;PROFESSOR JAMIL;Goiás;Centro-Oeste;-17.25402;-49.24498;3597;772;21.46;11;22.1;41.9;50.5;0.36;278.0
go;95630;QUIRINÓPOLIS;Goiás;Centro-Oeste;-18.44992;-50.4497;35296;7989;22.63;106;23.8;39.1;46.9;0.352;2813.0
go;95656;RIALMA;Goiás;Centro-Oeste;-15.31503;-49.581;9232;1814;19.65;32;25.5;35.7;46.8;0.35;634.0
go;95672;RIANÁPOLIS;Goiás;Centro-Oeste;-15.44999;-49.51031;3946;811;20.55;13;23.8;46.3;48.8;0.377;306.0
go;92827;RIO QUENTE;Goiás;Centro-Oeste;-17.80851;-48.76663;4413;998;22.62;14;27.3;32.5;50.0;0.354;353.0
go;95710;RIO VERDE;Goiás;Centro-Oeste;-17.79687;-50.91253;153307;31961;20.85;471;28.3;31.6;47.2;0.348;11133.0
go;95737;RUBIATABA;Goiás;Centro-Oeste;-15.17301;-49.81436;15629;3605;23.07;52;23.3;42.5;47.7;0.361;1302.0
go;95753;SANCLERLÂNDIA;Goiás;Centro-Oeste;-16.20669;-50.31966;7135;1332;18.67;24;22.5;39.7;48.4;0.351;467.0
go;95770;SANTA BÁRBARA DE GOIÁS;Goiás;Centro-Oeste;-16.57853;-49.69599;5600;1058;18.89;18;23.0;42.4;48.1;0.361;382.0
go;95796;SANTA CRUZ DE GOIÁS;Goiás;Centro-Oeste;-17.29994;-48.51031;3504;751;21.43;11;20.8;42.8;51.1;0.357;268.0
go;92568;SANTA FÉ DE GOIÁS;Goiás;Centro-Oeste;-15.77096;-51.1033;4208;1058;25.14;16;27.0;44.3;49.8;0.39;413.0
go;95818;SANTA HELENA DE GOIÁS;Goiás;Centro-Oeste;-17.8146;-50.59718;30181;6228;20.64;95;23.8;41.4;47.3;0.36;2242.0
go;96890;SANTA ISABEL;Goiás;Centro-Oeste;-15.31596;-49.40042;3820;846;22.15;14;19.7;47.9;50.4;0.362;307.0
go;95834;SANTA RITA DO ARAGUAIA;Goiás;Centro-Oeste;-17.32598;-53.2028;4460;1155;25.9;15;25.4;43.6;50.1;0.382;441.0
go;93440;SANTA RITA DO NOVO DESTINO;Goiás;Centro-Oeste;-15.0211;-49.08798;3048;665;21.82;10;20.4;53.1;53.9;0.388;258.0
go;95850;SANTA ROSA DE GOIÁS;Goiás;Centro-Oeste;-16.08385;-49.49472;3527;614;17.41;12;22.4;46.7;49.6;0.373;229.0
go;95877;SANTA TEREZA DE GOIÁS;Goiás;Centro-Oeste;-13.69598;-49.01799;3838;1093;28.48;13;22.0;48.5;50.0;0.376;411.0
go;95893;SANTA TEREZINHA DE GOIÁS;Goiás;Centro-Oeste;-14.42763;-49.70005;8524;2264;26.56;32;22.4;43.3;48.6;0.361;818.0
go;93203;SANTO ANTÔNIO DA BARRA;Goiás;Centro-Oeste;-17.56147;-50.64149;4303;933;21.68;15;26.7;45.6;52.3;0.399;373.0
go;92908;SANTO ANTÔNIO DE GOIÁS;Goiás;Centro-Oeste;-16.48697;-49.31;7976;1716;21.51;23;27.2;36.5;49.0;0.365;626.0
go;96776;SANTO ANTÔNIO DO DESCOBERTO;Goiás;Centro-Oeste;-15.95764;-48.27361;46706;10313;22.08;142;32.3;39.6;47.3;0.393;4049.0
go;92703;SENADOR CANEDO;Goiás;Centro-Oeste;-16.69157;-49.12066;95243;20347;21.36;263;30.8;32.4;46.5;0.359;7310.0
go;96075;SERRANÓPOLIS;Goiás;Centro-Oeste;-18.30844;-51.9608;6621;1734;26.19;21;24.9;48.3;52.0;0.397;688.0
go;96091;SILVÂNIA;Goiás;Centro-Oeste;-16.64588;-48.60117;16325;3166;19.39;56;24.4;39.5;48.2;0.36;1138.0
go;92720;SIMOLÂNDIA;Goiás;Centro-Oeste;-14.46989;-46.48318;5580;1319;23.64;22;26.8;46.1;49.7;0.394;520.0
go;95915;SÃO DOMINGOS;Goiás;Centro-Oeste;-13.45724;-46.37466;7284;1958;26.88;29;23.6;51.6;51.7;0.398;779.0
go;95931;SÃO FRANCISCO DE GOIÁS;Goiás;Centro-Oeste;-15.93499;-49.26005;5392;1197;22.2;18;24.3;45.5;49.8;0.38;455.0
go;95974;SÃO JOÃO D'ALIANÇA;Goiás;Centro-Oeste;-14.67157;-47.48379;7763;1674;21.56;24;28.8;41.6;49.3;0.39;652.0
go;92622;SÃO JOÃO DA PARAÚNA;Goiás;Centro-Oeste;-16.82044;-50.41138;2198;548;24.93;6;23.9;40.9;49.8;0.365;200.0
go;92649;SÃO LUIZ DO NORTE;Goiás;Centro-Oeste;-14.8743;-49.32758;5107;1238;24.24;16;24.7;45.7;51.1;0.386;478.0
go;95990;SÃO LUÍS DE MONTES BELOS;Goiás;Centro-Oeste;-16.51542;-50.37665;24563;5060;20.6;80;23.3;35.6;45.7;0.336;1700.0
go;96016;SÃO MIGUEL DO ARAGUAIA;Goiás;Centro-Oeste;-13.26796;-50.17654;18389;4700;25.56;59;23.4;45.9;48.8;0.374;1760.0
go;92665;SÃO MIGUEL DO PASSA QUATRO;Goiás;Centro-Oeste;-17.05573;-48.66498;4211;694;16.48;13;20.4;43.6;50.8;0.356;247.0
go;93483;SÃO PATRÍCIO;Goiás;Centro-Oeste;-15.34929;-49.81745;2457;469;19.09;9;23.2;40.2;50.6;0.361;169.0
go;96059;SÃO SIMÃO;Goiás;Centro-Oeste;-18.99639;-50.55796;13332;3444;25.83;48;23.0;42.6;48.2;0.362;1245.0
go;96113;SÍTIO D'ABADIA;Goiás;Centro-Oeste;-14.71637;-46.25866;3498;1128;32.25;11;26.9;43.7;53.0;0.397;447.0
go;96172;TAQUARAL DE GOIÁS;Goiás;Centro-Oeste;-16.05558;-49.6017;4447;924;20.78;17;22.1;46.0;49.0;0.368;340.0
go;92762;TERESINA DE GOIÁS;Goiás;Centro-Oeste;-13.71084;-47.25145;3252;950;29.21;12;28.9;40.6;50.8;0.391;371.0
go;93220;TEREZÓPOLIS DE GOIÁS;Goiás;Centro-Oeste;-16.47983;-49.09201;6829;1328;19.45;21;26.8;42.6;48.2;0.38;505.0
go;96253;TRINDADE;Goiás;Centro-Oeste;-16.64324;-49.45931;95914;21029;21.92;304;27.5;35.0;46.1;0.354;7441.0
go;92789;TROMBAS;Goiás;Centro-Oeste;-13.51156;-48.74438;3059;778;25.43;10;22.2;47.2;51.2;0.377;293.0
go;96237;TRÊS RANCHOS;Goiás;Centro-Oeste;-18.3578;-47.78194;3894;946;24.29;12;20.4;36.9;52.4;0.341;322.0
go;92800;TURVELÂNDIA;Goiás;Centro-Oeste;-17.8523;-50.30633;4210;873;20.74;15;27.2;45.5;51.6;0.399;349.0
go;96318;TURVÂNIA;Goiás;Centro-Oeste;-16.61051;-50.131;4582;948;20.69;15;20.4;41.6;49.7;0.348;330.0
go;93246;UIRAPURU;Goiás;Centro-Oeste;-14.23145;-49.93801;3080;829;26.92;10;23.3;46.2;51.7;0.382;316.0
go;96350;URUANA;Goiás;Centro-Oeste;-15.52357;-49.67717;10812;2109;19.51;38;22.7;42.2;48.1;0.358;756.0
go;96334;URUAÇU;Goiás;Centro-Oeste;-14.52855;-49.13902;30439;7361;24.18;97;25.2;36.4;46.7;0.35;2575.0
go;96377;URUTAÍ;Goiás;Centro-Oeste;-17.46026;-48.20467;3949;892;22.59;14;30.5;30.9;51.9;0.366;326.0
go;93300;VALPARAÍSO DE GOIÁS;Goiás;Centro-Oeste;-16.06862;-47.99191;99112;19909;20.09;302;31.5;24.8;45.6;0.329;6549.0
go;96393;VARJÃO;Goiás;Centro-Oeste;-17.04693;-49.63389;4454;1006;22.59;15;21.0;43.9;50.5;0.36;362.0
go;96415;VIANÓPOLIS;Goiás;Centro-Oeste;-16.76058;-48.50106;11287;2274;20.15;34;25.3;43.3;47.6;0.374;850.0
go;96571;VICENTINÓPOLIS;Goiás;Centro-Oeste;-17.73347;-49.80428;7110;1352;19.02;25;27.3;45.2;50.2;0.396;535.0
go;93289;VILA BOA;Goiás;Centro-Oeste;-15.04076;-47.04969;4021;1118;27.8;13;27.3;45.6;50.9;0.399;446.0
go;93505;VILA PROPÍCIO;Goiás;Centro-Oeste;-15.34051;-48.79531;6026;1330;22.07;19;24.7;54.9;52.1;0.413;550.0
go;96938;ÁGUA FRIA DE GOIÁS;Goiás;Centro-Oeste;-14.97676;-47.80616;5099;1218;23.89;17;25.2;44.6;53.4;0.391;477.0
go;92037;ÁGUA LIMPA;Goiás;Centro-Oeste;-18.07504;-48.76259;2635;616;23.38;9;24.4;47.9;51.1;0.391;241.0
go;93343;ÁGUAS LINDAS DE GOIÁS;Goiás;Centro-Oeste;-15.74562;-48.28093;125210;26718;21.34;322;34.3;37.0;46.2;0.388;10380.0
ma;07013;AFONSO CUNHA;Maranhão;Nordeste;-4.15014;-43.26998;7467;1432;19.18;30;34.8;60.0;52.5;0.478;685.0
ma;07030;ALCÂNTARA;Maranhão;Nordeste;-2.39468;-44.53681;17613;3226;18.32;77;27.8;51.3;51.6;0.419;1353.0
ma;07056;ALDEIAS ALTAS;Maranhão;Nordeste;-4.59201;-43.44931;18506;4387;23.71;73;30.5;59.3;50.0;0.449;1969.0
ma;07072;ALTAMIRA DO MARANHÃO;Maranhão;Nordeste;-4.17404;-45.49167;5758;1270;22.06;25;29.8;53.1;50.0;0.429;545.0
ma;07021;ALTO ALEGRE DO MARANHÃO;Maranhão;Nordeste;-4.2123;-44.45054;18076;3679;20.35;61;30.2;55.9;47.8;0.432;1589.0
ma;07048;ALTO ALEGRE DO PINDARÉ;Maranhão;Nordeste;-3.75542;-45.95619;20251;4580;22.62;82;30.3;49.1;49.8;0.42;1923.0
ma;07099;ALTO PARNAÍBA;Maranhão;Nordeste;-9.23807;-46.01411;8142;1797;22.07;29;29.8;51.2;52.0;0.429;772.0
ma;07080;AMAPÁ DO MARANHÃO;Maranhão;Nordeste;-1.66943;-46.01253;4953;565;11.41;22;31.4;51.1;49.0;0.428;242.0
ma;07110;AMARANTE DO MARANHÃO;Maranhão;Nordeste;-5.44817;-46.73075;28108;5448;19.38;108;32.2;57.0;50.8;0.454;2471.0
ma;07137;ANAJATUBA;Maranhão;Nordeste;-3.26991;-44.58663;20568;4001;19.45;87;26.8;50.2;49.6;0.406;1623.0
ma;07153;ANAPURUS;Maranhão;Nordeste;-3.58963;-43.09383;14136;2466;17.44;48;32.5;53.7;50.0;0.444;1094.0
ma;07064;APICUM-AÇU;Maranhão;Nordeste;-1.54837;-45.08435;13470;2604;19.33;49;32.4;53.9;50.0;0.444;1155.0
ma;07102;ARAGUANÃ;Maranhão;Nordeste;-2.9899;-45.70082;8007;1815;22.67;29;30.9;53.7;50.1;0.436;792.0
ma;07170;ARAIOSES;Maranhão;Nordeste;-2.95664;-41.9769;32649;6687;20.48;129;28.4;62.1;49.9;0.445;2974.0
ma;09679;ARAME;Maranhão;Nordeste;-4.96792;-45.99611;20826;4070;19.54;81;32.6;61.5;51.3;0.469;1908.0
ma;07196;ARARI;Maranhão;Nordeste;-3.47934;-44.7643;24000;5562;23.18;89;27.9;46.4;48.3;0.397;2209.0
ma;07218;AXIXÁ;Maranhão;Nordeste;-2.84542;-44.07485;11529;1886;16.36;41;30.3;36.5;48.3;0.376;710.0
ma;09610;AÇAILÂNDIA;Maranhão;Nordeste;-4.92779;-47.45716;78000;14815;18.99;262;30.1;42.2;48.3;0.394;5841.0
ma;07234;BACABAL;Maranhão;Nordeste;-4.21102;-44.79042;71838;12738;17.73;253;28.4;41.2;46.1;0.378;4814.0
ma;07129;BACABEIRA;Maranhão;Nordeste;-2.9711;-44.32938;16057;2850;17.75;54;29.6;41.1;47.1;0.385;1099.0
ma;07250;BACURI;Maranhão;Nordeste;-1.69999;-45.13151;13893;3012;21.68;56;29.2;49.1;48.7;0.412;1240.0
ma;07145;BACURITUBA;Maranhão;Nordeste;-2.72979;-44.7259;5647;1569;27.78;20;25.5;51.2;51.8;0.408;640.0
ma;07277;BALSAS;Maranhão;Nordeste;-7.57414;-46.07015;71213;14327;20.12;223;33.4;39.6;47.6;0.398;5701.0
ma;07315;BARRA DO CORDA;Maranhão;Nordeste;-5.46342;-45.20099;63831;12660;19.83;241;29.0;52.4;48.3;0.419;5300.0
ma;07331;BARREIRINHAS;Maranhão;Nordeste;-2.83696;-42.88864;52533;8726;16.61;197;33.3;47.8;49.5;0.429;3741.0
ma;07293;BARÃO DE GRAJAÚ;Maranhão;Nordeste;-6.65924;-43.10513;16130;3275;20.3;54;27.7;49.3;49.3;0.407;1333.0
ma;07188;BELA VISTA DO MARANHÃO;Maranhão;Nordeste;-3.74741;-45.25698;10096;1979;19.6;38;32.0;52.7;48.4;0.434;859.0
ma;07161;BELÁGUA;Maranhão;Nordeste;-3.12264;-43.50202;8091;1503;18.58;27;37.5;49.4;51.7;0.458;688.0
ma;07358;BENEDITO LEITE;Maranhão;Nordeste;-7.11365;-44.51883;4638;881;19.0;15;27.5;61.0;51.7;0.442;390.0
ma;07374;BEQUIMÃO;Maranhão;Nordeste;-2.4739;-44.7821;18606;3951;21.24;64;26.0;47.2;50.2;0.395;1560.0
ma;07200;BERNARDO DO MEARIM;Maranhão;Nordeste;-4.64791;-44.74044;5015;817;16.29;23;26.0;51.8;49.3;0.405;331.0
ma;07323;BOA VISTA DO GURUPI;Maranhão;Nordeste;-1.7903;-46.28211;6551;1344;20.52;25;35.0;51.2;49.5;0.446;599.0
ma;09555;BOM JARDIM;Maranhão;Nordeste;-3.68096;-45.91538;26888;5982;22.25;115;30.2;56.2;49.7;0.438;2622.0
ma;07269;BOM JESUS DAS SELVAS;Maranhão;Nordeste;-4.53294;-46.74473;19650;4287;21.82;76;31.2;57.2;50.3;0.448;1920.0
ma;07285;BOM LUGAR;Maranhão;Nordeste;-4.34412;-45.01931;11468;2156;18.8;45;29.6;58.6;51.5;0.447;964.0
ma;07390;BREJO;Maranhão;Nordeste;-3.68706;-42.77479;25937;5240;20.2;88;28.3;52.4;48.3;0.416;2177.0
ma;07307;BREJO DE AREIA;Maranhão;Nordeste;-4.31874;-45.62627;8475;2215;26.14;34;33.7;62.8;53.1;0.483;1069.0
ma;07412;BURITI;Maranhão;Nordeste;-3.9145;-42.94573;22995;5129;22.3;79;32.1;53.2;50.0;0.44;2259.0
ma;07439;BURITI BRAVO;Maranhão;Nordeste;-5.8399;-43.84108;17755;4016;22.62;67;28.9;52.4;48.6;0.419;1683.0
ma;07340;BURITICUPU;Maranhão;Nordeste;-4.33834;-46.41147;42732;9756;22.83;154;32.5;52.7;49.6;0.439;4287.0
ma;07366;BURITIRANA;Maranhão;Nordeste;-5.56542;-47.04244;10837;1991;18.37;43;29.0;54.4;49.8;0.428;853.0
ma;07226;CACHOEIRA GRANDE;Maranhão;Nordeste;-2.99171;-44.01005;9001;1991;22.12;37;34.9;44.0;51.2;0.428;853.0
ma;07455;CAJAPIÓ;Maranhão;Nordeste;-2.86998;-44.71513;10224;2618;25.61;32;27.4;55.2;49.1;0.421;1101.0
ma;07471;CAJARI;Maranhão;Nordeste;-3.37681;-45.05898;16136;3651;22.63;61;32.1;54.9;50.3;0.446;1627.0
ma;07382;CAMPESTRE DO MARANHÃO;Maranhão;Nordeste;-6.16656;-47.36183;9948;2157;21.68;34;30.4;47.1;51.0;0.418;902.0
ma;07510;CANTANHEDE;Maranhão;Nordeste;-3.63346;-44.34885;14177;2980;21.02;54;30.7;48.6;49.1;0.418;1247.0
ma;07404;CAPINZAL DO NORTE;Maranhão;Nordeste;-4.70191;-44.32926;8689;1582;18.21;35;27.3;51.9;48.7;0.41;649.0
ma;07536;CAROLINA;Maranhão;Nordeste;-7.35436;-47.38573;18310;3871;21.14;72;27.8;48.9;50.3;0.409;1583.0
ma;07552;CARUTAPERA;Maranhão;Nordeste;-1.25608;-46.02978;19093;4200;22.0;73;31.6;48.9;49.9;0.426;1788.0
ma;07579;CAXIAS;Maranhão;Nordeste;-4.88565;-43.33758;113420;22948;20.23;406;28.8;43.7;46.2;0.387;8886.0
ma;07595;CEDRAL;Maranhão;Nordeste;-1.98293;-44.5612;9329;1756;18.82;37;26.5;44.8;50.0;0.39;685.0
ma;07420;CENTRAL DO MARANHÃO;Maranhão;Nordeste;-2.2025;-44.84982;7808;2018;25.85;29;30.2;49.0;50.3;0.421;849.0
ma;07447;CENTRO DO GUILHERME;Maranhão;Nordeste;-2.44496;-46.07469;7966;1287;16.16;36;35.9;61.0;51.1;0.482;620.0
ma;07463;CENTRO NOVO DO MARANHÃO;Maranhão;Nordeste;-2.23705;-46.20205;11932;2338;19.59;47;35.2;52.9;51.5;0.457;1069.0
ma;07617;CHAPADINHA;Maranhão;Nordeste;-3.78069;-43.39636;60242;12195;20.24;182;30.7;49.1;47.4;0.415;5059.0
ma;07480;CIDELÂNDIA;Maranhão;Nordeste;-5.16888;-47.78868;10660;2043;19.17;36;30.1;53.7;50.7;0.435;888.0
ma;07633;CODÓ;Maranhão;Nordeste;-4.49054;-43.88616;82435;20486;24.85;273;28.5;51.3;46.7;0.409;8371.0
ma;07650;COELHO NETO;Maranhão;Nordeste;-4.25877;-43.0268;33370;7563;22.66;116;28.7;52.2;48.1;0.416;3144.0
ma;07676;COLINAS;Maranhão;Nordeste;-6.0327;-44.24279;28426;5939;20.89;90;30.3;49.3;46.8;0.412;2446.0
ma;07501;CONCEIÇÃO DO LAGO-AÇU;Maranhão;Nordeste;-3.8118;-44.85526;11878;2536;21.35;47;32.7;61.2;51.0;0.467;1185.0
ma;07692;COROATÁ;Maranhão;Nordeste;-4.10262;-44.11977;46886;12249;26.13;160;28.3;52.1;47.7;0.413;5062.0
ma;07714;CURURUPU;Maranhão;Nordeste;-1.7577;-44.84444;26322;6158;23.39;105;26.1;52.6;48.5;0.406;2497.0
ma;07498;CÂNDIDO MENDES;Maranhão;Nordeste;-1.49233;-45.68757;14853;1981;13.34;56;28.6;48.9;50.5;0.413;819.0
ma;07242;DAVINÓPOLIS;Maranhão;Nordeste;-5.53592;-47.38062;12223;2359;19.3;37;31.4;43.8;49.2;0.407;961.0
ma;07730;DOM PEDRO;Maranhão;Nordeste;-5.0322;-44.42758;17803;3186;17.9;68;27.3;49.0;46.7;0.397;1265.0
ma;07757;DUQUE BACELAR;Maranhão;Nordeste;-4.1318;-42.97781;9654;1732;17.94;36;32.8;50.5;50.2;0.436;756.0
ma;07773;ESPERANTINÓPOLIS;Maranhão;Nordeste;-4.89083;-44.88392;14795;3068;20.74;59;27.5;52.4;47.9;0.41;1259.0
ma;09636;ESTREITO;Maranhão;Nordeste;-6.59834;-47.39608;24146;5142;21.3;77;29.0;47.4;49.4;0.408;2097.0
ma;07528;FEIRA NOVA DO MARANHÃO;Maranhão;Nordeste;-6.98548;-46.64139;6389;1178;18.44;21;30.3;58.0;53.7;0.455;536.0
ma;07544;FERNANDO FALCÃO;Maranhão;Nordeste;-6.07959;-45.08366;9487;1527;16.1;36;35.0;66.9;53.4;0.5;764.0
ma;07560;FORMOSA DA SERRA NEGRA;Maranhão;Nordeste;-6.47573;-46.18936;14076;2361;16.77;53;32.0;49.6;52.6;0.437;1033.0
ma;07790;FORTALEZA DOS NOGUEIRAS;Maranhão;Nordeste;-6.94529;-46.16809;10569;1749;16.55;36;30.4;51.0;50.8;0.428;749.0
ma;07811;FORTUNA;Maranhão;Nordeste;-5.67564;-44.07525;13022;2930;22.5;49;28.3;54.9;49.2;0.424;1243.0
ma;07838;GODOFREDO VIANA;Maranhão;Nordeste;-1.39153;-45.77246;7329;1010;13.78;34;28.1;44.6;49.8;0.396;400.0
ma;07854;GONÇALVES DIAS;Maranhão;Nordeste;-5.1603;-44.26609;13629;3106;22.79;52;27.7;59.8;48.6;0.431;1340.0
ma;07870;GOVERNADOR ARCHER;Maranhão;Nordeste;-5.0199;-44.26737;8077;1669;20.66;36;26.2;58.3;47.2;0.416;694.0
ma;07609;GOVERNADOR EDISON LOBÃO;Maranhão;Nordeste;-5.71738;-47.37192;15378;2949;19.18;44;31.2;49.7;50.4;0.427;1261.0
ma;07897;GOVERNADOR EUGÊNIO BARROS;Maranhão;Nordeste;-5.35243;-44.11861;10692;2183;20.42;43;27.3;61.0;48.6;0.432;944.0
ma;07625;GOVERNADOR LUIZ ROCHA;Maranhão;Nordeste;-5.48013;-44.09689;6417;1284;20.01;22;28.0;56.4;50.4;0.43;553.0
ma;07641;GOVERNADOR NEWTON BELLO;Maranhão;Nordeste;-3.4198;-45.85605;7695;1514;19.68;33;30.2;62.0;50.3;0.455;689.0
ma;07668;GOVERNADOR NUNES FREIRE;Maranhão;Nordeste;-2.09498;-45.85493;17561;3728;21.23;68;31.2;55.1;49.0;0.438;1635.0
ma;07935;GRAJAÚ;Maranhão;Nordeste;-5.78967;-46.08651;52273;10069;19.26;181;32.4;51.9;49.4;0.436;4394.0
ma;07919;GRAÇA ARANHA;Maranhão;Nordeste;-5.40668;-44.33764;6274;1142;18.2;23;26.2;57.8;49.5;0.422;481.0
ma;07951;GUIMARÃES;Maranhão;Nordeste;-2.11453;-44.61721;9820;2300;23.42;40;24.2;52.4;49.3;0.397;913.0
ma;07978;HUMBERTO DE CAMPOS;Maranhão;Nordeste;-2.64262;-43.53051;23439;4869;20.77;91;32.8;51.4;51.0;0.441;2149.0
ma;07994;ICATU;Maranhão;Nordeste;-2.69933;-43.95231;23106;3838;16.61;96;32.6;42.9;50.1;0.412;1582.0
ma;07684;IGARAPÉ DO MEIO;Maranhão;Nordeste;-3.64351;-45.14236;10867;2280;20.98;45;31.2;51.6;48.8;0.428;976.0
ma;08010;IGARAPÉ GRANDE;Maranhão;Nordeste;-4.65898;-44.85152;8484;1369;16.14;33;26.4;52.3;48.3;0.405;555.0
ma;08036;IMPERATRIZ;Maranhão;Nordeste;-5.51009;-47.47793;195325;36937;18.91;600;28.5;31.2;46.5;0.346;12769.0
ma;07706;ITAIPAVA DO GRAJAÚ;Maranhão;Nordeste;-5.1919;-45.75643;11234;2731;24.31;42;32.1;60.6;51.5;0.464;1268.0
ma;08079;ITAPECURU MIRIM;Maranhão;Nordeste;-3.37969;-44.33372;47851;10613;22.18;177;30.0;44.6;47.6;0.399;4238.0
ma;07722;ITINGA DO MARANHÃO;Maranhão;Nordeste;-4.40504;-47.46995;17555;3333;18.99;67;28.7;52.6;49.1;0.42;1401.0
ma;07749;JATOBÁ;Maranhão;Nordeste;-5.84903;-44.28679;7205;1572;21.82;27;31.3;53.0;50.2;0.437;687.0
ma;07765;JENIPAPO DOS VIEIRAS;Maranhão;Nordeste;-5.34463;-45.59348;13237;2622;19.81;52;33.1;63.5;51.8;0.478;1253.0
ma;08117;JOSELÂNDIA;Maranhão;Nordeste;-4.985;-44.72246;12529;2635;21.03;51;28.3;57.7;50.0;0.434;1143.0
ma;08095;JOÃO LISBOA;Maranhão;Nordeste;-5.39336;-47.32712;21876;3846;17.58;81;30.7;46.4;48.9;0.412;1583.0
ma;07781;JUNCO DO MARANHÃO;Maranhão;Nordeste;-1.865;-46.08044;5092;1202;23.61;21;31.0;56.4;50.3;0.445;535.0
ma;08133;LAGO DA PEDRA;Maranhão;Nordeste;-4.60665;-45.15049;34283;6916;20.17;114;29.2;53.3;47.8;0.421;2908.0
ma;08150;LAGO DO JUNCO;Maranhão;Nordeste;-4.55437;-45.01356;8447;1346;15.93;35;28.8;53.1;49.4;0.423;569.0
ma;07803;LAGO DOS RODRIGUES;Maranhão;Nordeste;-4.60245;-44.95998;8271;1254;15.16;33;26.6;52.6;50.0;0.412;516.0
ma;08176;LAGO VERDE;Maranhão;Nordeste;-4.01957;-44.90809;12196;2570;21.07;47;30.5;55.6;49.6;0.438;1126.0
ma;07820;LAGOA DO MATO;Maranhão;Nordeste;-6.04646;-43.51319;8284;1688;20.38;34;27.5;57.8;49.7;0.429;724.0
ma;07846;LAGOA GRANDE DO MARANHÃO;Maranhão;Nordeste;-4.97749;-45.38149;9997;2179;21.8;30;32.1;62.0;51.2;0.467;1018.0
ma;07862;LAJEADO NOVO;Maranhão;Nordeste;-6.16602;-46.98834;6682;1161;17.38;22;27.9;50.3;52.0;0.418;485.0
ma;08192;LIMA CAMPOS;Maranhão;Nordeste;-4.54257;-44.46918;11183;2239;20.02;42;26.6;55.1;47.8;0.412;923.0
ma;08214;LORETO;Maranhão;Nordeste;-7.10749;-45.16017;8569;1553;18.12;34;30.0;49.4;51.6;0.424;659.0
ma;08230;LUÍS DOMINGUES;Maranhão;Nordeste;-1.34021;-45.90058;6072;1308;21.54;20;30.2;49.7;50.4;0.423;553.0
ma;08257;MAGALHÃES DE ALMEIDA;Maranhão;Nordeste;-3.33866;-42.20631;12195;2339;19.18;51;28.1;49.7;50.0;0.412;963.0
ma;07889;MARACAÇUMÉ;Maranhão;Nordeste;-2.04228;-45.97002;15698;4091;26.06;52;31.9;51.0;49.4;0.431;1765.0
ma;07900;MARAJÁ DO SENA;Maranhão;Nordeste;-4.66789;-45.53681;6771;1566;23.13;26;33.8;73.8;55.4;0.517;809.0
ma;07927;MARANHÃOZINHO;Maranhão;Nordeste;-2.33162;-45.89802;8133;1596;19.62;31;31.3;58.5;49.6;0.45;717.0
ma;08273;MATA ROMA;Maranhão;Nordeste;-3.62167;-43.17346;16271;2990;18.38;50;32.5;48.7;50.1;0.43;1285.0
ma;08290;MATINHA;Maranhão;Nordeste;-3.08141;-45.02755;20053;3634;18.12;73;27.4;43.9;48.6;0.388;1410.0
ma;08311;MATÕES;Maranhão;Nordeste;-5.4305;-43.27363;27285;6366;23.33;101;29.7;65.5;49.9;0.46;2928.0
ma;07943;MATÕES DO NORTE;Maranhão;Nordeste;-3.68522;-44.5278;7654;1922;25.11;30;33.3;51.9;51.3;0.446;857.0
ma;07960;MILAGRES DO MARANHÃO;Maranhão;Nordeste;-3.53493;-42.70629;6650;1238;18.62;24;31.7;52.6;52.3;0.443;549.0
ma;08338;MIRADOR;Maranhão;Nordeste;-6.34443;-44.45796;16373;2939;17.95;54;30.5;54.9;50.2;0.438;1288.0
ma;09695;MIRANDA DO NORTE;Maranhão;Nordeste;-3.54976;-44.57214;16991;3559;20.95;61;30.1;46.4;48.5;0.407;1450.0
ma;08354;MIRINZAL;Maranhão;Nordeste;-2.04219;-44.77446;12016;2629;21.88;45;28.9;44.4;49.1;0.398;1046.0
ma;08397;MONTES ALTOS;Maranhão;Nordeste;-5.82969;-47.05629;7514;1433;19.07;26;28.5;54.1;50.8;0.428;613.0
ma;08370;MONÇÃO;Maranhão;Nordeste;-3.50048;-45.28095;21263;5038;23.69;87;31.3;54.7;48.7;0.437;2202.0
ma;08419;MORROS;Maranhão;Nordeste;-2.89029;-43.94886;16701;2724;16.31;66;33.7;45.3;50.0;0.424;1156.0
ma;08435;NINA RODRIGUES;Maranhão;Nordeste;-3.44947;-43.85732;10518;2233;21.23;40;33.5;44.4;50.6;0.422;943.0
ma;07986;NOVA COLINAS;Maranhão;Nordeste;-7.10973;-46.27883;4514;828;18.34;17;31.2;54.5;52.9;0.448;371.0
ma;08451;NOVA IORQUE;Maranhão;Nordeste;-6.69669;-43.99868;4134;849;20.54;15;26.3;59.2;50.7;0.429;364.0
ma;08001;NOVA OLINDA DO MARANHÃO;Maranhão;Nordeste;-2.79348;-45.72365;13507;3134;23.2;49;30.1;55.1;49.7;0.435;1364.0
ma;08478;OLHO D'ÁGUA DAS CUNHÃS;Maranhão;Nordeste;-4.09687;-45.10953;14387;2784;19.35;53;27.2;55.4;48.4;0.418;1163.0
ma;08028;OLINDA NOVA DO MARANHÃO;Maranhão;Nordeste;-2.99639;-44.9914;11175;2631;23.54;34;30.2;46.9;48.8;0.41;1079.0
ma;08516;PALMEIRÂNDIA;Maranhão;Nordeste;-2.66871;-44.97955;17179;4435;25.82;61;27.0;52.1;48.4;0.408;1812.0
ma;08532;PARAIBANO;Maranhão;Nordeste;-6.43231;-43.98162;14960;3809;25.46;46;26.9;61.5;47.9;0.43;1637.0
ma;08559;PARNARAMA;Maranhão;Nordeste;-5.67093;-43.30238;26242;6271;23.9;99;27.6;57.4;49.7;0.429;2689.0
ma;08575;PASSAGEM FRANCA;Maranhão;Nordeste;-6.17176;-43.79337;14692;3209;21.84;58;28.3;59.6;48.0;0.433;1388.0
ma;08591;PASTOS BONS;Maranhão;Nordeste;-6.60561;-44.10919;15148;3179;20.99;54;28.4;50.4;49.9;0.415;1320.0
ma;08044;PAULINO NEVES;Maranhão;Nordeste;-2.82979;-42.59865;15080;2673;17.73;62;33.5;47.0;50.7;0.431;1151.0
ma;09598;PAULO RAMOS;Maranhão;Nordeste;-4.4578;-45.27099;16850;3875;23.0;61;30.2;63.1;48.5;0.452;1752.0
ma;08494;PAÇO DO LUMIAR;Maranhão;Nordeste;-2.528;-44.15316;90287;13221;14.64;290;28.5;24.4;45.3;0.316;4177.0
ma;08613;PEDREIRAS;Maranhão;Nordeste;-4.60435;-44.5963;28040;4973;17.74;110;25.3;44.3;46.2;0.373;1855.0
ma;08060;PEDRO DO ROSÁRIO;Maranhão;Nordeste;-2.99353;-45.3789;18241;4491;24.62;72;31.1;56.4;49.5;0.443;1990.0
ma;08630;PENALVA;Maranhão;Nordeste;-3.26456;-45.21854;26013;6706;25.78;102;30.4;52.3;47.7;0.423;2839.0
ma;08656;PERI MIRIM;Maranhão;Nordeste;-2.5694;-44.88367;11291;2236;19.8;36;26.0;45.3;49.7;0.388;868.0
ma;08087;PERITORÓ;Maranhão;Nordeste;-4.36623;-44.31514;16364;3759;22.97;56;29.5;54.1;48.3;0.426;1600.0
ma;08672;PINDARÉ-MIRIM;Maranhão;Nordeste;-3.64247;-45.38409;25951;6097;23.49;85;29.9;48.9;47.8;0.412;2511.0
ma;08699;PINHEIRO;Maranhão;Nordeste;-2.53338;-45.11625;62812;14646;23.32;211;28.4;45.8;46.9;0.394;5773.0
ma;08710;PIO XII;Maranhão;Nordeste;-3.87307;-45.14923;18787;3719;19.8;70;29.6;57.4;48.5;0.435;1620.0
ma;08737;PIRAPEMAS;Maranhão;Nordeste;-3.73438;-44.22357;12904;3351;25.97;43;29.5;51.9;49.4;0.423;1418.0
ma;08770;PORTO FRANCO;Maranhão;Nordeste;-6.35047;-47.37732;18862;3654;19.37;66;28.4;39.4;48.5;0.379;1383.0
ma;08109;PORTO RICO DO MARANHÃO;Maranhão;Nordeste;-1.90319;-44.63171;7200;1875;26.04;29;26.2;45.6;51.3;0.394;739.0
ma;08753;POÇÃO DE PEDRAS;Maranhão;Nordeste;-4.77338;-44.89758;14763;3052;20.67;66;24.5;56.1;49.1;0.407;1242.0
ma;08796;PRESIDENTE DUTRA;Maranhão;Nordeste;-5.28935;-44.48013;32781;5612;17.12;115;28.1;45.7;46.9;0.392;2199.0
ma;08818;PRESIDENTE JUSCELINO;Maranhão;Nordeste;-2.97936;-44.06187;10017;2190;21.86;41;32.9;44.7;50.3;0.42;919.0
ma;08125;PRESIDENTE MÉDICI;Maranhão;Nordeste;-2.3473;-45.76688;5728;1136;19.83;22;31.8;47.1;50.8;0.423;481.0
ma;08141;PRESIDENTE SARNEY;Maranhão;Nordeste;-2.58195;-45.35779;15655;4081;26.07;60;31.7;54.1;49.5;0.439;1793.0
ma;08834;PRESIDENTE VARGAS;Maranhão;Nordeste;-3.38216;-44.01528;10343;2151;20.8;40;32.3;46.5;50.7;0.424;912.0
ma;08850;PRIMEIRA CRUZ;Maranhão;Nordeste;-2.63169;-43.38208;11110;1890;17.01;46;32.3;51.2;52.5;0.443;836.0
ma;08168;RAPOSA;Maranhão;Nordeste;-2.44193;-44.11713;24288;3822;15.74;83;31.6;39.1;46.5;0.386;1475.0
ma;08877;RIACHÃO;Maranhão;Nordeste;-7.36819;-46.64525;16914;3616;21.38;58;28.7;53.9;51.1;0.429;1552.0
ma;08184;RIBAMAR FIQUENE;Maranhão;Nordeste;-5.95947;-47.38549;6276;1256;20.01;23;27.6;50.9;51.1;0.416;522.0
ma;08915;ROSÁRIO;Maranhão;Nordeste;-2.94764;-44.23175;32344;6270;19.39;108;28.7;38.1;46.8;0.372;2330.0
ma;08931;SAMBAÍBA;Maranhão;Nordeste;-7.25797;-45.44659;5411;1009;18.65;20;29.7;55.2;53.0;0.443;447.0
ma;08206;SANTA FILOMENA DO MARANHÃO;Maranhão;Nordeste;-5.49387;-44.57338;6119;1104;18.04;24;31.9;57.9;53.1;0.461;509.0
ma;08958;SANTA HELENA;Maranhão;Nordeste;-2.26061;-45.3024;24651;6433;26.1;98;28.7;49.8;47.5;0.408;2623.0
ma;09571;SANTA INÊS;Maranhão;Nordeste;-3.70486;-45.3886;63447;12418;19.57;218;29.2;39.9;46.0;0.377;4681.0
ma;08974;SANTA LUZIA;Maranhão;Nordeste;-4.11706;-45.81789;45122;10033;22.24;173;29.8;54.6;48.8;0.43;4313.0
ma;09652;SANTA LUZIA DO PARUÁ;Maranhão;Nordeste;-2.53746;-45.77208;17081;3690;21.6;61;29.3;50.0;48.1;0.413;1524.0
ma;08990;SANTA QUITÉRIA DO MARANHÃO;Maranhão;Nordeste;-3.44687;-42.65026;21175;4401;20.78;72;30.7;52.0;48.4;0.426;1874.0
ma;09016;SANTA RITA;Maranhão;Nordeste;-3.15332;-44.31958;28000;6522;23.29;93;30.3;45.6;48.0;0.405;2641.0
ma;08222;SANTANA DO MARANHÃO;Maranhão;Nordeste;-3.1435;-42.46314;8165;1915;23.45;34;30.6;57.1;50.6;0.445;852.0
ma;08249;SANTO AMARO DO MARANHÃO;Maranhão;Nordeste;-2.63554;-43.20332;13330;2410;18.08;49;32.3;49.3;52.1;0.436;1052.0
ma;09032;SANTO ANTÔNIO DOS LOPES;Maranhão;Nordeste;-4.85948;-44.43325;15375;2657;17.28;53;30.1;50.2;49.3;0.421;1118.0
ma;08460;SATUBINHA;Maranhão;Nordeste;-3.99279;-45.24556;7469;1371;18.36;31;31.4;54.9;49.6;0.44;604.0
ma;08486;SENADOR ALEXANDRE COSTA;Maranhão;Nordeste;-5.25876;-43.99046;8450;2026;23.98;32;31.6;55.3;49.1;0.442;895.0
ma;08508;SENADOR LA ROCQUE;Maranhão;Nordeste;-5.44585;-47.2738;12262;2361;19.25;49;29.8;50.6;48.7;0.419;989.0
ma;08524;SERRANO DO MARANHÃO;Maranhão;Nordeste;-1.81538;-45.0386;9228;2167;23.48;40;30.2;53.5;50.5;0.434;940.0
ma;09318;SUCUPIRA DO NORTE;Maranhão;Nordeste;-6.4884;-44.23582;8257;1294;15.67;31;27.9;52.8;50.0;0.42;543.0
ma;08540;SUCUPIRA DO RIACHÃO;Maranhão;Nordeste;-6.41443;-43.51595;4707;1030;21.88;17;28.0;57.1;51.3;0.434;447.0
ma;09059;SÃO BENEDITO DO RIO PRETO;Maranhão;Nordeste;-3.34168;-43.56495;16310;3041;18.65;60;33.8;45.9;50.2;0.427;1299.0
ma;09075;SÃO BENTO;Maranhão;Nordeste;-2.74116;-44.89566;29322;7662;26.13;104;25.8;49.1;47.5;0.392;3001.0
ma;09091;SÃO BERNARDO;Maranhão;Nordeste;-3.33877;-42.41192;21808;4669;21.41;85;29.7;47.3;48.7;0.409;1908.0
ma;08265;SÃO DOMINGOS DO AZEITÃO;Maranhão;Nordeste;-6.80926;-44.6563;6763;1128;16.68;25;32.2;54.4;51.4;0.448;505.0
ma;09113;SÃO DOMINGOS DO MARANHÃO;Maranhão;Nordeste;-5.6233;-44.38166;28537;5394;18.9;103;29.0;53.1;48.9;0.422;2277.0
ma;08281;SÃO FRANCISCO DO BREJÃO;Maranhão;Nordeste;-5.11899;-47.42821;8123;1641;20.2;29;30.5;54.8;50.2;0.438;719.0
ma;09156;SÃO FRANCISCO DO MARANHÃO;Maranhão;Nordeste;-6.24612;-43.00398;9159;1913;20.89;36;26.1;64.3;50.3;0.438;839.0
ma;09130;SÃO FÉLIX DE BALSAS;Maranhão;Nordeste;-7.03927;-44.84362;4224;927;21.95;17;26.7;56.7;53.3;0.432;401.0
ma;08893;SÃO JOSÉ DE RIBAMAR;Maranhão;Nordeste;-2.54864;-44.14124;131324;21624;16.47;403;30.8;27.9;45.9;0.341;7367.0
ma;08362;SÃO JOSÉ DOS BASÍLIOS;Maranhão;Nordeste;-5.05221;-44.56735;6388;1201;18.8;26;27.6;59.4;51.0;0.437;525.0
ma;09172;SÃO JOÃO BATISTA;Maranhão;Nordeste;-2.97531;-44.82304;20103;5016;24.95;80;25.9;55.9;48.6;0.413;2071.0
ma;08303;SÃO JOÃO DO CARÚ;Maranhão;Nordeste;-3.51909;-46.26792;10141;2704;26.66;42;33.8;58.9;51.6;0.468;1266.0
ma;08320;SÃO JOÃO DO PARAÍSO;Maranhão;Nordeste;-6.45725;-46.98348;8599;1354;15.75;33;28.3;51.5;52.7;0.425;575.0
ma;08346;SÃO JOÃO DO SOTER;Maranhão;Nordeste;-5.07017;-43.76556;14327;3359;23.45;52;30.5;57.7;49.5;0.443;1489.0
ma;09199;SÃO JOÃO DOS PATOS;Maranhão;Nordeste;-6.51296;-43.69654;19533;3980;20.38;72;26.8;48.5;47.1;0.394;1568.0
ma;09210;SÃO LUÍS;Maranhão;Nordeste;-2.55428;-44.25592;761443;119443;15.69;2273;26.7;20.5;45.3;0.292;34870.0
ma;08052;SÃO LUÍS GONZAGA DO MARANHÃO;Maranhão;Nordeste;-4.37734;-44.66815;17211;4175;24.26;62;26.6;57.2;48.6;0.42;1752.0
ma;09237;SÃO MATEUS DO MARANHÃO;Maranhão;Nordeste;-4.03054;-44.46522;30147;7392;24.52;105;29.3;49.8;47.0;0.409;3025.0
ma;08389;SÃO PEDRO DA ÁGUA BRANCA;Maranhão;Nordeste;-5.09198;-48.43921;9693;2527;26.07;30;30.2;52.6;50.9;0.432;1093.0
ma;08400;SÃO PEDRO DOS CRENTES;Maranhão;Nordeste;-6.83275;-46.58107;4689;789;16.83;15;32.8;57.1;53.3;0.464;366.0
ma;09253;SÃO RAIMUNDO DAS MANGABEIRAS;Maranhão;Nordeste;-7.04157;-45.51956;15701;3036;19.34;51;30.1;49.3;50.2;0.421;1278.0
ma;08427;SÃO RAIMUNDO DO DOCA BEZERRA;Maranhão;Nordeste;-5.10688;-45.12842;5160;1136;22.02;22;31.5;58.8;52.5;0.46;523.0
ma;08443;SÃO ROBERTO;Maranhão;Nordeste;-5.01277;-45.01697;4547;982;21.6;19;30.2;60.8;51.5;0.455;447.0
ma;09270;SÃO VICENTE FERRER;Maranhão;Nordeste;-2.88922;-44.90672;16729;4429;26.47;61;26.8;57.9;48.5;0.422;1869.0
ma;09296;SÍTIO NOVO;Maranhão;Nordeste;-6.06686;-46.64073;13984;2057;14.71;55;29.0;53.4;52.0;0.432;888.0
ma;09334;TASSO FRAGOSO;Maranhão;Nordeste;-8.36531;-45.74668;6854;1260;18.38;24;33.4;46.4;51.9;0.431;544.0
ma;09350;TIMBIRAS;Maranhão;Nordeste;-4.24099;-43.91425;21254;5771;27.15;65;29.9;58.4;48.3;0.438;2530.0
ma;09377;TIMON;Maranhão;Nordeste;-5.10726;-42.85888;124767;19409;15.56;402;29.4;38.9;46.3;0.376;7295.0
ma;08567;TRIZIDELA DO VALE;Maranhão;Nordeste;-4.56922;-44.63244;16878;2983;17.67;56;26.5;48.3;46.3;0.39;1164.0
ma;08583;TUFILÂNDIA;Maranhão;Nordeste;-3.73421;-45.60278;6051;1542;25.48;22;30.9;56.3;51.1;0.446;688.0
ma;09393;TUNTUM;Maranhão;Nordeste;-5.41963;-44.68123;28443;5872;20.64;97;27.9;55.6;49.6;0.425;2497.0
ma;09415;TURIAÇU;Maranhão;Nordeste;-1.67479;-45.43601;28166;5406;19.19;118;31.4;56.1;50.3;0.446;2411.0
ma;08605;TURILÂNDIA;Maranhão;Nordeste;-2.19523;-45.38274;15977;4252;26.61;66;31.6;55.4;47.8;0.438;1860.0
ma;09431;TUTÓIA;Maranhão;Nordeste;-2.85824;-42.35643;43215;9301;21.52;158;32.8;50.7;48.7;0.433;4023.0
ma;09458;URBANO SANTOS;Maranhão;Nordeste;-3.22803;-43.33371;25803;5466;21.18;82;34.7;47.5;49.3;0.433;2367.0
ma;09474;VARGEM GRANDE;Maranhão;Nordeste;-3.59524;-43.89927;32648;7172;21.97;112;31.1;51.3;48.4;0.426;3053.0
ma;09490;VIANA;Maranhão;Nordeste;-3.17292;-45.05324;39769;8727;21.94;151;29.1;44.6;47.6;0.396;3451.0
ma;08621;VILA NOVA DOS MARTÍRIOS;Maranhão;Nordeste;-5.18935;-48.08712;8903;2232;25.07;27;32.2;50.0;51.4;0.436;972.0
ma;09539;VITORINO FREIRE;Maranhão;Nordeste;-4.25932;-45.26928;22898;4428;19.34;84;27.4;58.8;48.5;0.427;1893.0
ma;09512;VITÓRIA DO MEARIM;Maranhão;Nordeste;-3.53126;-44.89777;24683;5345;21.65;94;28.6;48.6;48.6;0.407;2175.0
ma;09717;ZÉ DOCA;Maranhão;Nordeste;-3.27067;-45.75044;33014;7115;21.55;107;28.4;52.5;48.2;0.416;2957.0
ma;07005;ÁGUA DOCE DO MARANHÃO;Maranhão;Nordeste;-2.95383;-42.16454;11520;2805;24.35;42;28.1;60.4;49.7;0.438;1230.0
mt;90018;ACORIZAL;Mato Grosso;Centro-Oeste;-15.17588;-56.34137;7353;1268;17.24;26;22.9;40.1;53.0;0.365;463.0
mt;89877;ALTA FLORESTA;Mato Grosso;Centro-Oeste;-9.89442;-56.09209;43203;9950;23.03;125;27.2;37.8;48.4;0.368;3660.0
mt;90050;ALTO ARAGUAIA;Mato Grosso;Centro-Oeste;-17.33958;-53.2336;11527;2706;23.48;44;23.8;35.0;48.4;0.343;928.0
mt;90042;ALTO BOA VISTA;Mato Grosso;Centro-Oeste;-11.6865;-51.39645;4151;915;22.04;16;30.8;39.2;51.4;0.396;362.0
mt;90077;ALTO GARÇAS;Mato Grosso;Centro-Oeste;-16.95355;-53.52606;8774;1938;22.09;31;27.1;42.9;50.9;0.39;755.0
mt;90093;ALTO PARAGUAI;Mato Grosso;Centro-Oeste;-14.60256;-56.553;6195;1432;23.12;24;23.1;44.3;52.9;0.378;542.0
mt;98612;ALTO TAQUARI;Mato Grosso;Centro-Oeste;-17.83426;-53.28158;7979;1969;24.68;26;30.8;37.3;50.8;0.388;763.0
mt;90263;APIACÁS;Mato Grosso;Centro-Oeste;-9.55684;-57.3935;6340;1542;24.32;22;26.7;48.8;52.8;0.41;632.0
mt;98639;ARAGUAIANA;Mato Grosso;Centro-Oeste;-15.73165;-51.83388;3259;815;25.01;10;23.7;42.1;51.7;0.372;304.0
mt;90239;ARAGUAINHA;Mato Grosso;Centro-Oeste;-16.85507;-53.03416;1233;270;21.9;5;24.1;37.0;53.7;0.363;98.0
mt;89893;ARAPUTANGA;Mato Grosso;Centro-Oeste;-15.42858;-58.37413;11533;2515;21.81;34;24.8;37.0;48.0;0.353;889.0
mt;90255;ARENÁPOLIS;Mato Grosso;Centro-Oeste;-14.46162;-56.8428;7881;1608;20.4;31;25.5;36.6;48.7;0.357;573.0
mt;90271;ARIPUANÃ;Mato Grosso;Centro-Oeste;-10.14298;-59.53526;17103;5335;31.19;54;29.7;44.4;51.4;0.408;2174.0
mt;90336;BARRA DO BUGRES;Mato Grosso;Centro-Oeste;-15.06277;-57.20792;22360;4859;21.73;81;27.4;38.9;50.4;0.377;1833.0
mt;90352;BARRA DO GARÇAS;Mato Grosso;Centro-Oeste;-15.83986;-52.3003;47123;10986;23.31;157;26.1;29.0;46.6;0.328;3602.0
mt;90310;BARÃO DE MELGAÇO;Mato Grosso;Centro-Oeste;-16.33767;-56.02175;6862;1232;17.95;25;22.6;43.2;53.4;0.373;460.0
mt;73709;BOA ESPERANÇA DO NORTE;Mato Grosso;Centro-Oeste;-13.49875;-55.04007;4326;1081;24.99;13;31.4;41.0;53.4;0.41;443.0
mt;90905;BOM JESUS DO ARAGUAIA;Mato Grosso;Centro-Oeste;-12.19588;-51.54458;5661;1501;26.51;19;28.0;46.0;52.0;0.406;609.0
mt;90468;BRASNORTE;Mato Grosso;Centro-Oeste;-12.12655;-58.05878;12659;3454;27.28;39;30.0;42.7;51.5;0.404;1395.0
mt;98655;CAMPINÁPOLIS;Mato Grosso;Centro-Oeste;-14.42775;-52.94508;11507;3130;27.2;38;29.6;68.6;50.7;0.469;1467.0
mt;90484;CAMPO NOVO DO PARECIS;Mato Grosso;Centro-Oeste;-13.67231;-57.90938;31126;7359;23.64;88;33.2;31.8;50.9;0.378;2779.0
mt;90506;CAMPO VERDE;Mato Grosso;Centro-Oeste;-15.54756;-55.15985;33977;7616;22.42;96;28.6;35.6;49.4;0.369;2814.0
mt;90743;CAMPOS DE JÚLIO;Mato Grosso;Centro-Oeste;-13.72015;-59.25999;6787;1805;26.59;18;31.6;35.7;51.9;0.388;701.0
mt;90085;CANABRAVA DO NORTE;Mato Grosso;Centro-Oeste;-11.0932;-51.84251;4167;1151;27.62;14;25.0;49.4;54.0;0.406;467.0
mt;91936;CANARANA;Mato Grosso;Centro-Oeste;-13.55515;-52.28096;17766;4142;23.31;52;29.3;37.6;50.1;0.381;1577.0
mt;90760;CARLINDA;Mato Grosso;Centro-Oeste;-9.98176;-55.8121;8400;2129;25.35;24;24.5;54.0;51.4;0.408;868.0
mt;90549;CASTANHEIRA;Mato Grosso;Centro-Oeste;-11.04764;-58.5845;6035;1465;24.28;28;24.0;52.2;51.4;0.401;588.0
mt;90590;CHAPADA DOS GUIMARÃES;Mato Grosso;Centro-Oeste;-15.33112;-55.71983;17941;4063;22.65;66;22.1;37.3;50.0;0.345;1404.0
mt;90522;CLÁUDIA;Mato Grosso;Centro-Oeste;-11.48137;-54.9142;8579;1721;20.06;28;25.3;46.1;50.9;0.39;672.0
mt;98671;COCALINHO;Mato Grosso;Centro-Oeste;-14.39204;-51.005;5454;1657;30.38;21;25.6;48.1;54.8;0.407;674.0
mt;89788;COLNIZA;Mato Grosso;Centro-Oeste;-9.45999;-59.39794;19479;5289;27.15;67;27.4;51.8;51.2;0.417;2207.0
mt;89796;COLÍDER;Mato Grosso;Centro-Oeste;-10.74926;-55.46244;23598;5208;22.07;82;25.1;41.9;48.7;0.372;1935.0
mt;99015;COMODORO;Mato Grosso;Centro-Oeste;-13.60282;-59.82256;14317;3818;26.67;47;27.2;48.2;50.2;0.404;1541.0
mt;90280;CONFRESA;Mato Grosso;Centro-Oeste;-10.59389;-51.598;26068;6123;23.49;80;31.5;39.7;50.2;0.397;2433.0
mt;91006;CONQUISTA D'OESTE;Mato Grosso;Centro-Oeste;-14.5376;-59.54338;3426;988;28.84;10;28.0;49.2;49.7;0.409;404.0
mt;90425;COTRIGUAÇU;Mato Grosso;Centro-Oeste;-9.71609;-58.71565;7706;1735;22.51;30;25.7;54.4;52.5;0.419;727.0
mt;90670;CUIABÁ;Mato Grosso;Centro-Oeste;-15.59591;-56.05938;456517;83215;18.23;1338;26.1;20.3;45.9;0.29;24096.0
mt;89800;CURVELÂNDIA;Mato Grosso;Centro-Oeste;-15.61089;-57.91695;4408;827;18.76;16;23.9;45.7;50.5;0.38;315.0
mt;90476;CÁCERES;Mato Grosso;Centro-Oeste;-16.06401;-57.69088;62205;14913;23.97;209;26.2;32.4;47.9;0.344;5126.0
mt;98337;DENISE;Mato Grosso;Centro-Oeste;-14.7262;-57.04887;5710;1065;18.65;21;27.4;39.5;49.6;0.377;402.0
mt;90697;DIAMANTINO;Mato Grosso;Centro-Oeste;-14.38074;-56.48066;16562;3933;23.75;56;27.9;32.9;49.8;0.358;1408.0
mt;90719;DOM AQUINO;Mato Grosso;Centro-Oeste;-15.81871;-54.91708;6230;1233;19.79;21;22.1;43.0;49.3;0.36;444.0
mt;90786;FELIZ NATAL;Mato Grosso;Centro-Oeste;-12.31185;-54.76422;7181;1778;24.76;23;30.0;49.6;51.5;0.425;755.0
mt;99031;FIGUEIRÓPOLIS D'OESTE;Mato Grosso;Centro-Oeste;-15.44701;-58.73933;2866;541;18.88;12;22.4;49.6;50.4;0.382;207.0
mt;90824;GAÚCHA DO NORTE;Mato Grosso;Centro-Oeste;-13.12301;-53.30299;6795;1750;25.75;21;31.2;43.6;50.7;0.41;717.0
mt;90778;GENERAL CARNEIRO;Mato Grosso;Centro-Oeste;-15.68135;-52.93223;4719;1292;27.38;16;27.3;42.7;53.0;0.395;510.0
mt;90204;GLÓRIA D'OESTE;Mato Grosso;Centro-Oeste;-15.78008;-58.31876;2685;552;20.56;9;21.4;47.2;49.1;0.367;203.0
mt;99058;GUARANTÃ DO NORTE;Mato Grosso;Centro-Oeste;-9.92446;-54.8879;22729;5097;22.43;78;28.7;41.8;49.3;0.389;1984.0
mt;90832;GUIRATINGA;Mato Grosso;Centro-Oeste;-16.34969;-53.78102;8175;1784;21.82;27;20.1;44.0;49.3;0.352;628.0
mt;99074;INDIAVAÍ;Mato Grosso;Centro-Oeste;-15.49599;-58.57827;2028;365;18.0;9;22.0;47.8;48.6;0.371;136.0
mt;91081;IPIRANGA DO NORTE;Mato Grosso;Centro-Oeste;-12.23971;-56.15071;5997;1223;20.39;17;32.8;37.1;52.7;0.401;490.0
mt;91103;ITANHANGÁ;Mato Grosso;Centro-Oeste;-12.20204;-56.64778;5239;1092;20.84;17;26.1;44.1;52.5;0.393;429.0
mt;98698;ITAÚBA;Mato Grosso;Centro-Oeste;-11.00942;-55.24406;4349;1061;24.4;13;28.4;41.3;51.0;0.391;415.0
mt;90913;ITIQUIRA;Mato Grosso;Centro-Oeste;-17.27335;-54.37396;9345;2369;25.35;27;26.4;41.5;51.3;0.383;907.0
mt;90956;JACIARA;Mato Grosso;Centro-Oeste;-15.94959;-54.97163;20547;4561;22.2;62;24.8;38.1;47.6;0.355;1621.0
mt;90565;JANGADA;Mato Grosso;Centro-Oeste;-15.27253;-56.54015;7473;1386;18.55;27;28.8;42.0;52.8;0.4;555.0
mt;89915;JAURU;Mato Grosso;Centro-Oeste;-15.30655;-58.86692;7115;1831;25.73;37;22.4;46.9;48.4;0.371;679.0
mt;98191;JUARA;Mato Grosso;Centro-Oeste;-11.20272;-57.53578;25464;6166;24.21;85;25.3;45.5;49.1;0.384;2367.0
mt;90581;JURUENA;Mato Grosso;Centro-Oeste;-10.33654;-58.51301;7692;2074;26.96;27;27.3;49.0;51.6;0.41;850.0
mt;91898;JUSCIMEIRA;Mato Grosso;Centro-Oeste;-16.10435;-54.86577;8751;1567;17.91;34;21.7;40.7;49.7;0.353;553.0
mt;98310;JUÍNA;Mato Grosso;Centro-Oeste;-11.40674;-58.79375;34218;9157;26.76;109;26.1;43.8;49.0;0.383;3504.0
mt;90301;LAMBARI D'OESTE;Mato Grosso;Centro-Oeste;-15.32614;-57.94673;4215;886;21.02;16;26.7;47.3;51.9;0.403;357.0
mt;90603;LUCAS DO RIO VERDE;Mato Grosso;Centro-Oeste;-13.07732;-55.92155;54792;12358;22.55;153;30.9;27.5;48.6;0.346;4271.0
mt;91057;LUCIARA;Mato Grosso;Centro-Oeste;-11.20447;-50.71679;2406;518;21.53;9;27.7;44.4;52.4;0.401;208.0
mt;98710;MARCELÂNDIA;Mato Grosso;Centro-Oeste;-11.09556;-54.40553;9499;2565;27.0;34;28.8;48.7;51.5;0.417;1069.0
mt;90620;MATUPÁ;Mato Grosso;Centro-Oeste;-10.15924;-54.85232;15134;3510;23.19;47;29.6;35.7;49.5;0.374;1312.0
mt;91774;MIRASSOL D'OESTE;Mato Grosso;Centro-Oeste;-15.67622;-58.08798;19682;4305;21.87;65;24.9;40.8;48.2;0.366;1574.0
mt;91170;NOBRES;Mato Grosso;Centro-Oeste;-14.68373;-56.25568;12502;2569;20.55;40;25.8;38.8;49.7;0.368;945.0
mt;91197;NORTELÂNDIA;Mato Grosso;Centro-Oeste;-14.45231;-56.80343;4871;985;20.22;22;24.2;35.5;49.8;0.35;344.0
mt;91219;NOSSA SENHORA DO LIVRAMENTO;Mato Grosso;Centro-Oeste;-15.79691;-56.44702;13537;2408;17.79;50;21.6;45.9;52.9;0.374;901.0
mt;90387;NOVA BANDEIRANTES;Mato Grosso;Centro-Oeste;-9.94668;-57.8753;10127;2558;25.26;31;25.4;49.1;53.4;0.405;1036.0
mt;89818;NOVA BRASILÂNDIA;Mato Grosso;Centro-Oeste;-14.91342;-54.97356;3832;846;22.08;14;23.6;51.4;52.6;0.4;338.0
mt;98752;NOVA CANAÃ DO NORTE;Mato Grosso;Centro-Oeste;-10.61031;-55.79964;10256;2469;24.07;34;25.4;45.8;52.0;0.393;969.0
mt;90140;NOVA GUARITA;Mato Grosso;Centro-Oeste;-10.35611;-55.35515;4119;936;22.72;12;25.3;53.3;52.0;0.412;386.0
mt;90867;NOVA LACERDA;Mato Grosso;Centro-Oeste;-14.48379;-59.63335;4972;1514;30.45;15;25.5;53.0;52.2;0.413;625.0
mt;90166;NOVA MARILÂNDIA;Mato Grosso;Centro-Oeste;-14.36519;-56.97652;3030;717;23.66;10;26.5;38.6;50.7;0.373;267.0
mt;90123;NOVA MARINGÁ;Mato Grosso;Centro-Oeste;-12.88211;-57.14355;4626;1279;27.65;15;31.0;51.1;53.2;0.438;560.0
mt;90360;NOVA MONTE VERDE;Mato Grosso;Centro-Oeste;-9.95009;-57.40169;6036;1316;21.8;20;25.5;43.9;51.6;0.387;509.0
mt;90646;NOVA MUTUM;Mato Grosso;Centro-Oeste;-13.81;-56.084;37953;7995;21.07;115;32.0;26.5;49.1;0.347;2773.0
mt;90964;NOVA NAZARÉ;Mato Grosso;Centro-Oeste;-14.07248;-51.88322;3521;1116;31.7;14;32.9;55.3;51.7;0.455;508.0
mt;98736;NOVA OLÍMPIA;Mato Grosso;Centro-Oeste;-14.78516;-57.30111;12967;2786;21.49;45;28.7;39.7;50.7;0.386;1076.0
mt;89826;NOVA SANTA HELENA;Mato Grosso;Centro-Oeste;-10.888;-55.11541;3384;795;23.49;10;27.1;46.9;51.8;0.404;321.0
mt;90883;NOVA UBIRATÃ;Mato Grosso;Centro-Oeste;-12.88871;-55.00897;7592;1944;25.61;23;31.2;40.2;52.7;0.405;787.0
mt;91952;NOVA XAVANTINA;Mato Grosso;Centro-Oeste;-14.64506;-52.36241;16249;4210;25.91;51;24.8;39.2;49.2;0.363;1528.0
mt;98795;NOVO HORIZONTE DO NORTE;Mato Grosso;Centro-Oeste;-11.38841;-57.31603;3305;701;21.21;12;24.2;54.4;52.2;0.409;287.0
mt;90808;NOVO MUNDO;Mato Grosso;Centro-Oeste;-9.92869;-55.26466;6075;1516;24.95;17;25.6;49.9;53.6;0.409;620.0
mt;90948;NOVO SANTO ANTÔNIO;Mato Grosso;Centro-Oeste;-12.27879;-51.00746;2039;599;29.38;6;23.6;45.6;53.1;0.385;231.0
mt;98779;NOVO SÃO JOAQUIM;Mato Grosso;Centro-Oeste;-14.96049;-53.04066;5505;1354;24.6;19;23.0;64.0;52.2;0.425;576.0
mt;89834;PARANATINGA;Mato Grosso;Centro-Oeste;-14.27338;-54.08806;16917;4297;25.4;55;27.7;44.8;51.1;0.399;1714.0
mt;98833;PARANAÍTA;Mato Grosso;Centro-Oeste;-9.71366;-56.53251;9406;2158;22.94;29;24.7;47.2;51.7;0.392;846.0
mt;91812;PEDRA PRETA;Mato Grosso;Centro-Oeste;-16.65909;-54.44564;14477;3441;23.77;42;26.0;43.5;50.3;0.385;1325.0
mt;98817;PEIXOTO DE AZEVEDO;Mato Grosso;Centro-Oeste;-10.26914;-54.80809;23802;6123;25.72;80;29.3;45.1;50.4;0.405;2480.0
mt;90344;PLANALTO DA SERRA;Mato Grosso;Centro-Oeste;-14.65823;-54.75076;3110;754;24.24;11;25.6;44.6;52.0;0.39;294.0
mt;91294;POCONÉ;Mato Grosso;Centro-Oeste;-16.22435;-56.64629;25545;6095;23.86;89;24.8;42.1;49.6;0.373;2272.0
mt;90700;PONTAL DO ARAGUAIA;Mato Grosso;Centro-Oeste;-15.91073;-52.26051;5354;1015;18.96;18;25.5;31.1;48.8;0.338;343.0
mt;91332;PONTE BRANCA;Mato Grosso;Centro-Oeste;-16.76451;-52.83778;2037;489;24.01;9;22.7;47.5;53.3;0.386;189.0
mt;89990;PONTES E LACERDA;Mato Grosso;Centro-Oeste;-15.26359;-59.34497;34620;8760;25.3;130;27.0;40.4;48.4;0.375;3285.0
mt;98850;PORTO ALEGRE DO NORTE;Mato Grosso;Centro-Oeste;-10.85015;-51.68599;7904;1859;23.52;33;27.5;40.1;51.6;0.385;715.0
mt;91359;PORTO DOS GAÚCHOS;Mato Grosso;Centro-Oeste;-11.53313;-57.32981;4455;1024;22.99;14;26.9;39.4;50.4;0.377;386.0
mt;98876;PORTO ESPERIDIÃO;Mato Grosso;Centro-Oeste;-15.86937;-58.69703;8053;2109;26.19;26;25.9;48.4;51.4;0.401;846.0
mt;90182;PORTO ESTRELA;Mato Grosso;Centro-Oeste;-15.41692;-57.20802;3328;663;19.92;13;22.5;48.4;53.0;0.387;256.0
mt;91391;POXORÉU;Mato Grosso;Centro-Oeste;-15.87923;-54.3318;14509;3708;25.56;53;22.1;44.8;51.8;0.372;1378.0
mt;98892;PRIMAVERA DO LESTE;Mato Grosso;Centro-Oeste;-15.54681;-54.30214;57120;12811;22.43;159;29.4;28.8;48.1;0.344;4412.0
mt;90069;QUERÊNCIA;Mato Grosso;Centro-Oeste;-12.49723;-52.29747;18997;4750;25.0;54;33.4;32.8;51.4;0.383;1820.0
mt;98914;RESERVA DO CABAÇAL;Mato Grosso;Centro-Oeste;-15.12054;-58.38461;1838;373;20.29;6;22.6;43.7;50.3;0.368;137.0
mt;90662;RIBEIRÃO CASCALHEIRA;Mato Grosso;Centro-Oeste;-12.8847;-51.78664;7618;1800;23.63;27;26.9;46.6;51.3;0.401;721.0
mt;90441;RIBEIRÃOZINHO;Mato Grosso;Centro-Oeste;-16.49963;-52.71188;2466;487;19.75;8;26.3;40.3;51.3;0.379;185.0
mt;89958;RIO BRANCO;Mato Grosso;Centro-Oeste;-15.24356;-58.1139;3897;846;21.71;13;22.2;42.6;47.7;0.356;301.0
mt;89960;RONDOLÂNDIA;Mato Grosso;Centro-Oeste;-10.80846;-61.37087;3084;786;25.49;12;27.8;51.1;54.3;0.426;335.0
mt;91510;RONDONÓPOLIS;Mato Grosso;Centro-Oeste;-16.45673;-54.62604;177622;40701;22.91;547;26.8;29.5;47.2;0.334;13605.0
mt;91537;ROSÁRIO OESTE;Mato Grosso;Centro-Oeste;-14.87782;-56.38402;13155;2970;22.58;45;21.8;43.1;52.2;0.366;1087.0
mt;89974;SALTO DO CÉU;Mato Grosso;Centro-Oeste;-15.10914;-58.13938;3076;668;21.72;10;23.1;44.0;50.8;0.373;249.0
mt;90107;SANTA CARMEM;Mato Grosso;Centro-Oeste;-11.97954;-55.27973;4178;721;17.26;12;29.6;45.0;50.3;0.406;293.0
mt;90980;SANTA CRUZ DO XINGU;Mato Grosso;Centro-Oeste;-10.11463;-52.37466;2268;617;27.2;7;29.1;46.5;55.5;0.422;260.0
mt;91049;SANTA RITA DO TRIVELATO;Mato Grosso;Centro-Oeste;-13.8852;-55.30741;2606;579;22.22;9;28.7;36.0;51.9;0.377;218.0
mt;91979;SANTA TEREZINHA;Mato Grosso;Centro-Oeste;-10.42933;-50.57056;5358;1439;26.86;23;25.0;54.4;53.3;0.417;600.0
mt;90328;SANTO AFONSO;Mato Grosso;Centro-Oeste;-14.48757;-57.06002;2661;588;22.1;12;25.6;38.0;52.7;0.372;219.0
mt;89843;SANTO ANTÔNIO DO LESTE;Mato Grosso;Centro-Oeste;-14.80271;-53.60771;2731;703;25.74;10;30.5;48.1;50.5;0.42;295.0
mt;91553;SANTO ANTÔNIO DO LEVERGER;Mato Grosso;Centro-Oeste;-15.94867;-55.84986;17145;3435;20.03;55;22.2;38.0;51.9;0.352;1210.0
mt;90727;SAPEZAL;Mato Grosso;Centro-Oeste;-13.54385;-58.82291;20539;5495;26.75;55;34.1;32.1;51.4;0.383;2106.0
mt;90921;SERRA NOVA DOURADA;Mato Grosso;Centro-Oeste;-12.08872;-51.39751;1725;542;31.42;5;25.6;51.0;56.6;0.42;227.0
mt;89850;SINOP;Mato Grosso;Centro-Oeste;-11.85647;-55.50899;127167;28825;22.67;346;30.8;28.5;47.2;0.346;9969.0
mt;98930;SORRISO;Mato Grosso;Centro-Oeste;-12.56262;-55.72479;76028;16315;21.46;206;31.4;31.8;48.0;0.363;5923.0
mt;91839;SÃO FÉLIX DO ARAGUAIA;Mato Grosso;Centro-Oeste;-11.53048;-51.25625;8490;2562;30.18;31;26.7;40.0;53.1;0.384;984.0
mt;90026;SÃO JOSÉ DO POVO;Mato Grosso;Centro-Oeste;-16.48468;-54.2648;3000;624;20.8;10;17.5;44.9;53.9;0.349;218.0
mt;91995;SÃO JOSÉ DO RIO CLARO;Mato Grosso;Centro-Oeste;-13.45055;-56.72238;11217;2375;21.17;39;26.0;47.4;50.4;0.396;941.0
mt;90247;SÃO JOSÉ DO XINGU;Mato Grosso;Centro-Oeste;-10.70865;-52.55219;5340;1649;30.88;17;30.5;50.2;53.7;0.435;717.0
mt;89931;SÃO JOSÉ DOS QUATRO MARCOS;Mato Grosso;Centro-Oeste;-15.61366;-58.20198;13117;2864;21.83;56;22.6;43.9;47.6;0.361;1034.0
mt;90409;SÃO PEDRO DA CIPA;Mato Grosso;Centro-Oeste;-16.00155;-54.91964;3891;772;19.84;12;24.9;41.7;51.0;0.376;290.0
mt;90220;TABAPORÃ;Mato Grosso;Centro-Oeste;-11.35731;-56.55733;8039;2116;26.32;23;29.2;41.2;51.9;0.397;839.0
mt;91855;TANGARÁ DA SERRA;Mato Grosso;Centro-Oeste;-14.62555;-57.51776;70136;15886;22.65;220;27.9;33.9;47.4;0.355;5642.0
mt;90689;TAPURAH;Mato Grosso;Centro-Oeste;-12.72293;-56.51365;9694;2052;21.17;27;30.2;37.1;50.7;0.385;789.0
mt;98957;TERRA NOVA DO NORTE;Mato Grosso;Centro-Oeste;-10.54638;-55.10102;9125;2154;23.61;32;24.7;46.7;50.5;0.388;835.0
mt;91618;TESOURO;Mato Grosso;Centro-Oeste;-16.04187;-53.54558;2759;658;23.85;10;21.6;41.1;53.6;0.362;238.0
mt;91634;TORIXORÉU;Mato Grosso;Centro-Oeste;-16.21406;-52.58748;3727;735;19.72;13;22.4;41.3;50.5;0.36;265.0
mt;90840;UNIÃO DO SUL;Mato Grosso;Centro-Oeste;-11.53318;-54.37007;3630;949;26.14;10;28.5;48.5;54.1;0.421;400.0
mt;91022;VALE DE SÃO DOMINGOS;Mato Grosso;Centro-Oeste;-15.33436;-59.08368;2721;575;21.13;10;21.2;52.7;51.7;0.386;222.0
mt;98973;VERA;Mato Grosso;Centro-Oeste;-12.284;-55.29563;7850;1676;21.35;23;29.0;42.2;50.3;0.395;662.0
mt;91090;VILA BELA DA SANTÍSSIMA TRINDADE;Mato Grosso;Centro-Oeste;-15.19201;-59.97825;11198;2880;25.72;43;26.5;49.8;51.3;0.408;1175.0
mt;98990;VILA RICA;Mato Grosso;Centro-Oeste;-10.0183;-51.12824;13846;3531;25.5;49;27.5;46.5;51.3;0.403;1423.0
mt;91677;VÁRZEA GRANDE;Mato Grosso;Centro-Oeste;-15.65347;-56.13908;194985;38256;19.62;581;27.5;27.9;45.9;0.328;12536.0
mt;91910;ÁGUA BOA;Mato Grosso;Centro-Oeste;-14.05626;-52.20056;21159;5046;23.85;77;27.6;35.6;49.6;0.365;1843.0
ms;55018;ALCINÓPOLIS;Mato Grosso Do Sul;Centro-Oeste;-18.32256;-53.73673;3809;894;23.47;13;23.3;51.5;51.1;0.394;353.0
ms;90115;AMAMBAI;Mato Grosso Do Sul;Centro-Oeste;-23.105;-55.2227;27203;8323;30.6;96;28.2;49.6;46.9;0.403;3357.0
ms;90131;ANASTÁCIO;Mato Grosso Do Sul;Centro-Oeste;-20.51472;-55.79233;18203;4891;26.87;79;24.3;51.4;48.1;0.391;1914.0
ms;90158;ANAURILÂNDIA;Mato Grosso Do Sul;Centro-Oeste;-22.15963;-52.68962;6297;1520;24.14;22;25.3;50.5;49.6;0.399;606.0
ms;91693;ANGÉLICA;Mato Grosso Do Sul;Centro-Oeste;-22.14372;-53.81221;8695;2365;27.2;30;25.0;44.9;49.8;0.382;905.0
ms;90174;ANTÔNIO JOÃO;Mato Grosso Do Sul;Centro-Oeste;-22.19136;-55.95559;7911;1886;23.84;28;29.4;48.9;48.3;0.411;775.0
ms;90190;APARECIDA DO TABOADO;Mato Grosso Do Sul;Centro-Oeste;-20.08574;-51.10018;19558;5338;27.29;61;27.6;44.4;48.0;0.389;2075.0
ms;90212;AQUIDAUANA;Mato Grosso Do Sul;Centro-Oeste;-20.43068;-55.8024;36393;10580;29.07;143;25.1;45.2;48.1;0.38;4016.0
ms;91715;ARAL MOREIRA;Mato Grosso Do Sul;Centro-Oeste;-22.92804;-55.58113;8273;1873;22.64;31;33.4;50.5;49.2;0.436;816.0
ms;90298;BANDEIRANTES;Mato Grosso Do Sul;Centro-Oeste;-19.90624;-54.36958;6799;1745;25.67;24;25.3;49.4;51.0;0.4;698.0
ms;90379;BATAGUASSU;Mato Grosso Do Sul;Centro-Oeste;-21.72042;-52.43044;19771;5508;27.86;69;26.2;39.9;49.0;0.371;2045.0
ms;90395;BATAYPORÃ;Mato Grosso Do Sul;Centro-Oeste;-22.29939;-53.26687;8414;2284;27.15;30;25.4;53.8;48.7;0.406;927.0
ms;90417;BELA VISTA;Mato Grosso Do Sul;Centro-Oeste;-22.10043;-56.53793;16420;4453;27.12;67;25.9;46.2;48.8;0.388;1727.0
ms;98019;BODOQUENA;Mato Grosso Do Sul;Centro-Oeste;-20.53818;-56.69732;6487;1556;23.99;28;25.2;48.3;49.6;0.392;611.0
ms;90433;BONITO;Mato Grosso Do Sul;Centro-Oeste;-21.10757;-56.48788;19254;5073;26.35;64;26.1;44.1;48.2;0.381;1935.0
ms;90450;BRASILÂNDIA;Mato Grosso Do Sul;Centro-Oeste;-21.24239;-52.09897;9576;3037;31.71;34;24.9;51.2;49.8;0.399;1211.0
ms;90557;CAARAPÓ;Mato Grosso Do Sul;Centro-Oeste;-22.61322;-54.8467;22152;5907;26.67;73;28.9;45.1;47.8;0.396;2341.0
ms;90492;CAMAPUÃ;Mato Grosso Do Sul;Centro-Oeste;-19.51521;-54.03564;10948;2708;24.74;44;22.5;46.7;50.7;0.376;1019.0
ms;90514;CAMPO GRANDE;Mato Grosso Do Sul;Centro-Oeste;-20.47853;-54.62088;641185;128942;20.11;2189;25.6;24.8;45.5;0.307;39569.0
ms;90530;CARACOL;Mato Grosso Do Sul;Centro-Oeste;-21.97909;-57.00925;4723;1087;23.02;22;27.9;54.3;50.3;0.424;461.0
ms;90573;CASSILÂNDIA;Mato Grosso Do Sul;Centro-Oeste;-19.11153;-51.7462;15301;4136;27.03;55;22.1;44.0;47.8;0.359;1486.0
ms;91782;CHAPADÃO DO SUL;Mato Grosso Do Sul;Centro-Oeste;-18.7953;-52.62257;23000;5591;24.31;76;30.2;32.6;49.2;0.364;2037.0
ms;90611;CORGUINHO;Mato Grosso Do Sul;Centro-Oeste;-19.7937;-54.9366;4479;1126;25.14;17;21.4;50.5;51.4;0.381;429.0
ms;98590;CORONEL SAPUCAIA;Mato Grosso Do Sul;Centro-Oeste;-23.26221;-55.51592;12105;2211;18.27;49;36.8;57.9;46.5;0.463;1024.0
ms;90638;CORUMBÁ;Mato Grosso Do Sul;Centro-Oeste;-19.02998;-57.6471;67548;16236;24.04;249;28.1;34.6;47.7;0.359;5832.0
ms;98035;COSTA RICA;Mato Grosso Do Sul;Centro-Oeste;-18.53434;-53.13297;22355;6294;28.15;76;28.6;43.8;49.7;0.397;2495.0
ms;90654;COXIM;Mato Grosso Do Sul;Centro-Oeste;-18.50657;-54.73907;26464;7110;26.87;105;23.3;47.2;48.6;0.377;2678.0
ms;91758;DEODÁPOLIS;Mato Grosso Do Sul;Centro-Oeste;-22.24092;-54.17275;10690;2529;23.66;42;24.7;42.5;48.6;0.371;937.0
ms;91804;DOIS IRMÃOS DO BURITI;Mato Grosso Do Sul;Centro-Oeste;-20.69693;-55.29395;8601;2089;24.29;34;26.3;50.9;50.1;0.406;849.0
ms;98051;DOURADINA;Mato Grosso Do Sul;Centro-Oeste;-22.03637;-54.60904;4920;789;16.04;18;25.6;44.9;49.8;0.385;304.0
ms;90735;DOURADOS;Mato Grosso Do Sul;Centro-Oeste;-22.22483;-54.79988;166869;33745;20.22;583;27.7;33.3;46.1;0.349;11769.0
ms;91731;ELDORADO;Mato Grosso Do Sul;Centro-Oeste;-23.77276;-54.28113;8988;2686;29.88;35;25.7;54.0;46.6;0.401;1078.0
ms;55069;FIGUEIRÃO;Mato Grosso Do Sul;Centro-Oeste;-18.71292;-53.64627;2805;653;23.28;10;23.2;49.5;52.8;0.393;257.0
ms;90751;FÁTIMA DO SUL;Mato Grosso Do Sul;Centro-Oeste;-22.36866;-54.48293;16886;3677;21.78;62;22.7;45.1;46.5;0.362;1333.0
ms;90794;GLÓRIA DE DOURADOS;Mato Grosso Do Sul;Centro-Oeste;-22.42244;-54.22656;8125;1900;23.38;31;22.8;43.2;47.7;0.361;686.0
ms;90816;GUIA LOPES DA LAGUNA;Mato Grosso Do Sul;Centro-Oeste;-21.46646;-56.0979;7950;2153;27.08;30;24.6;52.6;48.4;0.397;855.0
ms;90859;IGUATEMI;Mato Grosso Do Sul;Centro-Oeste;-23.63255;-54.56007;10722;3161;29.48;34;26.1;56.1;47.2;0.41;1297.0
ms;90875;INOCÊNCIA;Mato Grosso Do Sul;Centro-Oeste;-19.74957;-51.92878;7251;2570;35.44;23;26.7;51.8;51.1;0.413;1062.0
ms;90891;ITAPORÃ;Mato Grosso Do Sul;Centro-Oeste;-22.06351;-54.77335;14201;2568;18.08;47;24.9;39.5;47.9;0.361;927.0
ms;98078;ITAQUIRAÍ;Mato Grosso Do Sul;Centro-Oeste;-23.4208;-54.12775;14628;4499;30.76;52;24.7;59.1;49.0;0.415;1868.0
ms;90930;IVINHEMA;Mato Grosso Do Sul;Centro-Oeste;-22.31361;-53.80595;21196;5566;26.26;66;25.4;43.5;48.3;0.377;2097.0
ms;55034;JAPORÃ;Mato Grosso Do Sul;Centro-Oeste;-23.83188;-54.50331;6581;1528;23.22;23;34.0;66.6;48.2;0.478;730.0
ms;90972;JARAGUARI;Mato Grosso Do Sul;Centro-Oeste;-20.12629;-54.45084;6048;1538;25.43;20;20.0;49.4;52.4;0.372;573.0
ms;90999;JARDIM;Mato Grosso Do Sul;Centro-Oeste;-21.48873;-56.15354;18633;5095;27.34;69;24.3;45.4;47.6;0.375;1910.0
ms;91014;JATEÍ;Mato Grosso Do Sul;Centro-Oeste;-22.52133;-54.25698;4340;973;22.42;16;24.9;44.8;50.7;0.384;374.0
ms;91820;JUTI;Mato Grosso Do Sul;Centro-Oeste;-22.8493;-54.61257;5982;1655;27.67;21;26.4;57.1;48.7;0.419;693.0
ms;91030;LADÁRIO;Mato Grosso Do Sul;Centro-Oeste;-19.01106;-57.60584;13609;3361;24.7;50;30.4;32.1;48.5;0.362;1216.0
ms;55026;LAGUNA CARAPÃ;Mato Grosso Do Sul;Centro-Oeste;-22.62895;-55.16271;5465;1190;21.77;19;29.1;51.7;49.5;0.421;501.0
ms;91073;MARACAJU;Mato Grosso Do Sul;Centro-Oeste;-21.61229;-55.19562;29813;6765;22.69;111;28.0;45.8;48.0;0.395;2669.0
ms;91111;MIRANDA;Mato Grosso Do Sul;Centro-Oeste;-20.26039;-56.35987;20066;5563;27.72;76;27.1;56.1;49.6;0.422;2349.0
ms;91790;MUNDO NOVO;Mato Grosso Do Sul;Centro-Oeste;-23.93694;-54.28891;14988;4018;26.81;50;23.5;54.3;44.7;0.385;1547.0
ms;91138;NAVIRAÍ;Mato Grosso Do Sul;Centro-Oeste;-23.06036;-54.20371;37528;9839;26.22;136;25.3;45.5;47.3;0.379;3730.0
ms;91154;NIOAQUE;Mato Grosso Do Sul;Centro-Oeste;-21.10008;-55.81271;10377;2409;23.21;42;26.4;51.6;50.7;0.41;988.0
ms;55000;NOVA ALVORADA DO SUL;Mato Grosso Do Sul;Centro-Oeste;-21.47603;-54.3194;16244;5589;34.41;54;26.9;48.1;48.6;0.398;2224.0
ms;91235;NOVA ANDRADINA;Mato Grosso Do Sul;Centro-Oeste;-22.18197;-53.33715;35629;10432;29.28;122;24.1;44.7;47.2;0.37;3865.0
ms;55042;NOVO HORIZONTE DO SUL;Mato Grosso Do Sul;Centro-Oeste;-22.65579;-53.86057;3610;754;20.89;16;25.7;49.6;49.2;0.398;300.0
ms;91251;PARANAÍBA;Mato Grosso Do Sul;Centro-Oeste;-19.66053;-51.20543;31506;8190;26.0;107;23.6;47.2;47.4;0.375;3070.0
ms;91847;PARANHOS;Mato Grosso Do Sul;Centro-Oeste;-23.90038;-55.39598;9433;3176;33.67;32;33.8;64.4;47.7;0.47;1494.0
ms;55050;PARAÍSO DAS ÁGUAS;Mato Grosso Do Sul;Centro-Oeste;-19.10134;-53.00139;4335;1156;26.67;16;25.3;47.0;52.7;0.397;459.0
ms;91278;PEDRO GOMES;Mato Grosso Do Sul;Centro-Oeste;-18.09751;-54.55322;6048;1437;23.76;22;22.8;58.6;49.6;0.404;581.0
ms;91316;PONTA PORÃ;Mato Grosso Do Sul;Centro-Oeste;-22.49314;-55.69349;69957;17787;25.43;249;29.7;40.3;46.1;0.381;6778.0
ms;91375;PORTO MURTINHO;Mato Grosso Do Sul;Centro-Oeste;-21.61165;-57.78525;8647;2879;33.29;30;28.9;47.7;50.7;0.412;1185.0
ms;91413;RIBAS DO RIO PARDO;Mato Grosso Do Sul;Centro-Oeste;-20.45439;-53.74978;16370;5087;31.08;60;28.5;46.1;50.1;0.404;2054.0
ms;91430;RIO BRILHANTE;Mato Grosso Do Sul;Centro-Oeste;-21.78831;-54.53651;26188;6459;24.66;87;27.7;48.5;48.7;0.403;2601.0
ms;91456;RIO NEGRO;Mato Grosso Do Sul;Centro-Oeste;-19.4495;-54.99056;4176;928;22.22;16;21.5;52.4;51.0;0.386;358.0
ms;91472;RIO VERDE DE MATO GROSSO;Mato Grosso Do Sul;Centro-Oeste;-18.9166;-54.84432;13917;3490;25.08;56;23.7;50.2;47.9;0.385;1342.0
ms;91499;ROCHEDO;Mato Grosso Do Sul;Centro-Oeste;-19.9526;-54.89181;4984;1279;25.66;16;24.0;52.3;51.1;0.401;512.0
ms;91863;SANTA RITA DO PARDO;Mato Grosso Do Sul;Centro-Oeste;-21.2385;-52.85652;5541;1870;33.75;18;25.5;54.0;50.8;0.412;771.0
ms;98116;SELVÍRIA;Mato Grosso Do Sul;Centro-Oeste;-20.36601;-51.42273;7236;1995;27.57;22;28.0;45.0;48.7;0.394;787.0
ms;98132;SETE QUEDAS;Mato Grosso Do Sul;Centro-Oeste;-23.97776;-55.0451;7773;2023;26.03;34;25.6;60.1;47.3;0.417;845.0
ms;91570;SIDROLÂNDIA;Mato Grosso Do Sul;Centro-Oeste;-20.9647;-54.92871;35153;9645;27.44;118;27.0;46.6;48.3;0.393;3794.0
ms;91880;SONORA;Mato Grosso Do Sul;Centro-Oeste;-17.60127;-54.75804;11254;2618;23.26;40;27.7;46.6;50.1;0.401;1051.0
ms;98094;SÃO GABRIEL DO OESTE;Mato Grosso Do Sul;Centro-Oeste;-19.38353;-54.57202;23080;5717;24.77;73;27.4;43.5;47.7;0.385;2200.0
ms;98159;TACURU;Mato Grosso Do Sul;Centro-Oeste;-23.63664;-55.01584;7003;2340;33.41;22;28.8;63.8;48.9;0.448;1048.0
ms;98175;TAQUARUSSU;Mato Grosso Do Sul;Centro-Oeste;-22.48573;-53.35274;3942;996;25.27;13;26.2;52.9;49.5;0.409;408.0
ms;91596;TERENOS;Mato Grosso Do Sul;Centro-Oeste;-20.48616;-54.90271;13850;3101;22.39;48;23.8;45.2;50.1;0.378;1171.0
ms;91650;TRÊS LAGOAS;Mato Grosso Do Sul;Centro-Oeste;-20.78914;-51.70968;88506;23379;26.42;297;26.4;31.3;46.8;0.338;7910.0
ms;91901;VICENTINA;Mato Grosso Do Sul;Centro-Oeste;-22.4402;-54.44147;5998;1181;19.69;21;23.2;46.8;49.3;0.377;445.0
ms;90034;ÁGUA CLARA;Mato Grosso Do Sul;Centro-Oeste;-20.4269;-52.88704;13465;4509;33.49;43;29.8;47.3;50.5;0.414;1868.0
mg;40010;ABADIA DOS DOURADOS;Minas Gerais;Sudeste;-18.43592;-47.41262;5720;1123;19.63;21;20.1;57.2;50.3;0.387;434.0
mg;40037;ABAETÉ;Minas Gerais;Sudeste;-19.15738;-45.44746;17445;3476;19.93;62;22.0;51.2;47.7;0.377;1312.0
mg;40053;ABRE CAMPO;Minas Gerais;Sudeste;-20.28654;-42.46715;12103;2620;21.65;40;24.2;53.6;48.4;0.398;1042.0
mg;40070;ACAIACA;Minas Gerais;Sudeste;-20.3788;-43.12268;3518;835;23.74;13;23.4;48.8;49.4;0.383;320.0
mg;40150;AGUANIL;Minas Gerais;Sudeste;-20.9531;-45.41003;4331;1026;23.69;13;22.0;57.1;51.0;0.4;411.0
mg;40215;AIMORÉS;Minas Gerais;Sudeste;-19.57064;-41.16697;19149;5053;26.39;64;22.2;49.9;47.4;0.375;1894.0
mg;40231;AIURUOCA;Minas Gerais;Sudeste;-22.01075;-44.60839;4838;1046;21.62;20;21.7;48.0;50.8;0.375;392.0
mg;40258;ALAGOA;Minas Gerais;Sudeste;-22.16959;-44.64151;2619;573;21.88;9;22.6;55.2;50.8;0.399;228.0
mg;40274;ALBERTINA;Minas Gerais;Sudeste;-22.20069;-46.62553;3575;785;21.96;10;26.2;56.2;51.3;0.423;332.0
mg;40312;ALFENAS;Minas Gerais;Sudeste;-21.41917;-45.95086;61027;15172;24.86;177;24.1;36.5;46.7;0.345;5233.0
mg;40002;ALFREDO VASCONCELOS;Minas Gerais;Sudeste;-21.09379;-43.69507;6138;1101;17.94;18;24.8;50.7;49.8;0.397;437.0
mg;40339;ALMENARA;Minas Gerais;Sudeste;-16.16661;-40.70214;31120;8709;27.99;108;21.9;51.9;47.6;0.378;3294.0
mg;40355;ALPERCATA;Minas Gerais;Sudeste;-18.98196;-41.9809;6064;1363;22.48;23;23.6;52.6;49.3;0.394;537.0
mg;40371;ALPINÓPOLIS;Minas Gerais;Sudeste;-20.86137;-46.38741;16047;3511;21.88;47;25.2;49.2;49.9;0.395;1388.0
mg;40398;ALTEROSA;Minas Gerais;Sudeste;-21.24111;-46.1368;12246;2521;20.59;42;22.6;55.4;49.6;0.396;999.0
mg;41661;ALTO CAPARAÓ;Minas Gerais;Sudeste;-20.44096;-41.86971;4564;768;16.83;13;24.8;59.2;47.5;0.411;316.0
mg;50695;ALTO JEQUITIBÁ;Minas Gerais;Sudeste;-20.42613;-41.95814;7177;1401;19.52;28;22.7;56.8;49.5;0.4;560.0
mg;40410;ALTO RIO DOCE;Minas Gerais;Sudeste;-21.02465;-43.4166;10053;2882;28.67;34;22.2;57.2;49.7;0.398;1148.0
mg;40436;ALVARENGA;Minas Gerais;Sudeste;-19.42188;-41.71987;4518;946;20.94;19;21.8;58.4;50.7;0.401;379.0
mg;40452;ALVINÓPOLIS;Minas Gerais;Sudeste;-20.10693;-43.09364;13098;3221;24.59;42;21.9;50.1;49.1;0.378;1217.0
mg;40479;ALVORADA DE MINAS;Minas Gerais;Sudeste;-18.90678;-43.23386;4946;1610;32.55;16;30.7;51.6;50.1;0.429;691.0
mg;40290;ALÉM PARAÍBA;Minas Gerais;Sudeste;-21.86946;-42.69595;27004;6681;24.74;106;21.8;42.8;46.9;0.352;2352.0
mg;40495;AMPARO DO SERRA;Minas Gerais;Sudeste;-20.51778;-42.80299;4531;1023;22.58;18;23.3;55.4;49.1;0.399;408.0
mg;40517;ANDRADAS;Minas Gerais;Sudeste;-22.07615;-46.57184;30179;7327;24.28;100;22.9;47.5;48.0;0.374;2738.0
mg;40550;ANDRELÂNDIA;Minas Gerais;Sudeste;-21.73924;-44.30946;9886;2670;27.01;37;21.3;50.5;48.8;0.374;999.0
mg;41688;ANGELÂNDIA;Minas Gerais;Sudeste;-17.72216;-42.27652;6879;1912;27.79;21;29.8;56.2;48.3;0.432;827.0
mg;40576;ANTÔNIO CARLOS;Minas Gerais;Sudeste;-21.34384;-43.75686;9889;2113;21.37;33;22.5;50.5;49.1;0.382;808.0
mg;40592;ANTÔNIO DIAS;Minas Gerais;Sudeste;-19.60641;-42.8913;9101;2311;25.39;35;24.5;54.2;51.9;0.41;947.0
mg;40614;ANTÔNIO PRADO DE MINAS;Minas Gerais;Sudeste;-21.01878;-42.11001;1915;364;19.01;9;19.9;44.4;50.8;0.355;129.0
mg;40657;ARACITABA;Minas Gerais;Sudeste;-21.34075;-43.37885;2839;709;24.97;9;23.7;53.2;50.3;0.399;283.0
mg;40690;ARAGUARI;Minas Gerais;Sudeste;-18.63898;-48.18175;90272;20537;22.75;286;22.5;38.3;47.0;0.343;7049.0
mg;40711;ARANTINA;Minas Gerais;Sudeste;-21.91349;-44.25465;2872;632;22.01;9;23.2;44.6;50.2;0.373;236.0
mg;40738;ARAPONGA;Minas Gerais;Sudeste;-20.64696;-42.51714;6500;1147;17.65;24;26.4;63.0;51.1;0.44;504.0
mg;40029;ARAPORÃ;Minas Gerais;Sudeste;-18.43131;-49.18452;7006;1512;21.58;19;26.8;37.0;48.8;0.364;551.0
mg;40754;ARAPUÁ;Minas Gerais;Sudeste;-19.03568;-46.15561;3487;776;22.25;11;20.6;46.7;50.9;0.366;284.0
mg;40797;ARAXÁ;Minas Gerais;Sudeste;-19.59001;-46.94099;81839;18833;23.01;248;23.8;36.0;47.0;0.343;6461.0
mg;40630;ARAÇAÍ;Minas Gerais;Sudeste;-19.20201;-44.24844;2834;626;22.09;10;22.9;41.7;49.5;0.362;226.0
mg;40673;ARAÇUAÍ;Minas Gerais;Sudeste;-16.89222;-42.05732;28297;8562;30.26;90;23.9;49.8;48.0;0.385;3298.0
mg;40770;ARAÚJOS;Minas Gerais;Sudeste;-19.93257;-45.16892;6636;1085;16.35;21;23.6;53.4;48.2;0.393;427.0
mg;40819;ARCEBURGO;Minas Gerais;Sudeste;-21.3668;-46.9413;7685;1642;21.37;21;23.2;48.4;50.0;0.383;629.0
mg;40835;ARCOS;Minas Gerais;Sudeste;-20.28521;-45.54179;33540;7238;21.58;109;21.8;40.6;48.3;0.349;2529.0
mg;40851;AREADO;Minas Gerais;Sudeste;-21.35838;-46.14426;11770;2722;23.13;39;22.7;46.1;48.9;0.372;1012.0
mg;40878;ARGIRITA;Minas Gerais;Sudeste;-21.61085;-42.83587;3035;597;19.67;12;21.3;56.6;51.0;0.395;236.0
mg;41700;ARICANDUVA;Minas Gerais;Sudeste;-17.8658;-42.59215;5172;1390;26.88;15;27.7;57.0;51.1;0.432;601.0
mg;40894;ARINOS;Minas Gerais;Sudeste;-15.91144;-46.08084;14460;4138;28.62;48;25.8;45.2;50.3;0.388;1607.0
mg;40916;ASTOLFO DUTRA;Minas Gerais;Sudeste;-21.30847;-42.87269;10808;2153;19.92;36;20.9;53.6;48.9;0.38;818.0
mg;40932;ATALÉIA;Minas Gerais;Sudeste;-18.1235;-41.15562;11033;3375;30.59;38;21.2;64.3;49.2;0.406;1371.0
mg;40959;AUGUSTO DE LIMA;Minas Gerais;Sudeste;-18.11366;-44.25554;4467;1366;30.58;19;22.5;52.0;51.3;0.392;535.0
mg;40096;AÇUCENA;Minas Gerais;Sudeste;-19.06879;-42.49808;8227;2815;34.22;34;23.0;58.3;50.9;0.409;1150.0
mg;40975;BAEPENDI;Minas Gerais;Sudeste;-21.97647;-44.8771;15621;3285;21.03;53;22.3;52.3;48.8;0.384;1263.0
mg;40991;BALDIM;Minas Gerais;Sudeste;-19.30665;-43.91506;7093;1408;19.85;27;21.9;43.5;49.0;0.36;507.0
mg;41017;BAMBUÍ;Minas Gerais;Sudeste;-20.02047;-45.97877;19001;4942;26.01;65;21.0;46.6;48.0;0.361;1784.0
mg;41033;BANDEIRA;Minas Gerais;Sudeste;-15.8937;-40.55604;4576;1358;29.68;16;21.3;60.9;52.3;0.408;554.0
mg;41050;BANDEIRA DO SUL;Minas Gerais;Sudeste;-21.72786;-46.38477;5237;1101;21.02;18;22.3;56.6;49.1;0.396;436.0
mg;41114;BARBACENA;Minas Gerais;Sudeste;-21.22459;-43.76174;99361;20963;21.1;322;23.5;38.7;46.5;0.348;7304.0
mg;41130;BARRA LONGA;Minas Gerais;Sudeste;-20.29248;-43.05207;5500;1367;24.85;24;20.3;55.4;50.5;0.385;526.0
mg;41173;BARROSO;Minas Gerais;Sudeste;-21.19109;-43.97405;17476;3685;21.09;54;23.7;44.3;47.9;0.369;1361.0
mg;41076;BARÃO DE COCAIS;Minas Gerais;Sudeste;-19.9304;-43.47956;24133;4955;20.53;76;25.9;34.2;48.6;0.351;1738.0
mg;41092;BARÃO DE MONTE ALTO;Minas Gerais;Sudeste;-21.81841;-44.34937;5613;1343;23.93;19;22.9;52.0;49.6;0.389;523.0
mg;41190;BELA VISTA DE MINAS;Minas Gerais;Sudeste;-19.82574;-43.08772;8231;1633;19.84;33;24.1;42.7;47.1;0.365;595.0
mg;41211;BELMIRO BRAGA;Minas Gerais;Sudeste;-21.97151;-43.43402;3228;635;19.67;12;20.8;51.6;50.7;0.379;241.0
mg;41238;BELO HORIZONTE;Minas Gerais;Sudeste;-19.90172;-43.95966;1966966;464334;23.61;4927;22.3;27.1;45.3;0.301;139914.0
mg;41254;BELO ORIENTE;Minas Gerais;Sudeste;-19.26276;-42.43888;20697;5336;25.78;70;25.0;49.7;48.4;0.392;2091.0
mg;41270;BELO VALE;Minas Gerais;Sudeste;-20.41175;-44.06272;8588;1760;20.49;31;21.7;48.9;50.5;0.377;664.0
mg;41297;BERILO;Minas Gerais;Sudeste;-16.88949;-42.48313;8995;2975;33.07;38;23.9;54.4;49.8;0.402;1195.0
mg;41726;BERIZAL;Minas Gerais;Sudeste;-15.63383;-41.75243;4307;951;22.08;13;24.8;52.1;50.5;0.403;383.0
mg;41319;BERTÓPOLIS;Minas Gerais;Sudeste;-17.00885;-40.55356;4066;972;23.91;17;25.3;58.4;51.5;0.424;412.0
mg;41335;BETIM;Minas Gerais;Sudeste;-19.95364;-44.16555;301594;54318;18.01;1008;28.2;29.8;46.9;0.34;18462.0
mg;41351;BIAS FORTES;Minas Gerais;Sudeste;-21.4461;-43.69091;3816;988;25.89;12;22.3;56.8;51.5;0.403;398.0
mg;41378;BICAS;Minas Gerais;Sudeste;-21.71925;-43.06472;11578;2717;23.47;47;21.1;42.6;47.1;0.348;946.0
mg;41394;BIQUINHAS;Minas Gerais;Sudeste;-18.78419;-45.50564;2682;659;24.57;10;19.0;52.1;50.2;0.367;242.0
mg;41416;BOA ESPERANÇA;Minas Gerais;Sudeste;-21.09146;-45.56639;32515;8237;25.33;89;24.2;46.6;48.4;0.38;3126.0
mg;41432;BOCAINA DE MINAS;Minas Gerais;Sudeste;-22.20383;-44.4433;4428;1039;23.46;14;20.4;60.8;52.4;0.402;417.0
mg;41459;BOCAIÚVA;Minas Gerais;Sudeste;-17.16108;-43.83509;35646;7672;21.52;116;26.3;36.2;48.3;0.358;2749.0
mg;41475;BOM DESPACHO;Minas Gerais;Sudeste;-19.72888;-45.26033;39052;9113;23.34;125;23.3;43.0;47.2;0.361;3293.0
mg;41491;BOM JARDIM DE MINAS;Minas Gerais;Sudeste;-21.95304;-44.17787;6321;1335;21.12;23;22.8;49.3;49.7;0.382;510.0
mg;41513;BOM JESUS DA PENHA;Minas Gerais;Sudeste;-21.01645;-46.52012;3674;739;20.11;11;23.7;51.8;50.8;0.397;293.0
mg;41530;BOM JESUS DO AMPARO;Minas Gerais;Sudeste;-19.71126;-43.47595;5181;1246;24.05;19;24.0;49.2;49.4;0.387;483.0
mg;41556;BOM JESUS DO GALHO;Minas Gerais;Sudeste;-19.77583;-42.33315;12062;2608;21.62;41;22.7;54.6;50.0;0.395;1031.0
mg;41572;BOM REPOUSO;Minas Gerais;Sudeste;-22.46615;-46.16224;10209;1945;19.05;29;25.6;57.0;50.2;0.418;814.0
mg;41599;BOM SUCESSO;Minas Gerais;Sudeste;-21.03371;-44.75919;15102;4039;26.74;51;22.9;46.6;48.6;0.373;1505.0
mg;41610;BONFIM;Minas Gerais;Sudeste;-20.30804;-44.21206;7317;1721;23.52;25;18.2;57.6;50.5;0.375;646.0
mg;41637;BONFINÓPOLIS DE MINAS;Minas Gerais;Sudeste;-16.56564;-45.98948;5046;1383;27.41;22;23.3;47.4;50.4;0.382;528.0
mg;41742;BONITO DE MINAS;Minas Gerais;Sudeste;-15.0603;-44.84088;8624;2561;29.7;38;29.4;53.9;51.3;0.433;1109.0
mg;41653;BORDA DA MATA;Minas Gerais;Sudeste;-22.26887;-46.15923;13454;2806;20.86;45;21.0;51.0;49.3;0.375;1053.0
mg;41670;BOTELHOS;Minas Gerais;Sudeste;-21.64441;-46.41293;12776;3162;24.75;40;20.9;53.4;48.7;0.379;1198.0
mg;41696;BOTUMIRIM;Minas Gerais;Sudeste;-16.85157;-43.0271;5656;1618;28.61;19;26.8;47.8;51.6;0.404;655.0
mg;40045;BRASILÂNDIA DE MINAS;Minas Gerais;Sudeste;-17.0067;-46.00873;12436;2978;23.95;38;28.4;46.7;50.7;0.407;1211.0
mg;41718;BRASÍLIA DE MINAS;Minas Gerais;Sudeste;-16.3969;-44.35349;27089;7438;27.46;95;24.7;51.4;49.1;0.397;2951.0
mg;41777;BRAZÓPOLIS;Minas Gerais;Sudeste;-22.48908;-45.61615;12541;3165;25.24;41;22.3;48.2;50.1;0.377;1194.0
mg;41750;BRAÚNAS;Minas Gerais;Sudeste;-19.03744;-42.70913;4386;1377;31.4;20;22.6;58.6;49.7;0.404;557.0
mg;41793;BRUMADINHO;Minas Gerais;Sudeste;-20.15887;-44.14974;35366;7544;21.33;107;24.2;39.9;49.1;0.362;2729.0
mg;41734;BRÁS PIRES;Minas Gerais;Sudeste;-20.86553;-43.24666;4684;1393;29.74;15;23.0;51.6;50.5;0.391;545.0
mg;41815;BUENO BRANDÃO;Minas Gerais;Sudeste;-22.44268;-46.34796;8694;2114;24.32;25;19.9;59.2;49.7;0.388;821.0
mg;41831;BUENÓPOLIS;Minas Gerais;Sudeste;-17.86812;-44.12295;8547;3088;36.13;30;22.8;49.9;49.1;0.382;1181.0
mg;41769;BUGRE;Minas Gerais;Sudeste;-19.39783;-42.26601;4366;1090;24.97;16;23.1;58.2;49.7;0.406;443.0
mg;41858;BURITIS;Minas Gerais;Sudeste;-15.58645;-46.4652;20584;5306;25.78;66;26.3;45.7;49.6;0.391;2073.0
mg;41874;BURITIZEIRO;Minas Gerais;Sudeste;-17.47985;-44.95541;20491;5344;26.08;75;26.4;49.5;49.0;0.4;2137.0
mg;41785;CABECEIRA GRANDE;Minas Gerais;Sudeste;-16.07167;-47.17875;5891;1483;25.17;18;23.4;51.1;50.9;0.394;584.0
mg;41890;CABO VERDE;Minas Gerais;Sudeste;-21.46321;-46.38509;9574;2125;22.2;31;21.3;54.7;50.4;0.389;827.0
mg;41912;CACHOEIRA DA PRATA;Minas Gerais;Sudeste;-19.52367;-44.45553;3473;627;18.05;13;19.8;36.1;47.8;0.325;204.0
mg;41939;CACHOEIRA DE MINAS;Minas Gerais;Sudeste;-22.35641;-45.79213;10111;2062;20.39;33;21.9;44.2;50.9;0.367;756.0
mg;40533;CACHOEIRA DE PAJEÚ;Minas Gerais;Sudeste;-15.96682;-41.48762;6975;2021;28.97;30;26.1;57.9;49.2;0.421;850.0
mg;41955;CACHOEIRA DOURADA;Minas Gerais;Sudeste;-18.51645;-49.50112;2798;782;27.95;9;23.9;36.7;50.7;0.354;277.0
mg;41971;CAETANÓPOLIS;Minas Gerais;Sudeste;-19.30188;-44.40784;8761;1584;18.08;31;23.0;41.9;48.5;0.36;570.0
mg;41998;CAETÉ;Minas Gerais;Sudeste;-19.87993;-43.66155;34347;8230;23.96;106;22.6;38.5;47.9;0.347;2853.0
mg;42013;CAIANA;Minas Gerais;Sudeste;-20.69588;-41.91981;4437;905;20.4;16;26.7;55.3;50.5;0.421;381.0
mg;42030;CAJURI;Minas Gerais;Sudeste;-20.78502;-42.78167;4769;902;18.91;17;23.8;55.1;51.4;0.407;367.0
mg;42056;CALDAS;Minas Gerais;Sudeste;-21.89381;-46.36343;10805;2436;22.55;40;19.8;55.7;49.5;0.379;924.0
mg;42072;CAMACHO;Minas Gerais;Sudeste;-20.62594;-45.14605;3110;547;17.59;15;20.8;50.4;54.0;0.384;210.0
mg;42099;CAMANDUCAIA;Minas Gerais;Sudeste;-22.76547;-46.10617;18995;5077;26.73;51;25.7;49.5;49.9;0.399;2027.0
mg;42137;CAMBUQUIRA;Minas Gerais;Sudeste;-21.85223;-45.29119;10157;2705;26.63;32;23.0;50.4;48.2;0.382;1034.0
mg;42110;CAMBUÍ;Minas Gerais;Sudeste;-22.60504;-46.05886;22533;5611;24.9;65;22.4;42.9;47.9;0.359;2013.0
mg;42170;CAMPANHA;Minas Gerais;Sudeste;-21.83463;-45.40094;12729;3249;25.52;36;24.9;43.6;48.4;0.375;1217.0
mg;42153;CAMPANÁRIO;Minas Gerais;Sudeste;-18.23968;-41.7275;3378;990;29.31;14;25.9;50.2;49.3;0.4;396.0
mg;42196;CAMPESTRE;Minas Gerais;Sudeste;-21.71133;-46.24569;16477;3480;21.12;58;22.1;57.3;50.3;0.399;1390.0
mg;42218;CAMPINA VERDE;Minas Gerais;Sudeste;-19.53857;-49.53859;14505;3493;24.08;69;19.7;51.0;48.8;0.366;1279.0
mg;41807;CAMPO AZUL;Minas Gerais;Sudeste;-16.50239;-44.78722;4494;1404;31.24;17;28.4;48.2;52.2;0.415;583.0
mg;42234;CAMPO BELO;Minas Gerais;Sudeste;-20.89204;-45.27388;39354;10126;25.73;120;21.2;50.3;46.5;0.368;3722.0
mg;42250;CAMPO DO MEIO;Minas Gerais;Sudeste;-21.10911;-45.83143;10449;2499;23.92;33;22.6;51.1;49.1;0.384;961.0
mg;42277;CAMPO FLORIDO;Minas Gerais;Sudeste;-19.76642;-48.57448;6473;1388;21.44;25;27.9;45.7;50.9;0.402;558.0
mg;42293;CAMPOS ALTOS;Minas Gerais;Sudeste;-19.69351;-46.17375;10084;3068;30.42;34;24.4;52.2;48.9;0.396;1216.0
mg;42315;CAMPOS GERAIS;Minas Gerais;Sudeste;-21.2544;-45.76254;20481;5127;25.03;62;24.2;50.7;49.0;0.392;2009.0
mg;42374;CANA VERDE;Minas Gerais;Sudeste;-21.02884;-45.18018;4983;994;19.95;17;22.0;54.1;50.1;0.391;388.0
mg;42331;CANAÃ;Minas Gerais;Sudeste;-20.68422;-42.62379;4403;713;16.19;18;21.9;55.4;49.6;0.392;279.0
mg;42390;CANDEIAS;Minas Gerais;Sudeste;-20.76724;-45.28212;11511;2410;20.94;42;21.6;55.1;50.6;0.392;944.0
mg;41823;CANTAGALO;Minas Gerais;Sudeste;-18.52301;-42.62971;3858;1159;30.04;11;24.7;54.4;49.3;0.404;469.0
mg;42358;CANÁPOLIS;Minas Gerais;Sudeste;-18.72255;-49.20297;8776;2299;26.2;27;22.5;53.1;49.2;0.389;894.0
mg;42412;CAPARAÓ;Minas Gerais;Sudeste;-20.51552;-41.9071;4641;1032;22.24;15;27.7;57.1;50.6;0.431;445.0
mg;42439;CAPELA NOVA;Minas Gerais;Sudeste;-20.92367;-43.62254;4746;949;20.0;18;21.2;54.9;49.7;0.387;367.0
mg;42455;CAPELINHA;Minas Gerais;Sudeste;-17.68495;-42.51444;31072;7905;25.44;94;27.4;49.0;47.7;0.4;3163.0
mg;42471;CAPETINGA;Minas Gerais;Sudeste;-20.63363;-47.04928;5621;1486;26.44;18;21.1;60.2;50.2;0.4;594.0
mg;42498;CAPIM BRANCO;Minas Gerais;Sudeste;-19.54785;-44.13181;8469;1642;19.39;26;24.4;44.3;48.8;0.375;616.0
mg;42510;CAPINÓPOLIS;Minas Gerais;Sudeste;-18.68402;-49.57092;11606;2686;23.14;43;23.6;45.0;49.0;0.373;1002.0
mg;40061;CAPITÃO ANDRADE;Minas Gerais;Sudeste;-19.06828;-41.85074;4057;1051;25.91;14;21.4;62.4;47.9;0.4;420.0
mg;42536;CAPITÃO ENÉAS;Minas Gerais;Sudeste;-16.25847;-43.68569;13076;3281;25.09;46;28.7;47.2;50.5;0.409;1342.0
mg;42552;CAPITÓLIO;Minas Gerais;Sudeste;-20.61385;-46.04892;8244;2060;24.99;22;21.9;49.0;49.5;0.376;775.0
mg;42579;CAPUTIRA;Minas Gerais;Sudeste;-20.12745;-42.56978;7830;1291;16.49;28;26.4;55.1;50.0;0.417;539.0
mg;42617;CARANAÍBA;Minas Gerais;Sudeste;-19.41809;-43.342;3454;701;20.3;13;22.5;50.2;51.6;0.388;272.0
mg;42633;CARANDAÍ;Minas Gerais;Sudeste;-20.96283;-43.80462;20681;3685;17.82;65;24.6;48.2;49.0;0.387;1427.0
mg;42650;CARANGOLA;Minas Gerais;Sudeste;-20.72683;-42.05495;23082;4882;21.15;78;23.3;42.0;46.6;0.357;1744.0
mg;42676;CARATINGA;Minas Gerais;Sudeste;-19.75274;-42.25148;60397;13175;21.81;210;24.5;40.9;46.6;0.36;4747.0
mg;42595;CARAÍ;Minas Gerais;Sudeste;-17.29252;-41.90215;15521;4882;31.45;47;24.7;60.8;49.1;0.42;2048.0
mg;42692;CARBONITA;Minas Gerais;Sudeste;-17.51;-43.01356;8159;2204;27.01;29;24.2;54.1;51.0;0.406;894.0
mg;42714;CAREAÇU;Minas Gerais;Sudeste;-22.05106;-45.6904;5368;1168;21.76;16;22.7;47.1;51.0;0.379;443.0
mg;42730;CARLOS CHAGAS;Minas Gerais;Sudeste;-17.72046;-40.79847;16296;5106;31.33;54;21.1;54.1;49.0;0.382;1952.0
mg;42773;CARMO DA CACHOEIRA;Minas Gerais;Sudeste;-21.46301;-45.21105;9450;2459;26.02;30;24.4;57.2;49.5;0.41;1009.0
mg;42790;CARMO DA MATA;Minas Gerais;Sudeste;-20.55924;-44.87385;9616;1968;20.47;36;22.9;48.1;49.0;0.378;743.0
mg;42811;CARMO DE MINAS;Minas Gerais;Sudeste;-22.12821;-45.12165;9819;2124;21.63;32;24.8;50.8;48.2;0.393;835.0
mg;42838;CARMO DO CAJURU;Minas Gerais;Sudeste;-20.18214;-44.75819;19084;3642;19.08;57;24.7;47.8;49.0;0.387;1408.0
mg;42854;CARMO DO PARANAÍBA;Minas Gerais;Sudeste;-18.98449;-46.29145;22245;5219;23.46;81;22.1;49.3;48.1;0.374;1953.0
mg;42870;CARMO DO RIO CLARO;Minas Gerais;Sudeste;-20.9715;-46.12506;15908;3586;22.54;59;21.3;45.2;49.3;0.362;1297.0
mg;42757;CARMÉSIA;Minas Gerais;Sudeste;-19.07859;-43.14108;2716;770;28.35;10;24.4;54.1;49.7;0.403;310.0
mg;42897;CARMÓPOLIS DE MINAS;Minas Gerais;Sudeste;-20.54665;-44.63891;13900;2115;15.22;52;25.6;47.2;49.3;0.391;827.0
mg;40088;CARNEIRINHO;Minas Gerais;Sudeste;-19.76098;-50.76104;7997;1844;23.06;26;21.7;48.5;50.4;0.376;693.0
mg;42919;CARRANCAS;Minas Gerais;Sudeste;-21.49067;-44.64909;3441;784;22.78;12;22.1;41.3;50.4;0.358;281.0
mg;42951;CARVALHOS;Minas Gerais;Sudeste;-22.00887;-44.48309;3994;730;18.28;15;21.6;53.5;51.1;0.389;284.0
mg;42935;CARVALHÓPOLIS;Minas Gerais;Sudeste;-21.77918;-45.84212;3407;732;21.49;12;24.8;44.5;50.9;0.383;280.0
mg;42978;CASA GRANDE;Minas Gerais;Sudeste;-20.7933;-43.92641;3027;565;18.67;10;24.3;47.1;50.9;0.388;219.0
mg;42994;CASCALHO RICO;Minas Gerais;Sudeste;-18.59682;-47.88074;3773;854;22.63;12;21.9;49.0;51.4;0.381;325.0
mg;43052;CATAGUASES;Minas Gerais;Sudeste;-21.38457;-42.6898;52112;12608;24.19;169;21.3;41.3;46.3;0.344;4338.0
mg;41840;CATAS ALTAS;Minas Gerais;Sudeste;-20.07749;-43.40341;5156;1149;22.28;15;24.2;44.9;49.5;0.378;434.0
mg;43079;CATAS ALTAS DA NORUEGA;Minas Gerais;Sudeste;-20.68207;-43.50048;4149;960;23.14;14;26.7;48.4;51.3;0.405;388.0
mg;40100;CATUJI;Minas Gerais;Sudeste;-17.53168;-41.65776;8492;2360;27.79;27;27.9;60.4;49.1;0.436;1028.0
mg;41866;CATUTI;Minas Gerais;Sudeste;-15.3571;-43.0363;4594;1031;22.44;17;24.6;56.5;50.2;0.412;424.0
mg;43095;CAXAMBU;Minas Gerais;Sudeste;-21.98127;-44.93355;17661;5076;28.74;52;20.9;39.8;46.4;0.338;1713.0
mg;43117;CEDRO DO ABAETÉ;Minas Gerais;Sudeste;-19.14962;-45.70969;1420;394;27.75;4;22.9;48.1;50.9;0.382;151.0
mg;43133;CENTRAL DE MINAS;Minas Gerais;Sudeste;-18.77807;-41.29314;5637;1200;21.29;21;20.9;53.3;47.0;0.374;449.0
mg;43150;CENTRALINA;Minas Gerais;Sudeste;-18.58532;-49.20089;7672;1726;22.5;26;23.0;48.9;48.4;0.379;654.0
mg;43192;CHALÉ;Minas Gerais;Sudeste;-20.0281;-41.667;5275;922;17.48;17;25.3;47.6;49.2;0.39;359.0
mg;43214;CHAPADA DO NORTE;Minas Gerais;Sudeste;-17.11923;-42.47766;9254;3447;37.25;38;25.9;58.6;47.8;0.417;1438.0
mg;41882;CHAPADA GAÚCHA;Minas Gerais;Sudeste;-15.38026;-45.50088;9589;2470;25.76;34;31.2;48.2;50.5;0.424;1047.0
mg;43230;CHIADOR;Minas Gerais;Sudeste;-22.02113;-43.04581;3296;685;20.78;14;22.6;48.6;48.5;0.376;258.0
mg;43176;CHÁCARA;Minas Gerais;Sudeste;-21.67276;-43.22208;4371;919;21.02;17;22.3;44.2;50.7;0.368;338.0
mg;43257;CIPOTÂNEA;Minas Gerais;Sudeste;-20.90759;-43.36701;5815;1883;32.38;18;23.0;62.1;50.5;0.416;783.0
mg;43273;CLARAVAL;Minas Gerais;Sudeste;-20.39987;-47.2856;5081;1070;21.06;14;23.8;46.9;50.8;0.384;411.0
mg;43290;CLARO DOS POÇÕES;Minas Gerais;Sudeste;-17.19571;-44.23462;7507;1700;22.65;32;22.9;44.0;50.1;0.37;629.0
mg;43311;CLÁUDIO;Minas Gerais;Sudeste;-20.43033;-44.76512;22834;4465;19.55;71;25.0;45.1;48.5;0.379;1694.0
mg;43338;COIMBRA;Minas Gerais;Sudeste;-20.85693;-42.81245;6598;1204;18.25;20;22.5;50.9;49.3;0.384;462.0
mg;43354;COLUNA;Minas Gerais;Sudeste;-18.2485;-42.84033;6936;2102;30.31;25;23.9;64.0;49.2;0.422;887.0
mg;43370;COMENDADOR GOMES;Minas Gerais;Sudeste;-19.69624;-49.08365;2849;620;21.76;9;23.6;51.5;52.3;0.399;248.0
mg;43397;COMERCINHO;Minas Gerais;Sudeste;-16.26991;-41.78384;6685;2004;29.98;26;22.3;62.6;50.8;0.414;829.0
mg;43419;CONCEIÇÃO DA APARECIDA;Minas Gerais;Sudeste;-21.09654;-46.20531;8307;1868;22.49;25;21.2;56.3;50.0;0.391;730.0
mg;43036;CONCEIÇÃO DA BARRA DE MINAS;Minas Gerais;Sudeste;-21.12149;-44.47612;3677;685;18.63;12;23.6;52.8;50.8;0.398;273.0
mg;43451;CONCEIÇÃO DAS ALAGOAS;Minas Gerais;Sudeste;-19.92242;-48.37296;20159;4718;23.4;61;26.0;48.2;49.2;0.395;1862.0
mg;43435;CONCEIÇÃO DAS PEDRAS;Minas Gerais;Sudeste;-22.15669;-45.44844;2816;597;21.2;11;22.1;53.6;54.2;0.4;239.0
mg;43478;CONCEIÇÃO DE IPANEMA;Minas Gerais;Sudeste;-19.92596;-41.67324;4497;1038;23.08;16;22.6;59.9;50.1;0.408;423.0
mg;43494;CONCEIÇÃO DO MATO DENTRO;Minas Gerais;Sudeste;-19.01187;-43.44535;19793;5793;29.27;73;27.1;46.6;49.7;0.398;2304.0
mg;43516;CONCEIÇÃO DO PARÁ;Minas Gerais;Sudeste;-19.76881;-44.86929;5489;1191;21.7;17;19.8;51.5;51.2;0.374;445.0
mg;43532;CONCEIÇÃO DO RIO VERDE;Minas Gerais;Sudeste;-21.88129;-45.08658;10403;2589;24.89;37;23.8;53.6;49.2;0.398;1030.0
mg;43559;CONCEIÇÃO DOS OUROS;Minas Gerais;Sudeste;-22.41714;-45.79557;9042;1466;16.21;34;25.6;44.1;50.2;0.384;563.0
mg;41920;CONFINS;Minas Gerais;Sudeste;-19.63896;-43.98569;7057;1260;17.85;23;24.7;36.0;49.3;0.353;444.0
mg;43575;CONGONHAL;Minas Gerais;Sudeste;-22.15361;-46.04164;9730;1833;18.84;30;22.9;50.8;50.2;0.388;711.0
mg;43591;CONGONHAS;Minas Gerais;Sudeste;-20.5069;-43.85445;43886;9222;21.01;126;25.1;39.8;48.3;0.364;3358.0
mg;43613;CONGONHAS DO NORTE;Minas Gerais;Sudeste;-18.81849;-43.67906;4429;1327;29.96;16;27.4;55.9;50.2;0.425;564.0
mg;43630;CONQUISTA;Minas Gerais;Sudeste;-19.90929;-47.60373;5471;1049;19.17;20;25.9;41.8;51.0;0.381;399.0
mg;43656;CONSELHEIRO LAFAIETE;Minas Gerais;Sudeste;-20.6626;-43.78844;94215;15595;16.55;308;23.9;30.8;46.9;0.325;5072.0
mg;43672;CONSELHEIRO PENA;Minas Gerais;Sudeste;-19.18362;-41.49598;15714;3694;23.51;63;21.9;47.6;47.2;0.367;1355.0
mg;43699;CONSOLAÇÃO;Minas Gerais;Sudeste;-22.55269;-45.92374;2032;510;25.1;7;22.6;56.5;52.6;0.407;207.0
mg;43710;CONTAGEM;Minas Gerais;Sudeste;-19.91857;-44.05905;463466;87999;18.99;1359;25.7;27.1;45.9;0.317;27916.0
mg;43737;COQUEIRAL;Minas Gerais;Sudeste;-21.18888;-45.43298;7797;1834;23.52;26;23.2;51.3;49.4;0.389;713.0
mg;43753;CORAÇÃO DE JESUS;Minas Gerais;Sudeste;-16.6072;-44.32671;21928;6068;27.67;81;23.3;50.2;49.7;0.387;2350.0
mg;43770;CORDISBURGO;Minas Gerais;Sudeste;-19.12177;-44.29366;6880;1429;20.77;24;21.0;46.5;49.7;0.365;522.0
mg;43796;CORDISLÂNDIA;Minas Gerais;Sudeste;-21.79275;-45.70272;2969;680;22.9;12;23.7;48.1;51.4;0.388;264.0
mg;43818;CORINTO;Minas Gerais;Sudeste;-18.35962;-44.47113;19765;5923;29.97;71;22.8;49.7;48.0;0.379;2246.0
mg;43834;COROACI;Minas Gerais;Sudeste;-18.63458;-42.27043;7969;1844;23.14;30;24.7;52.1;50.4;0.402;741.0
mg;43850;COROMANDEL;Minas Gerais;Sudeste;-18.48605;-47.1776;24503;5561;22.7;72;22.0;48.8;49.3;0.375;2087.0
mg;43877;CORONEL FABRICIANO;Minas Gerais;Sudeste;-19.50585;-42.62205;79951;20059;25.09;262;23.0;38.8;46.3;0.346;6933.0
mg;43893;CORONEL MURTA;Minas Gerais;Sudeste;-16.60434;-42.18542;7295;1845;25.29;23;25.1;47.3;50.2;0.39;720.0
mg;43915;CORONEL PACHECO;Minas Gerais;Sudeste;-21.58802;-43.26418;3068;578;18.84;16;20.1;51.7;50.0;0.373;216.0
mg;43931;CORONEL XAVIER CHAVES;Minas Gerais;Sudeste;-21.02313;-44.21152;3179;605;19.03;14;20.0;50.4;49.4;0.368;223.0
mg;44016;COUTO DE MAGALHÃES DE MINAS;Minas Gerais;Sudeste;-18.07756;-43.47399;3916;1137;29.03;14;24.9;49.3;47.4;0.388;441.0
mg;44032;CRISTAIS;Minas Gerais;Sudeste;-20.85532;-45.51577;8667;1930;22.27;25;22.1;61.4;49.3;0.406;783.0
mg;44075;CRISTIANO OTONI;Minas Gerais;Sudeste;-20.8302;-43.81599;4448;772;17.36;16;25.1;44.2;49.5;0.38;293.0
mg;44091;CRISTINA;Minas Gerais;Sudeste;-22.20052;-45.27646;8297;2058;24.8;26;22.5;52.4;50.4;0.39;803.0
mg;44059;CRISTÁLIA;Minas Gerais;Sudeste;-16.72469;-42.87575;5202;1480;28.45;18;32.1;46.8;49.9;0.422;624.0
mg;41963;CRISÓLITA;Minas Gerais;Sudeste;-17.2569;-40.99507;4714;1432;30.38;19;27.0;57.0;51.4;0.429;615.0
mg;44113;CRUCILÂNDIA;Minas Gerais;Sudeste;-20.39486;-44.33643;5672;1348;23.77;15;20.7;56.2;51.6;0.392;528.0
mg;44130;CRUZEIRO DA FORTALEZA;Minas Gerais;Sudeste;-18.97156;-46.64547;4351;905;20.8;13;27.9;46.0;51.3;0.404;365.0
mg;44156;CRUZÍLIA;Minas Gerais;Sudeste;-21.83762;-44.809;12917;3053;23.64;37;24.4;53.3;48.5;0.398;1215.0
mg;41980;CUPARAQUE;Minas Gerais;Sudeste;-18.97412;-41.10318;3950;863;21.85;16;23.9;56.6;48.9;0.404;349.0
mg;42005;CURRAL DE DENTRO;Minas Gerais;Sudeste;-15.91877;-41.80122;6816;1792;26.29;19;28.0;54.9;50.0;0.425;762.0
mg;44172;CURVELO;Minas Gerais;Sudeste;-18.78509;-44.44066;61304;15193;24.78;203;24.8;40.4;46.6;0.36;5470.0
mg;43010;CÁSSIA;Minas Gerais;Sudeste;-20.58232;-46.92092;13923;4131;29.67;39;22.6;52.1;48.7;0.386;1593.0
mg;43958;CÓRREGO DANTA;Minas Gerais;Sudeste;-19.79411;-45.94243;3391;984;29.02;14;20.1;48.1;52.5;0.37;364.0
mg;43974;CÓRREGO DO BOM JESUS;Minas Gerais;Sudeste;-22.63216;-46.01698;4380;994;22.69;15;17.8;47.8;51.5;0.353;350.0
mg;41947;CÓRREGO FUNDO;Minas Gerais;Sudeste;-20.45503;-45.54606;5391;934;17.33;19;21.7;55.9;50.8;0.395;369.0
mg;43990;CÓRREGO NOVO;Minas Gerais;Sudeste;-19.82689;-42.40124;3921;1011;25.78;16;23.7;51.2;50.3;0.394;398.0
mg;41904;CÔNEGO MARINHO;Minas Gerais;Sudeste;-15.24203;-44.47564;6340;1592;25.11;28;25.7;48.1;50.6;0.397;632.0
mg;44199;DATAS;Minas Gerais;Sudeste;-18.50044;-43.66319;5139;1387;26.99;18;27.0;53.3;48.2;0.411;570.0
mg;44210;DELFIM MOREIRA;Minas Gerais;Sudeste;-22.47983;-45.27869;6363;1236;19.42;22;22.5;47.7;51.2;0.38;469.0
mg;44237;DELFINÓPOLIS;Minas Gerais;Sudeste;-20.38786;-46.79554;6314;1621;25.67;20;22.7;53.3;51.0;0.396;641.0
mg;42021;DELTA;Minas Gerais;Sudeste;-19.97281;-47.77427;7483;1685;22.52;25;29.1;45.2;50.1;0.404;681.0
mg;44253;DESCOBERTO;Minas Gerais;Sudeste;-21.4588;-42.96886;4548;942;20.71;13;21.2;54.9;50.7;0.389;367.0
mg;44270;DESTERRO DE ENTRE RIOS;Minas Gerais;Sudeste;-20.63753;-44.28737;6445;1340;20.79;22;21.2;58.0;51.2;0.398;533.0
mg;44296;DESTERRO DO MELO;Minas Gerais;Sudeste;-21.03196;-43.62106;4211;736;17.48;14;23.0;56.4;51.5;0.406;299.0
mg;44318;DIAMANTINA;Minas Gerais;Sudeste;-18.1561;-43.58291;38586;10290;26.67;132;25.3;39.7;46.8;0.361;3716.0
mg;44334;DIOGO DE VASCONCELOS;Minas Gerais;Sudeste;-20.48117;-43.19081;3860;966;25.03;16;24.3;57.0;51.3;0.414;400.0
mg;44350;DIONÍSIO;Minas Gerais;Sudeste;-19.8332;-42.74206;6910;2138;30.94;29;19.7;50.5;49.2;0.366;782.0
mg;44393;DIVINO;Minas Gerais;Sudeste;-20.60697;-42.15591;16044;4392;27.37;48;25.3;60.3;49.1;0.421;1850.0
mg;44415;DIVINO DAS LARANJEIRAS;Minas Gerais;Sudeste;-18.76382;-41.50432;4710;1218;25.86;16;23.5;47.4;48.8;0.379;461.0
mg;44431;DIVINOLÂNDIA DE MINAS;Minas Gerais;Sudeste;-18.80223;-42.61624;6375;1813;28.44;19;25.9;58.2;47.7;0.416;754.0
mg;44377;DIVINÉSIA;Minas Gerais;Sudeste;-20.99225;-43.00173;5015;1021;20.36;17;25.5;51.1;50.5;0.404;412.0
mg;44458;DIVINÓPOLIS;Minas Gerais;Sudeste;-20.14353;-44.89101;171705;32009;18.64;501;22.9;32.3;46.4;0.325;10389.0
mg;40126;DIVISA ALEGRE;Minas Gerais;Sudeste;-15.72035;-41.34348;5228;1356;25.94;15;29.0;55.4;47.9;0.426;577.0
mg;44474;DIVISA NOVA;Minas Gerais;Sudeste;-21.51024;-46.20148;5108;1208;23.65;15;25.1;52.8;50.6;0.406;490.0
mg;40142;DIVISÓPOLIS;Minas Gerais;Sudeste;-15.72394;-41.00359;7088;1836;25.9;19;25.3;60.5;50.4;0.426;782.0
mg;42048;DOM BOSCO;Minas Gerais;Sudeste;-16.71302;-46.26156;3779;862;22.81;13;24.5;49.4;53.2;0.4;345.0
mg;44490;DOM CAVATI;Minas Gerais;Sudeste;-19.56649;-42.31507;4341;857;19.74;20;22.9;45.8;47.4;0.367;315.0
mg;44512;DOM JOAQUIM;Minas Gerais;Sudeste;-18.93939;-43.25959;4274;1228;28.73;18;25.8;50.4;49.4;0.401;492.0
mg;44539;DOM SILVÉRIO;Minas Gerais;Sudeste;-20.15843;-42.96725;4478;1094;24.43;15;19.5;48.4;47.5;0.355;389.0
mg;44555;DOM VIÇOSO;Minas Gerais;Sudeste;-22.24452;-45.1563;3158;611;19.35;9;21.6;49.7;50.9;0.379;232.0
mg;44571;DONA EUSÉBIA;Minas Gerais;Sudeste;-21.3215;-42.81692;5779;969;16.77;19;26.3;53.0;49.3;0.409;397.0
mg;44598;DORES DE CAMPOS;Minas Gerais;Sudeste;-21.40829;-44.29378;8082;1165;14.41;27;24.4;54.5;48.3;0.4;466.0
mg;44610;DORES DE GUANHÃES;Minas Gerais;Sudeste;-19.01604;-42.96147;5278;1548;29.33;20;25.3;56.2;51.3;0.418;646.0
mg;44636;DORES DO INDAIÁ;Minas Gerais;Sudeste;-19.46651;-45.60283;10109;2542;25.15;42;20.5;43.3;47.4;0.348;884.0
mg;44652;DORES DO TURVO;Minas Gerais;Sudeste;-20.97569;-43.19283;5453;1361;24.96;19;24.3;51.9;50.0;0.398;542.0
mg;44679;DORESÓPOLIS;Minas Gerais;Sudeste;-20.28842;-45.90236;2217;678;30.58;7;25.7;46.4;50.5;0.392;266.0
mg;44695;DOURADOQUARA;Minas Gerais;Sudeste;-18.44248;-47.60466;2127;456;21.44;7;21.4;46.6;50.6;0.37;169.0
mg;40169;DURANDÉ;Minas Gerais;Sudeste;-20.16783;-41.80038;6586;1519;23.06;24;26.8;61.2;50.1;0.435;660.0
mg;44717;ELÓI MENDES;Minas Gerais;Sudeste;-21.60853;-45.56407;19976;4338;21.72;58;24.0;50.6;47.2;0.386;1674.0
mg;44733;ENGENHEIRO CALDAS;Minas Gerais;Sudeste;-19.1719;-42.03834;7790;1813;23.27;30;25.2;50.2;47.9;0.393;712.0
mg;44750;ENGENHEIRO NAVARRO;Minas Gerais;Sudeste;-17.28637;-43.94402;6173;1465;23.73;19;24.9;45.3;49.3;0.382;559.0
mg;40185;ENTRE FOLHAS;Minas Gerais;Sudeste;-19.62559;-42.23148;5891;1334;22.64;20;23.7;56.3;49.3;0.404;539.0
mg;44776;ENTRE RIOS DE MINAS;Minas Gerais;Sudeste;-20.6874;-44.06898;12811;2848;22.23;40;23.2;48.9;49.0;0.381;1086.0
mg;44792;ERVÁLIA;Minas Gerais;Sudeste;-20.85105;-42.63565;16479;3262;19.79;63;24.3;55.4;48.6;0.403;1313.0
mg;44814;ESMERALDAS;Minas Gerais;Sudeste;-19.76532;-44.22902;56992;13634;23.92;187;26.3;44.5;48.2;0.384;5229.0
mg;44830;ESPERA FELIZ;Minas Gerais;Sudeste;-20.63216;-41.9037;18168;4081;22.46;61;25.0;52.2;46.9;0.394;1607.0
mg;44857;ESPINOSA;Minas Gerais;Sudeste;-14.90393;-42.83258;23564;4860;20.62;103;24.1;51.4;47.6;0.389;1891.0
mg;44873;ESPÍRITO SANTO DO DOURADO;Minas Gerais;Sudeste;-22.03366;-45.9552;5532;1228;22.2;16;26.4;53.3;51.7;0.418;513.0
mg;44890;ESTIVA;Minas Gerais;Sudeste;-22.45127;-46.02123;9545;1732;18.15;34;21.8;55.1;50.2;0.392;679.0
mg;44911;ESTRELA DALVA;Minas Gerais;Sudeste;-21.7395;-42.46647;2914;741;25.43;10;22.3;48.8;49.9;0.379;281.0
mg;44938;ESTRELA DO INDAIÁ;Minas Gerais;Sudeste;-19.53376;-45.78963;2723;686;25.19;11;19.1;48.5;49.0;0.356;244.0
mg;44954;ESTRELA DO SUL;Minas Gerais;Sudeste;-18.70367;-47.70275;5930;1284;21.65;20;22.8;49.0;51.6;0.387;496.0
mg;44970;EUGENÓPOLIS;Minas Gerais;Sudeste;-21.06243;-42.18978;8752;1741;19.89;31;21.3;48.7;49.4;0.372;647.0
mg;44997;EWBANK DA CÂMARA;Minas Gerais;Sudeste;-21.55435;-43.5123;4497;991;22.04;14;25.5;48.5;50.1;0.396;392.0
mg;45012;EXTREMA;Minas Gerais;Sudeste;-22.8496;-46.31503;43712;11317;25.89;116;28.5;35.5;48.4;0.366;4143.0
mg;45039;FAMA;Minas Gerais;Sudeste;-27.93965;-49.95979;3353;895;26.69;11;18.6;47.7;50.9;0.356;319.0
mg;45055;FARIA LEMOS;Minas Gerais;Sudeste;-20.79693;-42.03715;3325;672;20.21;13;23.6;44.5;49.1;0.372;250.0
mg;45110;FELISBURGO;Minas Gerais;Sudeste;-16.65008;-40.75512;5960;1872;31.41;17;25.3;59.4;49.8;0.421;788.0
mg;45136;FELIXLÂNDIA;Minas Gerais;Sudeste;-18.74944;-44.93691;12556;3274;26.08;39;20.7;55.5;49.5;0.385;1260.0
mg;45071;FELÍCIO DOS SANTOS;Minas Gerais;Sudeste;-18.08451;-43.23737;5047;1729;34.26;16;25.0;58.0;48.4;0.413;713.0
mg;45152;FERNANDES TOURINHO;Minas Gerais;Sudeste;-19.14976;-42.087;2576;583;22.63;11;23.7;54.3;48.8;0.397;232.0
mg;45179;FERROS;Minas Gerais;Sudeste;-19.2276;-42.97751;8590;2596;30.22;35;22.0;59.6;49.4;0.401;1042.0
mg;40207;FERVEDOURO;Minas Gerais;Sudeste;-20.7113;-42.31792;8564;1630;19.03;28;26.5;58.1;49.6;0.424;692.0
mg;45195;FLORESTAL;Minas Gerais;Sudeste;-19.8851;-44.43296;6984;1534;21.96;22;23.4;41.6;49.5;0.364;558.0
mg;45217;FORMIGA;Minas Gerais;Sudeste;-20.47151;-45.44095;54476;12177;22.35;180;21.3;43.9;47.4;0.354;4310.0
mg;45233;FORMOSO;Minas Gerais;Sudeste;-14.96456;-46.26719;6282;1438;22.89;23;26.5;50.8;52.0;0.412;592.0
mg;45250;FORTALEZA DE MINAS;Minas Gerais;Sudeste;-20.84877;-46.71241;3215;840;26.13;11;21.3;53.7;51.1;0.388;326.0
mg;45276;FORTUNA DE MINAS;Minas Gerais;Sudeste;-19.56147;-44.45273;3012;530;17.6;11;21.3;38.1;49.6;0.343;182.0
mg;45292;FRANCISCO BADARÓ;Minas Gerais;Sudeste;-16.99252;-42.34241;7239;2615;36.12;30;21.8;61.4;51.2;0.409;1070.0
mg;45314;FRANCISCO DUMONT;Minas Gerais;Sudeste;-17.31435;-44.2343;4726;1406;29.75;17;26.4;45.4;50.6;0.393;552.0
mg;45330;FRANCISCO SÁ;Minas Gerais;Sudeste;-16.41412;-43.47192;19570;4959;25.34;86;25.0;49.5;49.6;0.394;1956.0
mg;40223;FRANCISCÓPOLIS;Minas Gerais;Sudeste;-17.95391;-41.99371;5005;1591;31.79;16;24.0;58.3;51.7;0.417;663.0
mg;45357;FREI GASPAR;Minas Gerais;Sudeste;-18.08711;-41.46888;5965;1544;25.88;19;26.8;55.3;50.6;0.422;651.0
mg;45373;FREI INOCÊNCIO;Minas Gerais;Sudeste;-18.55634;-41.89873;6787;1472;21.69;28;25.9;47.2;48.1;0.389;572.0
mg;42064;FREI LAGONEGRO;Minas Gerais;Sudeste;-18.1491;-42.76354;3669;953;25.97;12;26.2;59.8;51.0;0.431;410.0
mg;45390;FRONTEIRA;Minas Gerais;Sudeste;-20.28306;-49.20298;10748;2650;24.66;31;23.7;49.7;48.9;0.386;1023.0
mg;49352;FRONTEIRA DOS VALES;Minas Gerais;Sudeste;-16.89184;-40.8791;4372;1200;27.45;17;25.1;50.7;50.9;0.402;482.0
mg;42080;FRUTA DE LEITE;Minas Gerais;Sudeste;-16.12475;-42.51623;5143;1857;36.11;23;26.1;60.2;51.1;0.431;801.0
mg;45411;FRUTAL;Minas Gerais;Sudeste;-20.03097;-48.94216;42351;10962;25.88;125;22.9;45.8;47.3;0.368;4030.0
mg;45438;FUNILÂNDIA;Minas Gerais;Sudeste;-23.49204;-48.18137;5397;1206;22.35;19;23.4;41.7;51.0;0.368;444.0
mg;45454;GALILÉIA;Minas Gerais;Sudeste;-19.70177;-42.29479;5434;1551;28.54;20;24.2;44.8;48.7;0.375;582.0
mg;42102;GAMELEIRAS;Minas Gerais;Sudeste;-15.03826;-43.12575;4725;951;20.13;20;24.2;50.6;50.9;0.397;377.0
mg;42129;GLAUCILÂNDIA;Minas Gerais;Sudeste;-16.87513;-43.68586;4010;788;19.65;14;22.9;39.0;50.6;0.356;281.0
mg;42145;GOIABEIRA;Minas Gerais;Sudeste;-18.98037;-41.22183;3104;750;24.16;9;22.0;55.8;48.7;0.391;293.0
mg;42161;GOIANÁ;Minas Gerais;Sudeste;-21.53843;-43.20163;4491;1049;23.36;12;20.2;44.0;49.9;0.354;372.0
mg;45497;GONZAGA;Minas Gerais;Sudeste;-18.81873;-42.48243;4583;1341;29.26;18;24.5;58.3;47.8;0.409;548.0
mg;45470;GONÇALVES;Minas Gerais;Sudeste;-24.85089;-47.49121;4111;1015;24.69;15;20.7;52.6;52.5;0.385;391.0
mg;45519;GOUVEIA;Minas Gerais;Sudeste;-18.49123;-43.77871;10625;2837;26.7;35;23.0;53.4;48.6;0.391;1109.0
mg;45535;GOVERNADOR VALADARES;Minas Gerais;Sudeste;-18.86056;-41.96603;193573;44932;23.21;661;24.8;32.5;45.2;0.331;14889.0
mg;45578;GRUPIARA;Minas Gerais;Sudeste;-18.49513;-47.72302;1789;368;20.57;7;19.9;41.3;52.4;0.35;129.0
mg;45551;GRÃO MOGOL;Minas Gerais;Sudeste;-16.45658;-42.94821;12003;3761;31.33;42;25.7;51.1;50.1;0.404;1519.0
mg;45594;GUANHÃES;Minas Gerais;Sudeste;-18.78987;-42.90207;25045;8013;31.99;88;25.5;48.4;46.9;0.387;3098.0
mg;45616;GUAPÉ;Minas Gerais;Sudeste;-20.76681;-45.92451;10938;2738;25.03;37;22.7;52.3;51.1;0.393;1077.0
mg;45632;GUARACIABA;Minas Gerais;Sudeste;-20.5644;-43.02359;8024;1918;23.9;32;20.7;59.4;49.7;0.394;756.0
mg;42188;GUARACIAMA;Minas Gerais;Sudeste;-17.01459;-43.66886;5315;1151;21.66;15;23.3;41.2;51.6;0.367;423.0
mg;45675;GUARANI;Minas Gerais;Sudeste;-21.389;-43.07155;6718;1514;22.54;22;21.6;51.9;49.6;0.382;578.0
mg;45659;GUARANÉSIA;Minas Gerais;Sudeste;-21.29747;-46.78815;14892;3492;23.45;42;23.2;48.8;48.9;0.381;1331.0
mg;45691;GUARARÁ;Minas Gerais;Sudeste;-21.73085;-43.04031;3674;764;20.79;15;22.0;50.4;49.7;0.38;290.0
mg;45713;GUARDA-MOR;Minas Gerais;Sudeste;-17.7724;-47.10732;6295;1627;25.85;20;23.4;52.8;51.5;0.399;650.0
mg;45730;GUAXUPÉ;Minas Gerais;Sudeste;-21.30915;-46.71502;39360;9851;25.03;111;22.2;41.2;47.4;0.351;3461.0
mg;45756;GUIDOVAL;Minas Gerais;Sudeste;-21.15009;-42.7958;6718;1220;18.16;27;22.8;54.6;49.1;0.394;481.0
mg;45772;GUIMARÂNIA;Minas Gerais;Sudeste;-18.83551;-46.79633;6658;1304;19.59;24;27.2;44.4;50.3;0.393;513.0
mg;45799;GUIRICEMA;Minas Gerais;Sudeste;-21.01048;-42.70931;7504;1488;19.83;25;21.3;55.6;49.8;0.389;579.0
mg;45810;GURINHATÃ;Minas Gerais;Sudeste;-19.14864;-49.79995;5083;1339;26.34;26;16.8;58.2;53.3;0.374;501.0
mg;45837;HELIODORA;Minas Gerais;Sudeste;-22.0643;-45.53426;5308;973;18.33;17;22.8;55.4;51.0;0.401;390.0
mg;45853;IAPU;Minas Gerais;Sudeste;-19.42062;-42.21744;8427;2154;25.56;26;23.1;57.4;47.9;0.399;860.0
mg;45870;IBERTIOGA;Minas Gerais;Sudeste;-20.99486;-43.83156;4944;1103;22.31;16;22.8;55.3;49.0;0.395;436.0
mg;45918;IBIAÍ;Minas Gerais;Sudeste;-16.84917;-44.8802;6806;2056;30.21;21;25.8;55.7;50.2;0.416;856.0
mg;42200;IBIRACATU;Minas Gerais;Sudeste;-15.64439;-44.14728;5860;1752;29.9;21;24.5;59.6;51.4;0.422;739.0
mg;45934;IBIRACI;Minas Gerais;Sudeste;-20.44924;-47.12369;9469;2241;23.67;27;25.5;50.5;49.5;0.399;895.0
mg;45950;IBIRITÉ;Minas Gerais;Sudeste;-20.00759;-44.06672;122338;23451;19.17;353;29.7;37.1;47.1;0.373;8746.0
mg;45977;IBITIÚRA DE MINAS;Minas Gerais;Sudeste;-22.0648;-46.44167;3709;859;23.16;11;23.5;53.9;49.8;0.398;342.0
mg;45993;IBITURUNA;Minas Gerais;Sudeste;-21.15312;-44.74783;2602;578;22.21;9;26.5;43.1;50.9;0.387;224.0
mg;45896;IBIÁ;Minas Gerais;Sudeste;-19.5035;-46.54907;16840;4258;25.29;58;23.2;48.4;49.0;0.381;1621.0
mg;40240;ICARAÍ DE MINAS;Minas Gerais;Sudeste;-16.22091;-44.89986;8823;2140;24.25;32;27.5;51.1;50.8;0.415;888.0
mg;46019;IGARAPÉ;Minas Gerais;Sudeste;-20.06501;-44.3083;35009;8048;22.99;100;26.6;41.4;48.3;0.376;3026.0
mg;46035;IGARATINGA;Minas Gerais;Sudeste;-19.93661;-44.71656;8345;1635;19.59;25;26.8;59.2;49.9;0.43;703.0
mg;46051;IGUATAMA;Minas Gerais;Sudeste;-20.17827;-45.72494;6258;1534;24.51;25;20.5;48.8;48.8;0.365;560.0
mg;46078;IJACI;Minas Gerais;Sudeste;-21.17293;-44.92303;5796;1070;18.46;16;24.7;47.3;49.2;0.386;413.0
mg;46094;ILICÍNEA;Minas Gerais;Sudeste;-20.94005;-45.8264;9938;2293;23.07;28;24.4;53.1;49.8;0.401;920.0
mg;42226;IMBÉ DE MINAS;Minas Gerais;Sudeste;-19.30025;-42.81025;5725;1238;21.62;20;24.9;61.0;50.8;0.426;527.0
mg;46116;INCONFIDENTES;Minas Gerais;Sudeste;-22.31318;-46.3304;6559;1480;22.56;17;22.5;54.3;50.9;0.396;586.0
mg;42242;INDAIABIRA;Minas Gerais;Sudeste;-15.51563;-42.1716;6438;1864;28.95;21;26.0;56.4;50.4;0.42;782.0
mg;46132;INDIANÓPOLIS;Minas Gerais;Sudeste;-18.84679;-48.04923;5187;1090;21.01;16;23.8;54.0;51.1;0.404;440.0
mg;46159;INGAÍ;Minas Gerais;Sudeste;-21.40331;-44.9172;2824;496;17.56;11;23.6;44.5;50.9;0.376;187.0
mg;46175;INHAPIM;Minas Gerais;Sudeste;-19.53289;-42.0629;19666;4836;24.59;74;22.0;55.4;49.0;0.391;1891.0
mg;46191;INHAÚMA;Minas Gerais;Sudeste;-22.1834;-47.38126;5730;1220;21.29;18;23.8;41.7;50.0;0.367;448.0
mg;46213;INIMUTABA;Minas Gerais;Sudeste;-18.71925;-44.33823;6575;1763;26.81;22;23.0;53.6;49.8;0.395;696.0
mg;40266;IPABA;Minas Gerais;Sudeste;-19.42346;-42.37942;13853;3416;24.66;42;26.5;52.6;48.0;0.406;1386.0
mg;46230;IPANEMA;Minas Gerais;Sudeste;-19.79791;-41.72022;16009;4449;27.79;50;21.9;54.9;46.6;0.382;1701.0
mg;46256;IPATINGA;Minas Gerais;Sudeste;-19.4654;-42.55583;176630;43053;24.37;543;23.0;37.0;46.2;0.34;14643.0
mg;46272;IPIAÇU;Minas Gerais;Sudeste;-18.69243;-49.94401;3926;1153;29.37;13;24.5;48.3;51.2;0.393;453.0
mg;46299;IPUIÚNA;Minas Gerais;Sudeste;-22.08922;-46.18321;7715;1563;20.26;24;22.0;61.2;49.6;0.406;634.0
mg;46310;IRAÍ DE MINAS;Minas Gerais;Sudeste;-18.99435;-47.46159;6872;1400;20.37;21;26.7;45.7;50.7;0.396;554.0
mg;46337;ITABIRA;Minas Gerais;Sudeste;-19.63091;-43.23397;88413;15960;18.05;277;23.6;32.2;46.6;0.328;5240.0
mg;46353;ITABIRINHA;Minas Gerais;Sudeste;-18.55145;-41.24649;8908;1825;20.49;37;23.6;49.9;46.9;0.381;695.0
mg;46370;ITABIRITO;Minas Gerais;Sudeste;-20.25256;-43.80417;45012;9837;21.85;135;24.3;39.1;48.1;0.358;3518.0
mg;46396;ITACAMBIRA;Minas Gerais;Sudeste;-17.00519;-43.23582;4825;1164;24.12;25;24.7;44.9;52.4;0.387;451.0
mg;46418;ITACARAMBI;Minas Gerais;Sudeste;-15.09877;-44.11223;14164;4286;30.26;50;27.6;49.2;48.7;0.405;1735.0
mg;46434;ITAGUARA;Minas Gerais;Sudeste;-20.38737;-44.50071;10982;2131;19.4;43;23.0;50.0;49.7;0.385;820.0
mg;46450;ITAIPÉ;Minas Gerais;Sudeste;-19.8226;-44.60975;9564;2945;30.79;30;28.2;59.8;48.2;0.433;1276.0
mg;46477;ITAJUBÁ;Minas Gerais;Sudeste;-22.42772;-45.45352;68385;13689;20.02;221;24.9;26.7;47.5;0.316;4330.0
mg;46493;ITAMARANDIBA;Minas Gerais;Sudeste;-17.8747;-42.86533;26424;6415;24.28;85;28.1;52.1;48.3;0.414;2654.0
mg;46515;ITAMARATI DE MINAS;Minas Gerais;Sudeste;-21.41473;-42.82725;3881;802;20.66;14;20.9;51.9;50.6;0.38;305.0
mg;46531;ITAMBACURI;Minas Gerais;Sudeste;-18.04599;-41.73416;18385;5865;31.9;65;24.6;53.5;46.5;0.394;2312.0
mg;46558;ITAMBÉ DO MATO DENTRO;Minas Gerais;Sudeste;-19.40837;-43.32302;2720;655;24.08;10;22.3;47.6;51.9;0.381;249.0
mg;46574;ITAMOGI;Minas Gerais;Sudeste;-21.07661;-47.048;9062;2209;24.38;27;22.5;52.5;49.2;0.387;856.0
mg;46590;ITAMONTE;Minas Gerais;Sudeste;-22.28364;-44.84875;12325;2737;22.21;36;23.4;47.4;48.9;0.379;1037.0
mg;46612;ITANHANDU;Minas Gerais;Sudeste;-22.30212;-44.93204;12883;2928;22.73;36;22.4;40.2;47.1;0.349;1021.0
mg;46639;ITANHOMI;Minas Gerais;Sudeste;-19.17571;-41.83861;9623;2636;27.39;33;20.7;56.3;47.4;0.381;1004.0
mg;46655;ITAOBIM;Minas Gerais;Sudeste;-16.5669;-41.50566;16895;4977;29.46;54;23.6;54.0;48.0;0.394;1961.0
mg;46671;ITAPAGIPE;Minas Gerais;Sudeste;-19.90306;-49.36993;10384;2479;23.87;33;21.1;46.1;49.5;0.364;902.0
mg;46698;ITAPECERICA;Minas Gerais;Sudeste;-20.45279;-45.1054;17090;2744;16.06;72;21.5;41.2;48.6;0.351;962.0
mg;46710;ITAPEVA;Minas Gerais;Sudeste;-22.7698;-46.22257;9518;2492;26.18;26;25.3;43.6;49.4;0.379;945.0
mg;46736;ITATIAIUÇU;Minas Gerais;Sudeste;-20.2066;-44.41953;12385;2777;22.42;38;24.5;47.7;49.5;0.387;1074.0
mg;46779;ITAVERAVA;Minas Gerais;Sudeste;-20.66586;-43.6131;5696;965;16.94;20;25.1;52.9;51.8;0.41;396.0
mg;54453;ITAÚ DE MINAS;Minas Gerais;Sudeste;-20.74408;-46.75302;12435;3028;24.35;35;21.7;40.0;48.6;0.348;1055.0
mg;46752;ITAÚNA;Minas Gerais;Sudeste;-20.08056;-44.58375;70855;14843;20.95;232;23.6;38.5;47.4;0.351;5203.0
mg;46795;ITINGA;Minas Gerais;Sudeste;-16.61026;-41.80404;11490;3282;28.56;39;25.2;55.9;50.4;0.414;1359.0
mg;46817;ITUETA;Minas Gerais;Sudeste;-19.38189;-41.16266;5084;1115;21.93;19;21.5;56.0;49.2;0.39;435.0
mg;46833;ITUIUTABA;Minas Gerais;Sudeste;-18.97767;-49.46247;77491;20386;26.31;275;22.5;43.2;46.4;0.356;7258.0
mg;46850;ITUMIRIM;Minas Gerais;Sudeste;-21.29232;-44.82651;5825;1119;19.21;22;24.0;42.0;49.5;0.368;412.0
mg;46876;ITURAMA;Minas Gerais;Sudeste;-19.7286;-50.2117;30000;7951;26.5;86;25.8;42.5;48.2;0.375;2985.0
mg;46892;ITUTINGA;Minas Gerais;Sudeste;-21.29973;-44.65741;3559;682;19.16;12;22.5;42.8;51.2;0.366;250.0
mg;46914;JABOTICATUBAS;Minas Gerais;Sudeste;-19.47861;-43.75922;16254;3804;23.4;51;22.0;51.5;49.3;0.382;1453.0
mg;46930;JACINTO;Minas Gerais;Sudeste;-16.15845;-40.32066;9221;2871;31.14;32;22.2;56.5;49.5;0.396;1137.0
mg;46973;JACUTINGA;Minas Gerais;Sudeste;-22.28541;-46.61425;19258;4444;23.08;52;22.9;49.8;48.3;0.381;1692.0
mg;46957;JACUÍ;Minas Gerais;Sudeste;-21.02464;-46.73428;6410;1529;23.85;19;22.6;56.3;49.9;0.399;610.0
mg;46990;JAGUARAÇU;Minas Gerais;Sudeste;-19.64321;-42.73381;3209;617;19.23;11;21.2;49.1;49.4;0.372;230.0
mg;40304;JAMPRUCA;Minas Gerais;Sudeste;-18.47573;-41.78952;4243;1136;26.77;15;26.1;55.7;51.0;0.42;477.0
mg;47015;JANAÚBA;Minas Gerais;Sudeste;-15.80506;-43.31361;55304;12381;22.39;197;26.8;40.6;47.4;0.372;4607.0
mg;47031;JANUÁRIA;Minas Gerais;Sudeste;-15.45347;-44.49406;51291;14736;28.73;191;25.5;43.9;48.2;0.378;5570.0
mg;47058;JAPARAÍBA;Minas Gerais;Sudeste;-20.13723;-45.51882;3685;623;16.91;11;24.1;45.7;49.2;0.378;236.0
mg;42269;JAPONVAR;Minas Gerais;Sudeste;-16.17167;-44.27686;8549;2213;25.89;29;25.4;56.6;51.2;0.419;927.0
mg;40282;JAÍBA;Minas Gerais;Sudeste;-15.58564;-44.74875;27130;6689;24.66;91;29.4;52.2;49.6;0.424;2837.0
mg;47074;JECEABA;Minas Gerais;Sudeste;-20.54526;-44.01478;5837;1051;18.01;23;22.9;46.8;50.6;0.379;398.0
mg;42285;JENIPAPO DE MINAS;Minas Gerais;Sudeste;-17.10102;-42.24425;6076;2253;37.08;18;27.1;57.1;50.2;0.426;961.0
mg;47090;JEQUERI;Minas Gerais;Sudeste;-20.4581;-42.64315;10390;2855;27.48;34;22.7;59.2;49.0;0.404;1153.0
mg;47112;JEQUITAÍ;Minas Gerais;Sudeste;-17.22668;-44.42767;6548;2100;32.07;22;21.7;57.7;49.6;0.396;832.0
mg;47139;JEQUITIBÁ;Minas Gerais;Sudeste;-19.21706;-44.00677;5903;1154;19.55;24;22.5;49.2;53.4;0.389;449.0
mg;47155;JEQUITINHONHA;Minas Gerais;Sudeste;-16.42197;-41.04726;18092;5773;31.91;59;23.5;55.4;49.0;0.4;2307.0
mg;47171;JESUÂNIA;Minas Gerais;Sudeste;-22.00351;-45.29197;4445;998;22.45;13;21.7;53.1;49.9;0.386;385.0
mg;47210;JOANÉSIA;Minas Gerais;Sudeste;-19.18753;-42.68949;5118;1505;29.41;23;22.5;60.9;51.2;0.412;621.0
mg;47279;JOAQUIM FELÍCIO;Minas Gerais;Sudeste;-17.73344;-44.14143;3756;1172;31.2;16;23.4;46.4;49.2;0.376;441.0
mg;47198;JOAÍMA;Minas Gerais;Sudeste;-16.69646;-41.03291;11145;3495;31.36;40;23.9;60.7;48.9;0.414;1445.0
mg;47295;JORDÂNIA;Minas Gerais;Sudeste;-16.18912;-40.69648;7734;2266;29.3;28;24.3;54.6;50.1;0.405;919.0
mg;40924;JOSENÓPOLIS;Minas Gerais;Sudeste;-16.54164;-42.51699;3576;1193;33.36;13;27.9;56.2;50.4;0.429;512.0
mg;42307;JOSÉ GONÇALVES DE MINAS;Minas Gerais;Sudeste;-16.89933;-42.6297;3806;1095;28.77;13;26.1;53.9;50.4;0.414;453.0
mg;42323;JOSÉ RAYDAN;Minas Gerais;Sudeste;-18.23605;-42.48885;4368;1449;33.17;15;24.5;56.5;50.3;0.411;596.0
mg;47236;JOÃO MONLEVADE;Minas Gerais;Sudeste;-19.82275;-43.17118;61219;14310;23.38;216;22.7;36.4;46.3;0.337;4823.0
mg;47252;JOÃO PINHEIRO;Minas Gerais;Sudeste;-17.72298;-46.0968;38832;10231;26.35;129;25.4;46.6;49.5;0.388;3973.0
mg;40320;JUATUBA;Minas Gerais;Sudeste;-19.95971;-44.34121;25040;5725;22.86;79;26.2;37.6;48.7;0.363;2079.0
mg;47333;JUIZ DE FORA;Minas Gerais;Sudeste;-21.74991;-43.36608;395457;72952;18.45;1256;23.8;27.8;45.3;0.31;22649.0
mg;47350;JURAMENTO;Minas Gerais;Sudeste;-16.84796;-43.59619;4669;972;20.82;15;24.8;41.1;50.3;0.371;361.0
mg;47376;JURUAIA;Minas Gerais;Sudeste;-21.24526;-46.57534;9242;1736;18.78;24;26.4;54.9;50.0;0.417;724.0
mg;40940;JUVENÍLIA;Minas Gerais;Sudeste;-14.3376;-44.12952;5569;1642;29.48;22;26.7;53.8;51.7;0.42;690.0
mg;47392;LADAINHA;Minas Gerais;Sudeste;-17.64005;-41.78132;12287;4163;33.88;41;25.4;64.5;48.8;0.431;1794.0
mg;47414;LAGAMAR;Minas Gerais;Sudeste;-18.12812;-46.76439;6403;1439;22.47;21;19.6;51.4;51.2;0.372;535.0
mg;47430;LAGOA DA PRATA;Minas Gerais;Sudeste;-20.02486;-45.53486;37445;8958;23.92;107;25.1;43.6;46.4;0.37;3315.0
mg;47457;LAGOA DOS PATOS;Minas Gerais;Sudeste;-16.98177;-44.5786;3774;1034;27.4;14;25.5;53.5;50.9;0.411;425.0
mg;47473;LAGOA DOURADA;Minas Gerais;Sudeste;-20.89808;-44.05804;10425;1657;15.89;32;25.4;56.5;50.4;0.416;690.0
mg;47490;LAGOA FORMOSA;Minas Gerais;Sudeste;-18.7739;-46.38308;15873;2871;18.09;53;22.9;54.0;49.2;0.393;1129.0
mg;40347;LAGOA GRANDE;Minas Gerais;Sudeste;-17.83653;-46.52127;7611;1743;22.9;22;24.4;54.7;51.3;0.409;713.0
mg;47511;LAGOA SANTA;Minas Gerais;Sudeste;-19.62809;-43.8994;54891;11264;20.52;175;23.6;30.0;46.7;0.321;3618.0
mg;47538;LAJINHA;Minas Gerais;Sudeste;-20.14073;-41.604;16637;3527;21.2;52;26.3;48.3;48.1;0.394;1390.0
mg;47554;LAMBARI;Minas Gerais;Sudeste;-21.97827;-45.35595;17336;4141;23.89;50;23.1;47.3;48.5;0.376;1555.0
mg;47570;LAMIM;Minas Gerais;Sudeste;-20.78794;-43.47256;3521;764;21.7;11;22.7;50.3;50.1;0.385;294.0
mg;47597;LARANJAL;Minas Gerais;Sudeste;-21.34877;-42.46976;5921;1253;21.16;20;20.2;50.6;49.0;0.369;462.0
mg;47619;LASSANCE;Minas Gerais;Sudeste;-17.87727;-44.62313;6216;1827;29.39;20;25.3;52.5;49.8;0.404;738.0
mg;47635;LAVRAS;Minas Gerais;Sudeste;-21.24426;-45.0001;75558;18298;24.22;213;24.4;35.8;46.6;0.344;6289.0
mg;47651;LEANDRO FERREIRA;Minas Gerais;Sudeste;-19.71107;-45.0324;3322;747;22.49;10;21.9;53.9;50.8;0.391;292.0
mg;40967;LEME DO PRADO;Minas Gerais;Sudeste;-17.08606;-42.73131;4360;1295;29.7;15;25.5;48.9;49.6;0.396;512.0
mg;47678;LEOPOLDINA;Minas Gerais;Sudeste;-21.53444;-42.72359;40162;9715;24.19;132;22.0;44.9;46.6;0.358;3483.0
mg;47694;LIBERDADE;Minas Gerais;Sudeste;-22.0256;-44.31981;4275;829;19.39;17;20.5;50.7;50.8;0.375;311.0
mg;47716;LIMA DUARTE;Minas Gerais;Sudeste;-21.82587;-43.81795;14497;3569;24.62;46;21.9;48.2;49.3;0.373;1332.0
mg;40363;LIMEIRA DO OESTE;Minas Gerais;Sudeste;-19.55389;-50.57859;6632;1378;20.78;19;26.7;48.2;50.6;0.402;554.0
mg;40380;LONTRA;Minas Gerais;Sudeste;-15.89083;-44.29633;8567;2291;26.74;26;26.9;52.5;50.6;0.415;951.0
mg;40983;LUISBURGO;Minas Gerais;Sudeste;-20.4385;-42.10049;5861;1216;20.75;18;25.4;67.1;50.3;0.441;536.0
mg;41009;LUISLÂNDIA;Minas Gerais;Sudeste;-19.18237;-45.09853;6783;1927;28.41;28;27.5;54.7;51.4;0.426;821.0
mg;47732;LUMINÁRIAS;Minas Gerais;Sudeste;-21.51094;-44.90265;4351;686;15.77;16;23.7;48.1;50.7;0.387;265.0
mg;47759;LUZ;Minas Gerais;Sudeste;-19.80207;-45.68396;14672;3993;27.22;56;21.7;44.2;48.4;0.359;1435.0
mg;47775;MACHACALIS;Minas Gerais;Sudeste;-17.07619;-40.71911;5799;1327;22.88;21;24.3;46.5;50.0;0.384;510.0
mg;47791;MACHADO;Minas Gerais;Sudeste;-21.6819;-45.91712;30436;7267;23.88;92;24.5;47.7;47.9;0.383;2782.0
mg;47813;MADRE DE DEUS DE MINAS;Minas Gerais;Sudeste;-21.4752;-44.34314;4478;825;18.42;16;23.9;42.4;48.4;0.366;302.0
mg;47830;MALACACHETA;Minas Gerais;Sudeste;-17.844;-42.09207;15507;4871;31.41;58;23.1;55.9;47.9;0.396;1928.0
mg;40401;MAMONAS;Minas Gerais;Sudeste;-15.04053;-42.94748;6126;1098;17.92;24;21.3;56.6;50.4;0.393;432.0
mg;47856;MANGA;Minas Gerais;Sudeste;-14.73788;-44.0019;16127;4594;28.49;63;27.9;52.4;48.8;0.415;1906.0
mg;47872;MANHUAÇU;Minas Gerais;Sudeste;-20.23386;-42.07686;62011;14307;23.07;181;25.8;49.5;47.2;0.392;5607.0
mg;47899;MANHUMIRIM;Minas Gerais;Sudeste;-20.35358;-41.95104;17013;4340;25.51;60;23.9;51.7;47.8;0.39;1691.0
mg;47910;MANTENA;Minas Gerais;Sudeste;-18.75585;-41.00076;19156;4320;22.55;73;22.5;47.0;46.5;0.366;1582.0
mg;47953;MAR DE ESPANHA;Minas Gerais;Sudeste;-21.86748;-43.00869;10443;2024;19.38;40;22.9;45.9;45.6;0.363;735.0
mg;47937;MARAVILHAS;Minas Gerais;Sudeste;-19.52421;-44.69134;6311;1115;17.67;18;25.0;54.6;49.3;0.407;453.0
mg;47970;MARIA DA FÉ;Minas Gerais;Sudeste;-22.32026;-45.36006;12214;2502;20.48;37;23.8;48.8;50.0;0.387;968.0
mg;47996;MARIANA;Minas Gerais;Sudeste;-20.34509;-43.40828;52424;12254;23.37;160;26.7;43.0;47.3;0.379;4641.0
mg;48011;MARILAC;Minas Gerais;Sudeste;-18.50632;-42.07885;4681;1189;25.4;15;28.0;45.2;48.9;0.396;470.0
mg;48038;MARIPÁ DE MINAS;Minas Gerais;Sudeste;-21.69899;-42.95879;3150;664;21.08;12;20.5;51.1;50.0;0.374;248.0
mg;48054;MARLIÉRIA;Minas Gerais;Sudeste;-19.68098;-42.67174;4514;1026;22.73;17;22.8;44.9;50.1;0.371;381.0
mg;48070;MARMELÓPOLIS;Minas Gerais;Sudeste;-22.45061;-45.16452;3077;661;21.48;10;23.8;51.4;50.2;0.394;261.0
mg;48097;MARTINHO CAMPOS;Minas Gerais;Sudeste;-19.37971;-45.20574;11161;2680;24.01;38;22.9;52.7;49.1;0.39;1045.0
mg;41041;MARTINS SOARES;Minas Gerais;Sudeste;-20.25556;-41.86795;8197;1874;22.86;25;27.3;60.4;48.8;0.432;809.0
mg;40428;MATA VERDE;Minas Gerais;Sudeste;-15.68824;-40.73979;7529;1719;22.83;24;26.8;56.4;50.6;0.425;730.0
mg;48119;MATERLÂNDIA;Minas Gerais;Sudeste;-18.46366;-43.04621;4509;1638;36.33;18;23.1;56.8;49.3;0.401;657.0
mg;48135;MATEUS LEME;Minas Gerais;Sudeste;-20.00421;-44.43081;29334;7636;26.03;93;25.5;42.5;48.2;0.374;2855.0
mg;54313;MATHIAS LOBATO;Minas Gerais;Sudeste;-18.5735;-41.91582;3363;888;26.4;16;29.1;47.2;48.5;0.405;360.0
mg;48151;MATIAS BARBOSA;Minas Gerais;Sudeste;-21.87169;-43.31799;11981;2537;21.18;36;23.1;43.7;48.5;0.366;928.0
mg;40444;MATIAS CARDOSO;Minas Gerais;Sudeste;-14.87494;-43.82762;7349;1829;24.89;28;28.4;53.0;49.9;0.422;772.0
mg;48178;MATIPÓ;Minas Gerais;Sudeste;-20.29751;-42.34488;15216;3262;21.44;43;29.9;48.0;47.4;0.409;1333.0
mg;48194;MATO VERDE;Minas Gerais;Sudeste;-15.39492;-42.86521;10840;1930;17.8;41;23.2;51.7;48.0;0.386;745.0
mg;48216;MATOZINHOS;Minas Gerais;Sudeste;-19.55719;-44.07649;30120;6688;22.2;92;25.0;39.2;47.6;0.36;2409.0
mg;48232;MATUTINA;Minas Gerais;Sudeste;-19.22022;-45.99139;3386;778;22.98;12;21.1;55.0;49.0;0.385;299.0
mg;48259;MEDEIROS;Minas Gerais;Sudeste;-20.01377;-46.25901;3335;778;23.33;11;23.5;50.8;51.5;0.395;307.0
mg;48275;MEDINA;Minas Gerais;Sudeste;-16.24078;-41.4963;16321;4381;26.84;54;24.6;55.1;48.9;0.405;1773.0
mg;48291;MENDES PIMENTEL;Minas Gerais;Sudeste;-18.64798;-41.38775;4977;1292;25.96;20;20.8;54.8;49.9;0.384;496.0
mg;48313;MERCÊS;Minas Gerais;Sudeste;-21.19801;-43.34241;8100;1657;20.46;27;23.5;50.3;48.3;0.385;638.0
mg;48330;MESQUITA;Minas Gerais;Sudeste;-19.2293;-42.61847;5447;1755;32.22;21;23.0;54.0;49.8;0.396;695.0
mg;48356;MINAS NOVAS;Minas Gerais;Sudeste;-17.28832;-42.49301;22788;8015;35.17;78;26.3;54.4;48.7;0.412;3299.0
mg;48372;MINDURI;Minas Gerais;Sudeste;-20.85745;-44.29043;3240;737;22.75;15;24.3;49.1;49.7;0.39;288.0
mg;48399;MIRABELA;Minas Gerais;Sudeste;-16.24896;-44.17666;10866;2157;19.85;39;25.8;44.4;49.2;0.383;826.0
mg;48410;MIRADOURO;Minas Gerais;Sudeste;-20.87546;-42.36397;8125;1707;21.01;32;22.3;53.7;49.5;0.39;666.0
mg;41068;MIRAVÂNIA;Minas Gerais;Sudeste;-14.72239;-44.35574;4128;1400;33.91;14;27.5;55.5;50.4;0.425;595.0
mg;48437;MIRAÍ;Minas Gerais;Sudeste;-21.18202;-42.61272;10695;2366;22.12;41;22.5;49.7;48.5;0.379;896.0
mg;48453;MOEDA;Minas Gerais;Sudeste;-20.32593;-44.03187;5316;1012;19.04;19;21.2;45.1;50.2;0.364;368.0
mg;48470;MOEMA;Minas Gerais;Sudeste;-19.84977;-45.40829;6829;1409;20.63;24;22.2;45.6;47.5;0.363;512.0
mg;48496;MONJOLOS;Minas Gerais;Sudeste;-18.34336;-44.08382;2627;932;35.48;10;24.1;50.7;51.1;0.397;370.0
mg;48518;MONSENHOR PAULO;Minas Gerais;Sudeste;-21.75823;-45.54012;6960;1605;23.06;20;24.1;45.8;49.7;0.38;610.0
mg;48534;MONTALVÂNIA;Minas Gerais;Sudeste;-14.42985;-44.42503;13202;3829;29.0;55;24.6;54.6;48.8;0.403;1544.0
mg;48550;MONTE ALEGRE DE MINAS;Minas Gerais;Sudeste;-18.86127;-48.8841;15409;4233;27.47;52;21.4;54.1;48.7;0.383;1623.0
mg;48577;MONTE AZUL;Minas Gerais;Sudeste;-15.18457;-42.91658;17843;3536;19.82;75;21.0;51.3;47.8;0.372;1316.0
mg;48593;MONTE BELO;Minas Gerais;Sudeste;-21.31654;-46.35727;10838;2386;22.02;32;22.3;53.4;50.5;0.392;935.0
mg;48615;MONTE CARMELO;Minas Gerais;Sudeste;-18.73733;-47.49034;35703;8147;22.82;108;23.1;49.3;48.1;0.38;3095.0
mg;41084;MONTE FORMOSO;Minas Gerais;Sudeste;-16.86699;-41.25557;4603;1534;33.33;15;29.5;59.4;51.9;0.449;690.0
mg;48631;MONTE SANTO DE MINAS;Minas Gerais;Sudeste;-21.20011;-46.97932;17062;4819;28.24;48;21.7;49.2;49.1;0.374;1804.0
mg;48674;MONTE SIÃO;Minas Gerais;Sudeste;-22.42926;-46.56704;18682;3989;21.35;53;22.3;51.4;48.3;0.381;1521.0
mg;48658;MONTES CLAROS;Minas Gerais;Sudeste;-16.71408;-43.86115;283875;50526;17.8;921;26.8;26.9;45.8;0.321;16211.0
mg;40460;MONTEZUMA;Minas Gerais;Sudeste;-15.20636;-42.50654;5966;1474;24.71;26;26.3;57.3;48.9;0.419;618.0
mg;48690;MORADA NOVA DE MINAS;Minas Gerais;Sudeste;-18.63187;-45.35568;7207;1563;21.69;28;23.3;49.5;50.2;0.387;604.0
mg;48712;MORRO DA GARÇA;Minas Gerais;Sudeste;-18.56169;-44.61278;3045;843;27.68;10;23.9;49.2;51.2;0.392;331.0
mg;48739;MORRO DO PILAR;Minas Gerais;Sudeste;-19.2246;-43.38193;3968;1166;29.39;18;23.3;50.7;49.2;0.387;452.0
mg;48755;MUNHOZ;Minas Gerais;Sudeste;-22.61856;-46.3495;6066;1351;22.27;19;23.3;60.3;51.8;0.418;564.0
mg;48771;MURIAÉ;Minas Gerais;Sudeste;-21.12719;-42.38152;78840;15856;20.11;273;22.4;44.9;45.9;0.359;5687.0
mg;48798;MUTUM;Minas Gerais;Sudeste;-19.89077;-41.43511;21564;5075;23.53;71;23.4;57.2;49.1;0.404;2048.0
mg;48810;MUZAMBINHO;Minas Gerais;Sudeste;-21.37031;-46.52367;17966;4189;23.32;51;21.5;43.2;48.6;0.356;1491.0
mg;41025;MÁRIO CAMPOS;Minas Gerais;Sudeste;-20.06174;-44.18108;12178;2361;19.39;35;28.1;39.7;48.6;0.378;893.0
mg;48836;NACIP RAYDAN;Minas Gerais;Sudeste;-18.4645;-42.24353;2825;922;32.64;9;24.7;52.9;48.2;0.398;367.0
mg;48852;NANUQUE;Minas Gerais;Sudeste;-17.85342;-40.37588;29314;8768;29.91;108;21.4;47.4;46.8;0.362;3176.0
mg;40487;NAQUE;Minas Gerais;Sudeste;-19.2254;-42.33092;5485;1471;26.82;15;25.4;52.8;48.3;0.402;591.0
mg;41106;NATALÂNDIA;Minas Gerais;Sudeste;-16.52072;-46.49342;3571;828;23.19;12;25.7;50.7;52.2;0.408;338.0
mg;48879;NATÉRCIA;Minas Gerais;Sudeste;-22.12372;-45.51278;4090;836;20.44;17;19.8;49.5;51.0;0.369;308.0
mg;48895;NAZARENO;Minas Gerais;Sudeste;-21.22138;-44.61226;6298;1040;16.51;22;25.5;43.2;50.2;0.381;396.0
mg;48917;NEPOMUCENO;Minas Gerais;Sudeste;-21.22632;-45.24238;20890;5408;25.89;67;22.9;51.4;48.3;0.384;2079.0
mg;41122;NINHEIRA;Minas Gerais;Sudeste;-15.33785;-41.72565;8803;2517;28.59;42;25.4;61.6;50.5;0.429;1080.0
mg;41149;NOVA BELÉM;Minas Gerais;Sudeste;-18.48643;-41.07477;3553;875;24.63;14;23.1;58.4;49.7;0.407;356.0
mg;48933;NOVA ERA;Minas Gerais;Sudeste;-19.7648;-43.02946;15012;3828;25.5;63;22.4;41.3;47.6;0.353;1352.0
mg;48950;NOVA LIMA;Minas Gerais;Sudeste;-20.01226;-43.87946;77107;13608;17.65;227;23.3;24.9;46.9;0.301;4093.0
mg;48976;NOVA MÓDICA;Minas Gerais;Sudeste;-18.44288;-41.50551;3589;868;24.19;14;24.6;49.2;49.2;0.391;339.0
mg;48992;NOVA PONTE;Minas Gerais;Sudeste;-19.1907;-47.67179;13442;3391;25.23;36;28.3;47.7;51.3;0.41;1392.0
mg;41165;NOVA PORTEIRINHA;Minas Gerais;Sudeste;-15.7672;-43.28879;6102;1072;17.57;26;27.0;44.2;49.4;0.39;418.0
mg;49018;NOVA RESENDE;Minas Gerais;Sudeste;-21.11699;-46.41975;13447;2666;19.83;38;25.2;58.9;50.5;0.422;1125.0
mg;49034;NOVA SERRANA;Minas Gerais;Sudeste;-19.87261;-44.98237;67377;11542;17.13;202;31.4;44.4;47.4;0.404;4666.0
mg;47317;NOVA UNIÃO;Minas Gerais;Sudeste;-19.67876;-43.58023;5802;1494;25.75;18;22.0;53.3;50.1;0.389;581.0
mg;49050;NOVO CRUZEIRO;Minas Gerais;Sudeste;-17.4166;-41.9332;24963;9102;36.46;85;26.1;56.3;48.5;0.415;3775.0
mg;40509;NOVO ORIENTE DE MINAS;Minas Gerais;Sudeste;-17.35355;-41.21088;9100;3068;33.71;26;23.5;61.0;50.8;0.418;1281.0
mg;41181;NOVORIZONTE;Minas Gerais;Sudeste;-16.63553;-43.15112;4973;1252;25.18;15;25.2;54.6;50.8;0.412;516.0
mg;49077;OLARIA;Minas Gerais;Sudeste;-21.86561;-43.95511;2313;513;22.18;8;21.0;54.3;53.7;0.394;202.0
mg;41203;OLHOS D'ÁGUA;Minas Gerais;Sudeste;-17.40048;-43.55989;5281;1247;23.61;20;27.3;44.7;51.2;0.397;495.0
mg;49115;OLIVEIRA;Minas Gerais;Sudeste;-20.70493;-44.79754;33504;7364;21.98;110;23.0;44.8;47.6;0.366;2694.0
mg;49131;OLIVEIRA FORTES;Minas Gerais;Sudeste;-21.33531;-43.47653;2731;577;21.13;10;22.5;53.9;50.3;0.394;227.0
mg;49093;OLÍMPIO NORONHA;Minas Gerais;Sudeste;-22.07044;-45.26379;2869;704;24.54;9;24.2;52.8;50.0;0.4;281.0
mg;49158;ONÇA DE PITANGUI;Minas Gerais;Sudeste;-19.77149;-44.7006;3368;674;20.01;15;24.8;50.1;51.9;0.401;270.0
mg;41220;ORATÓRIOS;Minas Gerais;Sudeste;-20.43263;-42.80367;4326;871;20.13;15;25.3;53.4;49.5;0.406;353.0
mg;41246;ORIZÂNIA;Minas Gerais;Sudeste;-20.50831;-42.21172;6817;1636;24.0;20;27.4;66.2;50.7;0.451;739.0
mg;49174;OURO BRANCO;Minas Gerais;Sudeste;-20.80882;-43.88873;30112;5281;17.54;91;25.3;29.5;48.6;0.331;1749.0
mg;49190;OURO FINO;Minas Gerais;Sudeste;-22.27932;-46.37595;25443;6501;25.55;84;21.1;47.7;48.2;0.365;2373.0
mg;49212;OURO PRETO;Minas Gerais;Sudeste;-20.38706;-43.5528;64302;13819;21.49;203;25.2;39.3;48.2;0.363;5012.0
mg;49239;OURO VERDE DE MINAS;Minas Gerais;Sudeste;-18.06721;-41.26734;7237;1973;27.26;25;28.0;59.3;50.3;0.437;862.0
mg;41262;PADRE CARVALHO;Minas Gerais;Sudeste;-16.33395;-42.53745;5095;1819;35.7;19;30.0;51.0;49.9;0.424;772.0
mg;49255;PADRE PARAÍSO;Minas Gerais;Sudeste;-17.07101;-41.5029;14207;4433;31.2;46;25.1;58.2;48.2;0.413;1830.0
mg;41289;PAI PEDRO;Minas Gerais;Sudeste;-15.4766;-43.11293;5550;1372;24.72;18;27.5;54.5;50.3;0.422;579.0
mg;49271;PAINEIRAS;Minas Gerais;Sudeste;-18.90135;-45.52828;3921;751;19.15;15;19.5;53.0;49.5;0.371;279.0
mg;49298;PAINS;Minas Gerais;Sudeste;-20.35728;-45.68258;6914;1517;21.94;22;21.8;49.7;49.0;0.376;570.0
mg;49310;PAIVA;Minas Gerais;Sudeste;-21.28447;-43.41727;1859;364;19.58;8;22.1;47.5;49.2;0.372;135.0
mg;49336;PALMA;Minas Gerais;Sudeste;-21.39742;-42.327;5273;1261;23.91;19;21.3;46.8;49.2;0.366;462.0
mg;40525;PALMÓPOLIS;Minas Gerais;Sudeste;-16.77439;-40.39261;6338;1981;31.26;20;22.2;63.4;50.0;0.413;818.0
mg;49379;PAPAGAIOS;Minas Gerais;Sudeste;-19.44922;-44.75138;11723;2032;17.33;33;26.5;55.1;48.3;0.413;840.0
mg;49395;PARACATU;Minas Gerais;Sudeste;-17.2215;-46.86948;68278;15776;23.11;197;27.4;37.4;48.3;0.367;5792.0
mg;49433;PARAGUAÇU;Minas Gerais;Sudeste;-21.55425;-45.73603;16696;3669;21.98;50;22.1;49.4;48.5;0.376;1378.0
mg;49450;PARAISÓPOLIS;Minas Gerais;Sudeste;-22.55848;-45.78892;16472;3787;22.99;48;22.7;47.1;48.8;0.374;1415.0
mg;49476;PARAOPEBA;Minas Gerais;Sudeste;-20.28962;-45.03692;19694;3618;18.37;63;26.4;40.7;47.8;0.372;1345.0
mg;49417;PARÁ DE MINAS;Minas Gerais;Sudeste;-19.85727;-44.60314;67632;14426;21.33;225;24.7;39.8;47.0;0.359;5176.0
mg;49514;PASSA QUATRO;Minas Gerais;Sudeste;-22.38572;-44.96683;13298;2816;21.18;38;22.6;44.1;48.7;0.365;1027.0
mg;49530;PASSA TEMPO;Minas Gerais;Sudeste;-20.64478;-44.50051;7354;1427;19.4;28;21.7;46.6;49.7;0.369;527.0
mg;49557;PASSA VINTE;Minas Gerais;Sudeste;-22.20269;-44.24566;2493;472;18.93;9;21.4;46.6;51.7;0.372;176.0
mg;49492;PASSABÉM;Minas Gerais;Sudeste;-19.35206;-43.13933;1914;453;23.67;7;21.7;48.4;49.7;0.374;169.0
mg;49573;PASSOS;Minas Gerais;Sudeste;-20.72091;-46.60983;81108;18290;22.55;284;22.7;40.1;46.6;0.349;6377.0
mg;41300;PATIS;Minas Gerais;Sudeste;-16.06805;-44.1059;5226;1305;24.97;25;27.9;46.5;51.3;0.405;528.0
mg;49590;PATOS DE MINAS;Minas Gerais;Sudeste;-18.58776;-46.51588;116646;26179;22.44;372;23.7;38.3;46.6;0.348;9114.0
mg;49611;PATROCÍNIO;Minas Gerais;Sudeste;-18.94739;-46.99105;65612;12285;18.72;222;26.1;37.6;48.5;0.362;4447.0
mg;49638;PATROCÍNIO DO MURIAÉ;Minas Gerais;Sudeste;-21.15046;-42.21142;5085;878;17.27;19;22.5;43.9;48.9;0.364;320.0
mg;49654;PAULA CÂNDIDO;Minas Gerais;Sudeste;-20.85835;-42.97265;7817;1765;22.58;30;22.9;56.1;50.4;0.402;709.0
mg;49670;PAULISTAS;Minas Gerais;Sudeste;-18.43022;-42.86768;4222;1368;32.4;18;24.7;55.2;48.6;0.405;554.0
mg;49697;PAVÃO;Minas Gerais;Sudeste;-17.72048;-41.74304;6314;1884;29.84;19;23.5;60.1;50.3;0.414;780.0
mg;49735;PEDRA AZUL;Minas Gerais;Sudeste;-15.98714;-41.26738;18355;5883;32.05;68;24.3;53.0;47.4;0.394;2317.0
mg;41327;PEDRA BONITA;Minas Gerais;Sudeste;-20.76223;-42.72759;6260;1140;18.21;19;29.2;58.2;50.7;0.441;503.0
mg;49751;PEDRA DO ANTA;Minas Gerais;Sudeste;-20.59871;-42.71379;3516;708;20.14;16;22.4;56.2;49.7;0.397;281.0
mg;49778;PEDRA DO INDAIÁ;Minas Gerais;Sudeste;-20.28282;-45.22048;3864;721;18.66;15;21.2;51.6;51.4;0.383;276.0
mg;49794;PEDRA DOURADA;Minas Gerais;Sudeste;-20.83004;-42.15641;2730;515;18.86;10;26.8;54.8;50.6;0.42;216.0
mg;49816;PEDRALVA;Minas Gerais;Sudeste;-22.24949;-45.46405;9379;2139;22.81;30;23.5;51.0;50.2;0.392;838.0
mg;40541;PEDRAS DE MARIA DA CRUZ;Minas Gerais;Sudeste;-15.60403;-44.35499;8112;2377;29.3;30;26.5;52.5;49.9;0.411;976.0
mg;49832;PEDRINÓPOLIS;Minas Gerais;Sudeste;-19.22976;-47.46675;3421;748;21.86;13;22.0;43.1;51.4;0.365;273.0
mg;49859;PEDRO LEOPOLDO;Minas Gerais;Sudeste;-19.61316;-44.03465;49124;10014;20.39;166;23.2;36.8;47.0;0.342;3427.0
mg;49875;PEDRO TEIXEIRA;Minas Gerais;Sudeste;-21.70642;-43.74802;2507;417;16.63;10;22.4;51.9;51.2;0.39;163.0
mg;49891;PEQUERI;Minas Gerais;Sudeste;-21.83624;-43.12246;3368;695;20.64;12;22.7;48.1;48.7;0.376;261.0
mg;49913;PEQUI;Minas Gerais;Sudeste;-20.41491;-45.23083;3981;633;15.9;16;22.0;45.1;49.2;0.365;231.0
mg;49930;PERDIGÃO;Minas Gerais;Sudeste;-19.9503;-45.07352;8537;1585;18.57;28;25.1;52.3;48.9;0.401;635.0
mg;49956;PERDIZES;Minas Gerais;Sudeste;-19.3634;-47.26367;14146;3588;25.36;55;27.7;45.8;51.4;0.403;1445.0
mg;49972;PERDÕES;Minas Gerais;Sudeste;-21.09021;-45.08522;17292;3726;21.55;56;23.0;42.4;47.8;0.36;1341.0
mg;40568;PERIQUITO;Minas Gerais;Sudeste;-19.11492;-42.22641;6318;1648;26.08;21;28.8;44.8;48.5;0.397;654.0
mg;49999;PESCADOR;Minas Gerais;Sudeste;-18.35518;-41.59742;3581;1104;30.83;14;24.8;51.9;49.0;0.398;439.0
mg;49719;PEÇANHA;Minas Gerais;Sudeste;-18.55837;-42.53246;11993;3287;27.41;45;25.8;54.1;48.2;0.406;1336.0
mg;50016;PIAU;Minas Gerais;Sudeste;-20.02088;-45.66392;3238;599;18.5;13;19.5;51.2;52.3;0.374;224.0
mg;41343;PIEDADE DE CARATINGA;Minas Gerais;Sudeste;-19.76763;-42.09836;7808;1824;23.36;26;26.6;61.3;48.4;0.429;782.0
mg;50032;PIEDADE DE PONTE NOVA;Minas Gerais;Sudeste;-20.24515;-42.73643;3812;909;23.85;13;26.1;53.8;49.3;0.411;373.0
mg;50059;PIEDADE DO RIO GRANDE;Minas Gerais;Sudeste;-21.55754;-44.12572;4083;964;23.61;16;20.1;56.6;49.7;0.384;370.0
mg;50075;PIEDADE DOS GERAIS;Minas Gerais;Sudeste;-20.47596;-44.24334;5270;1353;25.67;14;21.5;58.8;51.6;0.403;545.0
mg;50091;PIMENTA;Minas Gerais;Sudeste;-20.49163;-45.80098;7313;1563;21.37;23;20.9;56.4;50.1;0.39;609.0
mg;41360;PINGO D'ÁGUA;Minas Gerais;Sudeste;-19.72895;-42.4118;4149;1020;24.58;14;23.1;48.3;48.2;0.378;385.0
mg;41386;PINTÓPOLIS;Minas Gerais;Sudeste;-16.01929;-45.10464;6546;2009;30.69;28;26.4;56.3;52.4;0.427;859.0
mg;50113;PIRACEMA;Minas Gerais;Sudeste;-20.51354;-44.46006;6032;902;14.95;22;22.3;48.4;49.3;0.376;339.0
mg;50130;PIRAJUBA;Minas Gerais;Sudeste;-19.90549;-48.70202;4817;1114;23.13;14;27.1;46.5;51.6;0.402;448.0
mg;50156;PIRANGA;Minas Gerais;Sudeste;-20.64947;-43.29277;14052;4576;32.56;48;24.1;61.2;50.9;0.422;1929.0
mg;50199;PIRANGUINHO;Minas Gerais;Sudeste;-22.38431;-45.5467;7298;1417;19.42;23;22.9;46.6;50.2;0.377;535.0
mg;50172;PIRANGUÇU;Minas Gerais;Sudeste;-22.54488;-45.49933;4789;980;20.46;15;20.9;51.8;50.7;0.38;372.0
mg;50210;PIRAPETINGA;Minas Gerais;Sudeste;-21.66146;-42.35012;9414;1777;18.88;37;23.3;46.5;47.7;0.372;662.0
mg;50237;PIRAPORA;Minas Gerais;Sudeste;-17.34129;-44.93356;41904;10613;25.33;137;24.6;38.0;47.1;0.353;3748.0
mg;50253;PIRAÚBA;Minas Gerais;Sudeste;-21.27429;-43.02726;9664;2098;21.71;27;21.0;56.2;47.8;0.384;805.0
mg;50270;PITANGUI;Minas Gerais;Sudeste;-19.67321;-44.89032;21464;4304;20.05;70;25.3;44.6;48.3;0.379;1631.0
mg;50296;PIUMHI;Minas Gerais;Sudeste;-20.47012;-45.96199;26253;6675;25.43;75;22.5;44.3;47.0;0.361;2408.0
mg;50318;PLANURA;Minas Gerais;Sudeste;-20.13615;-48.70567;8677;2358;27.18;25;24.7;49.4;51.7;0.398;938.0
mg;50377;POCRANE;Minas Gerais;Sudeste;-19.60126;-41.59575;7548;1919;25.42;26;19.4;61.3;49.0;0.388;744.0
mg;50393;POMPÉU;Minas Gerais;Sudeste;-19.2173;-44.99635;24330;6128;25.19;69;25.2;49.6;47.8;0.391;2397.0
mg;50415;PONTE NOVA;Minas Gerais;Sudeste;-20.41203;-42.90059;44494;9839;22.11;152;22.8;41.6;45.7;0.351;3453.0
mg;41408;PONTO CHIQUE;Minas Gerais;Sudeste;-16.62513;-45.03109;3901;1201;30.79;13;26.3;56.0;51.8;0.424;510.0
mg;40584;PONTO DOS VOLANTES;Minas Gerais;Sudeste;-16.84196;-41.45299;9457;2912;30.79;31;27.2;57.2;50.3;0.428;1245.0
mg;50431;PORTEIRINHA;Minas Gerais;Sudeste;-15.73534;-43.04981;31682;7162;22.61;113;23.4;52.3;48.5;0.39;2792.0
mg;50458;PORTO FIRME;Minas Gerais;Sudeste;-21.59532;-43.88704;9025;2397;26.56;30;23.1;59.7;48.8;0.407;975.0
mg;50474;POTÉ;Minas Gerais;Sudeste;-17.80808;-41.76415;12644;3733;29.52;41;23.0;57.0;48.5;0.399;1490.0
mg;50490;POUSO ALEGRE;Minas Gerais;Sudeste;-22.24295;-45.93288;112425;24869;22.12;360;24.9;34.6;47.1;0.343;8534.0
mg;50512;POUSO ALTO;Minas Gerais;Sudeste;-22.20537;-44.96626;5593;1101;19.69;18;20.4;56.4;50.6;0.387;427.0
mg;50334;POÇO FUNDO;Minas Gerais;Sudeste;-21.78925;-45.961;12809;2586;20.19;37;20.7;60.9;49.2;0.396;1023.0
mg;50350;POÇOS DE CALDAS;Minas Gerais;Sudeste;-22.2703;-46.83136;122866;32602;26.53;401;22.4;34.1;45.8;0.327;10660.0
mg;50539;PRADOS;Minas Gerais;Sudeste;-21.52689;-44.44643;7485;1286;17.18;23;23.0;52.0;49.0;0.389;500.0
mg;50555;PRATA;Minas Gerais;Sudeste;-19.31132;-48.91851;22334;6019;26.95;76;24.9;50.9;49.6;0.398;2394.0
mg;50598;PRATINHA;Minas Gerais;Sudeste;-19.75164;-46.37995;3312;744;22.46;11;23.1;53.3;51.7;0.4;297.0
mg;50571;PRATÁPOLIS;Minas Gerais;Sudeste;-20.75304;-46.85548;7457;1724;23.12;25;21.4;50.3;49.5;0.376;649.0
mg;50610;PRESIDENTE BERNARDES;Minas Gerais;Sudeste;-23.43589;-45.48049;5729;1700;29.67;23;24.0;56.4;51.6;0.412;700.0
mg;50636;PRESIDENTE JUSCELINO;Minas Gerais;Sudeste;-18.67738;-44.07039;4089;1335;32.65;17;20.5;55.6;52.7;0.392;523.0
mg;50652;PRESIDENTE KUBITSCHEK;Minas Gerais;Sudeste;-18.62692;-43.57039;3087;699;22.64;12;28.8;47.2;50.0;0.408;285.0
mg;50679;PRESIDENTE OLEGÁRIO;Minas Gerais;Sudeste;-18.36648;-46.40596;16281;4148;25.48;51;22.1;52.1;50.8;0.388;1610.0
mg;50717;PRUDENTE DE MORAIS;Minas Gerais;Sudeste;-19.48176;-44.15247;8555;1591;18.6;26;26.0;36.7;48.1;0.358;569.0
mg;50733;QUARTEL GERAL;Minas Gerais;Sudeste;-19.26861;-45.58833;3749;819;21.85;13;24.2;46.7;49.9;0.384;314.0
mg;50750;QUELUZITO;Minas Gerais;Sudeste;-20.74088;-43.88604;2785;533;19.14;8;20.7;43.0;50.0;0.354;189.0
mg;50776;RAPOSOS;Minas Gerais;Sudeste;-19.96688;-43.80619;12906;2046;15.85;40;25.1;32.6;47.4;0.339;693.0
mg;50792;RAUL SOARES;Minas Gerais;Sudeste;-20.06329;-42.40906;18357;4558;24.83;68;20.9;54.9;48.2;0.381;1737.0
mg;50814;RECREIO;Minas Gerais;Sudeste;-21.55406;-42.46937;7959;2081;26.15;26;20.0;50.9;47.1;0.363;756.0
mg;41424;REDUTO;Minas Gerais;Sudeste;-20.23988;-41.97341;5853;1369;23.39;17;25.4;58.6;49.2;0.418;573.0
mg;50830;RESENDE COSTA;Minas Gerais;Sudeste;-20.89691;-44.25375;9645;1838;19.06;33;22.8;47.8;47.7;0.373;686.0
mg;50857;RESPLENDOR;Minas Gerais;Sudeste;-19.28708;-41.20512;12729;3636;28.56;53;20.9;53.9;47.1;0.375;1365.0
mg;50873;RESSAQUINHA;Minas Gerais;Sudeste;-21.06669;-43.73584;4433;667;15.05;18;24.1;48.3;49.7;0.387;258.0
mg;40606;RIACHINHO;Minas Gerais;Sudeste;-16.24652;-45.9516;6015;1483;24.66;20;25.1;49.4;51.1;0.398;591.0
mg;50890;RIACHO DOS MACHADOS;Minas Gerais;Sudeste;-15.99879;-43.02923;8031;2174;27.07;31;27.7;55.2;50.2;0.425;924.0
mg;50911;RIBEIRÃO DAS NEVES;Minas Gerais;Sudeste;-19.78507;-44.05379;218584;45450;20.79;662;29.7;38.1;46.9;0.376;17076.0
mg;50938;RIBEIRÃO VERMELHO;Minas Gerais;Sudeste;-21.18752;-45.06078;3461;654;18.9;12;21.2;36.3;47.5;0.332;217.0
mg;50954;RIO ACIMA;Minas Gerais;Sudeste;-20.08949;-43.79069;8371;1448;17.3;26;24.6;40.6;47.9;0.363;526.0
mg;50970;RIO CASCA;Minas Gerais;Sudeste;-20.21058;-42.64966;10834;3144;29.02;36;21.6;49.3;47.5;0.37;1162.0
mg;51012;RIO DO PRADO;Minas Gerais;Sudeste;-16.65589;-40.56654;4338;1189;27.41;13;23.8;60.1;51.8;0.42;499.0
mg;50997;RIO DOCE;Minas Gerais;Sudeste;-20.24684;-42.89616;2624;521;19.86;9;24.7;46.3;49.4;0.384;200.0
mg;51039;RIO ESPERA;Minas Gerais;Sudeste;-20.85291;-43.49827;5784;1598;27.63;23;23.9;55.9;50.9;0.408;652.0
mg;51055;RIO MANSO;Minas Gerais;Sudeste;-20.25308;-44.32723;5025;1064;21.17;16;20.5;58.5;51.5;0.395;421.0
mg;51071;RIO NOVO;Minas Gerais;Sudeste;-21.47515;-43.1238;7131;1719;24.11;30;22.1;44.9;48.6;0.364;626.0
mg;51098;RIO PARANAÍBA;Minas Gerais;Sudeste;-19.20141;-46.23627;11055;2588;23.41;39;26.2;50.3;49.5;0.402;1041.0
mg;51110;RIO PARDO DE MINAS;Minas Gerais;Sudeste;-15.68055;-42.5407;22281;5099;22.88;108;27.0;53.5;49.1;0.414;2110.0
mg;51136;RIO PIRACICABA;Minas Gerais;Sudeste;-19.93971;-43.15658;12444;3115;25.03;47;22.0;49.4;48.5;0.375;1168.0
mg;51152;RIO POMBA;Minas Gerais;Sudeste;-21.27093;-43.18017;13402;2676;19.97;45;22.2;42.5;47.9;0.356;954.0
mg;51179;RIO PRETO;Minas Gerais;Sudeste;-22.08506;-43.83356;5409;1213;22.43;18;21.7;48.4;49.5;0.373;453.0
mg;51195;RIO VERMELHO;Minas Gerais;Sudeste;-18.25395;-43.02412;10175;4079;40.09;41;24.7;61.6;49.2;0.422;1721.0
mg;51217;RITÁPOLIS;Minas Gerais;Sudeste;-21.01011;-44.31805;4803;1011;21.05;19;20.8;53.1;48.7;0.378;382.0
mg;51233;ROCHEDO DE MINAS;Minas Gerais;Sudeste;-21.62833;-43.01913;2917;710;24.34;8;25.7;53.2;50.7;0.411;292.0
mg;51250;RODEIRO;Minas Gerais;Sudeste;-21.2016;-42.86578;6844;1347;19.68;21;25.5;57.5;48.3;0.414;557.0
mg;51276;ROMARIA;Minas Gerais;Sudeste;-18.8856;-47.58463;3430;640;18.66;10;22.3;44.5;51.6;0.371;238.0
mg;40622;ROSÁRIO DA LIMEIRA;Minas Gerais;Sudeste;-20.9849;-42.51339;5195;1004;19.33;16;23.2;58.1;51.2;0.41;412.0
mg;51292;RUBELITA;Minas Gerais;Sudeste;-16.39097;-42.25056;7524;2517;33.45;33;23.7;58.7;52.6;0.418;1053.0
mg;51314;RUBIM;Minas Gerais;Sudeste;-16.40333;-40.52932;7158;2028;28.33;25;21.4;59.2;49.5;0.397;806.0
mg;51330;SABARÁ;Minas Gerais;Sudeste;-19.87759;-43.84227;94323;17782;18.85;295;26.7;30.7;46.7;0.337;5993.0
mg;51357;SABINÓPOLIS;Minas Gerais;Sudeste;-18.66229;-43.08247;12417;4298;34.61;44;23.8;51.9;47.9;0.389;1674.0
mg;51373;SACRAMENTO;Minas Gerais;Sudeste;-19.89411;-47.40706;20911;4948;23.66;60;23.6;44.6;48.6;0.371;1836.0
mg;51390;SALINAS;Minas Gerais;Sudeste;-16.13118;-42.23884;33019;8400;25.44;107;23.8;48.7;48.1;0.382;3209.0
mg;51411;SALTO DA DIVISA;Minas Gerais;Sudeste;-15.9951;-39.95037;4987;1423;28.53;18;23.6;54.6;49.8;0.4;570.0
mg;51438;SANTA BÁRBARA;Minas Gerais;Sudeste;-19.96773;-43.41257;24261;5650;23.29;81;24.4;40.2;48.1;0.362;2043.0
mg;40649;SANTA BÁRBARA DO LESTE;Minas Gerais;Sudeste;-19.34153;-42.65396;6925;1370;19.78;24;24.8;56.3;50.1;0.412;564.0
mg;41440;SANTA BÁRBARA DO MONTE VERDE;Minas Gerais;Sudeste;-22.04244;-43.8975;3595;805;22.39;11;21.7;53.6;51.3;0.391;315.0
mg;51454;SANTA BÁRBARA DO TUGÚRIO;Minas Gerais;Sudeste;-21.09315;-43.58626;4340;887;20.44;18;23.0;57.4;50.6;0.406;360.0
mg;41467;SANTA CRUZ DE MINAS;Minas Gerais;Sudeste;-21.12029;-44.22563;6469;1191;18.41;19;25.2;42.9;45.8;0.367;437.0
mg;41483;SANTA CRUZ DE SALINAS;Minas Gerais;Sudeste;-16.0982;-41.82162;4496;1341;29.83;15;25.1;59.4;51.5;0.425;570.0
mg;51470;SANTA CRUZ DO ESCALVADO;Minas Gerais;Sudeste;-20.23693;-42.82171;4879;1015;20.8;17;22.0;53.9;50.7;0.392;397.0
mg;51497;SANTA EFIGÊNIA DE MINAS;Minas Gerais;Sudeste;-18.82564;-42.43894;3985;1110;27.85;13;25.2;56.5;48.6;0.411;456.0
mg;51519;SANTA FÉ DE MINAS;Minas Gerais;Sudeste;-16.70252;-45.40751;3706;1249;33.7;14;28.3;51.0;52.5;0.423;529.0
mg;41505;SANTA HELENA DE MINAS;Minas Gerais;Sudeste;-16.91486;-40.66671;5344;1322;24.74;18;27.5;54.4;50.0;0.421;557.0
mg;51535;SANTA JULIANA;Minas Gerais;Sudeste;-19.32624;-47.5238;11819;2644;22.37;32;29.6;50.5;48.9;0.418;1105.0
mg;51551;SANTA LUZIA;Minas Gerais;Sudeste;-19.77878;-43.90123;164668;31707;19.26;479;27.6;34.1;46.2;0.352;11154.0
mg;51578;SANTA MARGARIDA;Minas Gerais;Sudeste;-20.42292;-42.26132;12910;2077;16.09;38;26.7;57.6;49.6;0.424;881.0
mg;51594;SANTA MARIA DE ITABIRA;Minas Gerais;Sudeste;-19.4459;-43.09649;8798;2079;23.63;28;26.2;52.3;49.0;0.406;845.0
mg;51616;SANTA MARIA DO SALTO;Minas Gerais;Sudeste;-16.24848;-40.14817;4598;1472;32.01;16;22.6;55.5;50.5;0.398;586.0
mg;51632;SANTA MARIA DO SUAÇUÍ;Minas Gerais;Sudeste;-18.20122;-42.39207;12134;4577;37.72;43;25.0;55.9;48.3;0.407;1865.0
mg;51837;SANTA RITA DE CALDAS;Minas Gerais;Sudeste;-22.05041;-46.33762;7062;1512;21.41;23;19.0;56.1;49.4;0.375;567.0
mg;51870;SANTA RITA DE IBITIPOCA;Minas Gerais;Sudeste;-21.5445;-43.88666;3384;836;24.7;14;22.6;58.3;51.8;0.409;342.0
mg;51853;SANTA RITA DE JACUTINGA;Minas Gerais;Sudeste;-22.15002;-44.09589;4360;817;18.74;20;20.4;46.9;50.7;0.365;298.0
mg;40665;SANTA RITA DE MINAS;Minas Gerais;Sudeste;-19.82279;-42.14277;5935;1202;20.25;20;26.0;56.0;48.9;0.414;498.0
mg;51896;SANTA RITA DO ITUETO;Minas Gerais;Sudeste;-19.37472;-41.39629;5151;1227;23.82;24;23.5;59.4;50.4;0.413;507.0
mg;51918;SANTA RITA DO SAPUCAÍ;Minas Gerais;Sudeste;-22.2437;-45.70234;31737;7118;22.43;93;24.6;42.4;47.8;0.368;2620.0
mg;51934;SANTA ROSA DA SERRA;Minas Gerais;Sudeste;-19.5517;-45.97261;3513;975;27.75;12;26.2;53.1;51.7;0.416;405.0
mg;51950;SANTA VITÓRIA;Minas Gerais;Sudeste;-18.86073;-50.16353;17312;4257;24.59;65;21.8;52.2;50.0;0.385;1637.0
mg;51659;SANTANA DA VARGEM;Minas Gerais;Sudeste;-21.25028;-45.5065;5973;1045;17.5;20;23.6;49.8;49.8;0.388;406.0
mg;51675;SANTANA DE CATAGUASES;Minas Gerais;Sudeste;-21.2876;-42.55475;3385;605;17.87;14;21.2;44.1;50.2;0.361;218.0
mg;51691;SANTANA DE PIRAPAMA;Minas Gerais;Sudeste;-18.98457;-43.98888;7165;1556;21.72;26;21.1;57.6;52.0;0.398;620.0
mg;51713;SANTANA DO DESERTO;Minas Gerais;Sudeste;-21.97609;-43.17855;3542;665;18.77;13;22.9;58.0;50.5;0.406;270.0
mg;51730;SANTANA DO GARAMBÉU;Minas Gerais;Sudeste;-21.60144;-44.11105;2352;492;20.92;7;24.4;54.9;51.9;0.411;202.0
mg;51756;SANTANA DO JACARÉ;Minas Gerais;Sudeste;-20.90237;-45.12746;3915;739;18.88;13;23.8;50.3;49.2;0.389;288.0
mg;51772;SANTANA DO MANHUAÇU;Minas Gerais;Sudeste;-20.08147;-41.89939;7807;1826;23.39;26;25.3;62.4;51.0;0.432;789.0
mg;40681;SANTANA DO PARAÍSO;Minas Gerais;Sudeste;-19.41317;-42.53297;25815;5912;22.9;77;26.1;39.7;47.1;0.366;2161.0
mg;51799;SANTANA DO RIACHO;Minas Gerais;Sudeste;-19.22616;-43.67504;6031;1582;26.23;20;20.7;48.6;49.8;0.369;583.0
mg;51810;SANTANA DOS MONTES;Minas Gerais;Sudeste;-20.80561;-43.76074;3869;792;20.47;12;24.8;48.2;51.2;0.394;312.0
mg;51977;SANTO ANTÔNIO DO AMPARO;Minas Gerais;Sudeste;-20.95662;-44.94011;14255;3193;22.4;47;24.3;49.5;48.4;0.388;1238.0
mg;51993;SANTO ANTÔNIO DO AVENTUREIRO;Minas Gerais;Sudeste;-21.73305;-42.8057;3747;672;17.93;15;23.0;49.8;49.5;0.384;258.0
mg;52019;SANTO ANTÔNIO DO GRAMA;Minas Gerais;Sudeste;-20.31407;-42.60949;3941;956;24.26;12;24.3;52.9;49.5;0.4;382.0
mg;52035;SANTO ANTÔNIO DO ITAMBÉ;Minas Gerais;Sudeste;-18.46732;-43.30523;3863;1528;39.55;11;27.7;62.9;49.8;0.443;676.0
mg;52051;SANTO ANTÔNIO DO JACINTO;Minas Gerais;Sudeste;-16.43663;-40.29311;9461;2999;31.7;30;23.0;63.8;50.0;0.418;1255.0
mg;52078;SANTO ANTÔNIO DO MONTE;Minas Gerais;Sudeste;-20.09474;-45.28514;21033;4354;20.7;79;24.6;47.4;47.4;0.381;1658.0
mg;41521;SANTO ANTÔNIO DO RETIRO;Minas Gerais;Sudeste;-15.3127;-42.64875;6670;1691;25.35;26;26.8;55.8;50.2;0.422;713.0
mg;52094;SANTO ANTÔNIO DO RIO ABAIXO;Minas Gerais;Sudeste;-19.22954;-43.25113;2393;779;32.55;9;23.1;44.3;51.2;0.375;292.0
mg;52116;SANTO HIPÓLITO;Minas Gerais;Sudeste;-18.35319;-44.19488;3387;1171;34.57;11;24.2;52.5;50.1;0.399;467.0
mg;52132;SANTOS DUMONT;Minas Gerais;Sudeste;-21.45894;-43.55028;37567;8774;23.36;130;22.6;41.1;47.3;0.353;3098.0
mg;53074;SAPUCAÍ-MIRIM;Minas Gerais;Sudeste;-22.75003;-45.74775;6091;1462;24.0;18;25.1;52.9;50.6;0.407;594.0
mg;53090;SARDOÁ;Minas Gerais;Sudeste;-18.78254;-42.36674;4955;1296;26.16;16;26.9;55.1;49.5;0.418;542.0
mg;40800;SARZEDO;Minas Gerais;Sudeste;-20.03973;-44.13914;26228;4802;18.31;75;28.2;33.3;47.7;0.355;1705.0
mg;40827;SEM PEIXE;Minas Gerais;Sudeste;-20.09315;-42.8341;3765;1112;29.54;12;19.7;50.9;49.0;0.366;407.0
mg;40843;SENADOR AMARAL;Minas Gerais;Sudeste;-22.55929;-46.21119;6008;1230;20.47;16;29.4;54.3;50.8;0.433;532.0
mg;53112;SENADOR CORTES;Minas Gerais;Sudeste;-21.78926;-42.93216;2545;533;20.94;9;24.9;49.3;49.9;0.394;210.0
mg;53139;SENADOR FIRMINO;Minas Gerais;Sudeste;-20.91324;-43.0956;7117;1632;22.93;24;23.5;46.7;48.4;0.376;613.0
mg;53155;SENADOR JOSÉ BENTO;Minas Gerais;Sudeste;-22.16452;-46.17945;2481;504;20.31;8;21.1;50.2;52.8;0.382;193.0
mg;53171;SENADOR MODESTINO GONÇALVES;Minas Gerais;Sudeste;-17.95063;-43.21005;4784;1636;34.2;17;25.5;54.9;51.4;0.416;681.0
mg;53198;SENHORA DE OLIVEIRA;Minas Gerais;Sudeste;-20.79418;-43.35566;5747;1405;24.45;17;25.6;50.1;49.0;0.398;559.0
mg;53210;SENHORA DO PORTO;Minas Gerais;Sudeste;-18.89589;-43.08364;3323;1054;31.72;14;24.2;61.2;49.6;0.419;442.0
mg;53236;SENHORA DOS REMÉDIOS;Minas Gerais;Sudeste;-21.02143;-43.60499;8367;1632;19.51;29;23.9;56.1;49.6;0.405;662.0
mg;53252;SERICITA;Minas Gerais;Sudeste;-20.4813;-42.48053;7087;1401;19.77;22;26.4;63.0;50.5;0.438;613.0
mg;53279;SERITINGA;Minas Gerais;Sudeste;-21.9107;-44.51842;2045;452;22.1;7;23.5;44.7;50.7;0.376;170.0
mg;53295;SERRA AZUL DE MINAS;Minas Gerais;Sudeste;-18.36247;-43.16957;3725;1442;38.71;11;27.7;62.1;48.5;0.437;630.0
mg;53317;SERRA DA SAUDADE;Minas Gerais;Sudeste;-19.43959;-45.793;1281;292;22.79;4;21.1;41.3;51.4;0.355;104.0
mg;53350;SERRA DO SALITRE;Minas Gerais;Sudeste;-19.11283;-46.66862;9396;1845;19.64;31;28.2;47.5;50.2;0.407;750.0
mg;53333;SERRA DOS AIMORÉS;Minas Gerais;Sudeste;-17.78844;-40.24015;6251;1661;26.57;26;24.0;47.7;48.0;0.38;631.0
mg;53376;SERRANIA;Minas Gerais;Sudeste;-21.54829;-46.04029;6378;1541;24.16;18;23.8;50.0;48.3;0.386;595.0
mg;53392;SERRANOS;Minas Gerais;Sudeste;-21.89053;-44.50621;2075;413;19.9;10;24.0;56.1;50.6;0.409;169.0
mg;42382;SERRANÓPOLIS DE MINAS;Minas Gerais;Sudeste;-15.8275;-42.86689;4136;909;21.98;16;25.0;56.0;49.7;0.412;374.0
mg;53414;SERRO;Minas Gerais;Sudeste;-17.49068;-42.62374;17103;5707;33.37;56;27.2;51.6;49.4;0.411;2345.0
mg;53430;SETE LAGOAS;Minas Gerais;Sudeste;-19.44934;-44.23717;167416;29964;17.9;535;25.0;30.4;46.4;0.328;9827.0
mg;42404;SETUBINHA;Minas Gerais;Sudeste;-17.61308;-42.12995;9306;3087;33.17;29;30.3;57.1;49.0;0.439;1356.0
mg;53457;SILVEIRÂNIA;Minas Gerais;Sudeste;-21.14385;-43.21404;2977;492;16.53;10;23.6;47.5;51.6;0.387;190.0
mg;53473;SILVIANÓPOLIS;Minas Gerais;Sudeste;-22.03019;-45.83581;4859;1106;22.76;21;20.4;47.7;51.3;0.368;407.0
mg;53511;SIMONÉSIA;Minas Gerais;Sudeste;-20.22116;-42.47543;16466;3697;22.45;57;25.4;62.3;49.5;0.428;1583.0
mg;53490;SIMÃO PEREIRA;Minas Gerais;Sudeste;-21.96117;-43.31064;3145;549;17.46;10;19.2;47.5;50.5;0.358;197.0
mg;53538;SOBRÁLIA;Minas Gerais;Sudeste;-19.22229;-42.10955;4076;853;20.93;18;20.9;54.3;47.8;0.378;323.0
mg;53554;SOLEDADE DE MINAS;Minas Gerais;Sudeste;-22.05852;-45.04022;5000;1079;21.58;17;20.2;51.1;49.7;0.372;401.0
mg;52159;SÃO BENTO ABADE;Minas Gerais;Sudeste;-21.58358;-45.07439;4193;991;23.63;12;28.2;50.2;50.3;0.415;411.0
mg;52175;SÃO BRÁS DO SUAÇUÍ;Minas Gerais;Sudeste;-20.6258;-43.95013;3755;880;23.44;12;21.9;44.9;49.0;0.364;320.0
mg;41548;SÃO DOMINGOS DAS DORES;Minas Gerais;Sudeste;-19.52986;-42.01875;5911;1160;19.62;20;26.2;54.6;50.4;0.416;482.0
mg;52191;SÃO DOMINGOS DO PRATA;Minas Gerais;Sudeste;-19.88463;-42.94515;14284;3716;26.02;44;21.3;49.2;49.1;0.372;1382.0
mg;52213;SÃO FRANCISCO;Minas Gerais;Sudeste;-15.95128;-44.84168;41950;12471;29.73;152;28.0;49.4;49.1;0.408;5088.0
mg;52230;SÃO FRANCISCO DE PAULA;Minas Gerais;Sudeste;-20.70105;-44.98791;5996;1155;19.26;23;22.1;55.2;50.8;0.396;457.0
mg;52256;SÃO FRANCISCO DE SALES;Minas Gerais;Sudeste;-19.8609;-49.76762;4637;920;19.84;23;21.2;53.6;50.5;0.386;355.0
mg;52272;SÃO FRANCISCO DO GLÓRIA;Minas Gerais;Sudeste;-20.78862;-42.26876;4163;776;18.64;13;23.6;51.2;50.0;0.392;304.0
mg;41564;SÃO FÉLIX DE MINAS;Minas Gerais;Sudeste;-18.58983;-41.48827;3799;1037;27.3;13;25.3;49.6;49.5;0.396;411.0
mg;52299;SÃO GERALDO;Minas Gerais;Sudeste;-20.91626;-42.84192;7348;1655;22.52;20;23.8;55.7;48.3;0.4;662.0
mg;52310;SÃO GERALDO DA PIEDADE;Minas Gerais;Sudeste;-18.84367;-42.28779;3667;1090;29.72;13;22.5;58.1;48.5;0.399;434.0
mg;41580;SÃO GERALDO DO BAIXIO;Minas Gerais;Sudeste;-16.88178;-40.91878;3221;793;24.62;12;22.7;55.0;48.4;0.392;311.0
mg;52337;SÃO GONÇALO DO ABAETÉ;Minas Gerais;Sudeste;-18.33147;-45.70197;5648;1371;24.27;21;24.8;48.4;50.9;0.394;540.0
mg;52353;SÃO GONÇALO DO PARÁ;Minas Gerais;Sudeste;-19.98748;-44.84724;8689;1385;15.94;32;23.0;47.9;49.2;0.379;524.0
mg;52370;SÃO GONÇALO DO RIO ABAIXO;Minas Gerais;Sudeste;-19.80656;-43.29328;11721;2038;17.39;38;25.6;39.6;48.6;0.367;748.0
mg;45098;SÃO GONÇALO DO RIO PRETO;Minas Gerais;Sudeste;-18.01095;-43.37952;3128;938;29.99;12;23.8;50.7;48.7;0.389;365.0
mg;52396;SÃO GONÇALO DO SAPUCAÍ;Minas Gerais;Sudeste;-21.90085;-45.59425;19134;5117;26.74;58;24.1;47.0;48.7;0.381;1949.0
mg;52418;SÃO GOTARDO;Minas Gerais;Sudeste;-19.32258;-46.05943;28579;6208;21.72;98;29.2;44.4;48.2;0.397;2464.0
mg;41629;SÃO JOAQUIM DE BICAS;Minas Gerais;Sudeste;-20.06137;-44.26033;25074;5960;23.77;70;26.9;46.4;48.6;0.393;2343.0
mg;41645;SÃO JOSÉ DA BARRA;Minas Gerais;Sudeste;-20.72057;-46.30548;6753;1506;22.3;26;23.3;46.9;50.8;0.382;575.0
mg;40789;SÃO JOSÉ DA LAPA;Minas Gerais;Sudeste;-19.70515;-43.97888;19738;3382;17.13;68;26.7;34.6;47.7;0.353;1193.0
mg;52590;SÃO JOSÉ DA SAFIRA;Minas Gerais;Sudeste;-18.32338;-42.14126;4189;1202;28.69;15;27.8;55.9;49.7;0.426;512.0
mg;52612;SÃO JOSÉ DA VARGINHA;Minas Gerais;Sudeste;-19.9651;-44.68439;3988;834;20.91;14;25.0;50.3;50.5;0.399;333.0
mg;52639;SÃO JOSÉ DO ALEGRE;Minas Gerais;Sudeste;-22.32877;-45.52486;3727;779;20.9;11;22.2;48.2;49.1;0.374;292.0
mg;52655;SÃO JOSÉ DO DIVINO;Minas Gerais;Sudeste;-19.47282;-41.73962;3170;691;21.8;12;23.4;47.4;48.5;0.377;261.0
mg;52671;SÃO JOSÉ DO GOIABAL;Minas Gerais;Sudeste;-19.92685;-42.70755;4897;1263;25.79;16;20.7;48.3;48.6;0.365;461.0
mg;52698;SÃO JOSÉ DO JACURI;Minas Gerais;Sudeste;-18.25623;-42.66599;5252;1300;24.75;21;25.4;56.7;50.8;0.418;544.0
mg;52710;SÃO JOSÉ DO MANTIMENTO;Minas Gerais;Sudeste;-20.00441;-41.74534;3068;679;22.13;10;26.7;50.6;50.8;0.409;278.0
mg;52434;SÃO JOÃO BATISTA DO GLÓRIA;Minas Gerais;Sudeste;-20.63774;-46.5063;6432;1318;20.49;21;22.7;49.1;49.3;0.38;501.0
mg;40703;SÃO JOÃO DA LAGOA;Minas Gerais;Sudeste;-16.83098;-44.30713;5131;1206;23.5;18;24.4;51.0;51.2;0.399;481.0
mg;52450;SÃO JOÃO DA MATA;Minas Gerais;Sudeste;-21.93287;-45.92983;3192;693;21.71;11;21.7;55.2;51.5;0.395;274.0
mg;52477;SÃO JOÃO DA PONTE;Minas Gerais;Sudeste;-15.90332;-43.98516;22992;7037;30.61;83;25.0;60.5;50.5;0.425;2988.0
mg;41602;SÃO JOÃO DAS MISSÕES;Minas Gerais;Sudeste;-14.85994;-44.17857;9981;2485;24.9;36;35.0;57.7;50.0;0.466;1157.0
mg;52493;SÃO JOÃO DEL REI;Minas Gerais;Sudeste;-21.14447;-44.26178;70117;14645;20.89;218;22.7;35.0;46.6;0.333;4883.0
mg;40720;SÃO JOÃO DO MANHUAÇU;Minas Gerais;Sudeste;-20.39123;-42.14758;9811;2041;20.8;27;27.9;59.6;49.0;0.433;885.0
mg;40746;SÃO JOÃO DO MANTENINHA;Minas Gerais;Sudeste;-18.7199;-41.16645;5242;1026;19.57;19;23.3;53.2;48.4;0.392;402.0
mg;52515;SÃO JOÃO DO ORIENTE;Minas Gerais;Sudeste;-19.3402;-42.15952;6955;1535;22.07;22;22.7;55.7;48.5;0.394;605.0
mg;40762;SÃO JOÃO DO PACUÍ;Minas Gerais;Sudeste;-16.54292;-44.51073;4046;1123;27.76;16;24.6;52.1;51.2;0.403;453.0
mg;52531;SÃO JOÃO DO PARAÍSO;Minas Gerais;Sudeste;-15.31386;-41.99417;18054;4214;23.34;82;24.3;57.1;48.6;0.407;1715.0
mg;52558;SÃO JOÃO EVANGELISTA;Minas Gerais;Sudeste;-18.52484;-42.76696;12840;3704;28.85;38;25.7;49.2;47.4;0.391;1448.0
mg;52574;SÃO JOÃO NEPOMUCENO;Minas Gerais;Sudeste;-21.54313;-43.00764;20106;4505;22.41;66;21.4;48.4;46.5;0.364;1641.0
mg;52736;SÃO LOURENÇO;Minas Gerais;Sudeste;-22.11732;-45.05249;34836;8265;23.73;116;21.8;36.5;45.4;0.331;2733.0
mg;52752;SÃO MIGUEL DO ANTA;Minas Gerais;Sudeste;-20.71478;-42.7157;6021;1002;16.64;23;23.0;52.1;50.1;0.391;392.0
mg;52779;SÃO PEDRO DA UNIÃO;Minas Gerais;Sudeste;-21.13251;-46.63303;4328;982;22.69;14;20.0;57.7;51.0;0.389;382.0
mg;52817;SÃO PEDRO DO SUAÇUÍ;Minas Gerais;Sudeste;-18.35406;-42.59759;4666;1295;27.75;15;24.4;54.5;48.9;0.402;521.0
mg;52795;SÃO PEDRO DOS FERROS;Minas Gerais;Sudeste;-20.16429;-42.53927;6402;1770;27.65;24;22.1;50.6;48.5;0.378;670.0
mg;52833;SÃO ROMÃO;Minas Gerais;Sudeste;-16.36723;-45.1504;7275;2449;33.66;26;28.1;49.0;50.2;0.411;1006.0
mg;52850;SÃO ROQUE DE MINAS;Minas Gerais;Sudeste;-20.22934;-46.45283;5891;1386;23.53;18;22.2;56.5;50.4;0.398;552.0
mg;52876;SÃO SEBASTIÃO DA BELA VISTA;Minas Gerais;Sudeste;-22.16564;-45.76306;6472;1532;23.67;18;24.3;51.1;52.3;0.402;616.0
mg;42340;SÃO SEBASTIÃO DA VARGEM ALEGRE;Minas Gerais;Sudeste;-21.06703;-42.64463;3045;598;19.64;9;25.1;50.9;50.8;0.402;240.0
mg;42366;SÃO SEBASTIÃO DO ANTA;Minas Gerais;Sudeste;-19.4989;-41.98548;5604;1366;24.38;17;25.9;62.3;48.8;0.429;586.0
mg;52892;SÃO SEBASTIÃO DO MARANHÃO;Minas Gerais;Sudeste;-18.07262;-42.55531;8934;3200;35.82;34;24.7;59.0;51.1;0.421;1346.0
mg;52914;SÃO SEBASTIÃO DO OESTE;Minas Gerais;Sudeste;-20.26411;-45.02804;7573;1361;17.97;29;27.8;45.9;51.0;0.402;548.0
mg;52930;SÃO SEBASTIÃO DO PARAÍSO;Minas Gerais;Sudeste;-20.78675;-47.05351;51162;13277;25.95;147;23.1;45.3;46.8;0.366;4860.0
mg;52957;SÃO SEBASTIÃO DO RIO PRETO;Minas Gerais;Sudeste;-19.28907;-43.17606;2043;649;31.77;9;22.5;50.9;49.3;0.384;249.0
mg;52973;SÃO SEBASTIÃO DO RIO VERDE;Minas Gerais;Sudeste;-22.21598;-44.97866;2163;386;17.85;7;20.8;48.8;49.7;0.37;143.0
mg;53031;SÃO THOMÉ DAS LETRAS;Minas Gerais;Sudeste;-21.40399;-44.85687;5182;1137;21.94;19;24.6;46.4;51.0;0.388;441.0
mg;52990;SÃO TIAGO;Minas Gerais;Sudeste;-20.94364;-44.53327;9396;1797;19.13;32;22.8;49.7;48.9;0.381;685.0
mg;53015;SÃO TOMÁS DE AQUINO;Minas Gerais;Sudeste;-20.782;-47.09945;5951;1456;24.47;17;23.6;51.9;49.2;0.392;571.0
mg;53058;SÃO VICENTE DE MINAS;Minas Gerais;Sudeste;-21.70215;-44.44428;5681;1423;25.05;22;24.6;44.0;48.3;0.374;532.0
mg;53570;TABULEIRO;Minas Gerais;Sudeste;-21.35247;-43.25136;4006;841;20.99;13;21.5;50.1;49.8;0.377;317.0
mg;53597;TAIOBEIRAS;Minas Gerais;Sudeste;-15.81515;-42.20476;27594;6565;23.79;84;25.0;49.0;47.2;0.387;2538.0
mg;42420;TAPARUBA;Minas Gerais;Sudeste;-20.50413;-42.5391;4088;1062;25.98;13;22.7;60.3;49.4;0.407;433.0
mg;53619;TAPIRA;Minas Gerais;Sudeste;-19.921;-46.83603;4968;984;19.81;15;24.5;45.4;52.7;0.389;383.0
mg;53635;TAPIRAÍ;Minas Gerais;Sudeste;-19.9251;-46.82333;1974;415;21.02;8;21.6;53.1;52.2;0.391;162.0
mg;53651;TAQUARAÇU DE MINAS;Minas Gerais;Sudeste;-19.6736;-43.70762;5759;1478;25.66;19;18.1;51.3;53.5;0.367;543.0
mg;53678;TARUMIRIM;Minas Gerais;Sudeste;-19.29831;-41.96172;10127;2251;22.23;44;21.4;51.3;47.8;0.375;843.0
mg;53694;TEIXEIRAS;Minas Gerais;Sudeste;-20.6515;-42.85748;10098;1975;19.56;45;23.0;49.5;47.7;0.379;748.0
mg;53716;TEÓFILO OTONI;Minas Gerais;Sudeste;-17.84257;-41.4913;106567;29344;27.54;335;23.3;44.1;45.8;0.361;10599.0
mg;53732;TIMÓTEO;Minas Gerais;Sudeste;-19.55437;-42.64164;59600;13836;23.21;175;22.5;33.3;46.4;0.326;4513.0
mg;53759;TIRADENTES;Minas Gerais;Sudeste;-21.11211;-44.17446;6892;1284;18.63;22;22.8;41.1;47.9;0.356;456.0
mg;53775;TIROS;Minas Gerais;Sudeste;-18.99915;-45.94875;6214;1487;23.93;25;22.0;53.0;50.6;0.39;580.0
mg;53791;TOCANTINS;Minas Gerais;Sudeste;-21.17461;-43.02354;12649;2116;16.73;47;22.4;48.9;48.3;0.376;795.0
mg;42587;TOCOS DO MOJI;Minas Gerais;Sudeste;-22.3711;-46.11511;4159;677;16.28;13;20.2;56.4;53.0;0.393;266.0
mg;53813;TOLEDO;Minas Gerais;Sudeste;-22.73771;-46.37955;7507;1787;23.8;21;24.3;50.9;51.6;0.4;714.0
mg;53830;TOMBOS;Minas Gerais;Sudeste;-21.09472;-42.97886;6714;1279;19.05;26;20.1;49.0;48.4;0.362;463.0
mg;53856;TRÊS CORAÇÕES;Minas Gerais;Sudeste;-21.67474;-45.24909;56588;14560;25.73;173;25.4;42.3;47.4;0.37;5394.0
mg;41157;TRÊS MARIAS;Minas Gerais;Sudeste;-18.21046;-45.21639;24921;6820;27.37;82;24.1;45.9;48.7;0.377;2574.0
mg;53872;TRÊS PONTAS;Minas Gerais;Sudeste;-21.37051;-45.51558;45341;9893;21.82;153;24.9;45.7;47.9;0.379;3747.0
mg;53899;TUMIRITINGA;Minas Gerais;Sudeste;-18.97946;-41.68952;5517;1570;28.46;17;24.3;56.1;49.1;0.406;637.0
mg;53910;TUPACIGUARA;Minas Gerais;Sudeste;-18.59427;-48.70544;20966;5047;24.07;65;21.9;48.4;48.1;0.371;1872.0
mg;53937;TURMALINA;Minas Gerais;Sudeste;-17.29504;-42.745;16553;3627;21.91;56;26.7;49.5;49.6;0.403;1462.0
mg;53953;TURVOLÂNDIA;Minas Gerais;Sudeste;-21.87574;-45.79123;4957;1066;21.5;17;26.2;53.2;50.2;0.412;439.0
mg;40860;UBAPORANGA;Minas Gerais;Sudeste;-19.64106;-42.09181;10135;1904;18.79;41;23.4;56.0;48.7;0.4;761.0
mg;53996;UBAÍ;Minas Gerais;Sudeste;-17.6465;-44.37659;9797;2691;27.47;43;28.5;52.9;50.1;0.423;1137.0
mg;54011;UBERABA;Minas Gerais;Sudeste;-19.7554;-47.93353;236838;50783;21.44;795;23.7;30.1;45.6;0.319;16213.0
mg;54038;UBERLÂNDIA;Minas Gerais;Sudeste;-18.92164;-48.2766;540033;110517;20.46;1703;25.7;27.0;46.0;0.317;35042.0
mg;53970;UBÁ;Minas Gerais;Sudeste;-21.11799;-42.944;71547;16122;22.53;239;23.1;47.1;46.3;0.369;5953.0
mg;54054;UMBURATIBA;Minas Gerais;Sudeste;-17.25275;-40.57298;2736;771;28.18;13;25.0;53.0;52.5;0.411;317.0
mg;54070;UNAÍ;Minas Gerais;Sudeste;-16.35694;-46.87691;64172;14750;22.99;191;24.8;42.3;48.2;0.37;5455.0
mg;42447;UNIÃO DE MINAS;Minas Gerais;Sudeste;-19.52902;-50.33295;3158;727;23.02;12;22.4;54.7;51.9;0.399;290.0
mg;42463;URUANA DE MINAS;Minas Gerais;Sudeste;-16.09575;-46.25753;3686;965;26.18;11;23.8;44.5;49.8;0.375;362.0
mg;40886;URUCUIA;Minas Gerais;Sudeste;-16.10995;-45.68204;7988;2220;27.79;27;28.3;49.1;50.6;0.413;916.0
mg;54097;URUCÂNIA;Minas Gerais;Sudeste;-20.34923;-42.74634;8712;2109;24.21;27;24.7;56.2;48.6;0.407;858.0
mg;40908;VARGEM ALEGRE;Minas Gerais;Sudeste;-19.60447;-42.29781;5430;1235;22.74;21;23.6;54.2;49.8;0.399;493.0
mg;54119;VARGEM BONITA;Minas Gerais;Sudeste;-20.3536;-46.3129;2601;748;28.76;8;20.6;49.9;52.7;0.379;283.0
mg;42480;VARGEM GRANDE DO RIO PARDO;Minas Gerais;Sudeste;-15.38598;-42.30707;4199;934;22.24;18;27.9;50.4;50.9;0.415;388.0
mg;54135;VARGINHA;Minas Gerais;Sudeste;-21.5612;-45.43718;104607;24095;23.03;305;23.7;34.9;47.0;0.339;8158.0
mg;42501;VARJÃO DE MINAS;Minas Gerais;Sudeste;-18.38546;-46.01786;6717;1515;22.55;20;28.1;50.6;51.4;0.418;633.0
mg;54178;VARZELÂNDIA;Minas Gerais;Sudeste;-15.67506;-44.0059;17159;5119;29.83;54;26.1;55.6;49.9;0.417;2135.0
mg;54194;VAZANTE;Minas Gerais;Sudeste;-17.9526;-46.89503;16950;4200;24.78;53;23.6;43.7;49.0;0.37;1553.0
mg;42528;VERDELÂNDIA;Minas Gerais;Sudeste;-15.63688;-43.61169;6974;1866;26.76;27;32.5;52.0;50.9;0.442;824.0
mg;42544;VEREDINHA;Minas Gerais;Sudeste;-17.46068;-42.72802;5268;1305;24.77;18;25.9;53.1;50.8;0.412;537.0
mg;42560;VERMELHO NOVO;Minas Gerais;Sudeste;-20.03909;-42.26653;5097;1203;23.6;17;24.4;58.7;51.0;0.418;503.0
mg;54232;VERÍSSIMO;Minas Gerais;Sudeste;-19.67726;-48.32095;3223;830;25.75;11;21.0;49.7;51.8;0.378;314.0
mg;54259;VESPASIANO;Minas Gerais;Sudeste;-19.74113;-43.94634;87691;16782;19.14;301;28.9;34.8;46.4;0.36;6045.0
mg;54291;VIEIRAS;Minas Gerais;Sudeste;-20.89123;-42.2571;4007;753;18.79;12;22.2;49.9;49.7;0.38;286.0
mg;54330;VIRGEM DA LAPA;Minas Gerais;Sudeste;-16.76664;-42.34622;10159;3276;32.25;31;22.0;53.5;46.9;0.381;1247.0
mg;54372;VIRGINÓPOLIS;Minas Gerais;Sudeste;-18.80981;-42.6971;8530;2577;30.21;28;24.1;52.8;48.0;0.394;1015.0
mg;54399;VIRGOLÂNDIA;Minas Gerais;Sudeste;-18.45967;-42.30516;4613;1336;28.96;17;23.7;56.3;48.2;0.401;535.0
mg;54356;VIRGÍNIA;Minas Gerais;Sudeste;-22.35253;-45.09198;7521;1524;20.26;23;21.2;55.8;49.8;0.389;593.0
mg;54410;VISCONDE DO RIO BRANCO;Minas Gerais;Sudeste;-21.00949;-42.84042;30721;6359;20.7;102;23.3;50.4;47.0;0.381;2421.0
mg;54275;VIÇOSA;Minas Gerais;Sudeste;-20.75285;-42.87821;61609;13752;22.32;193;25.2;37.8;45.8;0.352;4840.0
mg;54437;VOLTA GRANDE;Minas Gerais;Sudeste;-21.76838;-42.55469;4431;1288;29.07;20;22.6;48.4;49.2;0.377;486.0
mg;54151;VÁRZEA DA PALMA;Minas Gerais;Sudeste;-17.55788;-44.73968;27190;7053;25.94;85;24.5;48.9;48.9;0.388;2738.0
mg;54216;WENCESLAU BRAZ;Minas Gerais;Sudeste;-22.54691;-45.38415;2695;537;19.93;11;22.9;43.6;50.8;0.37;199.0
mg;40118;ÁGUA BOA;Minas Gerais;Sudeste;-17.97465;-42.36276;11836;3786;31.99;38;25.7;61.8;49.9;0.429;1626.0
mg;40134;ÁGUA COMPRIDA;Minas Gerais;Sudeste;-20.05921;-48.10993;2699;597;22.12;10;21.1;46.0;50.4;0.366;218.0
mg;40177;ÁGUAS FORMOSAS;Minas Gerais;Sudeste;-17.07531;-40.95565;14491;3450;23.81;49;26.3;44.5;49.4;0.387;1334.0
mg;40193;ÁGUAS VERMELHAS;Minas Gerais;Sudeste;-15.62483;-41.4747;10868;3309;30.45;31;25.4;59.8;49.5;0.422;1397.0
pr;74012;ABATIÁ;Paraná;Sul;-23.30506;-50.31316;5976;1524;25.5;18;22.2;49.4;49.1;0.378;576.0
pr;74039;ADRIANÓPOLIS;Paraná;Sul;-24.68698;-48.90569;5781;1430;24.74;23;25.8;41.7;51.6;0.381;545.0
pr;74055;AGUDOS DO SUL;Paraná;Sul;-26.00055;-49.33011;8981;1719;19.14;26;26.5;48.7;50.3;0.402;691.0
pr;74071;ALMIRANTE TAMANDARÉ;Paraná;Sul;-25.32589;-49.28535;77677;17813;22.93;211;29.8;39.1;47.4;0.381;6785.0
pr;84557;ALTAMIRA DO PARANÁ;Paraná;Sul;-24.8023;-52.71641;3441;786;22.84;11;25.2;48.4;49.8;0.393;309.0
pr;74098;ALTO PARANÁ;Paraná;Sul;-23.12696;-52.31543;10406;2492;23.95;33;24.3;47.8;47.5;0.38;948.0
pr;74926;ALTO PARAÍSO;Paraná;Sul;-23.49939;-53.73834;3269;933;28.54;11;23.8;46.5;50.1;0.381;355.0
pr;74110;ALTO PIQUIRI;Paraná;Sul;-24.04521;-53.42922;7426;1803;24.28;25;22.9;48.7;48.2;0.377;680.0
pr;79510;ALTÔNIA;Paraná;Sul;-23.87761;-53.89106;14510;3204;22.08;50;20.7;45.9;46.7;0.354;1134.0
pr;74136;ALVORADA DO SUL;Paraná;Sul;-22.78174;-51.22922;7430;1600;21.53;25;21.8;41.5;48.2;0.352;563.0
pr;74152;AMAPORÃ;Paraná;Sul;-23.10311;-52.79124;4058;914;22.52;13;25.7;42.9;47.8;0.375;342.0
pr;74179;AMPÉRE;Paraná;Sul;-25.9232;-53.47257;14532;2365;16.27;48;25.2;41.0;47.5;0.366;866.0
pr;74101;ANAHY;Paraná;Sul;-24.64782;-53.13702;2828;472;16.69;9;25.5;42.2;49.9;0.377;178.0
pr;74195;ANDIRÁ;Paraná;Sul;-23.04433;-50.22963;16359;3898;23.83;55;21.1;37.7;47.1;0.335;1305.0
pr;74217;ANTONINA;Paraná;Sul;-25.42023;-48.71803;15653;4027;25.73;53;24.3;40.6;48.9;0.364;1465.0
pr;74233;ANTÔNIO OLINTO;Paraná;Sul;-25.93936;-50.1545;6911;1395;20.19;25;24.0;53.7;51.8;0.406;566.0
pr;74250;APUCARANA;Paraná;Sul;-23.55458;-51.45537;94187;20399;21.66;295;23.4;35.0;46.0;0.335;6837.0
pr;74276;ARAPONGAS;Paraná;Sul;-23.41095;-51.43401;84444;17350;20.55;247;23.0;33.7;46.4;0.33;5727.0
pr;74292;ARAPOTI;Paraná;Sul;-24.1289;-49.82674;19003;4680;24.63;66;26.7;39.6;48.4;0.371;1738.0
pr;75108;ARAPUÃ;Paraná;Sul;-24.32118;-51.79078;3263;529;16.21;13;23.7;49.3;49.6;0.387;205.0
pr;74314;ARARUNA;Paraná;Sul;-23.93462;-52.49802;10853;2000;18.43;36;23.4;40.9;48.6;0.36;719.0
pr;74357;ARAUCÁRIA;Paraná;Sul;-25.58686;-49.39265;112066;22664;20.22;341;28.3;31.2;48.2;0.349;7909.0
pr;75086;ARIRANHA DO IVAÍ;Paraná;Sul;-24.38259;-51.57867;2527;503;19.91;8;19.8;48.9;49.7;0.364;183.0
pr;74373;ASSAÍ;Paraná;Sul;-23.38109;-50.84684;12321;3051;24.76;44;20.9;36.0;46.9;0.328;1001.0
pr;79537;ASSIS CHATEAUBRIAND;Paraná;Sul;-24.40938;-53.53308;27256;5525;20.27;87;23.3;38.7;47.2;0.349;1930.0
pr;74390;ASTORGA;Paraná;Sul;-23.23198;-51.67193;19627;3963;20.19;63;21.3;38.2;47.2;0.337;1337.0
pr;74411;ATALAIA;Paraná;Sul;-23.1513;-52.0539;3479;626;17.99;12;21.7;40.9;50.3;0.355;222.0
pr;74438;BALSA NOVA;Paraná;Sul;-25.51498;-49.62309;12129;2195;18.1;40;24.5;42.6;50.1;0.374;821.0
pr;74454;BANDEIRANTES;Paraná;Sul;-23.10974;-50.36909;24411;5801;23.76;82;22.7;35.5;46.7;0.335;1944.0
pr;74470;BARBOSA FERRAZ;Paraná;Sul;-24.04768;-52.02883;8859;2195;24.78;35;21.0;45.3;48.1;0.358;785.0
pr;74519;BARRA DO JACARÉ;Paraná;Sul;-23.11466;-50.18083;2805;566;20.18;9;20.4;35.6;50.1;0.331;188.0
pr;74497;BARRACÃO;Paraná;Sul;-26.25068;-53.58964;7600;1491;19.62;28;25.4;45.0;48.3;0.381;568.0
pr;75124;BELA VISTA DA CAROBA;Paraná;Sul;-25.88303;-53.66579;2988;505;16.9;9;22.9;53.4;51.2;0.397;200.0
pr;74535;BELA VISTA DO PARAÍSO;Paraná;Sul;-22.98927;-51.19598;12282;3012;24.52;43;22.7;43.2;46.1;0.356;1072.0
pr;74551;BITURUNA;Paraná;Sul;-26.16532;-51.51516;12808;2422;18.91;45;28.0;51.8;49.8;0.416;1008.0
pr;74578;BOA ESPERANÇA;Paraná;Sul;-24.24436;-52.77086;3974;752;18.92;13;23.1;39.7;48.3;0.354;266.0
pr;74144;BOA ESPERANÇA DO IGUAÇU;Paraná;Sul;-25.63213;-53.21366;2309;367;15.89;8;24.8;47.8;51.4;0.394;144.0
pr;75140;BOA VENTURA DE SÃO ROQUE;Paraná;Sul;-24.86707;-51.55666;5080;896;17.64;22;26.8;47.6;50.8;0.402;360.0
pr;79812;BOA VISTA DA APARECIDA;Paraná;Sul;-25.43965;-53.407;7107;1492;20.99;20;24.8;47.4;48.6;0.385;574.0
pr;74594;BOCAIÚVA DO SUL;Paraná;Sul;-25.20663;-49.09907;10205;2556;25.05;33;28.0;49.8;49.5;0.41;1049.0
pr;75167;BOM JESUS DO SUL;Paraná;Sul;-26.16506;-53.56179;3699;630;17.03;14;24.1;50.6;50.6;0.395;249.0
pr;74616;BOM SUCESSO;Paraná;Sul;-23.71116;-51.76792;5316;1097;20.64;18;25.2;45.3;48.1;0.38;417.0
pr;74160;BOM SUCESSO DO SUL;Paraná;Sul;-26.07349;-52.83385;3020;458;15.17;11;23.4;44.3;49.4;0.372;170.0
pr;74632;BORRAZÓPOLIS;Paraná;Sul;-23.93897;-51.58995;6279;1110;17.68;27;20.6;44.9;48.8;0.356;395.0
pr;79839;BRAGANEY;Paraná;Sul;-24.80572;-53.10136;4330;835;19.28;16;23.7;43.6;49.9;0.372;311.0
pr;74187;BRASILÂNDIA DO SUL;Paraná;Sul;-24.19951;-53.54902;3350;692;20.66;11;25.8;48.6;47.8;0.391;271.0
pr;74659;CAFEARA;Paraná;Sul;-22.78722;-51.71088;2223;386;17.36;7;24.0;42.1;49.1;0.367;142.0
pr;79855;CAFELÂNDIA;Paraná;Sul;-24.62524;-53.32704;13247;2307;17.42;41;26.6;33.3;48.5;0.35;809.0
pr;74209;CAFEZAL DO SUL;Paraná;Sul;-23.92683;-53.53032;4161;883;21.22;15;23.5;45.9;48.0;0.373;329.0
pr;74675;CALIFÓRNIA;Paraná;Sul;-23.66599;-51.355;6940;1322;19.05;25;24.1;43.2;47.7;0.367;486.0
pr;74691;CAMBARÁ;Paraná;Sul;-23.04093;-50.07715;17864;4612;25.82;60;21.9;37.5;47.0;0.338;1559.0
pr;74730;CAMBIRA;Paraná;Sul;-23.60056;-51.58008;6442;1250;19.4;19;22.9;40.9;48.6;0.357;446.0
pr;74713;CAMBÉ;Paraná;Sul;-23.28663;-51.25537;76178;16494;21.65;224;24.1;34.4;46.5;0.338;5573.0
pr;74756;CAMPINA DA LAGOA;Paraná;Sul;-24.60296;-52.79858;12371;2809;22.71;42;24.3;44.7;47.3;0.372;1045.0
pr;75183;CAMPINA DO SIMÃO;Paraná;Sul;-25.11092;-51.81625;3735;793;21.23;14;28.9;56.3;51.5;0.437;347.0
pr;74772;CAMPINA GRANDE DO SUL;Paraná;Sul;-25.31505;-49.05293;35488;7693;21.68;103;28.5;34.6;47.9;0.361;2781.0
pr;74780;CAMPO BONITO;Paraná;Sul;-25.01997;-52.99935;3695;807;21.84;12;26.9;46.9;49.6;0.397;320.0
pr;74799;CAMPO DO TENENTE;Paraná;Sul;-25.97733;-49.67526;6393;1156;18.08;20;29.7;48.1;49.7;0.414;479.0
pr;74810;CAMPO LARGO;Paraná;Sul;-25.43973;-49.52097;94798;18319;19.32;296;25.8;35.2;47.6;0.351;6430.0
pr;75205;CAMPO MAGRO;Paraná;Sul;-25.36322;-49.40328;21484;4327;20.14;66;27.5;39.8;48.5;0.376;1627.0
pr;74837;CAMPO MOURÃO;Paraná;Sul;-24.0375;-52.38074;70262;14090;20.05;216;24.8;31.5;46.0;0.33;4646.0
pr;74225;CANDÓI;Paraná;Sul;-25.58111;-52.08748;12050;2309;19.16;43;26.7;51.3;49.7;0.408;943.0
pr;84514;CANTAGALO;Paraná;Sul;-25.35504;-52.11986;9118;2232;24.48;35;26.4;51.8;49.4;0.408;910.0
pr;74870;CAPANEMA;Paraná;Sul;-25.65069;-53.79447;15204;3024;19.89;54;22.9;46.0;48.2;0.37;1119.0
pr;74896;CAPITÃO LEÔNIDAS MARQUES;Paraná;Sul;-25.48554;-53.60104;11861;2574;21.7;34;24.3;41.5;48.0;0.364;937.0
pr;75221;CARAMBEÍ;Paraná;Sul;-24.95435;-50.10866;17446;3132;17.95;51;28.5;38.6;48.5;0.376;1179.0
pr;74918;CARLÓPOLIS;Paraná;Sul;-23.42716;-49.71899;12148;2934;24.15;38;23.4;40.9;48.2;0.359;1053.0
pr;74934;CASCAVEL;Paraná;Sul;-24.96028;-53.45154;239954;45624;19.01;707;26.1;26.9;46.5;0.319;14566.0
pr;74950;CASTRO;Paraná;Sul;-24.80249;-49.94988;55971;11497;20.54;188;28.7;40.6;48.6;0.384;4415.0
pr;74977;CATANDUVAS;Paraná;Sul;-25.21999;-53.16683;7097;1590;22.4;27;25.5;46.7;49.2;0.388;617.0
pr;74993;CENTENÁRIO DO SUL;Paraná;Sul;-22.82331;-51.59748;8551;2017;23.59;32;22.4;47.7;47.6;0.371;748.0
pr;75019;CERRO AZUL;Paraná;Sul;-24.83256;-49.30967;13491;2997;22.21;48;28.3;59.0;51.0;0.44;1319.0
pr;75035;CHOPINZINHO;Paraná;Sul;-25.84408;-52.50763;16864;3387;20.08;53;25.3;42.0;47.8;0.37;1254.0
pr;75051;CIANORTE;Paraná;Sul;-23.67046;-52.60992;58478;12618;21.58;189;23.1;35.9;46.1;0.337;4251.0
pr;75078;CIDADE GAÚCHA;Paraná;Sul;-23.382;-52.94419;8899;2083;23.41;32;25.9;42.5;48.7;0.377;785.0
pr;75094;CLEVELÂNDIA;Paraná;Sul;-26.40102;-52.35831;13247;3138;23.69;50;27.3;45.1;47.0;0.387;1214.0
pr;75132;COLOMBO;Paraná;Sul;-25.34984;-49.187;161954;32835;20.27;486;28.7;36.6;46.7;0.366;12015.0
pr;75159;COLORADO;Paraná;Sul;-22.844;-51.96311;17627;3684;20.9;59;22.3;39.4;47.6;0.347;1280.0
pr;75175;CONGONHINHAS;Paraná;Sul;-23.55629;-50.52899;6609;1675;25.34;21;23.2;50.1;48.6;0.384;643.0
pr;75191;CONSELHEIRO MAIRINCK;Paraná;Sul;-23.62489;-50.17136;3221;752;23.35;10;24.3;41.0;48.6;0.364;274.0
pr;75213;CONTENDA;Paraná;Sul;-25.68145;-49.52849;13638;2435;17.85;42;25.9;46.7;49.1;0.39;950.0
pr;75230;CORBÉLIA;Paraná;Sul;-24.78333;-53.2846;13858;2478;17.88;45;24.2;36.8;47.3;0.348;862.0
pr;75256;CORNÉLIO PROCÓPIO;Paraná;Sul;-23.18118;-50.65262;35102;8153;23.23;121;21.7;27.8;46.3;0.303;2475.0
pr;75248;CORONEL DOMINGOS SOARES;Paraná;Sul;-26.19678;-51.99111;5280;1228;23.26;18;27.0;50.2;52.8;0.415;510.0
pr;75272;CORONEL VIVIDA;Paraná;Sul;-25.99036;-52.57041;17708;3268;18.45;59;24.7;41.9;47.5;0.366;1197.0
pr;75280;CORUMBATAÍ DO SUL;Paraná;Sul;-24.10012;-52.11502;3757;886;23.58;12;22.4;50.0;50.1;0.383;339.0
pr;75337;CRUZ MACHADO;Paraná;Sul;-25.9785;-51.28664;13735;2511;18.28;50;26.8;53.1;51.5;0.418;1050.0
pr;74241;CRUZEIRO DO IGUAÇU;Paraná;Sul;-25.60371;-53.12421;3622;712;19.66;13;24.8;43.2;49.2;0.375;267.0
pr;75299;CRUZEIRO DO OESTE;Paraná;Sul;-23.7761;-53.07319;16510;3928;23.79;56;23.1;39.4;47.6;0.351;1378.0
pr;75310;CRUZEIRO DO SUL;Paraná;Sul;-22.95943;-52.1647;3922;900;22.95;12;20.7;44.1;47.9;0.352;317.0
pr;75264;CRUZMALTINA;Paraná;Sul;-24.00595;-51.47287;2730;558;20.44;11;21.7;47.0;50.5;0.372;207.0
pr;75353;CURITIBA;Paraná;Sul;-25.46739;-49.27606;1415148;279056;19.72;4056;23.4;18.7;45.9;0.272;75805.0
pr;75370;CURIÚVA;Paraná;Sul;-24.03884;-50.45865;10807;2836;26.24;35;24.8;50.7;49.8;0.397;1125.0
pr;74853;CÂNDIDO DE ABREU;Paraná;Sul;-24.6226;-51.29698;11738;2663;22.69;51;24.1;53.5;50.3;0.402;1071.0
pr;79570;CÉU AZUL;Paraná;Sul;-25.14269;-53.84466;8788;1602;18.23;27;23.1;41.3;47.8;0.357;573.0
pr;75400;DIAMANTE D'OESTE;Paraná;Sul;-24.94593;-54.10417;3758;720;19.16;17;25.4;53.2;50.1;0.408;293.0
pr;75396;DIAMANTE DO NORTE;Paraná;Sul;-22.65637;-52.85988;4379;1021;23.32;13;22.5;40.0;48.4;0.352;360.0
pr;74268;DIAMANTE DO SUL;Paraná;Sul;-25.05473;-52.6935;3479;842;24.2;12;28.4;52.5;51.2;0.424;357.0
pr;75418;DOIS VIZINHOS;Paraná;Sul;-25.75232;-53.06583;33146;5616;16.94;104;26.4;34.3;47.9;0.351;1971.0
pr;84654;DOURADINA;Paraná;Sul;-23.387;-53.29719;6988;1385;19.82;22;22.4;35.1;48.5;0.336;466.0
pr;75434;DOUTOR CAMARGO;Paraná;Sul;-23.55576;-52.21672;5175;1009;19.5;17;20.9;40.4;47.3;0.342;345.0
pr;74942;DOUTOR ULYSSES;Paraná;Sul;-24.67339;-49.39597;5209;1120;21.5;20;28.9;62.5;51.8;0.454;508.0
pr;75477;ENGENHEIRO BELTRÃO;Paraná;Sul;-23.79173;-52.25676;10063;2169;21.55;33;22.3;37.4;48.1;0.342;742.0
pr;74284;ENTRE RIOS DO OESTE;Paraná;Sul;-24.70914;-54.23264;3721;582;15.64;15;23.4;40.7;48.7;0.359;209.0
pr;75450;ENÉAS MARQUES;Paraná;Sul;-25.92467;-53.14259;5490;949;17.29;17;24.3;46.1;51.3;0.386;366.0
pr;75302;ESPERANÇA NOVA;Paraná;Sul;-23.7261;-53.8123;2112;514;24.34;7;20.8;45.8;49.0;0.36;185.0
pr;75329;ESPIGÃO ALTO DO IGUAÇU;Paraná;Sul;-25.40632;-52.80517;4416;991;22.44;16;25.7;50.9;51.2;0.406;403.0
pr;74306;FAROL;Paraná;Sul;-24.09511;-52.63137;2837;591;20.83;10;23.5;47.1;48.4;0.377;223.0
pr;75493;FAXINAL;Paraná;Sul;-23.99416;-51.32454;12177;2496;20.5;45;24.5;42.8;47.0;0.367;916.0
pr;74322;FAZENDA RIO GRANDE;Paraná;Sul;-25.65779;-49.31194;94019;21891;23.28;259;30.1;29.7;47.4;0.349;7631.0
pr;75345;FERNANDES PINHEIRO;Paraná;Sul;-25.49683;-50.51914;5554;1050;18.91;20;28.0;53.9;51.4;0.427;448.0
pr;84573;FIGUEIRA;Paraná;Sul;-23.84775;-50.40611;6360;1589;24.98;19;23.6;47.6;48.6;0.379;603.0
pr;74349;FLOR DA SERRA DO SUL;Paraná;Sul;-26.25401;-53.29025;4381;862;19.68;17;24.9;51.5;50.5;0.401;346.0
pr;75531;FLORAÍ;Paraná;Sul;-23.32009;-52.30723;4346;672;15.46;15;20.0;42.7;47.6;0.344;231.0
pr;75558;FLORESTA;Paraná;Sul;-23.61553;-52.08034;8070;1673;20.73;24;24.5;35.1;46.4;0.342;572.0
pr;75574;FLORESTÓPOLIS;Paraná;Sul;-22.86652;-51.39212;9394;1745;18.58;34;24.3;41.2;48.6;0.365;638.0
pr;75590;FLÓRIDA;Paraná;Sul;-23.08376;-51.95103;2410;408;16.93;9;22.5;35.5;48.5;0.338;138.0
pr;75612;FORMOSA DO OESTE;Paraná;Sul;-24.29728;-53.31731;6080;1317;21.66;21;19.4;44.0;48.3;0.345;454.0
pr;75639;FOZ DO IGUAÇU;Paraná;Sul;-25.51769;-54.55822;209121;44044;21.06;626;27.2;29.4;45.8;0.332;14635.0
pr;75361;FOZ DO JORDÃO;Paraná;Sul;-25.7322;-52.12576;4360;1043;23.92;16;29.5;51.7;49.5;0.422;440.0
pr;79774;FRANCISCO ALVES;Paraná;Sul;-24.07657;-53.86508;6100;1520;24.92;21;26.5;47.1;48.8;0.393;598.0
pr;75655;FRANCISCO BELTRÃO;Paraná;Sul;-26.06316;-53.06444;66806;11091;16.6;217;25.8;30.7;47.1;0.334;3705.0
pr;75515;FÊNIX;Paraná;Sul;-23.90814;-51.98132;3851;806;20.93;12;23.6;43.0;48.4;0.366;295.0
pr;75671;GENERAL CARNEIRO;Paraná;Sul;-26.42156;-51.32499;8667;1904;21.97;32;28.3;51.3;49.0;0.414;789.0
pr;74004;GODOY MOREIRA;Paraná;Sul;-24.19095;-51.92074;2850;632;22.18;11;20.4;52.4;49.7;0.376;238.0
pr;75698;GOIOERÊ;Paraná;Sul;-24.18529;-53.02504;21161;4467;21.11;72;22.1;40.2;46.0;0.345;1540.0
pr;75388;GOIOXIM;Paraná;Sul;-25.15865;-52.01202;5428;1206;22.22;20;27.6;55.0;52.2;0.429;518.0
pr;79596;GRANDES RIOS;Paraná;Sul;-24.16608;-51.48221;4758;1029;21.63;18;23.7;48.2;50.4;0.386;398.0
pr;75736;GUAIRAÇÁ;Paraná;Sul;-22.93341;-52.6858;5399;1252;23.19;17;25.3;47.8;48.3;0.388;486.0
pr;75426;GUAMIRANGA;Paraná;Sul;-25.18385;-50.83135;6603;1012;15.33;22;25.5;53.9;50.4;0.41;416.0
pr;75752;GUAPIRAMA;Paraná;Sul;-23.51644;-50.04439;4064;939;23.11;12;24.0;41.5;48.3;0.364;341.0
pr;75779;GUAPOREMA;Paraná;Sul;-23.34182;-52.77931;1979;461;23.29;6;24.1;41.2;48.6;0.364;168.0
pr;75795;GUARACI;Paraná;Sul;-22.9637;-51.66085;4224;861;20.38;15;23.9;43.7;47.9;0.369;317.0
pr;75817;GUARANIAÇU;Paraná;Sul;-25.10712;-52.85879;11100;2508;22.59;44;23.8;49.0;48.8;0.385;964.0
pr;75833;GUARAPUAVA;Paraná;Sul;-25.38686;-51.47148;133846;26167;19.55;438;27.3;38.4;47.0;0.367;9598.0
pr;75850;GUARAQUEÇABA;Paraná;Sul;-25.28435;-48.35007;7430;2053;27.63;29;25.7;52.3;52.5;0.413;849.0
pr;75876;GUARATUBA;Paraná;Sul;-25.88869;-48.60496;32489;8380;25.79;95;22.4;35.5;47.3;0.335;2808.0
pr;75710;GUAÍRA;Paraná;Sul;-24.10184;-54.2466;23809;5461;22.94;82;24.8;39.3;45.8;0.355;1936.0
pr;74365;HONÓRIO SERPA;Paraná;Sul;-26.16287;-52.39604;4366;874;20.02;14;25.3;48.6;51.8;0.399;349.0
pr;75892;IBAITI;Paraná;Sul;-23.82876;-50.2088;21627;5217;24.12;74;24.1;43.0;48.1;0.368;1919.0
pr;74020;IBEMA;Paraná;Sul;-25.11594;-53.01562;5098;1107;21.71;20;26.7;48.6;47.8;0.396;438.0
pr;75914;IBIPORÃ;Paraná;Sul;-23.26764;-51.04894;39987;9685;24.22;119;23.6;33.9;46.4;0.334;3232.0
pr;75930;ICARAÍMA;Paraná;Sul;-23.38124;-53.62628;7070;1605;22.7;24;22.9;44.3;48.2;0.366;587.0
pr;75957;IGUARAÇU;Paraná;Sul;-23.19568;-51.82675;4057;811;19.99;12;22.8;34.8;48.5;0.338;274.0
pr;74381;IGUATU;Paraná;Sul;-24.72057;-53.08896;2131;368;17.27;8;23.4;41.4;49.9;0.364;134.0
pr;75442;IMBAÚ;Paraná;Sul;-24.4534;-50.7513;8865;1776;20.03;29;29.7;50.4;50.0;0.421;748.0
pr;75973;IMBITUVA;Paraná;Sul;-25.22161;-50.63103;23461;4123;17.57;76;27.9;55.2;49.1;0.423;1743.0
pr;76015;INAJÁ;Paraná;Sul;-22.75391;-52.2018;2546;551;21.64;8;23.3;41.7;48.0;0.36;198.0
pr;79618;INDIANÓPOLIS;Paraná;Sul;-23.47905;-52.70313;3803;796;20.93;14;22.6;42.4;49.0;0.361;287.0
pr;75990;INÁCIO MARTINS;Paraná;Sul;-25.59697;-51.1313;8367;1524;18.21;31;27.7;56.3;51.3;0.431;656.0
pr;76031;IPIRANGA;Paraná;Sul;-25.00937;-50.60084;11267;1818;16.14;41;27.8;54.6;51.2;0.426;775.0
pr;76058;IPORÃ;Paraná;Sul;-24.01099;-53.72067;12170;2900;23.83;47;22.6;42.9;47.3;0.358;1038.0
pr;74403;IRACEMA DO OESTE;Paraná;Sul;-24.42956;-53.35955;2427;482;19.86;9;24.1;49.4;48.8;0.387;187.0
pr;76074;IRATI;Paraná;Sul;-25.47991;-50.69162;45672;8338;18.26;161;24.9;40.8;47.6;0.365;3041.0
pr;76090;IRETAMA;Paraná;Sul;-24.38725;-52.0989;7961;1998;25.1;26;23.8;51.2;48.9;0.391;781.0
pr;76112;ITAGUAJÉ;Paraná;Sul;-22.61774;-51.96725;3512;689;19.62;11;24.3;42.4;49.1;0.37;255.0
pr;75000;ITAIPULÂNDIA;Paraná;Sul;-25.14568;-54.3083;9902;1663;16.79;30;27.0;46.3;47.9;0.391;650.0
pr;76139;ITAMBARACÁ;Paraná;Sul;-23.01307;-50.41021;5267;1302;24.72;16;22.3;40.8;48.8;0.354;461.0
pr;76155;ITAMBÉ;Paraná;Sul;-23.65712;-51.99163;5052;811;16.05;18;23.7;37.9;47.5;0.349;283.0
pr;76171;ITAPEJARA D'OESTE;Paraná;Sul;-25.96549;-52.81652;9159;1638;17.88;28;24.5;42.9;48.6;0.371;607.0
pr;74446;ITAPERUÇU;Paraná;Sul;-25.18789;-49.3823;21624;3441;15.91;61;31.5;50.9;49.1;0.429;1475.0
pr;76198;ITAÚNA DO SUL;Paraná;Sul;-22.72875;-52.88179;2788;679;24.35;10;23.9;45.3;48.6;0.375;254.0
pr;76236;IVAIPORÃ;Paraná;Sul;-24.24803;-51.66258;24012;4527;18.85;82;22.8;37.0;46.6;0.34;1540.0
pr;76252;IVATUBA;Paraná;Sul;-23.59576;-52.17908;3152;796;25.25;12;28.6;26.9;47.4;0.332;264.0
pr;74462;IVATÉ;Paraná;Sul;-23.38;-53.37608;5439;1080;19.86;20;22.6;37.7;48.8;0.346;374.0
pr;76210;IVAÍ;Paraná;Sul;-24.99457;-50.84786;10656;1703;15.98;37;26.9;52.7;50.8;0.416;708.0
pr;76279;JABOTI;Paraná;Sul;-23.7385;-50.06983;4523;868;19.19;15;23.5;43.3;49.7;0.37;321.0
pr;76295;JACAREZINHO;Paraná;Sul;-23.15159;-49.97138;29711;6959;23.42;102;24.2;33.4;46.9;0.336;2336.0
pr;76317;JAGUAPITÃ;Paraná;Sul;-23.11121;-51.53354;11056;2849;25.77;33;25.5;41.2;46.8;0.366;1044.0
pr;76333;JAGUARIAÍVA;Paraná;Sul;-24.27413;-49.70402;25982;5894;22.68;85;26.8;36.9;48.1;0.362;2135.0
pr;76350;JANDAIA DO SUL;Paraná;Sul;-23.60109;-51.6484;16534;3321;20.09;56;22.7;31.4;46.8;0.322;1069.0
pr;76376;JANIÓPOLIS;Paraná;Sul;-24.13819;-52.73709;4944;1127;22.8;16;21.4;50.7;48.7;0.376;424.0
pr;76392;JAPIRA;Paraná;Sul;-23.79491;-50.14313;3943;895;22.7;14;22.2;45.4;49.4;0.368;329.0
pr;76414;JAPURÁ;Paraná;Sul;-23.4703;-52.55409;7452;1412;18.95;25;21.7;42.3;48.1;0.353;499.0
pr;76430;JARDIM ALEGRE;Paraná;Sul;-24.18642;-51.71534;9012;1654;18.35;33;20.9;46.0;48.1;0.359;594.0
pr;76457;JARDIM OLINDA;Paraná;Sul;-22.54997;-52.03616;1350;208;15.41;5;22.6;37.5;50.0;0.349;73.0
pr;76473;JATAIZINHO;Paraná;Sul;-23.25613;-50.97237;9482;2121;22.37;31;25.1;39.7;47.4;0.361;766.0
pr;79979;JESUÍTAS;Paraná;Sul;-24.39134;-53.38917;7384;1335;18.08;25;20.7;45.6;48.5;0.358;478.0
pr;76490;JOAQUIM TÁVORA;Paraná;Sul;-23.49501;-49.91474;9226;2142;23.22;28;24.7;40.1;47.5;0.361;773.0
pr;76511;JUNDIAÍ DO SUL;Paraná;Sul;-23.43745;-50.24744;2911;719;24.7;9;23.8;48.1;49.9;0.385;277.0
pr;84638;JURANDA;Paraná;Sul;-24.42111;-52.85349;6202;1092;17.61;21;24.0;43.4;47.7;0.368;402.0
pr;76538;JUSSARA;Paraná;Sul;-23.6208;-52.47097;5485;1137;20.73;17;23.9;40.3;47.3;0.357;406.0
pr;76554;KALORÉ;Paraná;Sul;-23.83946;-51.68133;4004;650;16.23;14;21.7;40.8;48.4;0.35;227.0
pr;76570;LAPA;Paraná;Sul;-25.77316;-49.76981;36461;6935;19.02;119;25.4;40.6;49.0;0.37;2565.0
pr;74985;LARANJAL;Paraná;Sul;-24.88951;-52.45853;4694;1004;21.39;18;28.2;59.0;51.0;0.439;441.0
pr;76597;LARANJEIRAS DO SUL;Paraná;Sul;-25.39721;-52.40553;24304;5769;23.74;84;27.4;40.3;47.0;0.373;2152.0
pr;76619;LEÓPOLIS;Paraná;Sul;-23.06477;-50.74229;3502;636;18.16;13;21.3;38.9;48.8;0.343;218.0
pr;74489;LIDIANÓPOLIS;Paraná;Sul;-24.09452;-51.64853;3461;601;17.36;13;20.7;45.2;48.8;0.358;215.0
pr;74047;LINDOESTE;Paraná;Sul;-25.26298;-53.5629;5116;1090;21.31;16;24.7;45.6;50.4;0.385;419.0
pr;76635;LOANDA;Paraná;Sul;-22.9286;-53.1352;15869;3235;20.39;56;23.6;36.8;45.9;0.342;1105.0
pr;76651;LOBATO;Paraná;Sul;-23.01059;-51.95036;3851;747;19.4;13;22.7;33.1;47.7;0.33;246.0
pr;76678;LONDRINA;Paraná;Sul;-23.31607;-51.1594;394978;82553;20.9;1200;23.5;24.1;45.3;0.295;24353.0
pr;75809;LUIZIANA;Paraná;Sul;-24.28808;-52.27363;5953;1281;21.52;19;25.3;49.8;49.7;0.397;509.0
pr;84590;LUNARDELLI;Paraná;Sul;-24.07973;-51.74529;4235;913;21.56;14;21.2;46.9;48.5;0.364;333.0
pr;76694;LUPIONÓPOLIS;Paraná;Sul;-22.7531;-51.65725;4003;778;19.44;14;23.8;42.6;47.6;0.364;283.0
pr;76716;MALLET;Paraná;Sul;-25.89366;-50.81106;10552;1896;17.97;37;25.5;43.6;50.7;0.383;727.0
pr;76732;MAMBORÊ;Paraná;Sul;-24.3275;-52.53338;10615;2131;20.08;38;22.9;43.3;47.6;0.361;771.0
pr;76775;MANDAGUARI;Paraná;Sul;-23.52263;-51.67812;27663;6196;22.4;86;23.3;36.0;47.4;0.341;2114.0
pr;76759;MANDAGUAÇU;Paraná;Sul;-23.34383;-52.09522;19903;4533;22.78;64;25.8;38.8;47.7;0.363;1646.0
pr;76791;MANDIRITUBA;Paraná;Sul;-25.82456;-49.34152;19907;4053;20.36;62;26.5;45.3;49.3;0.39;1580.0
pr;75469;MANFRINÓPOLIS;Paraná;Sul;-26.10887;-53.32795;3122;567;18.16;11;27.9;49.5;53.8;0.42;238.0
pr;75116;MANGUEIRINHA;Paraná;Sul;-25.95714;-52.19949;13764;2962;21.52;47;27.4;45.9;48.0;0.392;1161.0
pr;76813;MANOEL RIBAS;Paraná;Sul;-24.5034;-51.66764;11018;2157;19.58;42;25.7;43.6;48.0;0.377;814.0
pr;76830;MARECHAL CÂNDIDO RONDON;Paraná;Sul;-24.55324;-54.07771;40475;7157;17.68;154;24.6;34.4;47.3;0.342;2448.0
pr;76856;MARIA HELENA;Paraná;Sul;-23.60771;-53.21949;4789;997;20.82;15;21.8;45.9;48.4;0.365;363.0
pr;76872;MARIALVA;Paraná;Sul;-23.48967;-51.80429;30178;6225;20.63;99;23.2;37.0;47.3;0.344;2140.0
pr;79758;MARILENA;Paraná;Sul;-22.73693;-53.03901;5989;1369;22.86;19;23.7;45.7;49.9;0.378;518.0
pr;76899;MARILUZ;Paraná;Sul;-24.00711;-53.14849;7588;1635;21.55;26;24.5;51.4;48.2;0.393;642.0
pr;74330;MARILÂNDIA DO SUL;Paraná;Sul;-23.76134;-51.30421;7142;1579;22.11;28;24.0;46.8;49.9;0.383;605.0
pr;76910;MARINGÁ;Paraná;Sul;-23.41516;-51.93402;302812;63754;21.05;974;22.9;22.3;45.5;0.285;18173.0
pr;74500;MARIPÁ;Paraná;Sul;-24.44635;-53.80891;5176;797;15.4;18;23.4;41.4;47.9;0.36;287.0
pr;76937;MARIÓPOLIS;Paraná;Sul;-26.35616;-52.55895;5494;1042;18.97;19;23.3;46.2;48.9;0.375;391.0
pr;76953;MARMELEIRO;Paraná;Sul;-26.17678;-53.04229;11778;2243;19.04;37;24.8;43.8;48.1;0.374;838.0
pr;75485;MARQUINHO;Paraná;Sul;-25.09752;-52.2344;3876;805;20.77;16;23.3;56.0;50.6;0.404;325.0
pr;76970;MARUMBI;Paraná;Sul;-23.70812;-51.64371;3950;644;16.3;13;23.7;41.3;48.7;0.363;233.0
pr;76996;MATELÂNDIA;Paraná;Sul;-25.23488;-53.97618;13751;2610;18.98;42;25.7;39.9;48.2;0.367;958.0
pr;79634;MATINHOS;Paraná;Sul;-25.80278;-48.53202;35293;10358;29.35;100;22.2;35.4;46.4;0.332;3435.0
pr;74527;MATO RICO;Paraná;Sul;-24.68536;-52.16534;3238;671;20.72;16;25.8;51.4;52.5;0.411;276.0
pr;74543;MAUÁ DA SERRA;Paraná;Sul;-23.89841;-51.22718;7691;1649;21.44;25;28.4;48.7;49.0;0.408;672.0
pr;77011;MEDIANEIRA;Paraná;Sul;-25.29103;-54.09868;37479;7386;19.71;126;26.5;37.6;47.5;0.362;2672.0
pr;74560;MERCEDES;Paraná;Sul;-24.45062;-54.18022;4929;671;13.61;20;23.9;46.2;48.3;0.377;253.0
pr;77038;MIRADOR;Paraná;Sul;-23.22108;-52.75883;2160;540;25.0;8;24.5;43.6;49.4;0.375;202.0
pr;77054;MIRASELVA;Paraná;Sul;-22.96852;-51.48294;1851;281;15.18;7;21.3;39.3;49.1;0.345;97.0
pr;84697;MISSAL;Paraná;Sul;-25.10199;-54.22999;9671;1563;16.16;33;22.5;46.8;49.1;0.372;582.0
pr;77070;MOREIRA SALES;Paraná;Sul;-24.0596;-52.99538;9161;1783;19.46;36;22.0;50.1;48.4;0.376;671.0
pr;77097;MORRETES;Paraná;Sul;-25.4975;-48.82185;14680;3439;23.43;47;24.7;40.6;48.7;0.366;1258.0
pr;77119;MUNHOZ DE MELLO;Paraná;Sul;-23.14636;-51.77192;3547;688;19.4;11;23.7;39.5;49.1;0.358;246.0
pr;77135;NOSSA SENHORA DAS GRAÇAS;Paraná;Sul;-22.91404;-51.79883;3173;642;20.23;11;23.6;39.7;48.8;0.357;229.0
pr;77151;NOVA ALIANÇA DO IVAÍ;Paraná;Sul;-23.17758;-52.60458;1565;323;20.64;5;24.9;40.3;49.0;0.367;118.0
pr;77178;NOVA AMÉRICA DA COLINA;Paraná;Sul;-23.33085;-50.71974;3349;531;15.86;12;24.8;39.4;49.4;0.364;193.0
pr;79650;NOVA AURORA;Paraná;Sul;-24.51715;-53.26452;9631;1535;15.94;35;22.4;41.4;47.8;0.354;543.0
pr;77194;NOVA CANTU;Paraná;Sul;-24.67898;-52.56826;6004;1156;19.25;22;25.9;48.8;49.7;0.397;459.0
pr;77216;NOVA ESPERANÇA;Paraná;Sul;-23.18627;-52.20721;19494;4046;20.76;74;22.8;39.4;46.7;0.347;1406.0
pr;75027;NOVA ESPERANÇA DO SUDOESTE;Paraná;Sul;-25.88903;-53.24268;5165;830;16.07;16;27.1;45.8;52.2;0.402;333.0
pr;77232;NOVA FÁTIMA;Paraná;Sul;-23.43591;-50.55929;6087;1381;22.69;22;21.9;48.5;47.0;0.368;509.0
pr;74586;NOVA LARANJEIRAS;Paraná;Sul;-25.26644;-52.5736;8591;1826;21.25;29;28.8;49.8;50.1;0.416;759.0
pr;77259;NOVA LONDRINA;Paraná;Sul;-22.7659;-52.99061;9738;2411;24.76;34;24.1;36.2;47.0;0.345;832.0
pr;79677;NOVA OLÍMPIA;Paraná;Sul;-23.47466;-53.08614;4854;1020;21.01;17;23.5;43.6;47.4;0.365;372.0
pr;79952;NOVA PRATA DO IGUAÇU;Paraná;Sul;-25.62507;-53.35582;8864;1627;18.36;27;24.5;47.9;49.3;0.387;630.0
pr;74608;NOVA SANTA BÁRBARA;Paraná;Sul;-23.58939;-50.76299;3758;798;21.23;13;25.7;44.7;47.0;0.378;301.0
pr;79790;NOVA SANTA ROSA;Paraná;Sul;-24.45796;-53.9532;7055;998;14.15;24;22.6;41.2;48.4;0.356;355.0
pr;75760;NOVA TEBAS;Paraná;Sul;-24.45732;-51.93863;6025;1168;19.39;24;23.5;50.8;50.8;0.393;459.0
pr;74420;NOVO ITACOLOMI;Paraná;Sul;-23.75984;-51.50615;2996;532;17.76;9;23.9;43.2;50.8;0.374;199.0
pr;77275;ORTIGUEIRA;Paraná;Sul;-24.17111;-50.94406;20079;5220;26.0;71;26.2;54.5;50.6;0.417;2175.0
pr;77291;OURIZONA;Paraná;Sul;-23.40769;-52.19619;2830;453;16.01;10;20.9;42.1;48.6;0.35;158.0
pr;74063;OURO VERDE DO OESTE;Paraná;Sul;-24.77632;-53.90338;5332;927;17.39;17;25.2;41.0;48.7;0.369;343.0
pr;77313;PAIÇANDU;Paraná;Sul;-23.4593;-52.04507;30395;6659;21.91;100;25.0;40.9;46.8;0.363;2418.0
pr;77330;PALMAS;Paraná;Sul;-26.48034;-51.99438;32266;8523;26.41;103;30.8;45.1;47.3;0.403;3438.0
pr;77356;PALMEIRA;Paraná;Sul;-25.44207;-50.05415;26972;4939;18.31;87;26.2;42.4;48.8;0.379;1871.0
pr;77372;PALMITAL;Paraná;Sul;-24.88687;-52.23536;10879;2311;21.24;41;25.9;53.5;49.3;0.409;945.0
pr;77399;PALOTINA;Paraná;Sul;-24.2779;-53.84285;24632;4339;17.62;84;24.2;33.7;47.2;0.338;1466.0
pr;77437;PARANACITY;Paraná;Sul;-22.93341;-52.15014;7616;1874;24.61;24;25.1;41.5;47.8;0.368;690.0
pr;77453;PARANAGUÁ;Paraná;Sul;-25.53775;-48.5363;108469;22251;20.51;322;28.1;30.8;47.9;0.346;7704.0
pr;77470;PARANAPOEMA;Paraná;Sul;-22.65351;-52.08193;2106;355;16.86;7;23.8;41.5;48.5;0.363;129.0
pr;77496;PARANAVAÍ;Paraná;Sul;-23.08243;-52.46361;63954;14281;22.33;202;23.2;31.6;45.4;0.322;4595.0
pr;77410;PARAÍSO DO NORTE;Paraná;Sul;-23.28224;-52.60214;9490;2013;21.21;30;25.0;39.2;48.1;0.361;727.0
pr;74624;PATO BRAGADO;Paraná;Sul;-24.62631;-54.22685;4506;698;15.49;15;23.8;41.9;46.8;0.36;251.0
pr;77518;PATO BRANCO;Paraná;Sul;-26.22591;-52.67588;64406;12021;18.66;204;26.3;27.8;46.6;0.324;3896.0
pr;77534;PAULA FREITAS;Paraná;Sul;-26.174;-50.8849;4763;901;18.92;18;23.0;46.3;51.3;0.38;342.0
pr;77550;PAULO FRONTIN;Paraná;Sul;-26.05208;-50.78078;5698;924;16.22;21;24.6;46.8;52.0;0.391;362.0
pr;77577;PEABIRU;Paraná;Sul;-23.91503;-52.34366;9916;1997;20.14;33;24.4;37.8;47.2;0.352;703.0
pr;75507;PEROBAL;Paraná;Sul;-23.89569;-53.4171;5670;1180;20.81;17;23.7;41.8;47.8;0.362;427.0
pr;75043;PINHAIS;Paraná;Sul;-25.42942;-49.17785;99265;19758;19.9;280;27.4;26.0;46.8;0.322;6354.0
pr;74640;PINHAL DE SÃO BENTO;Paraná;Sul;-26.02707;-53.48273;2579;445;17.25;9;26.1;49.9;50.2;0.403;179.0
pr;77631;PINHALÃO;Paraná;Sul;-23.81787;-50.06215;5879;1164;19.8;19;22.9;44.7;49.6;0.37;431.0
pr;77658;PINHÃO;Paraná;Sul;-25.75223;-51.62314;23849;5979;25.07;81;30.2;52.0;49.1;0.426;2544.0
pr;77690;PIRAQUARA;Paraná;Sul;-25.45285;-49.09878;73929;16804;22.73;214;29.9;35.7;47.1;0.369;6197.0
pr;77674;PIRAÍ DO SUL;Paraná;Sul;-24.53015;-49.93201;18800;3965;21.09;63;26.7;41.9;49.0;0.38;1506.0
pr;77712;PITANGA;Paraná;Sul;-24.73069;-51.7782;25677;5441;21.19;98;25.6;41.6;48.9;0.374;2033.0
pr;74667;PITANGUEIRAS;Paraná;Sul;-23.23383;-51.58471;2622;516;19.68;8;24.2;43.1;48.8;0.371;191.0
pr;77615;PIÊN;Paraná;Sul;-26.10324;-49.41798;10850;1461;13.47;35;27.3;44.8;50.9;0.396;579.0
pr;77739;PLANALTINA DO PARANÁ;Paraná;Sul;-23.03864;-52.92315;3432;614;17.89;12;24.0;46.1;48.9;0.378;232.0
pr;77755;PLANALTO;Paraná;Sul;-25.7324;-53.73914;10281;1878;18.27;38;21.4;50.9;48.8;0.376;706.0
pr;77771;PONTA GROSSA;Paraná;Sul;-25.09476;-50.15764;258390;51043;19.75;781;27.4;29.9;46.7;0.337;17198.0
pr;75523;PONTAL DO PARANÁ;Paraná;Sul;-25.65098;-48.44187;24938;6507;26.09;72;21.5;34.4;47.1;0.327;2125.0
pr;77798;PORECATU;Paraná;Sul;-22.7545;-51.37864;9608;2249;23.41;34;22.7;34.6;47.1;0.333;750.0
pr;77810;PORTO AMAZONAS;Paraná;Sul;-25.54603;-49.89437;3870;834;21.55;13;26.9;42.9;49.0;0.384;320.0
pr;75540;PORTO BARREIRO;Paraná;Sul;-25.56678;-52.3948;3139;678;21.6;12;25.3;50.3;52.1;0.405;275.0
pr;77836;PORTO RICO;Paraná;Sul;-22.78242;-53.27001;3003;621;20.68;10;24.6;33.7;51.1;0.349;217.0
pr;77852;PORTO VITÓRIA;Paraná;Sul;-26.17869;-51.21958;3274;614;18.75;13;26.1;46.9;51.4;0.398;244.0
pr;75566;PRADO FERREIRA;Paraná;Sul;-23.04081;-51.44131;3188;584;18.32;10;24.3;43.7;48.8;0.373;218.0
pr;79910;PRANCHITA;Paraná;Sul;-26.00406;-53.74102;4649;707;15.21;17;21.9;47.1;48.2;0.368;260.0
pr;77879;PRESIDENTE CASTELO BRANCO;Paraná;Sul;-23.27783;-52.15582;3887;819;21.07;13;25.3;41.5;50.4;0.375;307.0
pr;77895;PRIMEIRO DE MAIO;Paraná;Sul;-22.8648;-51.03335;8333;1691;20.29;26;21.7;39.0;48.3;0.345;583.0
pr;77917;PRUDENTÓPOLIS;Paraná;Sul;-25.18377;-51.02273;39039;7208;18.46;143;25.6;48.5;49.7;0.395;2850.0
pr;79693;PÉROLA;Paraná;Sul;-23.80332;-53.68418;9508;2270;23.87;30;21.3;43.3;46.9;0.351;796.0
pr;77593;PÉROLA D'OESTE;Paraná;Sul;-25.83751;-53.74839;5285;835;15.8;18;22.6;48.3;49.0;0.377;315.0
pr;75582;QUARTO CENTENÁRIO;Paraná;Sul;-24.2862;-53.10694;3470;629;18.13;13;23.9;49.2;48.8;0.386;243.0
pr;77933;QUATIGUÁ;Paraná;Sul;-23.56772;-49.91505;6645;1406;21.16;20;21.5;41.6;47.2;0.348;489.0
pr;77950;QUATRO BARRAS;Paraná;Sul;-25.37634;-49.07224;18192;3673;20.19;53;27.0;28.1;48.7;0.333;1224.0
pr;74683;QUATRO PONTES;Paraná;Sul;-24.57368;-53.97493;4065;485;11.93;14;22.5;35.7;47.8;0.337;164.0
pr;79553;QUEDAS DO IGUAÇU;Paraná;Sul;-25.45357;-52.9062;23209;5220;22.49;80;26.5;45.8;48.4;0.389;2028.0
pr;77976;QUERÊNCIA DO NORTE;Paraná;Sul;-23.07234;-53.49218;7996;1665;20.82;32;22.7;48.7;48.7;0.377;628.0
pr;77992;QUINTA DO SOL;Paraná;Sul;-23.85169;-52.12982;4291;821;19.13;13;24.4;43.4;48.8;0.372;306.0
pr;78018;QUITANDINHA;Paraná;Sul;-25.89978;-49.48173;14118;2267;16.06;46;25.5;48.7;50.2;0.396;899.0
pr;74705;RAMILÂNDIA;Paraná;Sul;-25.12084;-54.02992;3754;839;22.35;11;25.7;52.4;50.5;0.408;343.0
pr;78034;RANCHO ALEGRE;Paraná;Sul;-23.07033;-50.91529;3224;659;20.44;10;22.9;45.4;47.2;0.366;241.0
pr;74721;RANCHO ALEGRE D'OESTE;Paraná;Sul;-24.30604;-52.95444;2352;430;18.28;10;23.1;48.8;48.5;0.38;163.0
pr;78050;REALEZA;Paraná;Sul;-25.7479;-53.53336;14524;2881;19.84;46;24.2;40.5;47.2;0.359;1035.0
pr;78077;REBOUÇAS;Paraná;Sul;-25.63234;-50.66844;12151;2155;17.74;38;26.9;49.0;49.4;0.402;868.0
pr;78093;RENASCENÇA;Paraná;Sul;-26.16057;-52.96942;5351;1007;18.82;17;23.9;47.3;48.9;0.38;383.0
pr;78115;RESERVA;Paraná;Sul;-24.60809;-50.88428;20369;5074;24.91;64;28.3;54.3;50.4;0.426;2163.0
pr;75604;RESERVA DO IGUAÇU;Paraná;Sul;-25.84022;-52.00335;5460;1298;23.77;19;31.6;51.6;51.1;0.437;567.0
pr;78131;RIBEIRÃO CLARO;Paraná;Sul;-23.20039;-49.75447;9867;2437;24.7;30;23.2;40.0;48.3;0.355;866.0
pr;78158;RIBEIRÃO DO PINHAL;Paraná;Sul;-23.41363;-50.35643;10165;2702;26.58;34;23.8;45.0;47.8;0.371;1002.0
pr;78174;RIO AZUL;Paraná;Sul;-25.72578;-50.78725;11268;1625;14.42;35;26.6;53.2;51.2;0.417;677.0
pr;78190;RIO BOM;Paraná;Sul;-23.76844;-51.41448;3019;585;19.38;11;22.5;44.2;50.6;0.369;216.0
pr;74748;RIO BONITO DO IGUAÇU;Paraná;Sul;-25.51785;-52.58532;11105;2564;23.09;40;26.8;54.4;51.0;0.421;1079.0
pr;75620;RIO BRANCO DO IVAÍ;Paraná;Sul;-24.32968;-51.31643;3520;843;23.95;13;26.2;48.3;51.0;0.401;338.0
pr;78212;RIO BRANCO DO SUL;Paraná;Sul;-25.15097;-49.32953;27280;5143;18.85;89;29.6;46.4;49.4;0.408;2098.0
pr;78239;RIO NEGRO;Paraná;Sul;-26.09116;-49.76155;24158;4844;20.05;84;25.2;33.5;49.2;0.346;1678.0
pr;78255;ROLÂNDIA;Paraná;Sul;-23.31056;-51.38048;49517;11120;22.46;154;24.1;35.2;46.7;0.341;3792.0
pr;78271;RONCADOR;Paraná;Sul;-24.58641;-52.25946;8952;1886;21.07;30;23.3;49.2;48.4;0.382;720.0
pr;78298;RONDON;Paraná;Sul;-23.42527;-52.77723;6991;1363;19.5;25;25.2;43.3;48.8;0.376;513.0
pr;75744;ROSÁRIO DO IVAÍ;Paraná;Sul;-24.27529;-51.22741;4714;855;18.14;18;24.3;45.8;49.7;0.381;326.0
pr;78310;SABÁUDIA;Paraná;Sul;-23.31956;-51.55092;6748;1297;19.22;19;24.6;41.1;47.8;0.364;472.0
pr;78336;SALGADO FILHO;Paraná;Sul;-26.15524;-53.39369;3590;522;14.54;16;26.4;48.6;50.3;0.401;209.0
pr;78352;SALTO DO ITARARÉ;Paraná;Sul;-23.60517;-49.63805;4614;974;21.11;16;22.1;48.7;49.3;0.376;366.0
pr;78379;SALTO DO LONTRA;Paraná;Sul;-25.78322;-53.30968;11161;2126;19.05;37;24.9;47.4;49.5;0.388;825.0
pr;78395;SANTA AMÉLIA;Paraná;Sul;-23.26707;-50.42791;3048;620;20.34;11;23.4;44.2;48.6;0.369;229.0
pr;78417;SANTA CECÍLIA DO PAVÃO;Paraná;Sul;-23.51624;-50.78476;3121;549;17.59;13;23.6;41.0;47.8;0.359;197.0
pr;78433;SANTA CRUZ DE MONTE CASTELO;Paraná;Sul;-22.98349;-53.30185;6773;1371;20.24;22;22.5;42.0;47.4;0.355;487.0
pr;78450;SANTA FÉ;Paraná;Sul;-23.04016;-51.80987;9149;1951;21.32;28;22.0;38.2;46.5;0.339;662.0
pr;79715;SANTA HELENA;Paraná;Sul;-24.87;-54.30818;21071;4036;19.15;75;24.1;42.3;47.5;0.364;1470.0
pr;78476;SANTA INÊS;Paraná;Sul;-22.63966;-51.90096;1684;247;14.67;7;23.9;39.7;48.7;0.359;89.0
pr;78492;SANTA ISABEL DO IVAÍ;Paraná;Sul;-23.02203;-53.20747;7006;1525;21.77;26;21.2;42.4;47.5;0.349;533.0
pr;78514;SANTA IZABEL DO OESTE;Paraná;Sul;-25.80672;-53.46376;8780;1698;19.34;29;24.4;46.7;48.5;0.381;646.0
pr;74764;SANTA LÚCIA;Paraná;Sul;-25.40818;-53.56939;3289;743;22.59;8;23.4;46.9;50.1;0.38;282.0
pr;74802;SANTA MARIA DO OESTE;Paraná;Sul;-24.91412;-51.9075;8019;1684;21.0;31;24.8;52.2;51.0;0.404;680.0
pr;78530;SANTA MARIANA;Paraná;Sul;-23.10601;-50.5333;9361;2210;23.61;33;21.7;43.5;47.3;0.355;784.0
pr;74829;SANTA MÔNICA;Paraná;Sul;-23.13587;-53.10412;2710;604;22.29;10;23.8;47.2;48.9;0.38;229.0
pr;74080;SANTA TEREZA DO OESTE;Paraná;Sul;-25.0649;-53.6142;10278;2018;19.63;30;27.0;39.7;48.5;0.373;753.0
pr;84670;SANTA TEREZINHA DE ITAIPU;Paraná;Sul;-25.44193;-54.40406;18871;3567;18.9;56;24.6;39.9;45.5;0.355;1265.0
pr;78557;SANTANA DO ITARARÉ;Paraná;Sul;-23.75905;-49.62927;4659;1008;21.64;15;24.3;49.6;49.6;0.391;394.0
pr;78590;SANTO ANTÔNIO DA PLATINA;Paraná;Sul;-23.29478;-50.07235;32125;7636;23.77;107;23.8;38.4;46.7;0.35;2669.0
pr;78611;SANTO ANTÔNIO DO CAIUÁ;Paraná;Sul;-22.73946;-52.34545;2358;409;17.35;7;23.2;45.2;49.0;0.372;152.0
pr;78638;SANTO ANTÔNIO DO PARAÍSO;Paraná;Sul;-23.49509;-50.64412;2247;494;21.98;9;22.6;38.7;48.9;0.35;173.0
pr;78573;SANTO ANTÔNIO DO SUDOESTE;Paraná;Sul;-26.06754;-53.69512;15509;2752;17.74;53;25.1;51.8;47.3;0.395;1085.0
pr;78654;SANTO INÁCIO;Paraná;Sul;-22.69536;-51.79155;4802;1051;21.89;14;23.9;39.0;48.6;0.356;375.0
pr;78999;SAPOPEMA;Paraná;Sul;-23.89484;-50.58689;5485;1246;22.72;20;26.2;52.3;50.4;0.41;511.0
pr;84611;SARANDI;Paraná;Sul;-23.44164;-51.87265;72031;17453;24.23;218;27.1;40.6;46.5;0.371;6482.0
pr;75060;SAUDADE DO IGUAÇU;Paraná;Sul;-25.69472;-52.6165;5302;1259;23.75;16;28.3;46.8;48.7;0.401;505.0
pr;79014;SENGÉS;Paraná;Sul;-24.11194;-49.4692;13757;3019;21.95;50;27.4;49.0;50.4;0.407;1230.0
pr;75647;SERRANÓPOLIS DO IGUAÇU;Paraná;Sul;-25.39898;-54.04591;4396;666;15.15;17;22.1;44.9;48.3;0.363;242.0
pr;79030;SERTANEJA;Paraná;Sul;-23.01647;-50.8235;4818;904;18.76;16;21.7;36.5;48.4;0.337;305.0
pr;79057;SERTANÓPOLIS;Paraná;Sul;-23.05734;-51.03638;13311;2841;21.34;40;22.2;37.8;47.3;0.341;969.0
pr;79073;SIQUEIRA CAMPOS;Paraná;Sul;-23.68195;-49.82004;16432;3707;22.56;50;24.6;44.4;48.0;0.374;1387.0
pr;75787;SULINA;Paraná;Sul;-25.70829;-52.71078;2942;539;18.32;10;22.9;50.4;50.4;0.387;209.0
pr;78670;SÃO CARLOS DO IVAÍ;Paraná;Sul;-23.31615;-52.47088;5076;866;17.06;17;24.5;47.0;48.2;0.381;330.0
pr;78697;SÃO JERÔNIMO DA SERRA;Paraná;Sul;-23.71133;-50.77532;8538;2246;26.31;35;25.3;53.3;50.0;0.407;913.0
pr;78816;SÃO JORGE D'OESTE;Paraná;Sul;-25.69073;-52.92694;8006;1272;15.89;29;23.7;44.2;48.7;0.371;471.0
pr;78794;SÃO JORGE DO IVAÍ;Paraná;Sul;-23.43257;-52.29452;4820;776;16.1;18;20.9;38.2;48.2;0.338;262.0
pr;79995;SÃO JORGE DO PATROCÍNIO;Paraná;Sul;-23.75692;-53.8851;5235;1080;20.63;16;21.0;48.1;48.4;0.366;395.0
pr;78832;SÃO JOSÉ DA BOA VISTA;Paraná;Sul;-23.92031;-49.65498;4737;953;20.12;16;23.8;48.4;49.9;0.386;368.0
pr;84719;SÃO JOSÉ DAS PALMEIRAS;Paraná;Sul;-24.83461;-54.06131;3463;706;20.39;11;24.3;48.9;48.9;0.387;273.0
pr;78859;SÃO JOSÉ DOS PINHAIS;Paraná;Sul;-25.54404;-49.17234;227539;46180;20.3;641;27.7;28.0;47.0;0.332;15317.0
pr;78719;SÃO JOÃO;Paraná;Sul;-25.80869;-52.74942;9177;1659;18.08;33;24.0;43.0;48.1;0.368;610.0
pr;78735;SÃO JOÃO DO CAIUÁ;Paraná;Sul;-22.8565;-52.34076;4585;823;17.95;16;24.4;47.6;47.8;0.381;314.0
pr;78751;SÃO JOÃO DO IVAÍ;Paraná;Sul;-23.99662;-51.82559;9056;2039;22.52;29;21.0;46.6;47.4;0.359;732.0
pr;78778;SÃO JOÃO DO TRIUNFO;Paraná;Sul;-25.6723;-50.28409;11623;2015;17.34;46;28.0;54.5;52.4;0.431;869.0
pr;74845;SÃO MANOEL DO PARANÁ;Paraná;Sul;-23.39708;-52.64502;2070;397;19.18;7;22.4;43.4;49.3;0.363;144.0
pr;78875;SÃO MATEUS DO SUL;Paraná;Sul;-25.88021;-50.40637;34022;6396;18.8;115;25.8;40.9;49.0;0.372;2381.0
pr;78891;SÃO MIGUEL DO IGUAÇU;Paraná;Sul;-25.34377;-54.24248;21857;4241;19.4;79;24.7;45.8;47.4;0.377;1600.0
pr;74861;SÃO PEDRO DO IGUAÇU;Paraná;Sul;-24.91493;-53.87991;5033;1034;20.54;18;23.0;51.1;48.7;0.385;398.0
pr;78913;SÃO PEDRO DO IVAÍ;Paraná;Sul;-23.8613;-51.86522;6943;1451;20.9;25;22.1;39.3;47.9;0.346;503.0
pr;78930;SÃO PEDRO DO PARANÁ;Paraná;Sul;-22.78559;-53.20515;2695;554;20.56;11;23.4;39.4;49.9;0.358;198.0
pr;78956;SÃO SEBASTIÃO DA AMOREIRA;Paraná;Sul;-23.46438;-50.75956;6561;1482;22.59;22;24.4;41.0;45.9;0.358;531.0
pr;78972;SÃO TOMÉ;Paraná;Sul;-23.53669;-52.59214;4816;1061;22.03;16;25.4;40.6;49.8;0.372;394.0
pr;75663;TAMARANA;Paraná;Sul;-23.73967;-51.07246;9024;2259;25.03;29;26.1;51.1;49.5;0.404;913.0
pr;79090;TAMBOARA;Paraná;Sul;-23.20194;-52.50098;4157;882;21.22;14;23.1;41.6;48.6;0.36;318.0
pr;79111;TAPEJARA;Paraná;Sul;-23.73579;-52.86727;11635;2672;22.97;36;24.2;43.5;48.2;0.37;990.0
pr;79731;TAPIRA;Paraná;Sul;-23.33711;-53.08638;4694;1140;24.29;17;21.5;48.1;48.1;0.367;419.0
pr;79138;TEIXEIRA SOARES;Paraná;Sul;-25.37604;-50.41824;8083;1636;20.24;28;27.8;50.4;50.2;0.413;676.0
pr;79154;TELÊMACO BORBA;Paraná;Sul;-24.32796;-50.6295;51913;10983;21.16;165;26.7;33.1;48.2;0.349;3835.0
pr;79170;TERRA BOA;Paraná;Sul;-23.76527;-52.44617;13355;3025;22.65;41;23.1;38.7;47.2;0.348;1053.0
pr;79197;TERRA RICA;Paraná;Sul;-22.72297;-52.63331;11783;2766;23.47;41;22.4;41.5;47.8;0.354;979.0
pr;79219;TERRA ROXA;Paraná;Sul;-24.18177;-54.08923;13332;2571;19.28;47;23.0;41.7;46.6;0.355;912.0
pr;79235;TIBAGI;Paraná;Sul;-24.57487;-50.47591;14864;3609;24.28;50;28.1;45.8;49.7;0.4;1444.0
pr;79251;TIJUCAS DO SUL;Paraná;Sul;-25.91638;-49.1568;13059;2322;17.78;40;25.9;50.9;50.8;0.406;944.0
pr;79278;TOLEDO;Paraná;Sul;-24.72312;-53.7447;108119;19921;18.43;355;25.5;31.7;47.0;0.336;6697.0
pr;79294;TOMAZINA;Paraná;Sul;-23.75812;-49.96336;6647;1350;20.31;25;20.6;44.7;51.2;0.361;488.0
pr;79871;TRÊS BARRAS DO PARANÁ;Paraná;Sul;-25.43713;-53.19669;9120;1672;18.33;35;25.4;47.6;49.4;0.391;653.0
pr;74888;TUNAS DO PARANÁ;Paraná;Sul;-24.97827;-49.06814;5500;1231;22.38;18;32.3;54.1;51.5;0.448;551.0
pr;79316;TUNEIRAS DO OESTE;Paraná;Sul;-23.87698;-52.86645;6721;1431;21.29;21;23.7;44.8;49.6;0.375;536.0
pr;79936;TUPÃSSI;Paraná;Sul;-24.61649;-53.51306;6257;1085;17.34;21;21.9;41.8;48.5;0.354;384.0
pr;84530;TURVO;Paraná;Sul;-25.01244;-51.49906;11863;2268;19.12;46;28.5;50.5;50.0;0.416;944.0
pr;79332;UBIRATÃ;Paraná;Sul;-24.53755;-52.99439;19130;3870;20.23;66;22.9;37.4;46.9;0.342;1325.0
pr;79359;UMUARAMA;Paraná;Sul;-23.75683;-53.31305;82990;17732;21.37;256;23.2;31.6;45.3;0.321;5701.0
pr;79391;UNIFLOR;Paraná;Sul;-23.08811;-52.15792;2155;369;17.12;8;23.3;43.8;49.3;0.369;136.0
pr;79375;UNIÃO DA VITÓRIA;Paraná;Sul;-26.22421;-51.08057;40654;9272;22.81;139;26.8;31.9;47.3;0.343;3181.0
pr;79413;URAÍ;Paraná;Sul;-23.20218;-50.79968;8555;1810;21.16;32;22.7;39.4;47.7;0.349;632.0
pr;74900;VENTANIA;Paraná;Sul;-24.21751;-50.26557;7525;1363;18.11;24;28.7;50.8;51.0;0.42;573.0
pr;79898;VERA CRUZ DO OESTE;Paraná;Sul;-25.05209;-53.88801;6593;1273;19.31;21;23.4;44.2;47.3;0.366;466.0
pr;79456;VERÊ;Paraná;Sul;-25.87508;-52.93592;6888;1048;15.21;24;22.4;44.8;49.9;0.369;386.0
pr;74969;VIRMOND;Paraná;Sul;-25.38416;-52.21708;3584;670;18.69;12;25.9;50.5;50.8;0.405;271.0
pr;79472;VITORINO;Paraná;Sul;-26.27586;-52.79111;5942;993;16.71;18;25.4;42.2;48.5;0.373;371.0
pr;79430;WENCESLAU BRAZ;Paraná;Sul;-23.87355;-49.80164;14549;3481;23.93;48;24.7;42.8;47.5;0.369;1284.0
pr;79499;XAMBRÊ;Paraná;Sul;-23.73541;-53.5515;5375;1235;22.98;19;21.4;47.5;48.6;0.367;453.0
pr;74128;ÂNGULO;Paraná;Sul;-23.19758;-51.91014;2817;496;17.61;9;22.3;42.5;50.0;0.362;179.0
pb;19038;AGUIAR;Paraíba;Nordeste;-7.09344;-38.16819;4779;932;19.5;17;24.0;60.1;48.2;0.411;383.0
pb;19054;ALAGOA GRANDE;Paraíba;Nordeste;-7.04645;-35.62743;23238;4888;21.03;80;27.3;58.6;47.6;0.424;2072.0
pb;19070;ALAGOA NOVA;Paraíba;Nordeste;-7.05822;-35.76755;16592;3278;19.76;52;27.2;62.7;48.0;0.434;1424.0
pb;19097;ALAGOINHA;Paraíba;Nordeste;-6.94849;-35.54376;12228;2255;18.44;40;28.4;55.6;48.3;0.424;957.0
pb;19763;ALCANTIL;Paraíba;Nordeste;-7.72149;-36.0434;5001;670;13.4;19;27.1;57.7;49.1;0.425;285.0
pb;19925;ALGODÃO DE JANDAÍRA;Paraíba;Nordeste;-6.90335;-36.00825;3119;583;18.69;10;28.1;60.2;51.3;0.443;258.0
pb;19119;ALHANDRA;Paraíba;Nordeste;-7.41407;-34.91927;21079;3937;18.68;66;30.0;51.0;47.8;0.418;1647.0
pb;19585;AMPARO;Paraíba;Nordeste;-7.56556;-37.06535;2665;404;15.16;9;25.7;49.7;51.1;0.402;163.0
pb;19844;APARECIDA;Paraíba;Nordeste;-6.78124;-38.08024;7247;1266;17.47;25;22.9;61.8;49.3;0.412;521.0
pb;19178;ARARA;Paraíba;Nordeste;-6.83611;-35.76529;9325;2005;21.5;37;25.4;62.3;46.6;0.419;841.0
pb;19194;ARARUNA;Paraíba;Nordeste;-6.5353;-35.74167;14816;3501;23.63;47;27.9;56.9;47.8;0.423;1481.0
pb;19151;ARAÇAGI;Paraíba;Nordeste;-6.85513;-35.36879;14344;2679;18.68;55;26.2;58.9;48.3;0.421;1128.0
pb;19216;AREIA;Paraíba;Nordeste;-6.96189;-35.70666;19068;3544;18.59;82;26.4;53.2;47.5;0.406;1438.0
pb;19909;AREIA DE BARAÚNAS;Paraíba;Nordeste;-7.11137;-36.95589;2502;567;22.66;8;29.6;54.7;49.7;0.432;245.0
pb;19232;AREIAL;Paraíba;Nordeste;-7.04907;-35.92441;6597;1112;16.86;21;26.3;54.4;46.9;0.407;452.0
pb;19259;AROEIRAS;Paraíba;Nordeste;-7.54521;-35.70116;16290;2792;17.14;56;28.7;61.4;48.1;0.439;1226.0
pb;19321;ASSUNÇÃO;Paraíba;Nordeste;-7.07343;-36.72742;4201;859;20.45;14;28.4;59.1;49.0;0.435;373.0
pb;19313;BANANEIRAS;Paraíba;Nordeste;-6.74329;-35.61916;19361;3947;20.39;63;26.7;58.9;48.0;0.423;1668.0
pb;19305;BARAÚNA;Paraíba;Nordeste;-6.6355;-36.25203;4663;750;16.08;18;27.3;56.3;49.2;0.423;317.0
pb;19330;BARRA DE SANTA ROSA;Paraíba;Nordeste;-6.72396;-36.0546;11480;2041;17.78;43;25.4;60.1;50.0;0.424;866.0
pb;19780;BARRA DE SANTANA;Paraíba;Nordeste;-7.57256;-35.94616;7793;1273;16.34;28;25.7;59.0;50.7;0.425;541.0
pb;19356;BARRA DE SÃO MIGUEL;Paraíba;Nordeste;-7.72911;-36.31503;6048;820;13.56;18;26.1;57.4;50.1;0.422;346.0
pb;19372;BAYEUX;Paraíba;Nordeste;-7.13133;-34.92531;74369;11255;15.13;248;27.6;43.6;46.3;0.382;4300.0
pb;19291;BAÍA DA TRAIÇÃO;Paraíba;Nordeste;-6.68905;-34.94087;8424;1624;19.28;27;30.6;47.0;48.4;0.412;669.0
pb;19399;BELÉM;Paraíba;Nordeste;-6.7016;-35.53668;13281;2763;20.8;45;25.1;53.9;47.3;0.4;1105.0
pb;19410;BELÉM DO BREJO DO CRUZ;Paraíba;Nordeste;-6.18857;-37.53657;6644;1417;21.33;22;26.1;54.6;49.1;0.412;584.0
pb;19500;BERNARDINO BATISTA;Paraíba;Nordeste;-6.46368;-38.54952;3353;832;24.81;13;27.8;55.9;48.8;0.423;352.0
pb;19437;BOA VENTURA;Paraíba;Nordeste;-7.42023;-38.21595;5167;1195;23.13;20;25.0;51.8;49.5;0.4;478.0
pb;19941;BOA VISTA;Paraíba;Nordeste;-7.26343;-36.24305;6123;754;12.31;20;26.1;48.4;48.7;0.395;297.0
pb;19453;BOM JESUS;Paraíba;Nordeste;-6.832;-38.65312;3055;448;14.66;11;25.8;53.9;49.6;0.41;184.0
pb;19470;BOM SUCESSO;Paraíba;Nordeste;-6.44697;-37.92916;4846;940;19.4;15;22.2;56.4;48.4;0.393;369.0
pb;19496;BONITO DE SANTA FÉ;Paraíba;Nordeste;-7.30934;-38.50527;7923;1554;19.61;27;26.5;59.6;47.6;0.422;656.0
pb;19518;BOQUEIRÃO;Paraíba;Nordeste;-7.48641;-36.13555;15970;2499;15.65;52;26.6;57.2;48.4;0.419;1048.0
pb;19550;BORBOREMA;Paraíba;Nordeste;-6.80534;-35.6003;4895;899;18.37;20;29.1;56.1;49.3;0.432;388.0
pb;19577;BREJO DO CRUZ;Paraíba;Nordeste;-6.34557;-37.49917;10744;1861;17.32;36;25.1;56.6;46.9;0.405;755.0
pb;19593;BREJO DOS SANTOS;Paraíba;Nordeste;-6.3789;-37.8233;5994;962;16.05;18;25.2;53.4;48.3;0.402;387.0
pb;19615;CAAPORÃ;Paraíba;Nordeste;-7.50667;-34.91773;17081;2912;17.05;56;29.5;48.0;48.0;0.408;1189.0
pb;19631;CABACEIRAS;Paraíba;Nordeste;-7.47458;-36.30985;5237;712;13.6;17;23.9;47.9;48.5;0.381;272.0
pb;19658;CABEDELO;Paraíba;Nordeste;-7.01765;-34.84023;54022;11228;20.78;168;25.8;31.3;46.4;0.335;3757.0
pb;19674;CACHOEIRA DOS ÍNDIOS;Paraíba;Nordeste;-6.93942;-38.6768;7912;1453;18.36;31;26.5;59.5;48.3;0.424;616.0
pb;19690;CACIMBA DE AREIA;Paraíba;Nordeste;-7.12619;-37.15749;4343;774;17.82;18;25.5;49.5;49.7;0.397;307.0
pb;19712;CACIMBA DE DENTRO;Paraíba;Nordeste;-6.63183;-35.80095;14334;3234;22.56;42;26.8;62.5;48.7;0.434;1402.0
pb;19364;CACIMBAS;Paraíba;Nordeste;-7.21425;-37.09728;6623;1761;26.59;26;33.0;61.3;48.4;0.461;811.0
pb;19739;CAIÇARA;Paraíba;Nordeste;-6.61729;-35.47155;6526;1347;20.64;22;25.5;56.1;48.5;0.411;554.0
pb;19755;CAJAZEIRAS;Paraíba;Nordeste;-6.89465;-38.55161;47827;7958;16.64;178;25.7;46.2;46.5;0.381;3028.0
pb;19380;CAJAZEIRINHAS;Paraíba;Nordeste;-6.95861;-37.80222;3758;737;19.61;15;24.6;59.7;50.5;0.42;310.0
pb;19771;CALDAS BRANDÃO;Paraíba;Nordeste;-7.15474;-35.34249;5445;828;15.21;23;27.1;61.2;48.7;0.432;358.0
pb;19798;CAMALAÚ;Paraíba;Nordeste;-7.89129;-36.80141;6294;1108;17.6;20;27.6;61.9;50.4;0.441;489.0
pb;19810;CAMPINA GRANDE;Paraíba;Nordeste;-7.23242;-35.8991;305258;41838;13.71;957;26.6;33.3;45.2;0.342;14315.0
pb;19062;CAPIM;Paraíba;Nordeste;-6.91099;-35.17689;7251;1576;21.73;23;32.4;62.2;50.1;0.465;733.0
pb;19240;CARAÚBAS;Paraíba;Nordeste;-7.76447;-36.49971;4534;622;13.72;15;27.2;61.7;50.2;0.438;273.0
pb;19836;CARRAPATEIRA;Paraíba;Nordeste;-7.03838;-38.34534;2444;471;19.27;9;29.3;52.9;51.9;0.432;203.0
pb;19607;CASSERENGUE;Paraíba;Nordeste;-6.78132;-35.81897;6406;1396;21.79;21;27.5;67.8;49.5;0.452;631.0
pb;19852;CATINGUEIRA;Paraíba;Nordeste;-7.12707;-37.60839;5416;1277;23.58;18;25.8;55.9;48.6;0.413;527.0
pb;19879;CATOLÉ DO ROCHA;Paraíba;Nordeste;-6.34218;-37.74874;22557;3738;16.57;70;23.9;51.0;46.5;0.384;1435.0
pb;19801;CATURITÉ;Paraíba;Nordeste;-7.41806;-36.0208;5518;763;13.83;20;27.9;49.9;49.7;0.411;314.0
pb;19895;CONCEIÇÃO;Paraíba;Nordeste;-7.55713;-38.50727;15357;3251;21.17;57;25.2;56.1;48.8;0.41;1333.0
pb;19917;CONDADO;Paraíba;Nordeste;-6.90631;-37.60112;5803;1195;20.59;21;21.5;57.7;47.7;0.389;465.0
pb;19933;CONDE;Paraíba;Nordeste;-7.26721;-34.87984;27248;5578;20.47;81;28.6;47.9;48.8;0.406;2265.0
pb;19950;CONGO;Paraíba;Nordeste;-7.79599;-36.66019;5388;824;15.29;16;26.9;58.8;48.7;0.426;351.0
pb;19976;COREMAS;Paraíba;Nordeste;-7.01872;-37.94328;12873;2782;21.61;50;26.4;58.5;47.8;0.42;1167.0
pb;19704;COXIXOLA;Paraíba;Nordeste;-7.62886;-36.60602;2047;329;16.07;8;23.2;52.8;50.5;0.396;130.0
pb;19992;CRUZ DO ESPÍRITO SANTO;Paraíba;Nordeste;-7.14215;-35.09158;16431;2549;15.51;55;30.0;61.3;49.1;0.449;1143.0
pb;20010;CUBATI;Paraíba;Nordeste;-6.86546;-36.34892;6956;1304;18.75;22;26.3;61.9;48.1;0.428;558.0
pb;20052;CUITEGI;Paraíba;Nordeste;-6.90037;-35.52329;6098;1229;20.15;22;28.3;57.1;48.1;0.427;524.0
pb;20036;CUITÉ;Paraíba;Nordeste;-6.48485;-36.15298;17388;3467;19.94;58;25.5;51.5;47.4;0.396;1373.0
pb;19089;CUITÉ DE MAMANGUAPE;Paraíba;Nordeste;-6.92458;-35.25119;7662;1556;20.31;25;29.9;62.8;50.9;0.457;712.0
pb;19100;CURRAL DE CIMA;Paraíba;Nordeste;-6.72337;-35.2813;6226;1210;19.43;21;28.8;64.0;51.3;0.456;551.0
pb;20079;CURRAL VELHO;Paraíba;Nordeste;-7.53611;-38.19826;2327;483;20.76;8;28.5;59.5;51.6;0.444;214.0
pb;19275;DAMIÃO;Paraíba;Nordeste;-6.63195;-35.9051;4885;1051;21.51;16;27.7;62.8;49.4;0.441;464.0
pb;20095;DESTERRO;Paraíba;Nordeste;-7.28239;-37.08061;7716;1551;20.1;30;28.6;56.1;47.7;0.425;658.0
pb;20133;DIAMANTE;Paraíba;Nordeste;-7.42867;-38.26487;5910;1365;23.1;20;26.1;55.6;48.9;0.414;565.0
pb;20150;DONA INÊS;Paraíba;Nordeste;-6.60342;-35.62697;9272;1769;19.08;31;28.6;55.5;49.3;0.428;757.0
pb;20176;DUAS ESTRADAS;Paraíba;Nordeste;-6.69019;-35.42054;3885;754;19.41;18;27.4;52.8;47.4;0.409;309.0
pb;20192;EMAS;Paraíba;Nordeste;-7.10732;-37.7156;3824;908;23.74;13;28.3;52.5;49.7;0.419;381.0
pb;20214;ESPERANÇA;Paraíba;Nordeste;-7.01592;-35.86094;26015;4356;16.74;80;26.9;51.9;47.6;0.405;1763.0
pb;20230;FAGUNDES;Paraíba;Nordeste;-7.35876;-35.78368;10547;1929;18.29;41;26.6;59.0;49.0;0.425;820.0
pb;20257;FREI MARTINHO;Paraíba;Nordeste;-6.40385;-36.45324;2942;480;16.32;10;22.9;51.0;50.2;0.389;187.0
pb;19623;GADO BRAVO;Paraíba;Nordeste;-7.58345;-35.79111;8093;1318;16.29;26;28.8;60.3;49.7;0.442;583.0
pb;20273;GUARABIRA;Paraíba;Nordeste;-6.8569;-35.48629;43618;6931;15.89;154;25.9;42.5;45.8;0.369;2561.0
pb;20290;GURINHÉM;Paraíba;Nordeste;-7.14106;-35.41347;11420;2148;18.81;43;26.7;62.8;48.9;0.434;933.0
pb;20311;GURJÃO;Paraíba;Nordeste;-7.24742;-36.48752;3193;452;14.16;12;25.8;47.8;48.1;0.39;176.0
pb;20338;IBIARA;Paraíba;Nordeste;-7.50283;-38.40561;5580;1192;21.36;20;25.0;60.5;49.8;0.422;503.0
pb;19534;IGARACY;Paraíba;Nordeste;-7.17929;-38.14883;5888;1368;23.23;23;26.6;55.4;49.1;0.417;570.0
pb;20354;IMACULADA;Paraíba;Nordeste;-7.38258;-37.52496;9116;1982;21.74;35;29.1;57.2;49.5;0.435;863.0
pb;20370;INGÁ;Paraíba;Nordeste;-7.27557;-35.6148;15724;2960;18.82;50;27.4;57.3;48.1;0.423;1251.0
pb;20397;ITABAIANA;Paraíba;Nordeste;-7.33094;-35.33885;19586;3290;16.8;72;24.6;52.0;46.7;0.391;1286.0
pb;20419;ITAPORANGA;Paraíba;Nordeste;-7.3082;-38.15093;17565;3642;20.73;56;25.4;46.8;47.9;0.385;1400.0
pb;20435;ITAPOROROCA;Paraíba;Nordeste;-6.83007;-35.24683;14182;2325;16.39;43;27.2;60.0;48.5;0.429;997.0
pb;20451;ITATUBA;Paraíba;Nordeste;-7.3821;-35.61644;9118;1475;16.18;31;26.8;61.6;48.6;0.431;636.0
pb;20478;JACARAÚ;Paraíba;Nordeste;-6.62619;-35.27968;14325;3162;22.07;44;27.0;60.7;48.6;0.43;1361.0
pb;20494;JERICÓ;Paraíba;Nordeste;-6.55401;-37.80572;6938;1622;23.38;21;26.5;59.9;47.6;0.423;686.0
pb;19666;JOCA CLAUDINO;Paraíba;Nordeste;-6.47234;-38.48215;2516;517;20.55;10;23.3;57.8;50.4;0.408;211.0
pb;20516;JOÃO PESSOA;Paraíba;Nordeste;-7.14952;-34.86307;591750;95347;16.11;1714;25.2;25.1;44.4;0.304;28962.0
pb;20532;JUAREZ TÁVORA;Paraíba;Nordeste;-7.17167;-35.59152;7954;1396;17.55;24;29.5;58.8;49.3;0.441;616.0
pb;20559;JUAZEIRINHO;Paraíba;Nordeste;-7.07307;-36.57586;14045;2592;18.45;49;28.3;64.2;48.2;0.444;1150.0
pb;20575;JUNCO DO SERIDÓ;Paraíba;Nordeste;-6.9998;-36.72685;5990;1028;17.16;20;26.1;50.4;48.4;0.399;410.0
pb;20591;JURIPIRANGA;Paraíba;Nordeste;-7.37341;-35.23944;9829;1727;17.57;33;29.1;52.0;48.6;0.419;724.0
pb;20613;JURU;Paraíba;Nordeste;-7.54572;-37.81158;8201;1829;22.3;31;24.3;65.1;48.9;0.426;779.0
pb;20630;LAGOA;Paraíba;Nordeste;-6.59051;-37.91639;4698;918;19.54;18;24.5;61.0;48.6;0.417;383.0
pb;20656;LAGOA DE DENTRO;Paraíba;Nordeste;-6.67247;-35.37829;7869;1894;24.07;23;28.7;57.4;49.3;0.433;820.0
pb;20672;LAGOA SECA;Paraíba;Nordeste;-7.15357;-35.86408;22056;3298;14.95;68;26.8;54.2;47.8;0.411;1357.0
pb;20699;LASTRO;Paraíba;Nordeste;-6.51774;-38.17866;4395;760;17.29;14;27.2;58.4;51.6;0.434;330.0
pb;20710;LIVRAMENTO;Paraíba;Nordeste;-7.37653;-36.94418;5930;1209;20.39;20;26.1;57.2;47.6;0.414;501.0
pb;19160;LOGRADOURO;Paraíba;Nordeste;-6.61611;-35.43979;4789;823;17.19;15;28.2;55.2;49.8;0.426;351.0
pb;20737;LUCENA;Paraíba;Nordeste;-6.917;-34.87936;12879;2344;18.2;42;28.3;51.6;48.9;0.415;973.0
pb;20770;MALTA;Paraíba;Nordeste;-6.90422;-37.52044;5263;1055;20.05;18;25.3;53.6;48.0;0.403;425.0
pb;20796;MAMANGUAPE;Paraíba;Nordeste;-6.81239;-35.13035;34604;6346;18.34;115;28.1;55.9;47.1;0.42;2664.0
pb;20818;MANAÍRA;Paraíba;Nordeste;-7.71903;-38.17533;9110;1925;21.13;31;26.6;62.1;49.8;0.435;837.0
pb;19968;MARCAÇÃO;Paraíba;Nordeste;-6.76335;-34.9939;7913;1466;18.53;26;30.9;58.6;49.5;0.447;656.0
pb;20834;MARI;Paraíba;Nordeste;-7.05112;-35.31391;18460;2870;15.55;65;26.3;57.2;47.8;0.416;1194.0
pb;19461;MARIZÓPOLIS;Paraíba;Nordeste;-6.84023;-38.3449;6301;1028;16.31;20;26.5;55.9;48.5;0.416;427.0
pb;20850;MASSARANDUBA;Paraíba;Nordeste;-7.20097;-35.76121;12155;1937;15.94;37;28.8;60.2;48.3;0.437;847.0
pb;20877;MATARACA;Paraíba;Nordeste;-6.59159;-35.05287;8714;1897;21.77;28;30.9;59.3;50.5;0.452;858.0
pb;19143;MATINHAS;Paraíba;Nordeste;-7.12228;-35.7732;4881;979;20.06;15;29.6;61.8;50.0;0.45;441.0
pb;19488;MATO GROSSO;Paraíba;Nordeste;-6.54178;-37.7167;3319;1090;32.84;10;28.3;62.4;49.2;0.443;483.0
pb;19984;MATURÉIA;Paraíba;Nordeste;-7.26552;-37.34512;5807;1099;18.93;24;29.6;58.0;48.5;0.437;480.0
pb;20893;MOGEIRO;Paraíba;Nordeste;-7.30683;-35.48382;11482;1982;17.26;37;28.0;56.1;48.1;0.423;838.0
pb;20915;MONTADAS;Paraíba;Nordeste;-7.08767;-35.96042;5373;853;15.88;15;28.3;54.2;49.2;0.423;361.0
pb;20931;MONTE HOREBE;Paraíba;Nordeste;-7.21384;-38.57772;4313;944;21.89;15;27.0;56.9;48.8;0.422;398.0
pb;20958;MONTEIRO;Paraíba;Nordeste;-7.89414;-37.11902;27191;4843;17.81;98;25.8;48.5;47.3;0.389;1886.0
pb;20974;MULUNGU;Paraíba;Nordeste;-7.03095;-35.46671;9094;1371;15.08;33;26.1;58.5;48.8;0.421;577.0
pb;20753;MÃE D'ÁGUA;Paraíba;Nordeste;-7.24649;-37.41834;3876;642;16.56;17;23.8;55.2;48.9;0.401;257.0
pb;20990;NATUBA;Paraíba;Nordeste;-7.6032;-35.54138;6840;1283;18.76;25;27.7;56.4;46.9;0.419;537.0
pb;21016;NAZAREZINHO;Paraíba;Nordeste;-6.91832;-38.32566;7091;1236;17.43;26;25.4;61.9;50.9;0.431;533.0
pb;21032;NOVA FLORESTA;Paraíba;Nordeste;-6.45632;-36.20228;8307;1647;19.83;29;27.4;53.7;46.4;0.409;673.0
pb;21059;NOVA OLINDA;Paraíba;Nordeste;-7.48091;-38.03417;5895;1654;28.06;20;28.7;62.1;49.6;0.445;737.0
pb;21075;NOVA PALMEIRA;Paraíba;Nordeste;-6.67765;-36.41801;3681;429;11.65;13;25.0;52.3;49.4;0.401;172.0
pb;21091;OLHO D'ÁGUA;Paraíba;Nordeste;-7.24146;-37.76234;7440;1706;22.93;26;27.5;56.5;49.4;0.425;725.0
pb;21113;OLIVEDOS;Paraíba;Nordeste;-6.99315;-36.2412;4073;672;16.5;13;27.4;49.7;49.6;0.408;274.0
pb;21130;OURO VELHO;Paraíba;Nordeste;-7.62286;-37.15035;3098;422;13.62;12;22.9;50.5;48.6;0.383;162.0
pb;19720;PARARI;Paraíba;Nordeste;-7.31678;-36.65883;2403;351;14.61;9;23.2;56.5;49.8;0.403;141.0
pb;21156;PASSAGEM;Paraíba;Nordeste;-7.13003;-37.05684;2846;564;19.82;10;26.3;49.7;49.5;0.401;226.0
pb;21172;PATOS;Paraíba;Nordeste;-7.02593;-37.28262;67671;12023;17.77;233;25.3;38.8;44.7;0.353;4244.0
pb;21199;PAULISTA;Paraíba;Nordeste;-6.59777;-37.62595;10996;1943;17.67;34;24.5;59.4;49.1;0.415;806.0
pb;21210;PEDRA BRANCA;Paraíba;Nordeste;-7.42717;-38.07005;4075;883;21.67;14;27.2;48.8;48.6;0.401;354.0
pb;21237;PEDRA LAVRADA;Paraíba;Nordeste;-6.74957;-36.41556;5944;836;14.06;23;23.4;55.9;49.6;0.402;336.0
pb;21253;PEDRAS DE FOGO;Paraíba;Nordeste;-7.38255;-35.1189;25239;4529;17.94;78;27.5;57.1;48.0;0.423;1913.0
pb;19747;PEDRO RÉGIS;Paraíba;Nordeste;-6.64668;-35.29675;5725;1408;24.59;18;28.7;65.5;50.3;0.456;642.0
pb;21270;PIANCÓ;Paraíba;Nordeste;-7.19805;-37.92625;12777;2620;20.51;44;24.7;51.1;46.5;0.388;1018.0
pb;21296;PICUÍ;Paraíba;Nordeste;-6.49791;-36.33364;15036;2508;16.68;59;26.4;51.5;47.6;0.401;1006.0
pb;21318;PILAR;Paraíba;Nordeste;-7.26129;-35.25871;10756;1634;15.19;33;27.2;57.8;48.7;0.425;694.0
pb;21334;PILÕES;Paraíba;Nordeste;-6.86786;-35.61289;7122;1356;19.04;27;27.5;61.7;49.0;0.436;592.0
pb;21350;PILÕEZINHOS;Paraíba;Nordeste;-6.84258;-35.53129;5890;1072;18.2;21;28.2;55.7;50.4;0.429;460.0
pb;21377;PIRPIRITUBA;Paraíba;Nordeste;-6.78228;-35.49663;8201;1396;17.02;34;26.2;53.3;49.0;0.409;570.0
pb;21393;PITIMBU;Paraíba;Nordeste;-7.49444;-34.82653;13151;2701;20.54;42;27.7;46.4;48.3;0.396;1070.0
pb;21415;POCINHOS;Paraíba;Nordeste;-7.07956;-36.06496;15440;2589;16.77;50;26.4;55.6;48.7;0.415;1075.0
pb;21431;POMBAL;Paraíba;Nordeste;-6.76935;-37.79793;25859;4815;18.62;88;24.0;50.6;45.8;0.382;1839.0
pb;19640;POÇO DANTAS;Paraíba;Nordeste;-6.39744;-38.52546;4135;890;21.52;14;29.5;62.3;51.5;0.456;405.0
pb;19526;POÇO DE JOSÉ DE MOURA;Paraíba;Nordeste;-6.58917;-38.49917;4432;721;16.27;17;25.5;55.3;49.6;0.412;297.0
pb;21458;PRATA;Paraíba;Nordeste;-7.69467;-37.0827;4236;751;17.73;14;25.5;52.3;50.0;0.405;304.0
pb;21474;PRINCESA ISABEL;Paraíba;Nordeste;-7.72991;-37.99473;16939;3740;22.08;51;26.2;53.3;46.9;0.403;1507.0
pb;21490;PUXINANÃ;Paraíba;Nordeste;-7.14991;-35.95732;12878;1857;14.42;39;27.1;55.1;47.3;0.413;768.0
pb;21512;QUEIMADAS;Paraíba;Nordeste;-7.35438;-35.90033;36681;6090;16.6;137;28.0;54.1;48.0;0.417;2539.0
pb;21539;QUIXABA;Paraíba;Nordeste;-7.02931;-37.14574;2501;412;16.47;8;25.3;48.1;51.5;0.397;164.0
pb;21555;REMÍGIO;Paraíba;Nordeste;-6.96623;-35.79554;15062;2854;18.95;50;27.3;54.4;46.4;0.41;1170.0
pb;19828;RIACHO DE SANTO ANTÔNIO;Paraíba;Nordeste;-7.69241;-36.15678;2834;424;14.96;9;31.7;56.8;51.9;0.454;192.0
pb;21571;RIACHO DOS CAVALOS;Paraíba;Nordeste;-6.43669;-37.65667;8428;1302;15.45;26;26.1;62.7;50.4;0.435;566.0
pb;19208;RIACHÃO;Paraíba;Nordeste;-6.54384;-35.66077;3550;755;21.27;11;28.2;52.7;49.4;0.419;316.0
pb;19127;RIACHÃO DO BACAMARTE;Paraíba;Nordeste;-7.24332;-35.66182;4999;806;16.12;18;29.4;60.1;48.5;0.441;355.0
pb;19003;RIACHÃO DO POÇO;Paraíba;Nordeste;-7.14742;-35.2644;4868;772;15.86;20;28.1;58.2;49.6;0.433;334.0
pb;21598;RIO TINTO;Paraíba;Nordeste;-6.80078;-35.05874;18838;2842;15.09;66;26.6;50.9;48.3;0.403;1146.0
pb;21610;SALGADINHO;Paraíba;Nordeste;-7.09708;-36.84444;3477;774;22.26;13;30.0;59.6;50.6;0.449;347.0
pb;21636;SALGADO DE SÃO FÉLIX;Paraíba;Nordeste;-7.38328;-35.46367;10366;2037;19.65;41;26.2;60.3;48.9;0.426;868.0
pb;20001;SANTA CECÍLIA;Paraíba;Nordeste;-7.74724;-35.89124;7090;920;12.98;24;31.4;62.7;51.5;0.466;429.0
pb;21652;SANTA CRUZ;Paraíba;Nordeste;-6.54496;-38.0592;5529;846;15.3;26;19.4;56.1;50.3;0.38;321.0
pb;21679;SANTA HELENA;Paraíba;Nordeste;-6.73497;-38.61305;5959;1093;18.34;21;24.0;52.0;49.1;0.394;431.0
pb;19569;SANTA INÊS;Paraíba;Nordeste;-7.62595;-38.55855;3848;821;21.34;13;27.2;62.6;51.1;0.443;364.0
pb;21695;SANTA LUZIA;Paraíba;Nordeste;-6.87238;-36.91744;12261;1863;15.19;47;25.7;39.3;47.8;0.364;679.0
pb;21750;SANTA RITA;Paraíba;Nordeste;-7.13328;-34.97047;103539;16482;15.92;332;27.5;45.7;46.7;0.389;6410.0
pb;21776;SANTA TERESINHA;Paraíba;Nordeste;-7.08394;-37.44342;5773;1100;19.05;22;25.5;52.0;49.7;0.404;444.0
pb;21717;SANTANA DE MANGUEIRA;Paraíba;Nordeste;-7.55054;-38.33442;4562;1001;21.94;16;26.6;62.5;49.7;0.436;436.0
pb;21733;SANTANA DOS GARROTES;Paraíba;Nordeste;-7.39997;-37.98496;6318;1367;21.64;25;23.5;56.6;48.2;0.4;547.0
pb;19267;SANTO ANDRÉ;Paraíba;Nordeste;-7.21682;-36.63059;3035;565;18.62;9;24.1;55.3;49.5;0.404;228.0
pb;22071;SAPÉ;Paraíba;Nordeste;-7.08365;-35.22499;38037;6567;17.26;138;27.4;55.0;46.9;0.414;2715.0
pb;22110;SERRA BRANCA;Paraíba;Nordeste;-7.50349;-36.68391;10863;1935;17.81;36;23.1;49.1;47.7;0.378;731.0
pb;22136;SERRA DA RAIZ;Paraíba;Nordeste;-6.68765;-35.44569;3167;572;18.06;11;26.8;46.5;50.0;0.397;227.0
pb;22152;SERRA GRANDE;Paraíba;Nordeste;-7.21436;-38.37055;3110;657;21.13;10;27.4;55.7;50.1;0.425;279.0
pb;22179;SERRA REDONDA;Paraíba;Nordeste;-7.18232;-35.67442;6492;961;14.8;25;26.2;60.1;48.1;0.423;406.0
pb;22195;SERRARIA;Paraíba;Nordeste;-6.81849;-35.63779;4595;969;21.09;17;26.5;58.0;49.1;0.423;410.0
pb;19186;SERTÃOZINHO;Paraíba;Nordeste;-6.75304;-35.44074;5104;854;16.73;16;27.2;51.7;49.0;0.41;350.0
pb;19020;SOBRADO;Paraíba;Nordeste;-7.15813;-35.24818;8060;1373;17.03;28;27.8;59.6;48.9;0.433;594.0
pb;22233;SOLEDADE;Paraíba;Nordeste;-7.05987;-36.36367;11716;1855;15.83;39;25.8;55.9;48.4;0.412;764.0
pb;22217;SOLÂNEA;Paraíba;Nordeste;-6.75939;-35.66497;22196;4345;19.58;72;26.3;56.9;46.1;0.41;1781.0
pb;19283;SOSSÊGO;Paraíba;Nordeste;-6.76392;-36.24538;3672;498;13.56;11;28.4;57.7;49.0;0.431;215.0
pb;22250;SOUSA;Paraíba;Nordeste;-6.76835;-38.24162;48187;7419;15.4;163;24.3;48.7;46.6;0.381;2824.0
pb;22276;SUMÉ;Paraíba;Nordeste;-7.66241;-36.88412;14168;2646;18.68;52;24.0;51.2;47.8;0.389;1029.0
pb;19402;SÃO BENTINHO;Paraíba;Nordeste;-6.89013;-37.72524;3802;797;20.96;12;24.8;58.1;48.8;0.412;329.0
pb;21792;SÃO BENTO;Paraíba;Nordeste;-6.48727;-37.44757;29523;4913;16.64;94;28.0;62.0;47.8;0.436;2142.0
pb;19429;SÃO DOMINGOS;Paraíba;Nordeste;-6.81632;-37.94107;3287;664;20.2;10;24.5;65.2;49.4;0.429;285.0
pb;19224;SÃO DOMINGOS DO CARIRI;Paraíba;Nordeste;-7.63071;-36.43059;3072;581;18.91;10;26.2;59.3;49.4;0.425;247.0
pb;19860;SÃO FRANCISCO;Paraíba;Nordeste;-6.62767;-38.08476;4138;631;15.25;17;22.5;58.3;49.4;0.402;254.0
pb;21857;SÃO JOSÉ DA LAGOA TAPADA;Paraíba;Nordeste;-6.94314;-38.16374;7125;1276;17.91;27;24.3;65.8;49.2;0.428;547.0
pb;21873;SÃO JOSÉ DE CAIANA;Paraíba;Nordeste;-7.24972;-38.29918;5643;1560;27.64;18;28.9;59.1;49.9;0.44;687.0
pb;21890;SÃO JOSÉ DE ESPINHARAS;Paraíba;Nordeste;-6.84769;-37.32575;4450;703;15.8;15;22.7;55.1;51.5;0.401;282.0
pb;21911;SÃO JOSÉ DE PIRANHAS;Paraíba;Nordeste;-7.10612;-38.50705;15561;2972;19.1;58;26.1;57.7;48.9;0.419;1245.0
pb;19445;SÃO JOSÉ DE PRINCESA;Paraíba;Nordeste;-7.76125;-38.09996;3236;646;19.96;13;24.4;60.5;50.3;0.42;272.0
pb;21938;SÃO JOSÉ DO BONFIM;Paraíba;Nordeste;-7.16096;-37.30822;4531;784;17.3;16;26.4;51.5;50.1;0.408;320.0
pb;19542;SÃO JOSÉ DO BREJO DO CRUZ;Paraíba;Nordeste;-6.21331;-37.35483;2613;500;19.14;8;27.7;52.2;51.4;0.421;210.0
pb;21954;SÃO JOSÉ DO SABUGI;Paraíba;Nordeste;-6.774;-36.79744;4227;400;9.46;17;25.3;49.5;50.1;0.397;159.0
pb;21970;SÃO JOSÉ DOS CORDEIROS;Paraíba;Nordeste;-7.39237;-36.80759;3778;675;17.87;13;23.3;61.9;49.5;0.415;280.0
pb;19046;SÃO JOSÉ DOS RAMOS;Paraíba;Nordeste;-7.24947;-35.38048;5940;1168;19.66;18;30.4;61.3;49.5;0.452;528.0
pb;21814;SÃO JOÃO DO CARIRI;Paraíba;Nordeste;-7.37666;-36.50911;4578;683;14.92;17;24.1;51.7;48.1;0.391;267.0
pb;19135;SÃO JOÃO DO RIO DO PEIXE;Paraíba;Nordeste;-6.74007;-38.43388;14571;2318;15.91;56;23.2;55.6;48.4;0.396;919.0
pb;21830;SÃO JOÃO DO TIGRE;Paraíba;Nordeste;-8.05902;-36.7417;3965;634;15.99;13;28.3;60.6;50.9;0.444;281.0
pb;21997;SÃO MAMEDE;Paraíba;Nordeste;-6.92947;-37.09641;7110;1508;21.21;27;21.4;50.6;48.2;0.374;564.0
pb;22012;SÃO MIGUEL DE TAIPU;Paraíba;Nordeste;-7.24874;-35.21014;6576;1104;16.79;19;29.1;56.6;48.6;0.431;476.0
pb;22039;SÃO SEBASTIÃO DE LAGOA DE ROÇA;Paraíba;Nordeste;-7.10437;-35.86779;9171;1659;18.09;29;25.6;59.9;47.3;0.417;692.0
pb;22055;SÃO SEBASTIÃO DO UMBUZEIRO;Paraíba;Nordeste;-8.14586;-37.00917;3304;581;17.58;12;26.5;54.8;49.6;0.416;242.0
pb;22098;SÃO VICENTE DO SERIDÓ;Paraíba;Nordeste;-6.92815;-36.40196;9254;1659;17.93;31;30.3;57.8;48.9;0.441;731.0
pb;22292;TACIMA;Paraíba;Nordeste;-6.5245;-35.59329;8148;1731;21.24;27;26.8;57.2;50.6;0.427;739.0
pb;22314;TAPEROÁ;Paraíba;Nordeste;-7.2106;-36.82565;11366;2503;22.02;38;25.5;59.4;47.4;0.416;1040.0
pb;22330;TAVARES;Paraíba;Nordeste;-7.62698;-37.86942;11897;2847;23.93;44;26.7;62.2;48.4;0.432;1229.0
pb;22357;TEIXEIRA;Paraíba;Nordeste;-7.22382;-37.25344;12091;2355;19.48;42;27.5;50.7;47.2;0.404;951.0
pb;19682;TENÓRIO;Paraíba;Nordeste;-6.93974;-36.62755;3314;563;16.99;10;28.3;61.3;51.2;0.446;251.0
pb;22373;TRIUNFO;Paraíba;Nordeste;-6.59373;-38.58144;7597;1405;18.49;29;25.9;55.9;48.9;0.414;581.0
pb;22390;UIRAÚNA;Paraíba;Nordeste;-6.51874;-38.39987;13083;2378;18.18;47;24.6;50.7;46.9;0.388;924.0
pb;22411;UMBUZEIRO;Paraíba;Nordeste;-7.6989;-35.69947;7797;1383;17.74;25;28.2;52.6;48.5;0.416;575.0
pb;19887;VIEIRÓPOLIS;Paraíba;Nordeste;-6.55904;-38.27632;5431;942;17.34;18;22.6;60.7;49.0;0.407;383.0
pb;20117;VISTA SERRANA;Paraíba;Nordeste;-6.73923;-37.56631;3470;777;22.39;13;25.9;58.2;50.1;0.423;329.0
pb;22438;VÁRZEA;Paraíba;Nordeste;-6.76856;-36.99476;2845;374;13.15;10;23.1;37.9;48.3;0.348;130.0
pb;19348;ZABELÊ;Paraíba;Nordeste;-8.07779;-37.09751;2666;506;18.98;9;27.9;48.4;48.5;0.403;204.0
pb;19011;ÁGUA BRANCA;Paraíba;Nordeste;-7.49788;-37.64015;8397;1715;20.42;33;29.3;53.2;49.1;0.424;728.0
pa;04014;ABAETETUBA;Pará;Norte;-1.73071;-48.89169;123890;17568;14.18;388;32.8;41.4;49.3;0.406;7129.0
pa;04502;ABEL FIGUEIREDO;Pará;Norte;-4.94847;-48.39624;6010;1409;23.44;21;28.0;55.1;52.1;0.432;608.0
pa;04030;ACARÁ;Pará;Norte;-1.84781;-48.30791;48817;7955;16.3;171;31.9;60.7;50.6;0.461;3670.0
pa;04057;AFUÁ;Pará;Norte;-0.25556;-50.66329;29760;6459;21.7;99;38.0;69.9;51.8;0.516;3332.0
pa;04073;ALENQUER;Pará;Norte;-1.86042;-54.74339;45624;8602;18.85;183;33.6;54.2;50.7;0.452;3887.0
pa;04090;ALMEIRIM;Pará;Norte;-1.3373;-52.6048;23890;6012;25.17;99;32.4;51.7;51.0;0.44;2647.0
pa;04111;ALTAMIRA;Pará;Norte;-3.75099;-52.5126;86743;19285;22.23;315;31.5;42.7;49.0;0.404;7792.0
pa;04138;ANAJÁS;Pará;Norte;-0.91893;-49.95523;22636;4725;20.87;86;39.0;64.6;52.6;0.51;2410.0
pa;04154;ANANINDEUA;Pará;Norte;-1.36134;-48.39694;358249;60843;16.98;1058;29.1;27.5;46.1;0.333;20253.0
pa;04723;ANAPU;Pará;Norte;-3.43227;-51.30339;25278;6149;24.33;77;34.1;63.1;52.7;0.484;2977.0
pa;04170;AUGUSTO CORRÊA;Pará;Norte;-1.0956;-46.55227;39219;7575;19.31;141;33.0;57.0;50.5;0.456;3455.0
pa;04340;AURORA DO PARÁ;Pará;Norte;-2.16278;-47.63083;18265;3617;19.8;74;31.9;60.5;50.9;0.461;1669.0
pa;04197;AVEIRO;Pará;Norte;-3.7447;-55.5478;11870;2777;23.4;57;32.9;56.3;53.9;0.464;1288.0
pa;04219;BAGRE;Pará;Norte;-2.00997;-50.20228;16607;3448;20.76;54;39.9;65.4;52.3;0.515;1776.0
pa;04235;BAIÃO;Pará;Norte;-2.87805;-49.66684;27595;4628;16.77;103;33.4;47.2;50.8;0.431;1996.0
pa;04588;BANNACH;Pará;Norte;-7.3487;-50.51065;3170;777;24.51;12;30.3;59.5;53.8;0.459;357.0
pa;04251;BARCARENA;Pará;Norte;-1.52523;-48.64876;102889;19175;18.64;322;32.1;38.4;50.1;0.395;7584.0
pa;04804;BELTERRA;Pará;Norte;-2.82509;-54.9523;17778;3425;19.27;73;30.7;43.7;50.4;0.407;1395.0
pa;04278;BELÉM;Pará;Norte;-1.41497;-48.44938;1048781;182252;17.38;2989;25.8;23.9;46.3;0.306;55724.0
pa;04294;BENEVIDES;Pará;Norte;-1.33657;-48.26946;49269;7914;16.06;154;31.1;36.9;48.4;0.382;3020.0
pa;04049;BOM JESUS DO TOCANTINS;Pará;Norte;-5.08018;-48.67221;12477;2846;22.81;44;32.1;54.3;51.4;0.447;1273.0
pa;04316;BONITO;Pará;Norte;-1.38384;-47.31033;12897;2276;17.65;47;31.0;60.3;51.6;0.459;1044.0
pa;04332;BRAGANÇA;Pará;Norte;-1.08083;-46.76708;94963;18480;19.46;341;30.6;47.7;48.9;0.415;7662.0
pa;04227;BRASIL NOVO;Pará;Norte;-3.30842;-52.55207;16697;3221;19.29;59;29.0;54.9;51.4;0.434;1398.0
pa;05932;BREJO GRANDE DO ARAGUAIA;Pará;Norte;-5.70721;-48.38996;6821;1405;20.6;26;30.7;51.3;52.1;0.435;611.0
pa;04448;BREU BRANCO;Pará;Norte;-3.75176;-49.54929;32173;7814;24.29;122;31.4;55.8;49.7;0.443;3463.0
pa;04359;BREVES;Pará;Norte;-1.43747;-50.56638;77288;15391;19.91;239;36.9;63.8;50.5;0.492;7569.0
pa;04375;BUJARU;Pará;Norte;-1.59503;-48.07434;21846;2947;13.49;79;32.7;50.3;50.5;0.437;1286.0
pa;04391;CACHOEIRA DO ARARI;Pará;Norte;-1.02206;-48.81105;18975;3728;19.65;66;31.0;57.0;50.6;0.447;1666.0
pa;04766;CACHOEIRA DO PIRIÁ;Pará;Norte;-1.90907;-46.4572;14421;2730;18.93;58;34.1;61.1;52.1;0.477;1302.0
pa;04413;CAMETÁ;Pará;Norte;-2.2562;-49.46304;106190;13897;13.09;357;34.5;48.2;50.7;0.438;6092.0
pa;04707;CANAÃ DOS CARAJÁS;Pará;Norte;-6.52385;-49.86386;73378;18350;25.01;204;35.8;36.8;50.3;0.405;7429.0
pa;04430;CAPANEMA;Pará;Norte;-1.17752;-47.15547;54759;9694;17.7;203;28.5;43.0;47.9;0.389;3767.0
pa;04456;CAPITÃO POÇO;Pará;Norte;-1.79406;-47.12008;42609;6865;16.11;153;32.0;58.2;49.6;0.452;3104.0
pa;04472;CASTANHAL;Pará;Norte;-1.29108;-47.91821;143934;23565;16.37;455;29.7;36.3;47.0;0.37;8715.0
pa;04499;CHAVES;Pará;Norte;-0.07279;-49.72613;15966;4479;28.05;63;35.5;75.3;53.0;0.521;2335.0
pa;04510;COLARES;Pará;Norte;-0.93619;-48.24113;12702;2259;17.78;49;27.5;42.0;50.4;0.388;876.0
pa;04537;CONCEIÇÃO DO ARAGUAIA;Pará;Norte;-8.23633;-49.30322;33537;8448;25.19;115;27.0;44.0;50.0;0.39;3295.0
pa;05819;CONCÓRDIA DO PARÁ;Pará;Norte;-1.92622;-47.95757;24113;3935;16.32;82;34.5;54.5;51.1;0.458;1803.0
pa;04529;CUMARU DO NORTE;Pará;Norte;-8.14668;-50.896;8216;2116;25.75;30;33.1;59.1;53.5;0.471;997.0
pa;05851;CURIONÓPOLIS;Pará;Norte;-6.0771;-49.6074;17009;3930;23.11;56;32.1;44.7;51.7;0.42;1650.0
pa;04553;CURRALINHO;Pará;Norte;-1.71915;-49.89029;25964;4511;17.37;87;38.6;59.6;51.8;0.492;2220.0
pa;04740;CURUÁ;Pará;Norte;-1.90957;-55.10781;11427;1834;16.05;51;34.4;51.2;52.7;0.453;830.0
pa;04570;CURUÇÁ;Pará;Norte;-0.7585;-47.8566;36832;7567;20.54;124;28.3;48.4;49.7;0.408;3087.0
pa;05975;DOM ELISEU;Pará;Norte;-4.30662;-47.55821;30137;6016;19.96;112;30.4;51.2;49.0;0.424;2550.0
pa;04120;ELDORADO DOS CARAJÁS;Pará;Norte;-6.09879;-49.33669;20306;4051;19.95;77;30.6;54.5;51.6;0.441;1788.0
pa;04596;FARO;Pará;Norte;-2.1534;-56.72351;7131;1714;24.04;29;34.5;43.4;51.4;0.425;729.0
pa;04561;FLORESTA DO ARAGUAIA;Pará;Norte;-7.59304;-49.60783;13756;2917;21.21;49;30.5;56.0;52.3;0.447;1305.0
pa;05878;GARRAFÃO DO NORTE;Pará;Norte;-2.06091;-47.04295;22326;4184;18.74;77;34.1;63.4;51.7;0.482;2015.0
pa;04006;GOIANÉSIA DO PARÁ;Pará;Norte;-3.88673;-49.11689;21405;4564;21.32;87;29.0;57.5;51.3;0.441;2011.0
pa;04618;GURUPÁ;Pará;Norte;-1.19575;-51.55367;24520;3864;15.76;89;38.1;62.1;52.1;0.498;1923.0
pa;04634;IGARAPÉ-AÇU;Pará;Norte;-1.13777;-47.59489;31175;4874;15.63;104;29.4;49.8;49.0;0.415;2024.0
pa;04650;IGARAPÉ-MIRI;Pará;Norte;-1.9718;-49.03308;53657;7701;14.35;166;32.3;58.7;50.1;0.456;3512.0
pa;04677;INHANGAPI;Pará;Norte;-1.45196;-47.91903;9354;1359;14.53;34;30.6;50.0;50.8;0.427;580.0
pa;04189;IPIXUNA DO PARÁ;Pará;Norte;-2.58914;-47.63173;24689;5346;21.65;93;33.9;58.5;51.6;0.468;2500.0
pa;04693;IRITUIA;Pará;Norte;-1.77768;-47.42356;26388;4311;16.34;102;30.0;54.1;51.1;0.436;1879.0
pa;04715;ITAITUBA;Pará;Norte;-4.43662;-55.99791;85347;21702;25.43;287;32.5;49.7;49.2;0.43;9329.0
pa;04731;ITUPIRANGA;Pará;Norte;-5.11136;-49.60618;32730;7234;22.1;121;32.0;56.8;51.1;0.453;3276.0
pa;04200;JACAREACANGA;Pará;Norte;-6.58935;-57.69445;13777;3551;25.77;55;37.7;54.1;52.5;0.475;1685.0
pa;04758;JACUNDÁ;Pará;Norte;-4.46267;-49.13183;30585;6064;19.83;117;28.2;55.4;49.6;0.427;2587.0
pa;04774;JURUTI;Pará;Norte;-2.25377;-56.07971;39112;7328;18.74;135;35.6;41.1;51.7;0.423;3100.0
pa;04790;LIMOEIRO DO AJURU;Pará;Norte;-1.85432;-49.41663;22959;3388;14.76;78;37.1;54.2;51.9;0.471;1595.0
pa;04812;MAGALHÃES BARATA;Pará;Norte;-0.79895;-47.61779;8796;1626;18.49;35;29.0;46.2;51.6;0.41;668.0
pa;04839;MARABÁ;Pará;Norte;-5.37143;-49.18839;179940;34252;19.04;583;31.4;34.7;48.6;0.375;12864.0
pa;04855;MARACANÃ;Pará;Norte;-0.79281;-47.49002;27798;4836;17.4;118;29.7;50.2;51.3;0.425;2053.0
pa;04871;MARAPANIM;Pará;Norte;-0.76836;-47.69488;25293;4504;17.81;93;27.5;45.1;51.3;0.4;1800.0
pa;04642;MARITUBA;Pará;Norte;-1.36701;-48.3327;90873;15816;17.4;276;31.3;34.5;47.7;0.372;5883.0
pa;05770;MEDICILÂNDIA;Pará;Norte;-3.43211;-52.92901;20484;4102;20.03;74;30.5;61.4;53.1;0.463;1901.0
pa;04898;MELGAÇO;Pará;Norte;-1.6822;-50.83568;19565;4258;21.76;62;40.3;64.2;52.7;0.514;2190.0
pa;04910;MOCAJUBA;Pará;Norte;-2.58236;-49.50405;29081;4908;16.88;99;34.7;47.4;49.9;0.435;2133.0
pa;04936;MOJU;Pará;Norte;-2.03824;-48.77834;56811;9581;16.86;202;34.6;51.6;51.0;0.45;4310.0
pa;04863;MOJUÍ DOS CAMPOS;Pará;Norte;-2.85879;-54.66399;24248;5081;20.95;95;30.2;49.1;51.5;0.425;2157.0
pa;04952;MONTE ALEGRE;Pará;Norte;-1.91382;-54.16031;52563;9605;18.27;222;31.6;50.5;50.1;0.431;4136.0
pa;04979;MUANÁ;Pará;Norte;-1.51934;-49.28057;30413;5588;18.37;98;33.6;59.1;51.4;0.468;2612.0
pa;04103;MÃE DO RIO;Pará;Norte;-2.0334;-47.52722;25345;4468;17.63;92;31.1;51.3;48.0;0.425;1898.0
pa;04480;NOVA ESPERANÇA DO PIRIÁ;Pará;Norte;-2.3115;-46.98012;15528;3052;19.65;50;34.2;63.4;52.1;0.483;1475.0
pa;04600;NOVA IPIXUNA;Pará;Norte;-4.95377;-49.13379;11487;2329;20.28;39;30.4;59.3;52.0;0.455;1059.0
pa;04995;NOVA TIMBOTEUA;Pará;Norte;-1.16294;-47.38334;11967;2088;17.45;41;25.9;53.5;50.3;0.412;860.0
pa;04383;NOVO PROGRESSO;Pará;Norte;-7.07884;-55.39119;24783;6694;27.01;87;31.2;51.8;51.3;0.436;2919.0
pa;04421;NOVO REPARTIMENTO;Pará;Norte;-4.4132;-50.18041;45702;9766;21.37;159;32.5;59.5;51.4;0.463;4526.0
pa;05037;OEIRAS DO PARÁ;Pará;Norte;-2.12693;-49.85416;25487;4067;15.96;91;36.8;59.8;52.0;0.486;1976.0
pa;05053;ORIXIMINÁ;Pará;Norte;-1.63705;-56.04477;50827;11629;22.88;195;33.0;44.8;50.2;0.42;4890.0
pa;05959;OURILÂNDIA DO NORTE;Pará;Norte;-6.78061;-51.06554;25886;6407;24.75;83;31.9;54.0;50.3;0.442;2832.0
pa;05070;OURÉM;Pará;Norte;-1.51298;-47.13913;16525;2945;17.82;64;30.7;53.8;50.1;0.436;1283.0
pa;05916;PACAJÁ;Pará;Norte;-3.74438;-50.66129;29481;6497;22.04;99;31.7;63.0;52.0;0.47;3053.0
pa;04162;PALESTINA DO PARÁ;Pará;Norte;-5.78187;-48.29101;5862;1239;21.14;21;29.9;54.6;51.8;0.439;543.0
pa;05096;PARAGOMINAS;Pará;Norte;-2.9861;-47.33755;76388;15772;20.65;246;31.8;44.0;48.7;0.409;6444.0
pa;05835;PARAUAPEBAS;Pará;Norte;-6.07019;-49.89927;201342;44534;22.12;586;33.3;30.0;50.1;0.368;16409.0
pa;04308;PAU D'ARCO;Pará;Norte;-7.82133;-50.03054;8655;1970;22.76;30;30.3;56.5;54.2;0.453;892.0
pa;05118;PEIXE-BOI;Pará;Norte;-1.17153;-47.3047;9487;1620;17.08;36;26.3;50.3;51.3;0.408;661.0
pa;04782;PIÇARRA;Pará;Norte;-6.52532;-48.94814;9403;1848;19.65;35;30.7;58.0;52.8;0.455;840.0
pa;04626;PLACAS;Pará;Norte;-3.8472;-54.38954;14807;2874;19.41;56;30.5;55.7;53.0;0.448;1289.0
pa;05134;PONTA DE PEDRAS;Pará;Norte;-1.33896;-48.88192;23302;4781;20.52;73;32.1;53.3;50.9;0.443;2120.0
pa;05150;PORTEL;Pará;Norte;-2.09984;-50.83791;41746;9709;23.26;149;38.4;62.8;50.5;0.496;4815.0
pa;05177;PORTO DE MOZ;Pará;Norte;-1.83366;-52.36719;23709;5138;21.67;83;37.6;58.3;52.1;0.485;2493.0
pa;05193;PRAINHA;Pará;Norte;-1.98254;-53.65003;27386;5361;19.58;111;36.4;56.4;52.0;0.474;2544.0
pa;05215;PRIMAVERA;Pará;Norte;-0.95382;-47.12225;11339;2626;23.16;36;28.6;55.1;50.6;0.43;1131.0
pa;04685;QUATIPURU;Pará;Norte;-0.86598;-47.01763;10484;2700;25.75;36;27.5;61.3;50.5;0.44;1187.0
pa;05673;REDENÇÃO;Pará;Norte;-8.04178;-50.03725;62358;12312;19.74;205;30.9;42.3;47.9;0.397;4887.0
pa;05690;RIO MARIA;Pará;Norte;-7.30999;-49.99812;13846;3126;22.58;50;28.5;54.1;50.5;0.427;1334.0
pa;05738;RONDON DO PARÁ;Pará;Norte;-4.74522;-48.09992;26999;5989;22.18;100;26.9;56.0;49.4;0.42;2517.0
pa;05894;RURÓPOLIS;Pará;Norte;-4.1174;-55.07761;20247;4291;21.19;82;30.1;55.9;51.3;0.442;1897.0
pa;05231;SALINÓPOLIS;Pará;Norte;-0.79444;-47.34;38078;7192;18.89;121;30.2;45.0;50.5;0.409;2943.0
pa;05258;SALVATERRA;Pará;Norte;-0.79897;-48.54818;20320;3719;18.3;78;29.4;47.9;49.2;0.411;1527.0
pa;04243;SANTA BÁRBARA DO PARÁ;Pará;Norte;-1.21357;-48.27358;18358;3315;18.06;64;28.5;45.4;50.2;0.402;1333.0
pa;05274;SANTA CRUZ DO ARARI;Pará;Norte;-0.68656;-49.22868;7042;1996;28.34;28;29.2;57.1;49.1;0.434;867.0
pa;05290;SANTA IZABEL DO PARÁ;Pará;Norte;-1.31812;-48.13883;49185;7667;15.59;155;30.6;39.7;49.0;0.39;2992.0
pa;04146;SANTA LUZIA DO PARÁ;Pará;Norte;-1.5301;-46.92372;18518;3574;19.3;70;31.5;57.9;50.1;0.45;1610.0
pa;05991;SANTA MARIA DAS BARREIRAS;Pará;Norte;-8.66864;-50.2844;13340;3281;24.6;50;28.0;57.6;53.8;0.443;1452.0
pa;05312;SANTA MARIA DO PARÁ;Pará;Norte;-1.35079;-47.54946;22313;3928;17.6;68;29.8;52.9;49.4;0.427;1676.0
pa;05339;SANTANA DO ARAGUAIA;Pará;Norte;-9.33512;-50.38356;25280;6450;25.51;83;31.0;52.6;51.7;0.438;2827.0
pa;05355;SANTARÉM;Pará;Norte;-2.45542;-54.79304;253605;47695;18.81;872;31.6;29.9;48.0;0.357;17014.0
pa;05371;SANTARÉM NOVO;Pará;Norte;-0.92275;-47.34232;6794;1075;15.82;27;29.6;47.5;52.4;0.419;450.0
pa;05398;SANTO ANTÔNIO DO TAUÁ;Pará;Norte;-1.14509;-48.16615;26159;3972;15.18;87;29.4;43.0;49.0;0.396;1572.0
pa;04847;SAPUCAIA;Pará;Norte;-6.94182;-49.69721;5430;1376;25.34;17;31.8;61.3;52.5;0.468;643.0
pa;05550;SENADOR JOSÉ PORFÍRIO;Pará;Norte;-3.11196;-51.97263;14884;3497;23.5;49;31.3;61.6;53.6;0.469;1642.0
pa;05576;SOURE;Pará;Norte;-0.71895;-48.51549;22800;4652;20.4;78;30.2;45.1;47.9;0.403;1873.0
pa;05410;SÃO CAETANO DE ODIVELAS;Pará;Norte;-0.79352;-48.0294;15886;2637;16.6;58;28.5;48.2;51.7;0.414;1092.0
pa;04464;SÃO DOMINGOS DO ARAGUAIA;Pará;Norte;-5.5483;-48.72825;15405;3157;20.49;59;30.6;51.6;49.1;0.426;1346.0
pa;05436;SÃO DOMINGOS DO CAPIM;Pará;Norte;-1.76919;-47.75437;25155;4448;17.68;104;33.8;58.7;51.8;0.468;2082.0
pa;05479;SÃO FRANCISCO DO PARÁ;Pará;Norte;-1.19337;-47.75601;15923;2274;14.28;57;28.3;46.5;49.9;0.404;918.0
pa;05452;SÃO FÉLIX DO XINGU;Pará;Norte;-6.37264;-51.92857;43015;10080;23.43;154;30.8;59.6;52.7;0.459;4626.0
pa;05797;SÃO GERALDO DO ARAGUAIA;Pará;Norte;-6.31834;-48.65344;19494;3879;19.9;73;30.0;52.7;50.2;0.43;1667.0
pa;04820;SÃO JOÃO DA PONTA;Pará;Norte;-0.85881;-47.95168;6367;1216;19.1;24;28.1;47.7;51.0;0.409;497.0
pa;04065;SÃO JOÃO DE PIRABAS;Pará;Norte;-0.7919;-47.19912;18795;3911;20.81;64;28.7;54.7;50.5;0.429;1679.0
pa;05495;SÃO JOÃO DO ARAGUAIA;Pará;Norte;-5.41682;-48.80155;13212;2962;22.42;48;31.6;51.7;53.2;0.443;1313.0
pa;05517;SÃO MIGUEL DO GUAMÁ;Pará;Norte;-1.58466;-47.54166;42257;6985;16.53;152;32.4;52.3;48.8;0.436;3044.0
pa;05533;SÃO SEBASTIÃO DA BOA VISTA;Pará;Norte;-1.6305;-49.54807;23902;4401;18.41;78;35.9;55.7;51.5;0.468;2061.0
pa;04022;TAILÂNDIA;Pará;Norte;-2.87411;-48.91383;55596;11703;21.05;200;34.8;53.6;49.9;0.453;5307.0
pa;04545;TERRA ALTA;Pará;Norte;-1.01138;-47.87468;12581;2670;21.22;44;30.3;46.7;51.6;0.418;1116.0
pa;04367;TERRA SANTA;Pará;Norte;-2.08105;-56.47208;15511;3224;20.79;61;32.9;38.4;51.2;0.401;1295.0
pa;05592;TOMÉ-AÇU;Pará;Norte;-2.43158;-48.23712;52852;11521;21.8;185;33.6;52.0;50.5;0.445;5128.0
pa;04669;TRACUATEUA;Pará;Norte;-1.05725;-46.92157;25730;4813;18.71;93;29.4;57.2;50.8;0.441;2121.0
pa;04286;TRAIRÃO;Pará;Norte;-4.81835;-56.03388;12441;3254;26.16;43;32.3;63.3;52.5;0.475;1547.0
pa;04081;TUCUMÃ;Pará;Norte;-6.76478;-51.16677;28014;7129;25.45;91;30.8;52.4;50.3;0.433;3087.0
pa;05614;TUCURUÍ;Pará;Norte;-3.77343;-49.68053;73025;17039;23.33;236;30.8;41.1;49.4;0.397;6761.0
pa;04324;ULIANÓPOLIS;Pará;Norte;-3.80073;-47.50646;20159;4078;20.23;69;32.1;50.4;51.2;0.436;1777.0
pa;05754;URUARÁ;Pará;Norte;-3.72513;-53.72198;31993;6761;21.13;105;30.6;58.9;51.6;0.453;3061.0
pa;05630;VIGIA;Pará;Norte;-0.87796;-48.13033;39656;7847;19.79;144;28.3;45.9;49.8;0.401;3150.0
pa;05657;VISEU;Pará;Norte;-1.35128;-46.33419;43477;8541;19.64;168;33.6;60.7;51.4;0.471;4026.0
pa;04405;VITÓRIA DO XINGU;Pará;Norte;-3.00261;-51.99089;16489;3342;20.27;58;33.0;49.9;52.6;0.443;1479.0
pa;05711;XINGUARA;Pará;Norte;-7.06023;-49.86723;35427;7612;21.49;117;30.5;52.2;49.0;0.427;3252.0
pa;04260;ÁGUA AZUL DO NORTE;Pará;Norte;-6.79757;-50.33679;10878;2515;23.12;34;31.1;55.9;52.7;0.451;1133.0
pa;05010;ÓBIDOS;Pará;Norte;-1.88424;-55.4446;39920;7465;18.7;171;31.4;49.1;51.0;0.428;3198.0
pe;26310;ABREU E LIMA;Pernambuco;Nordeste;-7.9092;-34.91651;79387;11460;14.44;233;25.8;37.9;46.4;0.356;4087.0
pe;23019;AFOGADOS DA INGAZEIRA;Pernambuco;Nordeste;-7.74623;-37.63808;30094;5911;19.64;103;25.9;47.2;46.7;0.385;2275.0
pe;23035;AFRÂNIO;Pernambuco;Nordeste;-8.57253;-41.01935;17488;3586;20.51;50;28.4;52.8;49.1;0.419;1502.0
pe;23051;AGRESTINA;Pernambuco;Nordeste;-8.45329;-35.94809;20932;3701;17.68;62;28.9;54.6;46.3;0.418;1548.0
pe;23116;ALAGOINHA;Pernambuco;Nordeste;-8.48757;-36.76103;12070;1985;16.45;43;25.8;54.8;48.8;0.41;815.0
pe;23132;ALIANÇA;Pernambuco;Nordeste;-7.59851;-35.20792;29186;6358;21.78;98;27.7;56.5;47.8;0.421;2679.0
pe;23159;ALTINHO;Pernambuco;Nordeste;-8.48774;-36.07291;17270;2896;16.77;52;26.3;55.0;48.4;0.412;1193.0
pe;23175;AMARAJI;Pernambuco;Nordeste;-8.38023;-35.44896;17368;3499;20.15;50;27.7;56.0;48.2;0.421;1473.0
pe;23191;ANGELIM;Pernambuco;Nordeste;-8.89405;-36.28578;9105;1823;20.02;25;28.8;57.3;47.8;0.429;781.0
pe;23213;ARARIPINA;Pernambuco;Nordeste;-7.62766;-40.49008;60070;12071;20.09;177;29.6;53.5;46.8;0.42;5071.0
pe;23205;ARAÇOIABA;Pernambuco;Nordeste;-7.78722;-35.08787;17404;3089;17.75;49;30.3;49.1;49.2;0.418;1293.0
pe;23230;ARCOVERDE;Pernambuco;Nordeste;-8.41613;-37.05267;51729;9478;18.32;171;27.5;38.9;45.0;0.364;3445.0
pe;23256;BARRA DE GUABIRABA;Pernambuco;Nordeste;-8.41839;-35.66378;10106;1674;16.56;30;30.8;55.3;48.4;0.435;729.0
pe;23272;BARREIROS;Pernambuco;Nordeste;-8.81197;-35.20065;30474;6911;22.68;99;28.1;46.1;46.2;0.391;2704.0
pe;23337;BELO JARDIM;Pernambuco;Nordeste;-8.31807;-36.42058;60920;10995;18.05;180;28.7;49.8;46.9;0.406;4470.0
pe;23299;BELÉM DE MARIA;Pernambuco;Nordeste;-8.59937;-35.83788;9176;1501;16.36;32;29.4;50.8;48.8;0.418;627.0
pe;23310;BELÉM DO SÃO FRANCISCO;Pernambuco;Nordeste;-8.70465;-39.00535;15567;3269;21.0;52;29.3;43.2;47.4;0.392;1280.0
pe;23353;BETÂNIA;Pernambuco;Nordeste;-8.24059;-38.01834;10088;2100;20.82;30;27.2;57.0;48.4;0.422;886.0
pe;23370;BEZERROS;Pernambuco;Nordeste;-8.23635;-35.76407;48313;8188;16.95;152;25.6;52.4;45.5;0.394;3224.0
pe;23396;BODOCÓ;Pernambuco;Nordeste;-7.71103;-39.97766;27831;5300;19.04;83;29.7;56.0;49.0;0.434;2299.0
pe;23418;BOM CONSELHO;Pernambuco;Nordeste;-9.19714;-36.66742;34189;7290;21.32;110;27.2;57.4;46.5;0.417;3041.0
pe;23434;BOM JARDIM;Pernambuco;Nordeste;-7.79612;-35.5947;30623;5848;19.1;106;27.4;54.7;47.8;0.415;2429.0
pe;23450;BONITO;Pernambuco;Nordeste;-8.4796;-35.73564;30694;6057;19.73;92;29.1;54.4;47.4;0.422;2554.0
pe;23493;BREJINHO;Pernambuco;Nordeste;-7.34695;-37.28614;7811;1853;23.72;23;25.6;55.9;48.4;0.411;761.0
pe;23515;BREJO DA MADRE DE DEUS;Pernambuco;Nordeste;-8.08668;-36.29107;36268;7846;21.63;110;27.6;64.7;47.7;0.44;3451.0
pe;23477;BREJÃO;Pernambuco;Nordeste;-9.02811;-36.56358;9703;1649;16.99;36;28.6;56.7;48.3;0.428;705.0
pe;23531;BUENOS AIRES;Pernambuco;Nordeste;-7.73071;-35.33919;11990;2231;18.61;33;26.6;47.2;48.0;0.392;875.0
pe;23558;BUÍQUE;Pernambuco;Nordeste;-8.61821;-37.13765;42576;11784;27.68;117;28.8;61.8;48.1;0.441;5199.0
pe;23574;CABO DE SANTO AGOSTINHO;Pernambuco;Nordeste;-8.2763;-35.01682;172140;28761;16.71;496;27.6;35.3;46.9;0.357;10279.0
pe;23590;CABROBÓ;Pernambuco;Nordeste;-8.48792;-39.3178;25723;4714;18.33;81;29.3;43.2;46.8;0.39;1839.0
pe;23612;CACHOEIRINHA;Pernambuco;Nordeste;-8.4807;-36.24916;16068;2768;17.23;51;26.8;59.1;46.4;0.419;1159.0
pe;23639;CAETÉS;Pernambuco;Nordeste;-8.77252;-36.62708;20683;5218;25.23;62;28.2;62.4;47.3;0.436;2278.0
pe;23671;CALUMBI;Pernambuco;Nordeste;-7.97072;-38.12618;7378;1414;19.17;21;28.9;57.2;48.6;0.431;610.0
pe;23655;CALÇADO;Pernambuco;Nordeste;-8.73842;-36.33969;7893;1445;18.31;23;28.8;55.8;49.3;0.429;621.0
pe;26298;CAMARAGIBE;Pernambuco;Nordeste;-8.01135;-34.98783;127152;19244;15.13;355;26.5;33.7;45.9;0.345;6633.0
pe;23698;CAMOCIM DE SÃO FÉLIX;Pernambuco;Nordeste;-8.36287;-35.76388;15623;2788;17.85;49;28.2;55.6;46.7;0.418;1166.0
pe;23710;CAMUTANGA;Pernambuco;Nordeste;-7.40898;-35.27392;7337;1500;20.44;21;27.9;51.0;49.1;0.412;618.0
pe;23736;CANHOTINHO;Pernambuco;Nordeste;-8.87213;-36.19183;17167;3494;20.35;63;26.9;61.1;47.2;0.426;1490.0
pe;23752;CAPOEIRAS;Pernambuco;Nordeste;-8.72286;-36.60573;16542;3976;24.04;50;25.7;60.7;48.9;0.424;1688.0
pe;23167;CARNAUBEIRA DA PENHA;Pernambuco;Nordeste;-8.3626;-38.77509;12559;2533;20.17;37;32.9;46.8;50.7;0.427;1082.0
pe;23779;CARNAÍBA;Pernambuco;Nordeste;-7.77718;-37.75394;16879;3754;22.24;52;26.0;60.5;48.6;0.424;1593.0
pe;23795;CARPINA;Pernambuco;Nordeste;-7.84228;-35.25711;59993;9110;15.19;169;26.2;35.7;45.6;0.35;3185.0
pe;23817;CARUARU;Pernambuco;Nordeste;-8.27241;-35.97857;255270;38138;14.94;708;27.3;42.3;44.6;0.372;14179.0
pe;23221;CASINHAS;Pernambuco;Nordeste;-7.7613;-35.72916;12078;2351;19.47;40;27.3;58.2;47.4;0.422;993.0
pe;23833;CATENDE;Pernambuco;Nordeste;-8.659;-35.7309;25872;5497;21.25;85;28.5;52.6;46.8;0.413;2269.0
pe;23850;CEDRO;Pernambuco;Nordeste;-7.71842;-39.2375;10190;2506;24.59;29;28.5;54.8;48.9;0.424;1064.0
pe;23876;CHÃ DE ALEGRIA;Pernambuco;Nordeste;-7.99855;-35.21268;11584;1975;17.05;38;28.3;50.6;47.5;0.408;806.0
pe;23892;CHÃ GRANDE;Pernambuco;Nordeste;-8.24256;-35.46014;18860;3038;16.11;54;27.1;56.6;47.3;0.417;1267.0
pe;23914;CONDADO;Pernambuco;Nordeste;-7.58682;-35.10381;19764;3545;17.94;56;28.8;45.2;46.5;0.393;1392.0
pe;23930;CORRENTES;Pernambuco;Nordeste;-9.11636;-36.33931;14583;4255;29.18;42;25.6;62.1;48.3;0.425;1809.0
pe;23957;CORTÊS;Pernambuco;Nordeste;-8.47321;-35.54399;11265;2455;21.79;38;29.1;56.6;48.4;0.43;1056.0
pe;23973;CUMARU;Pernambuco;Nordeste;-8.03795;-35.71403;14479;2341;16.17;49;23.8;59.0;48.0;0.407;953.0
pe;23990;CUPIRA;Pernambuco;Nordeste;-8.60024;-35.94835;19864;3574;17.99;63;27.4;57.5;45.4;0.415;1484.0
pe;24015;CUSTÓDIA;Pernambuco;Nordeste;-8.1031;-37.65818;29588;7000;23.66;84;25.9;54.2;47.2;0.405;2833.0
pe;23140;DORMENTES;Pernambuco;Nordeste;-8.47709;-40.66572;16158;2768;17.13;46;26.6;52.1;49.6;0.41;1134.0
pe;24031;ESCADA;Pernambuco;Nordeste;-8.36368;-35.24155;48189;8287;17.2;158;28.2;43.2;47.1;0.386;3198.0
pe;24058;EXU;Pernambuco;Nordeste;-7.52168;-39.73868;29164;6347;21.76;85;28.0;53.4;47.8;0.415;2634.0
pe;24074;FEIRA NOVA;Pernambuco;Nordeste;-7.94799;-35.388;18025;2988;16.58;57;26.7;52.3;45.9;0.4;1196.0
pe;24090;FERREIROS;Pernambuco;Nordeste;-7.44995;-35.24312;10137;1794;17.7;29;26.6;53.1;48.1;0.408;733.0
pe;24112;FLORES;Pernambuco;Nordeste;-7.92166;-37.92554;16541;3738;22.6;59;25.0;57.6;47.8;0.41;1531.0
pe;24139;FLORESTA;Pernambuco;Nordeste;-8.55997;-38.49071;25254;5489;21.74;75;30.3;44.6;47.7;0.401;2200.0
pe;24155;FREI MIGUELINHO;Pernambuco;Nordeste;-7.93551;-35.88821;12929;1782;13.78;43;25.1;64.6;48.2;0.427;762.0
pe;24171;GAMELEIRA;Pernambuco;Nordeste;-8.58401;-35.38593;14871;3356;22.57;46;29.5;50.1;47.5;0.413;1385.0
pe;24198;GARANHUNS;Pernambuco;Nordeste;-8.88871;-36.4878;99315;18733;18.86;292;27.6;39.8;44.9;0.367;6872.0
pe;24210;GLÓRIA DO GOITÁ;Pernambuco;Nordeste;-8.00794;-35.31413;23472;4196;17.88;66;27.4;52.7;46.9;0.408;1712.0
pe;24236;GOIANA;Pernambuco;Nordeste;-7.58359;-34.96076;67037;10292;15.35;204;26.6;39.0;47.4;0.366;3770.0
pe;24252;GRANITO;Pernambuco;Nordeste;-7.71443;-39.6754;6958;1168;16.79;23;29.3;50.0;50.1;0.419;489.0
pe;24279;GRAVATÁ;Pernambuco;Nordeste;-8.20866;-35.56897;67863;12065;17.78;185;26.2;49.0;46.6;0.391;4723.0
pe;24295;IATI;Pernambuco;Nordeste;-9.08438;-36.86185;16331;4738;29.01;49;27.1;66.0;48.2;0.442;2094.0
pe;24317;IBIMIRIM;Pernambuco;Nordeste;-8.56117;-37.63972;21737;5258;24.19;68;28.8;58.3;48.0;0.432;2273.0
pe;24333;IBIRAJUBA;Pernambuco;Nordeste;-8.59457;-36.21021;6807;1300;19.1;24;26.2;59.5;50.4;0.428;557.0
pe;24350;IGARASSU;Pernambuco;Nordeste;-7.84458;-34.90966;89866;14938;16.62;248;27.6;38.9;46.8;0.369;5511.0
pe;24376;IGUARACY;Pernambuco;Nordeste;-7.83874;-37.46346;9100;1866;20.51;33;22.8;55.5;49.5;0.397;741.0
pe;24511;ILHA DE ITAMARACÁ;Pernambuco;Nordeste;-7.74946;-34.82765;18612;3643;19.57;51;24.7;43.3;48.0;0.372;1353.0
pe;24392;INAJÁ;Pernambuco;Nordeste;-8.86858;-37.81628;15906;3654;22.97;45;32.6;57.7;49.1;0.452;1652.0
pe;24414;INGAZEIRA;Pernambuco;Nordeste;-7.68068;-37.45878;4249;688;16.19;12;26.6;51.4;51.3;0.412;284.0
pe;24430;IPOJUCA;Pernambuco;Nordeste;-8.45055;-35.04974;89076;16362;18.37;264;30.6;43.5;47.8;0.399;6528.0
pe;24457;IPUBI;Pernambuco;Nordeste;-7.58853;-40.19884;24789;6308;25.45;68;30.1;60.5;48.1;0.444;2802.0
pe;24473;ITACURUBA;Pernambuco;Nordeste;-8.72713;-38.68436;4741;945;19.93;17;30.0;40.7;47.9;0.388;367.0
pe;25976;ITAMBÉ;Pernambuco;Nordeste;-7.41359;-35.1401;24464;4802;19.63;77;27.8;55.7;47.3;0.418;2009.0
pe;24538;ITAPETIM;Pernambuco;Nordeste;-7.38449;-37.17353;11940;2317;19.41;38;23.4;55.9;48.0;0.398;921.0
pe;26336;ITAPISSUMA;Pernambuco;Nordeste;-7.76778;-34.90486;21440;3162;14.75;59;29.8;46.4;46.8;0.401;1269.0
pe;24554;ITAQUITINGA;Pernambuco;Nordeste;-7.67058;-35.08949;12828;1999;15.58;39;28.8;49.9;49.3;0.414;827.0
pe;24490;ITAÍBA;Pernambuco;Nordeste;-8.94792;-37.43646;21182;4721;22.29;68;29.5;69.7;48.1;0.462;2182.0
pe;24570;JABOATÃO DOS GUARARAPES;Pernambuco;Nordeste;-8.14199;-34.96061;498555;103443;20.75;1342;25.6;39.7;45.7;0.359;37176.0
pe;23302;JAQUEIRA;Pernambuco;Nordeste;-8.73217;-35.79658;9225;2120;22.98;30;31.6;51.9;48.0;0.429;908.0
pe;24597;JATAÚBA;Pernambuco;Nordeste;-8.03156;-36.52103;15816;3592;22.71;51;29.2;64.8;49.2;0.453;1628.0
pe;23264;JATOBÁ;Pernambuco;Nordeste;-9.18188;-38.24359;11616;2749;23.67;37;26.6;46.5;47.5;0.389;1069.0
pe;24635;JOAQUIM NABUCO;Pernambuco;Nordeste;-8.62786;-35.52717;14094;3011;21.36;44;30.7;51.7;48.2;0.425;1279.0
pe;24619;JOÃO ALFREDO;Pernambuco;Nordeste;-7.8588;-35.58681;24726;5334;21.57;74;26.5;57.3;47.1;0.415;2212.0
pe;23124;JUCATI;Pernambuco;Nordeste;-8.72019;-36.47012;10180;1909;18.75;34;29.5;59.3;48.4;0.439;839.0
pe;24651;JUPI;Pernambuco;Nordeste;-8.70554;-36.41605;13003;1992;15.32;49;28.9;55.8;46.3;0.421;838.0
pe;24678;JUREMA;Pernambuco;Nordeste;-8.73555;-36.15762;12362;2699;21.83;36;29.5;60.3;48.5;0.442;1193.0
pe;24694;LAGOA DE ITAENGA;Pernambuco;Nordeste;-7.92956;-35.29304;18474;3053;16.53;56;26.4;52.6;47.0;0.403;1229.0
pe;23027;LAGOA DO CARRO;Pernambuco;Nordeste;-7.84719;-35.31861;15710;2318;14.75;44;27.4;47.7;47.2;0.395;915.0
pe;24716;LAGOA DO OURO;Pernambuco;Nordeste;-9.1446;-36.45932;12046;2866;23.79;35;27.0;62.6;48.6;0.435;1247.0
pe;24732;LAGOA DOS GATOS;Pernambuco;Nordeste;-8.65475;-35.91093;11190;1950;17.43;41;27.3;59.6;47.4;0.426;830.0
pe;23183;LAGOA GRANDE;Pernambuco;Nordeste;-8.95636;-40.21585;20661;4151;20.09;62;31.4;49.7;48.7;0.424;1758.0
pe;24759;LAJEDO;Pernambuco;Nordeste;-8.66623;-36.31643;32462;6312;19.44;91;28.0;53.7;45.2;0.408;2575.0
pe;24775;LIMOEIRO;Pernambuco;Nordeste;-7.86796;-35.44669;45789;7188;15.7;152;25.2;42.6;45.7;0.366;2632.0
pe;24791;MACAPARANA;Pernambuco;Nordeste;-7.53911;-35.45494;20026;4305;21.5;66;28.2;52.4;47.1;0.411;1771.0
pe;24813;MACHADOS;Pernambuco;Nordeste;-7.68636;-35.51382;11111;2071;18.64;35;30.2;51.2;47.1;0.417;865.0
pe;23248;MANARI;Pernambuco;Nordeste;-8.92912;-37.58001;14245;3620;25.41;45;31.9;63.1;48.1;0.459;1663.0
pe;24830;MARAIAL;Pernambuco;Nordeste;-8.80636;-35.79699;8002;1792;22.39;30;30.0;57.0;48.7;0.437;782.0
pe;24856;MIRANDIBA;Pernambuco;Nordeste;-8.10859;-38.7342;11941;2864;23.98;35;29.4;47.2;48.2;0.406;1162.0
pe;25852;MOREILÂNDIA;Pernambuco;Nordeste;-7.60259;-39.53006;9938;2159;21.72;32;27.4;51.4;49.9;0.413;891.0
pe;24872;MORENO;Pernambuco;Nordeste;-8.11619;-35.1187;48774;8600;17.63;138;26.9;43.0;47.5;0.38;3266.0
pe;24899;NAZARÉ DA MATA;Pernambuco;Nordeste;-7.74374;-35.22792;25649;4434;17.29;75;24.7;40.9;46.1;0.36;1597.0
pe;24910;OLINDA;Pernambuco;Nordeste;-7.99401;-34.8655;301943;45467;15.06;893;25.4;27.8;44.7;0.316;14376.0
pe;24937;OROBÓ;Pernambuco;Nordeste;-7.71802;-35.60584;18326;3457;18.86;62;27.0;50.4;47.7;0.402;1390.0
pe;24953;OROCÓ;Pernambuco;Nordeste;-8.58443;-39.58932;12481;2042;16.36;41;30.4;44.9;48.6;0.405;826.0
pe;24970;OURICURI;Pernambuco;Nordeste;-7.90715;-40.14672;48563;9863;20.31;148;29.2;53.0;47.9;0.42;4142.0
pe;24996;PALMARES;Pernambuco;Nordeste;-8.67759;-35.59582;40845;8584;21.02;128;27.5;42.1;46.1;0.376;3231.0
pe;25011;PALMEIRINA;Pernambuco;Nordeste;-9.00724;-36.3287;6511;1884;28.94;23;24.7;59.0;47.7;0.411;774.0
pe;25038;PANELAS;Pernambuco;Nordeste;-8.664;-36.04026;19612;3652;18.62;75;28.0;57.6;47.5;0.425;1551.0
pe;25054;PARANATAMA;Pernambuco;Nordeste;-8.91885;-36.66494;11943;2096;17.55;49;27.6;58.7;48.0;0.427;894.0
pe;25070;PARNAMIRIM;Pernambuco;Nordeste;-8.10585;-39.70224;18517;3705;20.01;61;27.4;53.7;49.9;0.418;1550.0
pe;25097;PASSIRA;Pernambuco;Nordeste;-7.98673;-35.55538;26110;4873;18.66;79;25.6;54.7;47.7;0.406;1977.0
pe;25119;PAUDALHO;Pernambuco;Nordeste;-7.90348;-35.15752;45812;7101;15.5;142;28.2;47.4;47.7;0.4;2837.0
pe;25135;PAULISTA;Pernambuco;Nordeste;-7.93515;-34.86434;237186;38007;16.02;661;25.1;25.6;44.9;0.307;11658.0
pe;25151;PEDRA;Pernambuco;Nordeste;-8.58426;-36.93518;18714;3535;18.89;64;28.0;56.1;48.9;0.425;1503.0
pe;25178;PESQUEIRA;Pernambuco;Nordeste;-8.36714;-36.70682;52492;12270;23.37;179;25.5;53.9;46.0;0.399;4889.0
pe;25216;PETROLINA;Pernambuco;Nordeste;-9.32094;-40.51948;249120;45231;18.16;730;31.0;33.1;45.7;0.361;16315.0
pe;25194;PETROLÂNDIA;Pernambuco;Nordeste;-8.96512;-38.24095;26448;6444;24.36;87;28.8;44.8;47.3;0.394;2539.0
pe;25259;POMBOS;Pernambuco;Nordeste;-8.14099;-35.39545;20453;3069;15.01;61;27.1;55.1;46.9;0.412;1265.0
pe;25232;POÇÃO;Pernambuco;Nordeste;-8.19806;-36.69575;10334;2382;23.05;31;27.7;61.9;47.1;0.432;1030.0
pe;25275;PRIMAVERA;Pernambuco;Nordeste;-8.34001;-35.35265;11000;2071;18.83;32;28.6;53.1;50.0;0.424;877.0
pe;25291;QUIPAPÁ;Pernambuco;Nordeste;-8.8265;-36.04224;15431;3950;25.6;58;28.9;55.6;47.0;0.423;1670.0
pe;23000;QUIXABA;Pernambuco;Nordeste;-7.71446;-37.85227;6216;1065;17.13;21;27.0;63.1;49.7;0.439;467.0
pe;25313;RECIFE;Pernambuco;Nordeste;-8.06193;-34.91806;1230407;196129;15.94;3481;23.9;25.3;44.6;0.3;58836.0
pe;25330;RIACHO DAS ALMAS;Pernambuco;Nordeste;-8.09702;-35.87849;20962;2731;13.03;66;28.0;62.3;48.5;0.439;1199.0
pe;25356;RIBEIRÃO;Pernambuco;Nordeste;-8.50876;-35.37682;28323;6127;21.63;88;27.5;45.9;46.7;0.389;2385.0
pe;25372;RIO FORMOSO;Pernambuco;Nordeste;-8.65408;-35.188;16933;3558;21.01;54;29.1;50.8;48.4;0.415;1476.0
pe;25399;SAIRÉ;Pernambuco;Nordeste;-8.31539;-35.70528;11278;1661;14.73;41;26.6;58.4;48.7;0.423;702.0
pe;25410;SALGADINHO;Pernambuco;Nordeste;-7.93306;-35.63482;7134;1650;23.13;23;26.2;57.7;47.9;0.417;688.0
pe;25437;SALGUEIRO;Pernambuco;Nordeste;-8.08645;-39.12379;43388;8251;19.02;132;28.1;40.0;46.7;0.374;3089.0
pe;25453;SALOÁ;Pernambuco;Nordeste;-8.98782;-36.71191;13660;3964;29.02;46;24.7;63.6;46.1;0.417;1653.0
pe;25470;SANHARÓ;Pernambuco;Nordeste;-8.36801;-36.55675;16323;3303;20.24;44;28.5;53.8;47.2;0.417;1377.0
pe;23108;SANTA CRUZ;Pernambuco;Nordeste;-8.24792;-40.31985;12838;2169;16.9;37;29.3;58.1;50.2;0.441;956.0
pe;23043;SANTA CRUZ DA BAIXA VERDE;Pernambuco;Nordeste;-7.83507;-38.16185;9916;1799;18.14;27;26.3;50.9;47.7;0.4;719.0
pe;25496;SANTA CRUZ DO CAPIBARIBE;Pernambuco;Nordeste;-7.94768;-36.21593;66108;9022;13.65;186;31.7;49.8;46.5;0.419;3779.0
pe;23329;SANTA FILOMENA;Pernambuco;Nordeste;-8.15245;-40.57593;12092;2270;18.77;35;28.3;60.1;51.4;0.444;1008.0
pe;25518;SANTA MARIA DA BOA VISTA;Pernambuco;Nordeste;-8.70639;-39.83414;30641;5253;17.14;97;30.9;48.1;48.3;0.416;2183.0
pe;25534;SANTA MARIA DO CAMBUCÁ;Pernambuco;Nordeste;-7.83462;-35.88305;11524;2088;18.12;34;29.1;68.3;47.6;0.455;951.0
pe;25550;SANTA TEREZINHA;Pernambuco;Nordeste;-7.38745;-37.47051;8044;1664;20.69;28;27.4;53.4;47.0;0.409;681.0
pe;25771;SERRA TALHADA;Pernambuco;Nordeste;-7.98893;-38.29983;63665;11720;18.41;194;27.3;43.4;46.0;0.379;4445.0
pe;25798;SERRITA;Pernambuco;Nordeste;-7.86776;-39.32745;17061;4243;24.87;51;27.0;52.9;49.6;0.414;1756.0
pe;25810;SERTÂNIA;Pernambuco;Nordeste;-8.13146;-37.31459;27423;6488;23.66;98;25.1;52.0;48.0;0.397;2578.0
pe;25836;SIRINHAÉM;Pernambuco;Nordeste;-8.58649;-35.12834;28560;5955;20.85;86;29.5;50.2;48.7;0.416;2479.0
pe;25879;SOLIDÃO;Pernambuco;Nordeste;-7.59897;-37.65235;5531;1097;19.83;17;28.1;57.1;50.4;0.432;474.0
pe;25895;SURUBIM;Pernambuco;Nordeste;-7.85049;-35.76106;48477;7920;16.34;141;26.7;49.8;45.7;0.393;3115.0
pe;25577;SÃO BENEDITO DO SUL;Pernambuco;Nordeste;-8.80705;-35.92083;7832;1896;24.21;27;29.4;54.7;48.3;0.427;809.0
pe;25593;SÃO BENTO DO UNA;Pernambuco;Nordeste;-8.53166;-36.44109;38192;9188;24.06;113;28.5;57.9;48.6;0.431;3964.0
pe;25615;SÃO CAITANO;Pernambuco;Nordeste;-8.32854;-36.13581;30888;4714;15.26;103;28.7;58.7;47.6;0.431;2033.0
pe;25658;SÃO JOAQUIM DO MONTE;Pernambuco;Nordeste;-8.4627;-35.83663;17631;3181;18.04;58;28.1;61.0;48.3;0.436;1386.0
pe;25674;SÃO JOSÉ DA COROA GRANDE;Pernambuco;Nordeste;-8.88831;-35.148;17746;4377;24.66;53;30.4;46.5;48.0;0.408;1785.0
pe;25690;SÃO JOSÉ DO BELMONTE;Pernambuco;Nordeste;-7.87015;-38.74584;28341;6603;23.3;93;28.3;50.6;49.0;0.412;2722.0
pe;25712;SÃO JOSÉ DO EGITO;Pernambuco;Nordeste;-7.49096;-37.28254;24100;4702;19.51;78;24.8;46.9;46.6;0.378;1779.0
pe;25631;SÃO JOÃO;Pernambuco;Nordeste;-8.87532;-36.3669;18178;3992;21.96;52;29.3;58.3;46.6;0.43;1717.0
pe;25739;SÃO LOURENÇO DA MATA;Pernambuco;Nordeste;-7.99948;-35.04686;83623;13173;15.75;234;27.1;38.2;46.1;0.363;4779.0
pe;25755;SÃO VICENTE FÉRRER;Pernambuco;Nordeste;-7.60163;-35.49297;14551;2842;19.53;43;29.7;60.5;47.5;0.441;1252.0
pe;25917;TABIRA;Pernambuco;Nordeste;-7.58592;-37.53605;21365;4065;19.03;70;27.4;50.9;47.5;0.405;1645.0
pe;25933;TACAIMBÓ;Pernambuco;Nordeste;-8.33842;-36.27944;11013;1930;17.52;40;27.6;62.2;47.7;0.434;838.0
pe;25950;TACARATU;Pernambuco;Nordeste;-9.08806;-38.11233;18225;3825;20.99;57;29.7;49.3;49.3;0.417;1594.0
pe;23280;TAMANDARÉ;Pernambuco;Nordeste;-8.75525;-35.14598;20268;4291;21.17;55;30.2;49.2;47.9;0.415;1779.0
pe;25992;TAQUARITINGA DO NORTE;Pernambuco;Nordeste;-7.9115;-36.09076;22236;3292;14.8;69;27.2;59.8;47.7;0.427;1404.0
pe;26018;TEREZINHA;Pernambuco;Nordeste;-9.05586;-36.62218;6630;1328;20.03;22;27.4;60.6;48.2;0.431;572.0
pe;26034;TERRA NOVA;Pernambuco;Nordeste;-8.18644;-39.37702;8841;1567;17.72;33;27.2;49.6;52.0;0.413;646.0
pe;26050;TIMBAÚBA;Pernambuco;Nordeste;-7.51269;-35.32015;42020;8052;19.16;131;25.8;48.2;46.4;0.386;3111.0
pe;26077;TORITAMA;Pernambuco;Nordeste;-8.00455;-36.05829;35207;5026;14.28;103;32.5;58.6;48.0;0.45;2265.0
pe;26093;TRACUNHAÉM;Pernambuco;Nordeste;-7.79926;-35.22271;12070;2033;16.84;34;26.4;46.2;46.9;0.386;784.0
pe;26115;TRINDADE;Pernambuco;Nordeste;-7.74987;-40.27155;25102;6152;24.51;72;30.8;55.1;47.6;0.432;2658.0
pe;26131;TRIUNFO;Pernambuco;Nordeste;-7.83398;-38.09514;12186;2113;17.34;37;25.4;39.8;46.7;0.361;764.0
pe;26158;TUPANATINGA;Pernambuco;Nordeste;-8.75033;-37.3324;16635;3714;22.33;57;30.6;63.2;48.0;0.453;1682.0
pe;26174;TUPARETAMA;Pernambuco;Nordeste;-7.61885;-37.30117;7990;1509;18.89;32;23.9;52.5;48.2;0.392;592.0
pe;26190;VENTUROSA;Pernambuco;Nordeste;-8.58833;-36.86684;14784;2878;19.47;40;27.7;51.9;47.2;0.408;1174.0
pe;26212;VERDEJANTE;Pernambuco;Nordeste;-7.94429;-38.96891;8411;1614;19.19;29;26.5;49.4;48.8;0.4;645.0
pe;23086;VERTENTE DO LÉRIO;Pernambuco;Nordeste;-7.78479;-35.8238;8292;1438;17.34;25;26.3;59.7;47.9;0.422;607.0
pe;26239;VERTENTES;Pernambuco;Nordeste;-7.88751;-35.97484;16698;2290;13.71;50;26.9;62.7;47.5;0.431;987.0
pe;26255;VICÊNCIA;Pernambuco;Nordeste;-7.65623;-35.32472;22237;4615;20.75;74;28.1;53.6;47.6;0.416;1918.0
pe;26271;VITÓRIA DE SANTO ANTÃO;Pernambuco;Nordeste;-8.11652;-35.29586;103948;16125;15.51;309;26.8;44.1;45.6;0.378;6094.0
pe;23060;XEXÉU;Pernambuco;Nordeste;-8.8174;-35.62438;11213;2638;23.53;35;30.1;52.9;46.5;0.42;1107.0
pe;23078;ÁGUA PRETA;Pernambuco;Nordeste;-8.71154;-35.52553;20198;4551;22.53;64;28.6;49.9;47.2;0.407;1853.0
pe;23094;ÁGUAS BELAS;Pernambuco;Nordeste;-9.11116;-37.1004;35255;9687;27.48;109;29.1;61.8;47.4;0.44;4265.0
pi;12327;ACAUÃ;Piauí;Nordeste;-8.26698;-41.06886;6390;643;10.06;27;28.0;61.0;50.5;0.442;284.0
pi;10014;AGRICOLÂNDIA;Piauí;Nordeste;-5.7957;-42.66685;5547;1074;19.36;22;24.7;51.4;48.2;0.394;423.0
pi;12319;ALAGOINHA DO PIAUÍ;Piauí;Nordeste;-7.00243;-40.93639;6145;818;13.31;26;23.4;67.2;49.8;0.428;350.0
pi;10022;ALEGRETE DO PIAUÍ;Piauí;Nordeste;-7.22763;-40.84254;4534;932;20.56;20;27.6;59.0;49.5;0.432;403.0
pi;10057;ALTO LONGÁ;Piauí;Nordeste;-5.28755;-42.19011;12857;1728;13.44;47;24.2;55.0;50.3;0.406;702.0
pi;10073;ALTOS;Piauí;Nordeste;-5.02916;-42.46737;37002;5118;13.83;134;26.8;46.7;47.9;0.391;2003.0
pi;12084;ALVORADA DO GURGUÉIA;Piauí;Nordeste;-8.46708;-43.93814;4659;837;17.97;18;28.9;52.7;52.2;0.43;360.0
pi;10090;AMARANTE;Piauí;Nordeste;-6.31494;-42.82136;16004;3193;19.95;69;24.4;51.9;48.1;0.393;1256.0
pi;10111;ANGICAL DO PIAUÍ;Piauí;Nordeste;-6.08474;-42.73337;6640;1196;18.01;30;24.9;43.6;47.3;0.372;445.0
pi;10154;ANTÔNIO ALMEIDA;Piauí;Nordeste;-7.21492;-44.20714;3064;565;18.44;14;26.8;48.7;51.1;0.406;229.0
pi;10138;ANÍSIO DE ABREU;Piauí;Nordeste;-9.17907;-43.0368;7166;1105;15.42;29;25.6;59.1;50.1;0.423;467.0
pi;10170;AROAZES;Piauí;Nordeste;-6.11527;-41.81086;5575;1088;19.52;22;23.6;53.1;48.6;0.394;428.0
pi;12734;AROEIRAS DO ITAIM;Piauí;Nordeste;-7.25631;-41.53506;4352;424;9.74;17;26.7;54.1;50.8;0.419;177.0
pi;10197;ARRAIAL;Piauí;Nordeste;-6.65311;-42.54048;4367;707;16.19;18;28.1;52.1;48.8;0.415;293.0
pi;12106;ASSUNÇÃO DO PIAUÍ;Piauí;Nordeste;-5.85256;-41.07281;7632;2200;28.83;32;29.5;67.1;51.1;0.466;1025.0
pi;10219;AVELINO LOPES;Piauí;Nordeste;-10.14259;-43.94902;9563;2042;21.35;35;25.7;58.9;49.8;0.422;863.0
pi;10049;BAIXA GRANDE DO RIBEIRO;Piauí;Nordeste;-7.9938;-45.1601;11444;1779;15.55;40;34.9;50.9;51.6;0.451;802.0
pi;10600;BARRA D'ALCÂNTARA;Piauí;Nordeste;-6.52612;-42.10004;3576;697;19.49;14;25.7;58.1;46.8;0.412;287.0
pi;10235;BARRAS;Piauí;Nordeste;-4.22678;-42.3496;38201;7260;19.0;140;27.8;52.5;49.0;0.415;3011.0
pi;10251;BARREIRAS DO PIAUÍ;Piauí;Nordeste;-9.90434;-45.50895;3633;1016;27.97;17;30.3;56.6;53.0;0.45;457.0
pi;10278;BARRO DURO;Piauí;Nordeste;-5.81377;-42.51445;6411;1279;19.95;25;25.8;51.1;47.5;0.397;508.0
pi;10294;BATALHA;Piauí;Nordeste;-4.02864;-42.05042;22539;5435;24.11;83;26.9;60.5;49.1;0.43;2339.0
pi;10626;BELA VISTA DO PIAUÍ;Piauí;Nordeste;-7.9773;-41.86179;3462;253;7.31;14;27.9;52.8;50.9;0.422;107.0
pi;12335;BELÉM DO PIAUÍ;Piauí;Nordeste;-7.38143;-40.97105;3328;338;10.16;14;27.2;53.6;49.9;0.417;141.0
pi;10316;BENEDITINOS;Piauí;Nordeste;-5.4369;-42.39284;9612;1647;17.13;36;23.7;55.7;49.1;0.402;661.0
pi;10332;BERTOLÍNIA;Piauí;Nordeste;-7.64394;-43.93836;4969;816;16.42;23;27.3;54.5;50.1;0.421;343.0
pi;12122;BETÂNIA DO PIAUÍ;Piauí;Nordeste;-8.12571;-40.77098;5865;807;13.76;24;29.6;63.4;50.4;0.456;368.0
pi;10669;BOA HORA;Piauí;Nordeste;-4.40508;-42.1248;6884;1314;19.09;23;27.3;53.2;50.6;0.419;551.0
pi;10359;BOCAINA;Piauí;Nordeste;-6.92445;-41.32102;5573;785;14.09;23;23.7;47.4;49.1;0.38;299.0
pi;10375;BOM JESUS;Piauí;Nordeste;-9.09157;-44.3923;19900;3110;15.63;77;30.0;44.0;47.7;0.398;1237.0
pi;10065;BOM PRINCÍPIO DO PIAUÍ;Piauí;Nordeste;-3.19026;-41.62081;6778;1001;14.77;26;28.8;64.6;50.8;0.456;456.0
pi;10081;BONFIM DO PIAUÍ;Piauí;Nordeste;-9.17298;-42.8803;4967;800;16.11;21;26.1;66.1;50.2;0.442;354.0
pi;12149;BOQUEIRÃO DO PIAUÍ;Piauí;Nordeste;-4.5202;-42.10607;6086;1324;21.75;23;25.3;58.4;49.7;0.419;554.0
pi;10006;BRASILEIRA;Piauí;Nordeste;-4.13103;-41.74829;8739;1966;22.5;33;25.9;57.5;50.7;0.423;831.0
pi;10642;BREJO DO PIAUÍ;Piauí;Nordeste;-8.20701;-42.83705;3894;741;19.03;13;25.8;64.6;49.9;0.436;323.0
pi;10391;BURITI DOS LOPES;Piauí;Nordeste;-3.19152;-41.87305;17653;2788;15.79;71;28.2;56.6;49.2;0.428;1193.0
pi;10103;BURITI DOS MONTES;Piauí;Nordeste;-5.25388;-41.12648;6972;950;13.63;30;29.0;58.4;51.7;0.444;422.0
pi;10120;CABECEIRAS DO PIAUÍ;Piauí;Nordeste;-4.44788;-42.31726;9837;2115;21.5;36;26.0;52.7;50.0;0.409;865.0
pi;12343;CAJAZEIRAS DO PIAUÍ;Piauí;Nordeste;-6.79253;-42.41977;3662;715;19.52;18;27.5;52.8;51.2;0.421;301.0
pi;12572;CAJUEIRO DA PRAIA;Piauí;Nordeste;-2.95708;-41.36572;7643;1177;15.4;31;28.4;59.7;50.7;0.442;520.0
pi;10146;CALDEIRÃO GRANDE DO PIAUÍ;Piauí;Nordeste;-7.3419;-40.64315;5176;746;14.41;21;28.9;56.2;50.9;0.435;325.0
pi;10413;CAMPINAS DO PIAUÍ;Piauí;Nordeste;-7.66317;-41.85349;5376;1139;21.19;23;24.9;67.0;50.8;0.44;501.0
pi;12351;CAMPO ALEGRE DO FIDALGO;Piauí;Nordeste;-8.32096;-41.81753;4536;554;12.21;19;26.5;67.1;51.7;0.451;250.0
pi;10723;CAMPO GRANDE DO PIAUÍ;Piauí;Nordeste;-7.15873;-41.05623;5304;839;15.82;23;28.1;55.1;49.6;0.425;357.0
pi;10740;CAMPO LARGO DO PIAUÍ;Piauí;Nordeste;-3.832;-42.60218;5863;1164;19.85;23;31.1;55.5;49.8;0.442;514.0
pi;10430;CAMPO MAIOR;Piauí;Nordeste;-4.83011;-42.16034;35864;5457;15.22;146;24.2;43.8;46.9;0.368;2007.0
pi;10162;CANAVIEIRA;Piauí;Nordeste;-7.63249;-43.68306;3447;723;20.97;15;25.3;58.5;52.8;0.428;309.0
pi;10456;CANTO DO BURITI;Piauí;Nordeste;-8.12003;-42.97587;16253;3587;22.07;64;25.4;56.2;49.7;0.414;1485.0
pi;10472;CAPITÃO DE CAMPOS;Piauí;Nordeste;-4.47437;-41.94239;10509;2112;20.1;43;26.4;55.2;48.7;0.414;875.0
pi;10707;CAPITÃO GERVÁSIO OLIVEIRA;Piauí;Nordeste;-8.53305;-41.87859;4054;552;13.62;17;26.1;60.3;52.0;0.434;240.0
pi;10499;CARACOL;Piauí;Nordeste;-9.28578;-43.31668;8414;1497;17.79;36;28.7;64.1;50.4;0.453;678.0
pi;12670;CARAÚBAS DO PIAUÍ;Piauí;Nordeste;-3.53231;-41.82809;5366;924;17.22;22;28.2;68.0;51.0;0.461;426.0
pi;12165;CARIDADE DO PIAUÍ;Piauí;Nordeste;-7.71914;-40.94754;5023;774;15.41;19;30.0;59.2;51.3;0.45;348.0
pi;10510;CASTELO DO PIAUÍ;Piauí;Nordeste;-5.3234;-41.58234;16956;3973;23.43;75;25.4;58.2;48.4;0.415;1651.0
pi;12688;CAXINGÓ;Piauí;Nordeste;-3.3934;-41.88057;5777;795;13.76;24;30.4;65.9;51.0;0.468;372.0
pi;10537;COCAL;Piauí;Nordeste;-3.45953;-41.51212;23420;3755;16.03;92;29.5;64.8;49.7;0.456;1714.0
pi;12360;COCAL DE TELHA;Piauí;Nordeste;-4.56424;-41.97555;4645;1056;22.73;18;24.6;60.7;48.6;0.417;441.0
pi;12696;COCAL DOS ALVES;Piauí;Nordeste;-3.59562;-41.46189;5586;972;17.4;23;29.8;71.2;49.5;0.472;459.0
pi;10189;COIVARAS;Piauí;Nordeste;-5.08324;-42.2434;5672;624;11.0;23;26.0;49.3;50.6;0.402;251.0
pi;10200;COLÔNIA DO GURGUÉIA;Piauí;Nordeste;-8.1657;-43.78224;5574;1133;20.33;20;27.2;46.0;49.8;0.396;449.0
pi;10227;COLÔNIA DO PIAUÍ;Piauí;Nordeste;-7.24952;-42.1864;6180;1377;22.28;28;25.0;59.1;49.0;0.417;574.0
pi;10553;CONCEIÇÃO DO CANINDÉ;Piauí;Nordeste;-7.92155;-41.56919;5002;790;15.79;21;26.6;57.3;49.7;0.423;334.0
pi;10243;CORONEL JOSÉ DIAS;Piauí;Nordeste;-8.99511;-42.34799;5395;716;13.27;24;27.0;57.4;52.1;0.432;309.0
pi;10570;CORRENTE;Piauí;Nordeste;-10.43138;-45.15395;21194;4351;20.53;87;28.7;57.1;49.4;0.433;1882.0
pi;10596;CRISTALÂNDIA DO PIAUÍ;Piauí;Nordeste;-10.67323;-45.16562;6237;1342;21.52;25;27.9;56.8;53.0;0.438;588.0
pi;10618;CRISTINO CASTRO;Piauí;Nordeste;-8.80416;-44.15797;8594;1481;17.23;33;28.5;56.0;49.8;0.43;637.0
pi;10634;CURIMATÁ;Piauí;Nordeste;-10.02243;-44.28648;9386;1726;18.39;41;27.8;49.8;49.9;0.41;708.0
pi;10766;CURRAIS;Piauí;Nordeste;-8.89313;-44.50611;6287;893;14.2;25;28.5;58.0;53.7;0.446;398.0
pi;12181;CURRAL NOVO DO PIAUÍ;Piauí;Nordeste;-7.8764;-40.81198;5409;750;13.87;20;32.2;61.3;51.8;0.468;351.0
pi;12580;CURRALINHOS;Piauí;Nordeste;-5.60611;-42.84043;5297;781;14.74;21;27.1;47.8;50.4;0.403;315.0
pi;10650;DEMERVAL LOBÃO;Piauí;Nordeste;-5.35388;-42.6728;13788;1905;13.82;53;26.8;44.4;47.5;0.384;731.0
pi;12297;DIRCEU ARCOVERDE;Piauí;Nordeste;-9.33081;-42.45472;6674;1152;17.26;23;27.6;61.3;51.6;0.443;511.0
pi;10677;DOM EXPEDITO LOPES;Piauí;Nordeste;-6.96317;-41.67118;6542;779;11.91;26;24.7;52.5;48.6;0.398;310.0
pi;10685;DOM INOCÊNCIO;Piauí;Nordeste;-8.90374;-41.90843;7564;1099;14.53;32;24.3;60.0;52.2;0.424;466.0
pi;11410;DOMINGOS MOURÃO;Piauí;Nordeste;-4.2457;-41.31693;4268;830;19.45;19;27.2;61.9;51.1;0.442;367.0
pi;10693;ELESBÃO VELOSO;Piauí;Nordeste;-6.20306;-42.14646;13416;2785;20.76;56;22.4;55.6;47.7;0.39;1087.0
pi;10715;ELISEU MARTINS;Piauí;Nordeste;-8.07595;-43.66487;4015;925;23.04;22;23.7;49.8;51.5;0.393;364.0
pi;10731;ESPERANTINA;Piauí;Nordeste;-3.86587;-42.21751;32709;6902;21.1;121;27.4;55.0;48.3;0.417;2881.0
pi;10260;FARTURA DO PIAUÍ;Piauí;Nordeste;-9.47586;-42.78729;4753;816;17.17;19;28.0;64.1;51.3;0.452;369.0
pi;10758;FLORES DO PIAUÍ;Piauí;Nordeste;-7.76279;-42.9068;4318;1032;23.9;19;24.0;62.5;49.9;0.421;435.0
pi;12637;FLORESTA DO PIAUÍ;Piauí;Nordeste;-7.48067;-41.80112;2599;549;21.12;10;22.7;63.9;50.3;0.418;229.0
pi;10774;FLORIANO;Piauí;Nordeste;-6.79417;-43.01836;44933;8236;18.33;186;25.3;36.9;45.7;0.35;2880.0
pi;10790;FRANCINÓPOLIS;Piauí;Nordeste;-6.39917;-42.262;4556;880;19.32;19;24.2;62.8;47.8;0.417;367.0
pi;10812;FRANCISCO AYRES;Piauí;Nordeste;-6.65199;-42.69643;5168;1161;22.47;21;25.7;53.1;50.8;0.411;477.0
pi;12378;FRANCISCO MACEDO;Piauí;Nordeste;-7.32832;-40.79243;2841;407;14.33;11;25.8;60.6;48.8;0.424;173.0
pi;10839;FRANCISCO SANTOS;Piauí;Nordeste;-7.00814;-41.13824;7087;1209;17.06;30;23.7;56.1;49.7;0.404;489.0
pi;10855;FRONTEIRAS;Piauí;Nordeste;-7.08021;-40.59965;9541;1708;17.9;39;25.1;54.5;49.3;0.407;695.0
pi;10782;GEMINIANO;Piauí;Nordeste;-7.18185;-41.3269;6469;781;12.07;25;26.4;58.8;49.5;0.425;332.0
pi;10871;GILBUÉS;Piauí;Nordeste;-9.80671;-45.34123;8660;1687;19.48;39;29.5;59.8;50.7;0.447;754.0
pi;10898;GUADALUPE;Piauí;Nordeste;-6.78864;-43.5694;8682;2217;25.54;33;25.9;48.4;48.6;0.394;873.0
pi;10804;GUARIBAS;Piauí;Nordeste;-9.34486;-43.66793;4478;1060;23.67;17;33.5;60.0;51.4;0.47;498.0
pi;10910;HUGO NAPOLEÃO;Piauí;Nordeste;-5.98947;-42.55786;4428;805;18.18;15;26.1;45.6;49.2;0.388;313.0
pi;10820;ILHA GRANDE;Piauí;Nordeste;-2.85041;-41.81047;9354;1474;15.76;37;29.5;52.7;50.8;0.429;633.0
pi;10936;INHUMA;Piauí;Nordeste;-6.67148;-41.69612;13109;2474;18.87;48;24.6;50.5;48.7;0.392;971.0
pi;10952;IPIRANGA DO PIAUÍ;Piauí;Nordeste;-6.8236;-41.76818;7746;1255;16.2;32;25.3;50.6;47.4;0.393;494.0
pi;10979;ISAÍAS COELHO;Piauí;Nordeste;-7.70881;-41.64742;6463;1104;17.08;24;26.5;61.0;49.4;0.431;476.0
pi;10995;ITAINÓPOLIS;Piauí;Nordeste;-7.40669;-41.47558;9605;1595;16.61;40;22.9;60.2;49.3;0.408;651.0
pi;11010;ITAUEIRA;Piauí;Nordeste;-7.59995;-43.02785;9279;2065;22.25;36;23.2;59.6;50.1;0.411;848.0
pi;10286;JACOBINA DO PIAUÍ;Piauí;Nordeste;-7.91564;-41.23794;5231;467;8.93;23;25.5;62.3;49.1;0.427;200.0
pi;11037;JAICÓS;Piauí;Nordeste;-7.38459;-41.1765;14188;3216;22.67;57;27.0;62.3;48.4;0.433;1393.0
pi;10308;JARDIM DO MULATO;Piauí;Nordeste;-6.12657;-42.59309;4530;704;15.54;19;25.5;49.4;49.7;0.397;279.0
pi;12394;JATOBÁ DO PIAUÍ;Piauí;Nordeste;-4.8054;-41.90017;6898;1033;14.98;30;24.5;56.9;51.6;0.416;430.0
pi;11053;JERUMENHA;Piauí;Nordeste;-7.10676;-43.5424;4814;949;19.71;22;27.1;58.8;51.2;0.434;411.0
pi;11070;JOAQUIM PIRES;Piauí;Nordeste;-3.52861;-42.12975;11817;2374;20.09;47;29.6;64.1;50.5;0.458;1087.0
pi;12408;JOCA MARQUES;Piauí;Nordeste;-3.53719;-42.4367;5603;970;17.31;22;28.6;62.5;50.1;0.447;434.0
pi;11096;JOSÉ DE FREITAS;Piauí;Nordeste;-4.75367;-42.56669;35332;4847;13.72;130;26.9;49.2;49.0;0.402;1948.0
pi;12386;JOÃO COSTA;Piauí;Nordeste;-8.50544;-42.43277;3918;690;17.61;16;23.9;57.0;53.1;0.416;287.0
pi;12416;JUAZEIRO DO PIAUÍ;Piauí;Nordeste;-5.0257;-41.63075;5440;783;14.39;25;27.4;59.6;50.7;0.436;341.0
pi;10847;JUREMA;Piauí;Nordeste;-9.23612;-43.12992;5184;974;18.79;21;27.0;64.5;53.2;0.453;441.0
pi;12203;JÚLIO BORGES;Piauí;Nordeste;-10.39383;-44.19767;5222;1236;23.67;22;28.0;50.5;53.1;0.422;521.0
pi;10324;LAGOA ALEGRE;Piauí;Nordeste;-4.49788;-42.59841;8599;1238;14.4;31;29.5;54.8;50.5;0.434;537.0
pi;10863;LAGOA DE SÃO FRANCISCO;Piauí;Nordeste;-4.37518;-41.5907;6040;1338;22.15;24;28.9;63.6;50.0;0.451;604.0
pi;10340;LAGOA DO BARRO DO PIAUÍ;Piauí;Nordeste;-8.54086;-41.55162;4646;668;14.38;20;28.7;60.0;52.4;0.449;300.0
pi;12424;LAGOA DO PIAUÍ;Piauí;Nordeste;-5.42101;-42.64347;5239;659;12.58;18;25.9;50.9;50.8;0.406;267.0
pi;12220;LAGOA DO SÍTIO;Piauí;Nordeste;-6.52295;-41.51373;4865;809;16.63;19;24.6;59.1;50.6;0.419;339.0
pi;12432;LAGOINHA DO PIAUÍ;Piauí;Nordeste;-5.82859;-42.63072;3244;685;21.12;12;25.2;51.8;49.1;0.4;274.0
pi;11118;LANDRI SALES;Piauí;Nordeste;-7.27156;-43.93045;5122;1165;22.75;23;23.5;55.7;48.7;0.399;465.0
pi;11134;LUIS CORREIA;Piauí;Nordeste;-3.00943;-41.54108;27367;4769;17.43;105;27.6;58.7;49.9;0.432;2062.0
pi;11150;LUZILÂNDIA;Piauí;Nordeste;-3.52453;-42.36742;20147;3990;19.8;77;25.8;60.5;49.1;0.425;1693.0
pi;12440;MADEIRO;Piauí;Nordeste;-3.5266;-42.51688;6714;1481;22.06;27;29.5;54.4;49.8;0.431;638.0
pi;11177;MANOEL EMÍDIO;Piauí;Nordeste;-8.04862;-43.87165;4913;849;17.28;19;25.8;53.0;51.1;0.412;350.0
pi;10367;MARCOLÂNDIA;Piauí;Nordeste;-7.44132;-40.6723;8736;1245;14.25;32;32.3;56.4;48.3;0.445;554.0
pi;11193;MARCOS PARENTE;Piauí;Nordeste;-7.10962;-43.89809;4326;840;19.42;16;24.5;52.1;49.3;0.398;334.0
pi;12467;MASSAPÊ DO PIAUÍ;Piauí;Nordeste;-7.5149;-41.11449;6452;1406;21.79;27;26.6;64.6;50.4;0.442;622.0
pi;11215;MATIAS OLÍMPIO;Piauí;Nordeste;-3.70915;-42.56211;9161;2015;22.0;38;27.5;58.3;49.2;0.429;865.0
pi;11231;MIGUEL ALVES;Piauí;Nordeste;-4.23048;-42.82556;27719;6412;23.13;105;29.8;61.8;49.6;0.45;2886.0
pi;11258;MIGUEL LEÃO;Piauí;Nordeste;-5.68063;-42.73817;1890;260;13.76;7;30.4;46.1;51.4;0.416;108.0
pi;12246;MILTON BRANDÃO;Piauí;Nordeste;-4.68634;-41.46498;7087;1770;24.98;28;27.3;71.2;52.6;0.468;828.0
pi;11274;MONSENHOR GIL;Piauí;Nordeste;-5.58804;-42.62486;10476;1560;14.89;41;24.5;47.3;47.8;0.381;594.0
pi;11290;MONSENHOR HIPÓLITO;Piauí;Nordeste;-6.95962;-41.02656;7493;1135;15.15;27;25.4;60.4;49.6;0.424;481.0
pi;11312;MONTE ALEGRE DO PIAUÍ;Piauí;Nordeste;-9.66912;-45.17162;9415;2008;21.33;40;29.7;53.6;51.7;0.435;874.0
pi;10880;MORRO CABEÇA NO TEMPO;Piauí;Nordeste;-9.81222;-43.91048;4202;819;19.49;18;29.6;60.7;54.6;0.461;378.0
pi;12459;MORRO DO CHAPÉU DO PIAUÍ;Piauí;Nordeste;-3.73489;-42.30253;5871;1153;19.64;22;29.0;61.7;49.9;0.447;516.0
pi;12475;MURICI DOS PORTELAS;Piauí;Nordeste;-3.3405;-42.04841;6070;1149;18.93;24;28.2;65.4;50.3;0.453;520.0
pi;11339;NAZARÉ DO PIAUÍ;Piauí;Nordeste;-6.98064;-42.68438;6697;1299;19.4;31;25.3;52.6;49.9;0.405;526.0
pi;12726;NAZÁRIA;Piauí;Nordeste;-5.4013;-42.84773;11555;1728;14.95;45;25.4;46.6;49.8;0.389;673.0
pi;10928;NOSSA SENHORA DE NAZARÉ;Piauí;Nordeste;-4.63674;-42.16063;6117;863;14.11;24;23.9;52.8;50.9;0.4;346.0
pi;11355;NOSSA SENHORA DOS REMÉDIOS;Piauí;Nordeste;-4.00049;-42.61562;8627;1470;17.04;30;30.7;56.8;50.1;0.444;653.0
pi;10960;NOVA SANTA RITA;Piauí;Nordeste;-8.11682;-42.0321;4142;613;14.8;17;27.9;56.2;52.0;0.433;266.0
pi;11371;NOVO ORIENTE DO PIAUÍ;Piauí;Nordeste;-6.46361;-41.94755;5158;973;18.86;23;23.9;61.3;49.7;0.418;406.0
pi;10901;NOVO SANTO ANTÔNIO;Piauí;Nordeste;-5.27222;-41.93119;4732;753;15.91;19;25.9;56.0;50.6;0.419;315.0
pi;11398;OEIRAS;Piauí;Nordeste;-6.99926;-42.15259;31021;5602;18.06;131;26.0;47.4;47.6;0.389;2178.0
pi;12483;OLHO D'ÁGUA DO PIAUÍ;Piauí;Nordeste;-5.86967;-42.56573;2708;484;17.87;10;25.2;50.2;49.9;0.398;193.0
pi;11436;PADRE MARCOS;Piauí;Nordeste;-7.37274;-40.90141;6038;1058;17.52;24;25.2;60.6;48.3;0.419;444.0
pi;11452;PAES LANDIM;Piauí;Nordeste;-7.78549;-42.25081;4499;961;21.36;15;28.3;49.6;51.1;0.416;399.0
pi;12262;PAJEÚ DO PIAUÍ;Piauí;Nordeste;-7.86893;-42.83425;3407;735;21.57;13;24.6;57.7;52.6;0.421;309.0
pi;11479;PALMEIRA DO PIAUÍ;Piauí;Nordeste;-8.66263;-44.32959;4922;791;16.07;19;29.0;58.7;52.1;0.446;353.0
pi;11495;PALMEIRAIS;Piauí;Nordeste;-5.8379;-43.03959;13336;2364;17.73;52;27.1;57.2;49.0;0.424;1001.0
pi;10944;PAQUETÁ;Piauí;Nordeste;-7.08338;-41.68327;4173;501;12.01;18;25.4;60.0;50.3;0.425;213.0
pi;11517;PARNAGUÁ;Piauí;Nordeste;-10.25197;-44.63077;7624;1640;21.51;32;29.3;55.8;51.8;0.439;720.0
pi;11533;PARNAÍBA;Piauí;Nordeste;-2.92032;-41.76018;118423;18501;15.62;435;26.8;39.2;46.5;0.366;6762.0
pi;10405;PASSAGEM FRANCA DO PIAUÍ;Piauí;Nordeste;-5.84678;-42.42776;4164;1084;26.03;15;29.6;58.4;48.0;0.436;473.0
pi;10383;PATOS DO PIAUÍ;Piauí;Nordeste;-7.68852;-41.28919;5568;955;17.15;24;23.9;65.2;50.3;0.428;409.0
pi;12718;PAU D'ARCO DO PIAUÍ;Piauí;Nordeste;-5.24651;-42.45187;5401;690;12.78;21;27.5;53.4;52.9;0.427;295.0
pi;11550;PAULISTANA;Piauí;Nordeste;-8.11093;-41.12762;17052;2612;15.32;67;28.1;57.7;47.8;0.426;1113.0
pi;12289;PAVUSSU;Piauí;Nordeste;-7.96542;-43.22487;3909;811;20.75;15;26.1;64.8;52.7;0.447;362.0
pi;11576;PEDRO II;Piauí;Nordeste;-4.44231;-41.45201;35312;8245;23.35;133;26.6;61.0;48.8;0.429;3541.0
pi;12491;PEDRO LAURENTINO;Piauí;Nordeste;-8.09972;-42.26948;3276;490;14.96;13;26.9;50.8;51.9;0.414;203.0
pi;11592;PICOS;Piauí;Nordeste;-7.07729;-41.47481;54212;6905;12.74;231;25.8;44.4;47.1;0.378;2610.0
pi;11614;PIMENTEIRAS;Piauí;Nordeste;-6.29396;-41.28019;9384;1841;19.62;42;25.8;58.5;49.8;0.422;777.0
pi;11630;PIO IX;Piauí;Nordeste;-6.81875;-40.65979;15109;2402;15.9;57;27.8;57.7;49.2;0.429;1030.0
pi;11657;PIRACURUCA;Piauí;Nordeste;-3.91005;-41.69495;25821;4799;18.59;100;27.6;54.6;48.5;0.418;2007.0
pi;11673;PIRIPIRI;Piauí;Nordeste;-4.29354;-41.77364;53170;12449;23.41;212;26.2;49.9;47.7;0.397;4935.0
pi;11690;PORTO;Piauí;Nordeste;-3.89163;-42.71209;10000;2175;21.75;34;32.2;55.4;49.1;0.444;966.0
pi;12599;PORTO ALEGRE DO PIAUÍ;Piauí;Nordeste;-6.97203;-44.14155;2106;357;16.95;8;27.9;54.4;51.0;0.426;152.0
pi;11711;PRATA DO PIAUÍ;Piauí;Nordeste;-5.66848;-42.20373;3706;703;18.97;13;26.9;55.0;50.6;0.421;296.0
pi;10421;QUEIMADA NOVA;Piauí;Nordeste;-8.53344;-41.37473;7227;1231;17.03;28;28.5;61.3;51.0;0.447;550.0
pi;11738;REDENÇÃO DO GURGUÉIA;Piauí;Nordeste;-9.4897;-44.58019;7001;1289;18.41;28;28.9;53.3;50.3;0.427;550.0
pi;11754;REGENERAÇÃO;Piauí;Nordeste;-6.26938;-42.62621;14520;3184;21.93;61;24.7;56.0;47.1;0.403;1282.0
pi;12300;RIACHO FRIO;Piauí;Nordeste;-10.082;-44.91027;4492;835;18.59;19;26.5;59.2;53.6;0.438;366.0
pi;12602;RIBEIRA DO PIAUÍ;Piauí;Nordeste;-7.8247;-42.66004;3891;723;18.58;16;26.1;54.9;50.6;0.417;301.0
pi;11770;RIBEIRO GONÇALVES;Piauí;Nordeste;-7.70038;-45.30918;5577;969;17.37;22;27.7;51.4;51.2;0.418;404.0
pi;11797;RIO GRANDE DO PIAUÍ;Piauí;Nordeste;-7.77563;-43.1388;5426;1026;18.91;23;22.8;60.9;50.3;0.412;423.0
pi;11819;SANTA CRUZ DO PIAUÍ;Piauí;Nordeste;-7.18199;-41.76287;5902;710;12.03;26;24.8;49.8;48.7;0.392;278.0
pi;10448;SANTA CRUZ DOS MILAGRES;Piauí;Nordeste;-5.80264;-41.95708;3971;713;17.96;14;24.9;49.6;49.4;0.394;281.0
pi;11835;SANTA FILOMENA;Piauí;Nordeste;-9.02949;-45.78608;5554;1049;18.89;23;30.7;56.9;52.3;0.45;472.0
pi;11851;SANTA LUZ;Piauí;Nordeste;-8.94909;-44.17827;5273;758;14.38;20;27.6;53.7;53.2;0.429;325.0
pi;10464;SANTA ROSA DO PIAUÍ;Piauí;Nordeste;-6.80805;-42.26231;4981;1108;22.24;21;26.0;54.7;49.1;0.412;456.0
pi;10480;SANTANA DO PIAUÍ;Piauí;Nordeste;-6.94663;-41.49196;4214;570;13.53;18;24.3;57.6;48.1;0.407;232.0
pi;11878;SANTO ANTÔNIO DE LISBOA;Piauí;Nordeste;-6.98499;-41.22787;6371;900;14.13;24;27.2;54.7;49.1;0.418;376.0
pi;12653;SANTO ANTÔNIO DOS MILAGRES;Piauí;Nordeste;-6.04697;-42.7094;1955;328;16.78;8;27.3;39.2;49.1;0.375;123.0
pi;11894;SANTO INÁCIO DO PIAUÍ;Piauí;Nordeste;-7.42945;-41.90749;3644;552;15.15;15;24.6;54.7;50.3;0.407;225.0
pi;12041;SEBASTIÃO BARROS;Piauí;Nordeste;-10.81241;-44.84426;4633;816;17.61;20;26.5;67.6;53.1;0.456;372.0
pi;12068;SEBASTIÃO LEAL;Piauí;Nordeste;-7.49506;-44.07447;4234;483;11.41;16;26.0;58.4;52.5;0.43;208.0
pi;10545;SIGEFREDO PACHECO;Piauí;Nordeste;-4.95942;-41.7773;9278;1256;13.54;38;26.2;58.4;51.7;0.43;540.0
pi;12157;SIMPLÍCIO MENDES;Piauí;Nordeste;-7.84506;-41.95729;10329;1542;14.93;43;25.4;49.9;49.5;0.398;613.0
pi;12130;SIMÕES;Piauí;Nordeste;-7.62786;-40.78284;12484;2254;18.06;52;28.9;57.4;50.6;0.438;987.0
pi;12173;SOCORRO DO PIAUÍ;Piauí;Nordeste;-7.86806;-42.48694;4300;888;20.65;16;26.4;52.8;50.0;0.412;366.0
pi;12513;SUSSUAPARA;Piauí;Nordeste;-7.01009;-41.39504;6735;848;12.59;25;24.5;55.3;48.7;0.404;343.0
pi;10502;SÃO BRAZ DO PIAUÍ;Piauí;Nordeste;-9.0658;-42.97314;4155;685;16.49;17;25.4;61.2;50.9;0.429;294.0
pi;12505;SÃO FRANCISCO DE ASSIS DO PIAUÍ;Piauí;Nordeste;-8.18367;-41.61812;4780;602;12.59;21;28.4;65.1;51.0;0.455;274.0
pi;11932;SÃO FRANCISCO DO PIAUÍ;Piauí;Nordeste;-7.18448;-42.51519;6210;1453;23.4;27;25.5;58.0;50.9;0.422;613.0
pi;11916;SÃO FÉLIX DO PIAUÍ;Piauí;Nordeste;-5.93741;-42.12566;3968;703;17.72;15;22.4;39.5;49.2;0.352;247.0
pi;12610;SÃO GONÇALO DO GURGUÉIA;Piauí;Nordeste;-10.01955;-45.26428;2882;612;21.24;12;31.6;51.8;51.8;0.439;269.0
pi;11959;SÃO GONÇALO DO PIAUÍ;Piauí;Nordeste;-5.99291;-42.68874;5172;832;16.09;21;28.7;39.6;48.2;0.38;316.0
pi;10529;SÃO JOSÉ DO DIVINO;Piauí;Nordeste;-3.78505;-41.86827;5071;757;14.93;21;27.7;58.7;51.2;0.437;331.0
pi;12017;SÃO JOSÉ DO PEIXE;Piauí;Nordeste;-7.46034;-42.59828;3371;814;24.15;15;24.2;57.2;50.6;0.412;336.0
pi;12033;SÃO JOSÉ DO PIAUÍ;Piauí;Nordeste;-6.84469;-41.47988;6004;1142;19.02;27;24.8;64.8;48.9;0.428;489.0
pi;11088;SÃO JOÃO DA CANABRAVA;Piauí;Nordeste;-6.75614;-41.36773;4502;797;17.7;19;25.1;57.3;48.3;0.411;328.0
pi;12009;SÃO JOÃO DA FRONTEIRA;Piauí;Nordeste;-3.97862;-41.28626;5375;961;17.88;21;29.7;63.2;50.5;0.456;438.0
pi;11975;SÃO JOÃO DA SERRA;Piauí;Nordeste;-5.51501;-41.88923;6905;1205;17.45;28;24.2;56.3;49.6;0.407;491.0
pi;12025;SÃO JOÃO DA VARJOTA;Piauí;Nordeste;-6.91902;-41.89644;4131;708;17.14;19;24.4;57.9;48.5;0.409;290.0
pi;10987;SÃO JOÃO DO ARRAIAL;Piauí;Nordeste;-3.81306;-42.4489;7625;1301;17.06;33;29.0;61.0;49.6;0.444;578.0
pi;11991;SÃO JOÃO DO PIAUÍ;Piauí;Nordeste;-8.33101;-42.2474;15077;2552;16.93;61;27.9;45.2;48.0;0.393;1002.0
pi;12050;SÃO JULIÃO;Piauí;Nordeste;-7.09129;-40.83346;5605;868;15.49;23;26.1;54.1;49.2;0.411;357.0
pi;10561;SÃO LOURENÇO DO PIAUÍ;Piauí;Nordeste;-9.16946;-42.53031;4860;737;15.16;18;24.8;56.6;51.8;0.418;308.0
pi;12629;SÃO LUIS DO PIAUÍ;Piauí;Nordeste;-6.79119;-41.30381;3574;716;20.03;13;29.0;54.5;51.0;0.432;309.0
pi;12661;SÃO MIGUEL DA BAIXA GRANDE;Piauí;Nordeste;-5.857;-42.19276;2835;585;20.63;11;24.7;52.3;51.5;0.405;237.0
pi;12700;SÃO MIGUEL DO FIDALGO;Piauí;Nordeste;-7.59874;-42.36289;3027;648;21.41;13;26.2;60.1;51.0;0.432;280.0
pi;12076;SÃO MIGUEL DO TAPUIO;Piauí;Nordeste;-5.59104;-41.34114;15612;3870;24.79;67;24.6;64.0;49.2;0.426;1650.0
pi;12092;SÃO PEDRO DO PIAUÍ;Piauí;Nordeste;-5.87721;-42.73908;11541;1942;16.83;46;27.8;52.6;48.7;0.414;805.0
pi;12114;SÃO RAIMUNDO NONATO;Piauí;Nordeste;-9.04459;-42.71868;27458;4119;15.0;106;27.1;47.7;47.9;0.395;1629.0
pi;12530;TAMBORIL DO PIAUÍ;Piauí;Nordeste;-8.39967;-42.91062;2989;525;17.56;10;28.4;60.2;52.5;0.448;235.0
pi;12521;TANQUE DO PIAUÍ;Piauí;Nordeste;-6.61931;-42.25051;2725;425;15.6;12;26.2;53.3;47.7;0.406;172.0
pi;12190;TERESINA;Piauí;Nordeste;-5.0863;-42.78233;592974;88646;14.95;1843;25.7;27.3;45.1;0.316;28029.0
pi;12211;UNIÃO;Piauí;Nordeste;-4.5954;-42.84511;38750;6024;15.55;154;28.3;50.8;49.2;0.414;2492.0
pi;12238;URUÇUÍ;Piauí;Nordeste;-7.40318;-44.56259;18909;3029;16.02;73;29.2;46.7;48.3;0.404;1224.0
pi;12254;VALENÇA DO PIAUÍ;Piauí;Nordeste;-6.4012;-41.75871;17671;3039;17.2;67;23.6;46.4;46.1;0.369;1123.0
pi;12556;VERA MENDES;Piauí;Nordeste;-7.60034;-41.49337;3670;649;17.68;14;25.1;62.8;49.6;0.428;277.0
pi;12548;VILA NOVA DO PIAUÍ;Piauí;Nordeste;-7.17625;-40.94279;3001;307;10.23;12;24.9;55.3;50.3;0.411;126.0
pi;10588;VÁRZEA BRANCA;Piauí;Nordeste;-9.28524;-42.93551;4694;749;15.96;19;29.2;66.0;51.1;0.461;346.0
pi;12270;VÁRZEA GRANDE;Piauí;Nordeste;-6.55099;-42.22845;4174;931;22.3;21;24.7;53.5;47.5;0.398;370.0
pi;12564;WALL FERRAZ;Piauí;Nordeste;-7.25578;-41.86889;4305;477;11.08;17;26.9;55.4;50.3;0.422;201.0
pi;10030;ÁGUA BRANCA;Piauí;Nordeste;-5.89527;-42.63514;15858;2655;16.74;58;26.7;43.1;46.5;0.377;1001.0
rj;58017;ANGRA DOS REIS;Rio De Janeiro;Sudeste;-22.99711;-44.3315;137071;31720;23.14;443;25.9;43.7;48.3;0.379;12033.0
rj;58181;APERIBÉ;Rio De Janeiro;Sudeste;-21.62339;-42.10705;10135;1858;18.33;35;20.9;46.3;47.9;0.359;667.0
rj;58033;ARARUAMA;Rio De Janeiro;Sudeste;-22.84354;-42.32289;111370;25339;22.75;325;23.5;44.2;46.1;0.363;9198.0
rj;58220;AREAL;Rio De Janeiro;Sudeste;-22.22876;-43.10815;10270;2039;19.85;33;24.3;46.7;47.0;0.377;768.0
rj;58408;ARMAÇÃO DOS BÚZIOS;Rio De Janeiro;Sudeste;-22.76384;-41.92944;36236;8066;22.26;111;25.4;34.5;47.0;0.345;2785.0
rj;59277;ARRAIAL DO CABO;Rio De Janeiro;Sudeste;-22.96066;-42.06159;35242;7890;22.39;111;24.6;33.0;48.1;0.339;2676.0
rj;58050;BARRA DO PIRAÍ;Rio De Janeiro;Sudeste;-22.46943;-43.84959;69309;16505;23.81;260;22.2;43.1;46.3;0.354;5844.0
rj;58076;BARRA MANSA;Rio De Janeiro;Sudeste;-22.54044;-44.17199;133855;28642;21.4;452;22.9;43.0;46.6;0.358;10257.0
rj;58041;BELFORD ROXO;Rio De Janeiro;Sudeste;-22.73682;-43.38041;346172;79027;22.83;1008;28.5;47.9;46.0;0.398;31421.0
rj;58092;BOM JARDIM;Rio De Janeiro;Sudeste;-22.17885;-42.40448;22628;4833;21.36;74;22.6;58.9;48.9;0.402;1943.0
rj;58114;BOM JESUS DO ITABAPOANA;Rio De Janeiro;Sudeste;-21.13451;-41.66943;28472;5894;20.7;98;23.4;35.6;46.6;0.338;1995.0
rj;58130;CABO FRIO;Rio De Janeiro;Sudeste;-22.8114;-42.02298;179682;42330;23.56;530;24.8;39.3;45.7;0.354;14990.0
rj;58157;CACHOEIRAS DE MACACU;Rio De Janeiro;Sudeste;-22.52682;-42.70565;46722;10225;21.88;150;23.8;50.5;48.3;0.387;3960.0
rj;58173;CAMBUCI;Rio De Janeiro;Sudeste;-21.538;-41.9179;12296;2360;19.19;44;22.0;44.2;49.6;0.364;859.0
rj;58190;CAMPOS DOS GOYTACAZES;Rio De Janeiro;Sudeste;-21.75688;-41.31661;370466;80008;21.6;1190;24.8;45.1;46.1;0.372;29788.0
rj;58211;CANTAGALO;Rio De Janeiro;Sudeste;-21.94233;-42.35125;15148;2938;19.4;64;22.1;42.9;48.6;0.359;1054.0
rj;58300;CARAPEBUS;Rio De Janeiro;Sudeste;-22.19106;-41.66014;13468;2496;18.53;42;25.9;38.5;49.2;0.366;914.0
rj;58068;CARDOSO MOREIRA;Rio De Janeiro;Sudeste;-21.51193;-41.54371;12616;2578;20.43;49;22.5;50.9;48.9;0.383;986.0
rj;58238;CARMO;Rio De Janeiro;Sudeste;-21.91461;-42.60369;14237;2477;17.4;54;23.6;42.0;47.8;0.362;896.0
rj;58254;CASIMIRO DE ABREU;Rio De Janeiro;Sudeste;-22.51805;-42.10496;35993;8251;22.92;117;24.1;42.1;47.1;0.363;2994.0
rj;58165;COMENDADOR LEVY GASPARIAN;Rio De Janeiro;Sudeste;-22.03531;-43.22212;8033;1213;15.1;30;24.8;43.8;47.4;0.372;452.0
rj;58270;CONCEIÇÃO DE MACABU;Rio De Janeiro;Sudeste;-22.08844;-41.85807;16681;3180;19.06;78;24.4;37.6;48.3;0.354;1125.0
rj;58297;CORDEIRO;Rio De Janeiro;Sudeste;-22.02921;-42.36868;16926;2752;16.26;61;23.3;34.6;46.2;0.334;920.0
rj;58319;DUAS BARRAS;Rio De Janeiro;Sudeste;-22.0689;-42.49043;10314;2085;20.22;34;23.7;55.7;50.1;0.405;844.0
rj;58335;DUQUE DE CAXIAS;Rio De Janeiro;Sudeste;-22.71768;-43.28932;634694;114072;17.97;1975;27.9;39.9;46.3;0.372;42471.0
rj;58351;ENGENHEIRO PAULO DE FRONTIN;Rio De Janeiro;Sudeste;-22.53003;-43.65191;11116;1913;17.21;42;23.1;42.6;47.2;0.36;688.0
rj;58106;GUAPIMIRIM;Rio De Janeiro;Sudeste;-22.55654;-42.98345;44941;9744;21.68;145;26.0;46.2;47.6;0.385;3751.0
rj;58262;IGUABA GRANDE;Rio De Janeiro;Sudeste;-22.83601;-42.22124;30569;5834;19.08;95;22.5;30.8;46.1;0.317;1851.0
rj;58378;ITABORAÍ;Rio De Janeiro;Sudeste;-22.7512;-42.84918;177920;40283;22.64;540;25.3;49.3;47.0;0.389;15651.0
rj;58394;ITAGUAÍ;Rio De Janeiro;Sudeste;-22.8625;-43.78581;100542;21706;21.59;313;26.7;44.6;47.5;0.384;8335.0
rj;59293;ITALVA;Rio De Janeiro;Sudeste;-21.4174;-41.68128;11648;2483;21.32;52;20.4;47.9;47.3;0.359;891.0
rj;58416;ITAOCARA;Rio De Janeiro;Sudeste;-21.68741;-42.07347;19120;3495;18.28;77;20.5;43.2;47.2;0.347;1213.0
rj;58432;ITAPERUNA;Rio De Janeiro;Sudeste;-21.20885;-41.90019;76037;17884;23.52;250;21.4;43.7;46.4;0.351;6279.0
rj;58440;ITATIAIA;Rio De Janeiro;Sudeste;-22.47486;-44.55821;26584;5818;21.89;88;24.4;42.3;47.8;0.367;2135.0
rj;58149;JAPERI;Rio De Janeiro;Sudeste;-22.67068;-43.62066;76652;16719;21.81;244;28.8;53.2;47.9;0.419;6998.0
rj;58459;LAJE DO MURIAÉ;Rio De Janeiro;Sudeste;-21.21004;-42.11952;6944;1351;19.46;25;25.0;42.8;48.7;0.373;505.0
rj;58475;MACAÉ;Rio De Janeiro;Sudeste;-22.35591;-41.79713;186241;41789;22.44;559;25.7;34.3;47.3;0.347;14487.0
rj;58386;MACUCO;Rio De Janeiro;Sudeste;-21.98477;-42.25253;7132;1070;15.0;27;24.5;38.6;47.7;0.356;381.0
rj;58491;MAGÉ;Rio De Janeiro;Sudeste;-22.63015;-43.12933;192902;37662;19.52;621;27.9;41.6;46.9;0.379;14281.0
rj;58513;MANGARATIBA;Rio De Janeiro;Sudeste;-22.94716;-44.00112;46501;12421;26.71;139;24.4;36.8;48.3;0.352;4366.0
rj;58530;MARICÁ;Rio De Janeiro;Sudeste;-22.93322;-42.86821;185609;41093;22.14;521;23.8;31.1;45.8;0.324;13301.0
rj;58556;MENDES;Rio De Janeiro;Sudeste;-22.52581;-43.73357;14878;3000;20.16;56;21.8;36.1;47.4;0.334;1002.0
rj;58467;MESQUITA;Rio De Janeiro;Sudeste;-22.78554;-43.42656;136302;30012;22.02;410;25.4;41.1;46.1;0.364;10915.0
rj;58572;MIGUEL PEREIRA;Rio De Janeiro;Sudeste;-22.47399;-43.48258;24781;5550;22.4;77;21.5;39.9;46.9;0.342;1901.0
rj;58599;MIRACEMA;Rio De Janeiro;Sudeste;-21.41214;-42.18689;21056;3926;18.65;79;23.6;36.8;46.8;0.344;1350.0
rj;58610;NATIVIDADE;Rio De Janeiro;Sudeste;-21.0374;-41.96039;12453;2744;22.03;43;23.1;38.2;47.9;0.348;955.0
rj;58637;NILÓPOLIS;Rio De Janeiro;Sudeste;-22.80938;-43.41597;128648;28103;21.84;428;24.1;35.2;45.1;0.337;9465.0
rj;58653;NITERÓI;Rio De Janeiro;Sudeste;-22.90188;-43.0863;412252;80820;19.6;1327;21.8;19.5;44.4;0.266;21496.0
rj;58670;NOVA FRIBURGO;Rio De Janeiro;Sudeste;-22.27905;-42.52473;155366;35254;22.69;525;21.6;46.1;46.3;0.359;12642.0
rj;58696;NOVA IGUAÇU;Rio De Janeiro;Sudeste;-22.74332;-43.48282;614931;137792;22.41;1830;27.0;43.4;46.3;0.379;52179.0
rj;58718;PARACAMBI;Rio De Janeiro;Sudeste;-22.61179;-43.70561;33690;7227;21.45;105;24.0;42.3;47.2;0.363;2623.0
rj;58750;PARATY;Rio De Janeiro;Sudeste;-23.1957;-44.69787;35461;8486;23.93;113;25.5;46.9;48.5;0.387;3286.0
rj;58734;PARAÍBA DO SUL;Rio De Janeiro;Sudeste;-22.17844;-43.29352;34304;7610;22.18;121;22.9;47.6;46.7;0.371;2820.0
rj;59315;PATY DO ALFERES;Rio De Janeiro;Sudeste;-22.39263;-43.41303;24302;5269;21.68;78;23.6;53.9;47.4;0.392;2065.0
rj;58777;PETRÓPOLIS;Rio De Janeiro;Sudeste;-22.47513;-43.16985;239569;57915;24.17;804;22.1;42.9;45.7;0.351;20350.0
rj;58246;PINHEIRAL;Rio De Janeiro;Sudeste;-22.51594;-44.00385;18820;4046;21.5;56;24.3;46.0;46.8;0.374;1513.0
rj;58793;PIRAÍ;Rio De Janeiro;Sudeste;-22.61807;-43.91013;23699;5357;22.6;78;23.7;48.8;48.1;0.382;2046.0
rj;58815;PORCIÚNCULA;Rio De Janeiro;Sudeste;-20.94298;-42.01591;13293;2941;22.12;50;24.4;42.7;48.1;0.369;1084.0
rj;58327;PORTO REAL;Rio De Janeiro;Sudeste;-22.43185;-44.30918;17925;3097;17.28;57;26.1;35.9;47.4;0.354;1097.0
rj;58025;QUATIS;Rio De Janeiro;Sudeste;-22.39639;-44.25641;10505;1759;16.74;35;24.6;42.0;48.1;0.368;647.0
rj;58122;QUEIMADOS;Rio De Janeiro;Sudeste;-22.71507;-43.56187;104602;17653;16.88;326;29.2;35.6;45.5;0.362;6386.0
rj;58009;QUISSAMÃ;Rio De Janeiro;Sudeste;-22.10565;-41.45021;19085;4015;21.04;62;25.5;42.3;47.8;0.372;1495.0
rj;58831;RESENDE;Rio De Janeiro;Sudeste;-22.46526;-44.46559;98020;22484;22.94;309;23.4;36.0;46.6;0.34;7644.0
rj;58858;RIO BONITO;Rio De Janeiro;Sudeste;-22.72589;-42.61529;45412;9076;19.99;145;23.0;48.3;47.5;0.375;3406.0
rj;58874;RIO CLARO;Rio De Janeiro;Sudeste;-22.74861;-44.12835;14700;2721;18.51;50;24.9;43.8;49.5;0.378;1028.0
rj;58890;RIO DAS FLORES;Rio De Janeiro;Sudeste;-22.16961;-43.57212;8711;1813;20.81;28;25.9;46.6;47.6;0.386;699.0
rj;58203;RIO DAS OSTRAS;Rio De Janeiro;Sudeste;-22.51337;-41.94272;107737;24797;23.02;316;24.8;25.3;45.8;0.306;7593.0
rj;60011;RIO DE JANEIRO;Rio De Janeiro;Sudeste;-22.89977;-43.35584;4952612;1293714;26.12;12635;22.9;30.4;45.1;0.316;408486.0
rj;58912;SANTA MARIA MADALENA;Rio De Janeiro;Sudeste;-21.97263;-41.96685;8846;1844;20.85;33;22.2;47.1;50.2;0.374;690.0
rj;58939;SANTO ANTÔNIO DE PÁDUA;Rio De Janeiro;Sudeste;-21.54812;-42.19109;33702;7914;23.48;120;21.4;45.5;47.7;0.359;2845.0
rj;59072;SAPUCAIA;Rio De Janeiro;Sudeste;-22.01022;-42.84923;15786;3217;20.38;57;23.7;51.6;48.6;0.39;1255.0
rj;59099;SAQUAREMA;Rio De Janeiro;Sudeste;-22.89893;-42.49707;92059;20078;21.81;283;22.8;40.3;46.5;0.35;7020.0
rj;58424;SEROPÉDICA;Rio De Janeiro;Sudeste;-22.77102;-43.67475;60965;13526;22.19;190;27.0;43.8;47.7;0.383;5185.0
rj;59110;SILVA JARDIM;Rio De Janeiro;Sudeste;-22.62915;-42.41415;18674;3765;20.16;61;25.8;50.4;48.8;0.399;1501.0
rj;59137;SUMIDOURO;Rio De Janeiro;Sudeste;-22.11653;-42.6782;14193;2365;16.66;53;23.9;65.4;49.5;0.426;1007.0
rj;58955;SÃO FIDÉLIS;Rio De Janeiro;Sudeste;-21.6446;-41.77192;30178;6481;21.48;111;22.5;42.9;48.1;0.359;2329.0
rj;58289;SÃO FRANCISCO DE ITABAPOANA;Rio De Janeiro;Sudeste;-21.42681;-41.09037;39905;10352;25.94;139;23.5;60.5;48.9;0.411;4258.0
rj;58971;SÃO GONÇALO;Rio De Janeiro;Sudeste;-22.82684;-43.02496;653184;153243;23.46;2019;23.6;42.3;45.6;0.357;54709.0
rj;58343;SÃO JOSÉ DE UBÁ;Rio De Janeiro;Sudeste;-21.36582;-41.94426;7636;1551;20.31;24;22.1;55.4;49.3;0.392;608.0
rj;59331;SÃO JOSÉ DO VALE DO RIO PRETO;Rio De Janeiro;Sudeste;-22.1608;-42.94031;16230;3261;20.09;60;25.5;54.7;48.1;0.406;1325.0
rj;58998;SÃO JOÃO DA BARRA;Rio De Janeiro;Sudeste;-21.7234;-41.06177;43094;8204;19.04;137;25.5;43.5;47.8;0.376;3083.0
rj;59013;SÃO JOÃO DE MERITI;Rio De Janeiro;Sudeste;-22.78675;-43.36788;340128;63367;18.63;1090;26.7;38.7;46.4;0.363;23025.0
rj;59030;SÃO PEDRO DA ALDEIA;Rio De Janeiro;Sudeste;-22.83682;-42.09043;74913;16410;21.91;244;25.2;39.4;47.3;0.361;5918.0
rj;59056;SÃO SEBASTIÃO DO ALTO;Rio De Janeiro;Sudeste;-21.85006;-42.07091;7793;1766;22.66;28;21.4;50.4;49.1;0.376;663.0
rj;58360;TANGUÁ;Rio De Janeiro;Sudeste;-22.74235;-42.72722;26468;5243;19.81;79;25.2;55.8;48.2;0.407;2136.0
rj;59153;TERESÓPOLIS;Rio De Janeiro;Sudeste;-22.38887;-42.94237;133712;30413;22.75;422;23.4;43.2;46.2;0.36;10944.0
rj;59170;TRAJANO DE MORAES;Rio De Janeiro;Sudeste;-22.12159;-42.13631;9269;1804;19.46;34;22.6;51.6;49.8;0.387;698.0
rj;59196;TRÊS RIOS;Rio De Janeiro;Sudeste;-22.11331;-43.19751;62480;13590;21.75;215;23.5;42.6;45.7;0.358;4858.0
rj;59218;VALENÇA;Rio De Janeiro;Sudeste;-22.24234;-43.73501;56821;14897;26.22;196;22.3;44.9;46.8;0.36;5369.0
rj;58084;VARRE-SAI;Rio De Janeiro;Sudeste;-20.92139;-41.85578;8788;1727;19.65;28;26.7;52.0;50.0;0.411;710.0
rj;59234;VASSOURAS;Rio De Janeiro;Sudeste;-22.39321;-43.64539;29259;6056;20.7;98;24.9;37.9;46.2;0.352;2133.0
rj;59250;VOLTA REDONDA;Rio De Janeiro;Sudeste;-22.50611;-44.09908;221957;49548;22.32;705;22.2;35.0;45.9;0.33;16331.0
rn;16012;ACARI;Rio Grande Do Norte;Nordeste;-6.43181;-36.6395;9368;1839;19.63;29;22.1;40.2;47.5;0.348;641.0
rn;16055;AFONSO BEZERRA;Rio Grande Do Norte;Nordeste;-5.48469;-36.56506;10537;2082;19.76;33;27.7;50.9;49.4;0.412;857.0
rn;16098;ALEXANDRIA;Rio Grande Do Norte;Nordeste;-6.41438;-38.0155;11804;2352;19.93;41;23.5;56.6;47.6;0.399;938.0
rn;16110;ALMINO AFONSO;Rio Grande Do Norte;Nordeste;-6.1542;-37.76378;5166;827;16.01;21;23.4;49.8;49.3;0.386;319.0
rn;16136;ALTO DO RODRIGUES;Rio Grande Do Norte;Nordeste;-5.32243;-36.76578;12062;2484;20.59;39;26.0;44.0;48.3;0.381;945.0
rn;16152;ANGICOS;Rio Grande Do Norte;Nordeste;-5.66478;-36.6016;10219;1823;17.84;31;24.8;46.9;47.7;0.381;695.0
rn;16179;ANTÔNIO MARTINS;Rio Grande Do Norte;Nordeste;-6.21569;-37.89087;5912;885;14.97;23;24.1;59.2;48.1;0.409;362.0
rn;16195;APODI;Rio Grande Do Norte;Nordeste;-5.66185;-37.79926;30219;4398;14.55;91;24.5;48.2;48.3;0.385;1693.0
rn;16217;AREIA BRANCA;Rio Grande Do Norte;Nordeste;-4.95632;-37.10022;22037;4503;20.43;75;24.7;40.8;47.9;0.364;1639.0
rn;16233;AREZ;Rio Grande Do Norte;Nordeste;-6.19038;-35.17619;11506;2229;19.37;36;26.8;50.7;48.3;0.403;899.0
rn;16039;ASSÚ;Rio Grande Do Norte;Nordeste;-5.55777;-36.92298;45551;8608;18.9;133;26.1;48.7;47.4;0.392;3374.0
rn;30031;BARAÚNA;Rio Grande Do Norte;Nordeste;-5.07471;-37.61765;22038;3887;17.64;63;29.1;59.8;48.8;0.44;1709.0
rn;16292;BARCELONA;Rio Grande Do Norte;Nordeste;-5.94963;-35.92761;4679;802;17.14;14;26.9;58.9;50.0;0.43;344.0
rn;16276;BAÍA FORMOSA;Rio Grande Do Norte;Nordeste;-6.37926;-35.00828;7404;1498;20.23;24;26.1;48.9;48.7;0.396;593.0
rn;16314;BENTO FERNANDES;Rio Grande Do Norte;Nordeste;-5.68533;-35.82045;4926;778;15.79;19;30.1;54.4;50.4;0.435;339.0
rn;17035;BOA SAÚDE;Rio Grande Do Norte;Nordeste;-6.14698;-35.59008;8062;1496;18.56;25;28.5;55.4;49.8;0.428;641.0
rn;16101;BODÓ;Rio Grande Do Norte;Nordeste;-5.98762;-36.41147;3784;843;22.28;11;28.3;55.5;51.1;0.431;364.0
rn;16330;BOM JESUS;Rio Grande Do Norte;Nordeste;-5.98827;-35.58077;9083;1605;17.67;30;28.5;56.4;49.3;0.429;689.0
rn;16357;BREJINHO;Rio Grande Do Norte;Nordeste;-6.19479;-35.35837;10102;2136;21.14;30;27.7;53.2;47.9;0.413;883.0
rn;16390;CAICÓ;Rio Grande Do Norte;Nordeste;-6.46027;-37.09505;45036;7107;15.78;137;23.6;38.9;46.2;0.349;2477.0
rn;16047;CAIÇARA DO NORTE;Rio Grande Do Norte;Nordeste;-5.0844;-36.05811;5551;1148;20.68;18;28.0;56.3;49.1;0.426;490.0
rn;16373;CAIÇARA DO RIO DO VENTO;Rio Grande Do Norte;Nordeste;-5.75922;-35.99786;4196;683;16.28;13;27.9;51.5;49.1;0.413;282.0
rn;16250;CAMPO GRANDE;Rio Grande Do Norte;Nordeste;-5.84972;-37.32712;8816;1588;18.01;32;25.6;51.5;49.4;0.402;639.0
rn;16411;CAMPO REDONDO;Rio Grande Do Norte;Nordeste;-6.23685;-36.17985;8619;1607;18.64;26;26.3;47.7;48.8;0.394;633.0
rn;16438;CANGUARETAMA;Rio Grande Do Norte;Nordeste;-6.37733;-35.13649;24690;4723;19.13;88;29.6;55.1;48.2;0.428;2021.0
rn;16454;CARAÚBAS;Rio Grande Do Norte;Nordeste;-5.76835;-37.56745;18980;3172;16.71;63;25.0;52.2;48.5;0.398;1263.0
rn;16497;CARNAUBAIS;Rio Grande Do Norte;Nordeste;-5.31981;-36.83015;8684;1586;18.26;27;25.5;53.5;49.5;0.407;646.0
rn;16470;CARNAÚBA DOS DANTAS;Rio Grande Do Norte;Nordeste;-6.55681;-36.59038;6324;1037;16.4;17;25.1;42.9;48.9;0.375;388.0
rn;16519;CEARÁ-MIRIM;Rio Grande Do Norte;Nordeste;-5.62474;-35.40208;60280;10776;17.88;201;28.8;48.3;47.4;0.404;4353.0
rn;16535;CERRO CORÁ;Rio Grande Do Norte;Nordeste;-6.04324;-36.34867;9720;2192;22.55;29;25.2;53.9;49.2;0.406;889.0
rn;16551;CORONEL EZEQUIEL;Rio Grande Do Norte;Nordeste;-6.38511;-36.21553;4902;880;17.95;16;26.0;62.4;50.0;0.433;381.0
rn;16578;CORONEL JOÃO PESSOA;Rio Grande Do Norte;Nordeste;-6.26228;-38.44461;4073;739;18.14;15;28.3;59.6;48.8;0.435;321.0
rn;16594;CRUZETA;Rio Grande Do Norte;Nordeste;-6.41294;-36.78725;6955;1241;17.84;21;23.0;45.9;48.1;0.37;459.0
rn;16616;CURRAIS NOVOS;Rio Grande Do Norte;Nordeste;-6.25938;-36.51388;32922;6393;19.42;109;24.0;39.7;46.2;0.353;2258.0
rn;16632;DOUTOR SEVERIANO;Rio Grande Do Norte;Nordeste;-6.10249;-38.39011;6326;1110;17.55;24;24.5;53.0;48.3;0.397;441.0
rn;16659;ENCANTO;Rio Grande Do Norte;Nordeste;-6.11275;-38.31117;5141;949;18.46;15;26.7;54.8;48.1;0.413;392.0
rn;16675;EQUADOR;Rio Grande Do Norte;Nordeste;-6.94618;-36.71543;4769;790;16.57;16;26.6;50.6;49.5;0.406;320.0
rn;16691;ESPÍRITO SANTO;Rio Grande Do Norte;Nordeste;-6.33686;-35.31036;7961;1581;19.86;25;28.3;57.4;48.5;0.429;678.0
rn;16713;EXTREMOZ;Rio Grande Do Norte;Nordeste;-5.68192;-35.27028;39504;6816;17.25;116;28.9;36.5;46.1;0.365;2490.0
rn;16730;FELIPE GUERRA;Rio Grande Do Norte;Nordeste;-5.5998;-37.69396;7070;1052;14.88;20;24.0;47.4;48.7;0.382;401.0
rn;16144;FERNANDO PEDROZA;Rio Grande Do Norte;Nordeste;-5.69584;-36.53085;3409;550;16.13;12;24.5;49.8;51.1;0.397;218.0
rn;16756;FLORÂNIA;Rio Grande Do Norte;Nordeste;-6.11425;-36.80517;8397;1529;18.21;29;23.2;47.2;49.2;0.378;577.0
rn;16772;FRANCISCO DANTAS;Rio Grande Do Norte;Nordeste;-6.08822;-38.1248;2868;427;14.89;13;24.4;51.6;48.4;0.394;168.0
rn;17515;FRUTUOSO GOMES;Rio Grande Do Norte;Nordeste;-6.15935;-37.84078;4173;659;15.79;14;22.4;54.3;47.7;0.387;255.0
rn;16799;GALINHOS;Rio Grande Do Norte;Nordeste;-5.11625;-36.24171;2858;532;18.61;10;29.6;53.0;49.6;0.427;227.0
rn;16810;GOIANINHA;Rio Grande Do Norte;Nordeste;-6.27049;-35.20791;22264;3917;17.59;70;30.1;50.4;47.5;0.416;1631.0
rn;16837;GOVERNADOR DIX-SEPT ROSADO;Rio Grande Do Norte;Nordeste;-5.4589;-37.52035;12132;2091;17.24;39;25.4;55.6;49.3;0.412;861.0
rn;16853;GROSSOS;Rio Grande Do Norte;Nordeste;-4.97097;-37.16079;9557;1343;14.05;31;25.3;51.3;48.3;0.397;534.0
rn;16870;GUAMARÉ;Rio Grande Do Norte;Nordeste;-5.1735;-36.34427;15625;3559;22.78;45;29.0;51.2;48.3;0.415;1478.0
rn;16896;IELMO MARINHO;Rio Grande Do Norte;Nordeste;-5.78617;-35.53617;11530;1776;15.4;40;29.6;60.5;50.8;0.449;798.0
rn;16918;IPANGUAÇU;Rio Grande Do Norte;Nordeste;-5.52255;-36.85992;12911;2496;19.33;39;26.1;53.9;48.6;0.409;1021.0
rn;16934;IPUEIRA;Rio Grande Do Norte;Nordeste;-6.81719;-37.19819;2185;352;16.11;7;24.4;41.3;49.1;0.367;129.0
rn;16080;ITAJÁ;Rio Grande Do Norte;Nordeste;-5.64038;-36.86962;7286;1312;18.01;21;27.5;50.8;50.0;0.412;540.0
rn;16950;ITAÚ;Rio Grande Do Norte;Nordeste;-5.84012;-37.99119;5189;905;17.44;16;24.7;47.7;48.4;0.385;348.0
rn;16993;JANDAÍRA;Rio Grande Do Norte;Nordeste;-5.34133;-36.13293;6396;1070;16.73;19;29.9;53.5;49.7;0.43;460.0
rn;17019;JANDUÍS;Rio Grande Do Norte;Nordeste;-6.01865;-37.40552;4474;748;16.72;17;24.6;51.4;46.6;0.389;291.0
rn;17051;JAPI;Rio Grande Do Norte;Nordeste;-6.47327;-35.93307;5746;1032;17.96;17;28.1;59.6;48.1;0.432;446.0
rn;17078;JARDIM DE ANGICOS;Rio Grande Do Norte;Nordeste;-5.62481;-35.97658;3156;461;14.61;13;26.6;56.0;51.3;0.425;196.0
rn;17094;JARDIM DE PIRANHAS;Rio Grande Do Norte;Nordeste;-6.3805;-37.34523;11100;1580;14.23;35;24.9;56.0;48.1;0.406;642.0
rn;17116;JARDIM DO SERIDÓ;Rio Grande Do Norte;Nordeste;-6.58842;-36.77557;10316;1571;15.23;34;21.4;46.4;47.6;0.362;569.0
rn;16977;JAÇANÃ;Rio Grande Do Norte;Nordeste;-6.42844;-36.20502;6324;1077;17.03;20;26.2;53.9;48.2;0.408;440.0
rn;17175;JOSÉ DA PENHA;Rio Grande Do Norte;Nordeste;-6.32973;-38.28786;5251;987;18.8;17;25.0;59.5;47.3;0.413;407.0
rn;17132;JOÃO CÂMARA;Rio Grande Do Norte;Nordeste;-5.52061;-35.83216;27705;4695;16.95;93;30.3;53.7;48.1;0.428;2008.0
rn;17159;JOÃO DIAS;Rio Grande Do Norte;Nordeste;-6.40453;-38.01174;3082;697;22.62;10;28.4;63.1;49.5;0.446;311.0
rn;17191;JUCURUTU;Rio Grande Do Norte;Nordeste;-6.04562;-37.02102;15421;2489;16.14;59;23.6;56.1;49.0;0.402;1000.0
rn;16306;JUNDIÁ;Rio Grande Do Norte;Nordeste;-6.26843;-35.3338;4775;850;17.8;15;29.0;53.5;51.2;0.43;366.0
rn;17230;LAGOA D'ANTA;Rio Grande Do Norte;Nordeste;-6.39473;-35.59501;6393;1279;20.01;19;30.8;57.0;49.7;0.444;567.0
rn;17256;LAGOA DE PEDRAS;Rio Grande Do Norte;Nordeste;-6.15807;-35.43926;7693;1316;17.11;23;29.8;56.4;49.4;0.436;574.0
rn;17272;LAGOA DE VELHOS;Rio Grande Do Norte;Nordeste;-6.00538;-35.87216;3314;558;16.84;11;27.9;57.4;51.8;0.436;243.0
rn;17299;LAGOA NOVA;Rio Grande Do Norte;Nordeste;-6.09738;-36.49504;12875;2755;21.4;45;26.3;56.0;47.6;0.412;1136.0
rn;17310;LAGOA SALGADA;Rio Grande Do Norte;Nordeste;-6.12759;-35.47863;9613;1887;19.63;29;29.2;59.5;49.4;0.441;832.0
rn;17337;LAJES;Rio Grande Do Norte;Nordeste;-5.69823;-36.24301;9481;1895;19.99;29;25.0;44.8;48.6;0.379;719.0
rn;17353;LAJES PINTADAS;Rio Grande Do Norte;Nordeste;-6.1511;-36.11928;5230;867;16.58;19;26.9;50.5;49.9;0.408;354.0
rn;17370;LUCRÉCIA;Rio Grande Do Norte;Nordeste;-6.11762;-37.81274;3467;463;13.35;12;25.5;47.0;49.1;0.389;180.0
rn;17396;LUÍS GOMES;Rio Grande Do Norte;Nordeste;-6.41545;-38.38645;7360;1718;23.34;27;24.6;56.7;48.1;0.406;698.0
rn;17434;MACAU;Rio Grande Do Norte;Nordeste;-5.11729;-36.60499;22534;4843;21.49;78;24.3;47.4;47.5;0.38;1838.0
rn;17418;MACAÍBA;Rio Grande Do Norte;Nordeste;-5.88286;-35.37632;54350;9246;17.01;172;27.3;50.7;46.8;0.402;3713.0
rn;16160;MAJOR SALES;Rio Grande Do Norte;Nordeste;-6.4044;-38.32401;3212;617;19.21;10;23.4;55.9;47.6;0.397;245.0
rn;17450;MARCELINO VIEIRA;Rio Grande Do Norte;Nordeste;-6.2942;-38.16247;7032;1116;15.87;22;25.7;55.2;48.5;0.41;458.0
rn;17477;MARTINS;Rio Grande Do Norte;Nordeste;-6.08443;-37.91478;7611;1411;18.54;25;23.8;45.8;47.7;0.373;526.0
rn;17493;MAXARANGUAPE;Rio Grande Do Norte;Nordeste;-5.48893;-35.30684;10437;1935;18.54;32;29.2;50.0;49.5;0.417;806.0
rn;17213;MESSIAS TARGINO;Rio Grande Do Norte;Nordeste;-6.08037;-37.5147;4715;709;15.04;18;26.8;47.4;48.4;0.394;280.0
rn;17531;MONTANHAS;Rio Grande Do Norte;Nordeste;-6.48682;-35.2863;9623;1915;19.9;35;28.3;57.9;48.5;0.43;823.0
rn;17558;MONTE ALEGRE;Rio Grande Do Norte;Nordeste;-6.09326;-35.35737;17267;3147;18.23;58;28.8;55.0;48.1;0.424;1336.0
rn;17574;MONTE DAS GAMELEIRAS;Rio Grande Do Norte;Nordeste;-6.44007;-35.7846;3052;475;15.56;10;28.8;49.9;50.5;0.417;198.0
rn;17590;MOSSORÓ;Rio Grande Do Norte;Nordeste;-5.18508;-37.34841;188013;30015;15.96;564;25.4;34.3;46.4;0.343;10288.0
rn;17612;NATAL;Rio Grande Do Norte;Nordeste;-5.79894;-35.22936;573148;117568;20.51;1477;24.7;26.8;44.8;0.309;36369.0
rn;17655;NOVA CRUZ;Rio Grande Do Norte;Nordeste;-6.48018;-35.43427;27948;5481;19.61;97;27.6;52.3;46.7;0.407;2229.0
rn;17639;NÍSIA FLORESTA;Rio Grande Do Norte;Nordeste;-6.05999;-35.17067;23401;3860;16.5;74;28.6;51.5;49.4;0.418;1612.0
rn;17671;OLHO D'ÁGUA DO BORGES;Rio Grande Do Norte;Nordeste;-5.95609;-37.70551;4689;893;19.04;18;24.2;53.8;50.9;0.405;361.0
rn;17698;OURO BRANCO;Rio Grande Do Norte;Nordeste;-6.70292;-36.94447;4580;822;17.95;14;22.2;48.5;49.7;0.377;310.0
rn;17710;PARANÁ;Rio Grande Do Norte;Nordeste;-6.47072;-38.28034;4235;876;20.68;14;25.1;55.9;51.1;0.416;364.0
rn;17752;PARAZINHO;Rio Grande Do Norte;Nordeste;-5.23703;-35.86625;5532;996;18.0;17;30.9;57.7;48.6;0.443;441.0
rn;17736;PARAÚ;Rio Grande Do Norte;Nordeste;-5.77659;-37.10168;4339;710;16.36;19;25.8;48.3;50.0;0.396;281.0
rn;17779;PARELHAS;Rio Grande Do Norte;Nordeste;-6.68646;-36.65307;17461;2774;15.89;57;24.0;43.5;47.7;0.368;1021.0
rn;17795;PARNAMIRIM;Rio Grande Do Norte;Nordeste;-5.91461;-35.25091;147649;25930;17.56;427;27.7;27.7;45.8;0.327;8488.0
rn;17817;PASSA E FICA;Rio Grande Do Norte;Nordeste;-6.43345;-35.64608;10054;1815;18.05;31;27.4;54.6;47.5;0.414;751.0
rn;17833;PASSAGEM;Rio Grande Do Norte;Nordeste;-6.27819;-35.3767;4547;724;15.92;13;29.4;51.4;49.7;0.422;306.0
rn;17850;PATU;Rio Grande Do Norte;Nordeste;-6.10662;-37.63771;9946;1636;16.45;29;25.4;49.1;47.3;0.389;637.0
rn;17876;PAU DOS FERROS;Rio Grande Do Norte;Nordeste;-6.11491;-38.20597;21145;3587;16.96;72;25.3;40.2;46.0;0.36;1292.0
rn;17892;PEDRA GRANDE;Rio Grande Do Norte;Nordeste;-5.1262;-35.86471;4340;952;21.94;15;30.9;53.5;48.7;0.432;411.0
rn;17914;PEDRA PRETA;Rio Grande Do Norte;Nordeste;-5.58014;-36.1033;3295;570;17.3;10;28.7;51.1;51.9;0.424;242.0
rn;17930;PEDRO AVELINO;Rio Grande Do Norte;Nordeste;-5.52147;-36.3868;6554;1590;24.26;22;25.4;56.3;50.0;0.415;660.0
rn;17957;PEDRO VELHO;Rio Grande Do Norte;Nordeste;-6.44245;-35.22543;11914;2189;18.37;43;28.2;52.8;48.2;0.415;909.0
rn;17973;PENDÊNCIAS;Rio Grande Do Norte;Nordeste;-5.26506;-36.69289;10931;2353;21.53;38;26.3;46.7;48.1;0.389;916.0
rn;17990;PILÕES;Rio Grande Do Norte;Nordeste;-6.40455;-38.01178;3577;688;19.23;12;23.2;59.6;49.7;0.41;282.0
rn;18031;PORTALEGRE;Rio Grande Do Norte;Nordeste;-6.02818;-37.98845;6896;1315;19.07;20;23.6;51.0;47.9;0.386;508.0
rn;16284;PORTO DO MANGUE;Rio Grande Do Norte;Nordeste;-5.07572;-36.81589;5103;931;18.24;16;30.0;59.4;51.1;0.45;419.0
rn;18015;POÇO BRANCO;Rio Grande Do Norte;Nordeste;-5.60353;-35.68299;11674;2090;17.9;43;29.1;52.0;49.8;0.423;883.0
rn;18074;PUREZA;Rio Grande Do Norte;Nordeste;-5.42855;-35.5839;8502;1456;17.13;30;29.8;53.5;49.7;0.43;626.0
rn;18090;RAFAEL FERNANDES;Rio Grande Do Norte;Nordeste;-6.194;-38.22482;4933;835;16.93;15;25.8;52.4;49.4;0.406;339.0
rn;18937;RAFAEL GODEIRO;Rio Grande Do Norte;Nordeste;-6.07581;-37.716;3667;650;17.73;11;23.3;50.2;49.1;0.386;251.0
rn;18112;RIACHO DA CRUZ;Rio Grande Do Norte;Nordeste;-5.93736;-37.9479;2759;395;14.32;9;26.3;51.3;49.5;0.405;160.0
rn;18139;RIACHO DE SANTANA;Rio Grande Do Norte;Nordeste;-6.26428;-38.31479;3843;678;17.64;11;25.0;54.7;49.9;0.409;277.0
rn;18155;RIACHUELO;Rio Grande Do Norte;Nordeste;-5.8035;-35.83735;6909;1144;16.56;21;30.7;49.8;49.0;0.422;482.0
rn;16268;RIO DO FOGO;Rio Grande Do Norte;Nordeste;-5.32678;-35.39342;10982;1885;17.16;37;30.0;51.4;48.6;0.421;794.0
rn;18171;RODOLFO FERNANDES;Rio Grande Do Norte;Nordeste;-5.79128;-38.06155;4641;773;16.66;16;26.6;53.5;48.8;0.411;318.0
rn;18198;RUY BARBOSA;Rio Grande Do Norte;Nordeste;-5.88299;-35.9359;4188;816;19.48;13;28.4;49.7;51.1;0.417;340.0
rn;18236;SANTA CRUZ;Rio Grande Do Norte;Nordeste;-6.22937;-36.02033;27658;4897;17.71;87;28.3;45.9;47.3;0.394;1931.0
rn;16241;SANTA MARIA;Rio Grande Do Norte;Nordeste;-5.8403;-35.69138;5115;935;18.28;16;28.9;54.6;50.4;0.43;402.0
rn;18279;SANTANA DO MATOS;Rio Grande Do Norte;Nordeste;-5.93308;-36.64394;11151;2148;19.26;38;21.3;55.5;48.9;0.387;830.0
rn;18252;SANTANA DO SERIDÓ;Rio Grande Do Norte;Nordeste;-6.74862;-36.73227;2635;371;14.08;11;24.1;44.4;50.1;0.377;140.0
rn;18295;SANTO ANTÔNIO;Rio Grande Do Norte;Nordeste;-6.31059;-35.47987;19114;3738;19.56;57;27.7;54.4;48.5;0.418;1563.0
rn;18597;SENADOR ELÓI DE SOUZA;Rio Grande Do Norte;Nordeste;-6.04085;-35.6814;5748;998;17.36;17;29.8;52.1;50.0;0.426;426.0
rn;18619;SENADOR GEORGINO AVELINO;Rio Grande Do Norte;Nordeste;-6.15337;-35.13255;3761;713;18.96;12;29.8;50.3;48.1;0.416;297.0
rn;18058;SERRA CAIADA;Rio Grande Do Norte;Nordeste;-6.10303;-35.71139;9065;1738;19.17;25;30.2;54.1;49.8;0.433;753.0
rn;18635;SERRA DE SÃO BENTO;Rio Grande Do Norte;Nordeste;-6.41676;-35.70326;6185;1139;18.42;18;26.3;54.5;49.0;0.412;470.0
rn;16020;SERRA DO MEL;Rio Grande Do Norte;Nordeste;-5.17915;-37.03872;13225;1842;13.93;45;29.5;52.4;49.5;0.424;782.0
rn;18651;SERRA NEGRA DO NORTE;Rio Grande Do Norte;Nordeste;-6.66774;-37.39848;6262;1124;17.95;22;23.5;53.2;47.9;0.391;439.0
rn;18678;SERRINHA;Rio Grande Do Norte;Nordeste;-6.28027;-35.49463;7068;1284;18.17;21;29.0;53.7;51.4;0.431;553.0
rn;16209;SERRINHA DOS PINTOS;Rio Grande Do Norte;Nordeste;-6.12127;-37.95986;4196;633;15.09;15;23.9;56.0;49.1;0.403;255.0
rn;18694;SEVERIANO MELO;Rio Grande Do Norte;Nordeste;-5.78254;-37.95614;6813;1145;16.81;27;22.5;56.6;49.1;0.397;455.0
rn;18317;SÃO BENTO DO NORTE;Rio Grande Do Norte;Nordeste;-5.10269;-35.98525;4259;916;21.51;13;29.1;52.9;49.8;0.425;389.0
rn;18333;SÃO BENTO DO TRAIRÍ;Rio Grande Do Norte;Nordeste;-6.34259;-36.08424;4458;930;20.86;12;28.1;52.6;48.7;0.416;387.0
rn;18350;SÃO FERNANDO;Rio Grande Do Norte;Nordeste;-6.37851;-37.18617;3720;517;13.9;12;23.3;56.7;49.5;0.403;209.0
rn;18210;SÃO FRANCISCO DO OESTE;Rio Grande Do Norte;Nordeste;-5.9991;-38.16936;4098;810;19.77;12;25.3;54.4;49.5;0.408;331.0
rn;18376;SÃO GONÇALO DO AMARANTE;Rio Grande Do Norte;Nordeste;-5.78053;-35.31433;77509;12546;16.19;239;28.1;42.0;46.9;0.381;4782.0
rn;18414;SÃO JOSÉ DE MIPIBU;Rio Grande Do Norte;Nordeste;-6.05806;-35.26815;35789;6892;19.26;112;28.7;53.6;47.7;0.419;2885.0
rn;18430;SÃO JOSÉ DO CAMPESTRE;Rio Grande Do Norte;Nordeste;-6.31848;-35.71234;10539;1957;18.57;32;27.6;51.4;47.8;0.408;798.0
rn;18457;SÃO JOSÉ DO SERIDÓ;Rio Grande Do Norte;Nordeste;-6.45064;-36.88023;4515;635;14.06;13;23.8;42.6;49.1;0.368;234.0
rn;18392;SÃO JOÃO DO SABUGI;Rio Grande Do Norte;Nordeste;-6.71725;-37.20302;5309;836;15.75;18;23.0;44.5;48.3;0.367;307.0
rn;18473;SÃO MIGUEL;Rio Grande Do Norte;Nordeste;-6.21139;-38.49547;19466;4227;21.71;64;26.9;56.8;46.5;0.414;1749.0
rn;16063;SÃO MIGUEL DO GOSTOSO;Rio Grande Do Norte;Nordeste;-5.1643;-35.68677;9651;1642;17.01;32;30.8;52.6;49.9;0.433;710.0
rn;18490;SÃO PAULO DO POTENGI;Rio Grande Do Norte;Nordeste;-5.8951;-35.76323;14677;2710;18.46;44;26.7;46.4;47.8;0.39;1056.0
rn;18511;SÃO PEDRO;Rio Grande Do Norte;Nordeste;-5.89894;-35.63479;6475;1132;17.48;21;28.8;54.2;49.2;0.425;481.0
rn;18538;SÃO RAFAEL;Rio Grande Do Norte;Nordeste;-5.80157;-36.88518;7520;1374;18.27;24;22.6;52.6;49.1;0.388;533.0
rn;18554;SÃO TOMÉ;Rio Grande Do Norte;Nordeste;-5.97577;-36.07666;9587;2139;22.31;27;26.2;56.8;49.1;0.418;894.0
rn;18570;SÃO VICENTE;Rio Grande Do Norte;Nordeste;-6.20535;-36.6798;5396;882;16.35;20;23.5;46.3;48.4;0.375;330.0
rn;18716;SÍTIO NOVO;Rio Grande Do Norte;Nordeste;-6.10047;-35.92358;5162;930;18.02;16;28.0;52.6;49.6;0.418;389.0
rn;18732;TABOLEIRO GRANDE;Rio Grande Do Norte;Nordeste;-5.92854;-38.0444;2762;510;18.46;10;25.5;52.0;48.6;0.401;204.0
rn;18759;TAIPU;Rio Grande Do Norte;Nordeste;-5.62349;-35.58342;10547;1710;16.21;38;28.1;53.6;50.5;0.424;724.0
rn;18775;TANGARÁ;Rio Grande Do Norte;Nordeste;-6.19808;-35.80116;12583;2894;23.0;39;27.8;51.5;48.1;0.41;1186.0
rn;18791;TENENTE ANANIAS;Rio Grande Do Norte;Nordeste;-6.4594;-38.1747;8205;1352;16.48;27;23.5;59.8;48.5;0.408;552.0
rn;16004;TENENTE LAURENTINO CRUZ;Rio Grande Do Norte;Nordeste;-6.14786;-36.71844;5580;988;17.71;16;27.1;45.3;49.2;0.393;388.0
rn;16225;TIBAU;Rio Grande Do Norte;Nordeste;-4.84673;-37.25944;9238;2218;24.01;26;26.5;42.7;49.4;0.382;848.0
rn;18813;TIBAU DO SUL;Rio Grande Do Norte;Nordeste;-6.22074;-35.09614;13651;2594;19.0;42;29.1;46.5;49.3;0.405;1051.0
rn;18830;TIMBAÚBA DOS BATISTAS;Rio Grande Do Norte;Nordeste;-6.46382;-37.27274;2748;382;13.9;9;23.4;50.5;48.2;0.385;147.0
rn;18856;TOUROS;Rio Grande Do Norte;Nordeste;-5.23001;-35.53233;28142;4753;16.89;92;30.1;55.8;49.0;0.435;2068.0
rn;16128;TRIUNFO POTIGUAR;Rio Grande Do Norte;Nordeste;-5.88932;-37.17986;4239;636;15.0;17;26.4;54.6;50.1;0.416;265.0
rn;18872;UMARIZAL;Rio Grande Do Norte;Nordeste;-5.98694;-37.81891;8842;1487;16.82;31;25.0;49.9;46.6;0.387;576.0
rn;18899;UPANEMA;Rio Grande Do Norte;Nordeste;-5.64246;-37.26168;12260;2128;17.36;38;26.3;50.0;49.6;0.402;857.0
rn;16187;VENHA-VER;Rio Grande Do Norte;Nordeste;-6.3172;-38.49598;3918;911;23.25;12;28.8;62.7;50.8;0.451;411.0
rn;18953;VERA CRUZ;Rio Grande Do Norte;Nordeste;-6.04379;-35.43628;11417;2099;18.38;33;28.8;55.5;48.7;0.427;896.0
rn;18996;VILA FLOR;Rio Grande Do Norte;Nordeste;-6.31693;-35.07688;3254;546;16.78;10;31.7;55.0;48.0;0.438;239.0
rn;18970;VIÇOSA;Rio Grande Do Norte;Nordeste;-5.9928;-37.94671;1958;394;20.12;6;27.7;49.9;47.5;0.403;159.0
rn;18910;VÁRZEA;Rio Grande Do Norte;Nordeste;-6.346;-35.3741;5584;853;15.28;26;25.9;49.3;49.7;0.399;340.0
rn;16071;ÁGUA NOVA;Rio Grande Do Norte;Nordeste;-6.20715;-38.29281;3009;478;15.89;11;29.0;49.1;48.8;0.411;197.0
rs;88986;ACEGUÁ;Rio Grande Do Sul;Sul;-31.76248;-54.13292;3982;947;23.78;12;21.1;51.9;49.3;0.378;358.0
rs;85014;AGUDO;Rio Grande Do Sul;Sul;-29.61442;-53.24057;12534;1837;14.66;48;22.2;55.0;49.1;0.391;719.0
rs;85030;AJURICABA;Rio Grande Do Sul;Sul;-28.22984;-53.75162;5799;851;14.67;21;19.6;49.6;49.1;0.363;309.0
rs;85057;ALECRIM;Rio Grande Do Sul;Sul;-27.65511;-54.77131;5602;905;16.15;26;18.9;59.9;50.4;0.385;348.0
rs;85073;ALEGRETE;Rio Grande Do Sul;Sul;-29.79028;-55.78166;55756;15036;26.97;194;21.0;40.7;47.4;0.344;5170.0
rs;85545;ALEGRIA;Rio Grande Do Sul;Sul;-27.82337;-54.06175;3209;553;17.23;14;18.9;57.3;50.7;0.38;210.0
rs;89001;ALMIRANTE TAMANDARÉ DO SUL;Rio Grande Do Sul;Sul;-28.10244;-52.91827;1979;300;15.16;8;19.3;46.6;49.6;0.354;106.0
rs;85090;ALPESTRE;Rio Grande Do Sul;Sul;-27.24181;-53.06113;6272;1296;20.66;22;20.3;59.6;51.4;0.397;514.0
rs;84808;ALTO ALEGRE;Rio Grande Do Sul;Sul;-28.77513;-52.99105;1850;295;15.95;6;21.7;43.5;50.4;0.362;107.0
rs;86282;ALTO FELIZ;Rio Grande Do Sul;Sul;-29.37377;-51.30547;2870;456;15.89;9;20.2;55.2;52.3;0.388;177.0
rs;85111;ALVORADA;Rio Grande Do Sul;Sul;-30.00839;-51.06698;135997;32519;23.91;426;28.5;38.5;46.1;0.37;12020.0
rs;86045;AMARAL FERRADOR;Rio Grande Do Sul;Sul;-30.84982;-52.26935;4601;927;20.15;15;24.6;62.2;51.3;0.428;397.0
rs;86304;AMETISTA DO SUL;Rio Grande Do Sul;Sul;-27.36762;-53.1908;6067;850;14.01;19;25.7;51.8;49.3;0.403;343.0
rs;86100;ANDRÉ DA ROCHA;Rio Grande Do Sul;Sul;-28.62878;-51.57414;1399;247;17.66;4;21.4;46.8;51.4;0.372;92.0
rs;85138;ANTA GORDA;Rio Grande Do Sul;Sul;-28.9753;-52.00059;4872;784;16.09;16;18.4;53.1;49.9;0.365;286.0
rs;85154;ANTÔNIO PRADO;Rio Grande Do Sul;Sul;-28.86418;-51.29399;10712;1563;14.59;39;21.1;42.9;49.1;0.354;554.0
rs;86320;ARAMBARÉ;Rio Grande Do Sul;Sul;-30.94461;-51.50282;3684;904;24.54;13;19.2;49.4;47.5;0.356;321.0
rs;88862;ARARICÁ;Rio Grande Do Sul;Sul;-29.6209;-50.9257;6414;1118;17.43;18;26.5;51.2;48.5;0.404;451.0
rs;85170;ARATIBA;Rio Grande Do Sul;Sul;-27.40063;-52.29335;6202;988;15.93;20;20.0;49.6;50.5;0.369;364.0
rs;85197;ARROIO DO MEIO;Rio Grande Do Sul;Sul;-29.38484;-51.95267;17325;2438;14.07;56;21.6;41.3;48.8;0.352;857.0
rs;89028;ARROIO DO PADRE;Rio Grande Do Sul;Sul;-31.43402;-52.40397;2775;334;12.04;10;22.1;65.9;51.8;0.422;141.0
rs;85308;ARROIO DO SAL;Rio Grande Do Sul;Sul;-29.53432;-49.8811;9495;2181;22.97;29;18.7;40.7;47.0;0.33;719.0
rs;85235;ARROIO DO TIGRE;Rio Grande Do Sul;Sul;-29.31925;-53.08144;9941;1541;15.5;38;23.4;55.8;48.9;0.4;616.0
rs;85219;ARROIO DOS RATOS;Rio Grande Do Sul;Sul;-30.09091;-51.73162;10249;2387;23.29;35;22.7;45.5;46.9;0.364;870.0
rs;85251;ARROIO GRANDE;Rio Grande Do Sul;Sul;-32.22846;-53.06266;14461;3124;21.6;52;23.9;48.5;48.0;0.382;1192.0
rs;85278;ARVOREZINHA;Rio Grande Do Sul;Sul;-28.8679;-52.17875;8656;1628;18.81;28;23.4;52.0;48.8;0.39;635.0
rs;85294;AUGUSTO PESTANA;Rio Grande Do Sul;Sul;-28.52435;-54.00436;5869;877;14.94;27;20.4;49.6;48.6;0.367;321.0
rs;85316;BAGÉ;Rio Grande Do Sul;Sul;-31.32693;-54.10083;87802;23443;26.7;274;23.5;41.5;46.3;0.356;8344.0
rs;88927;BALNEÁRIO PINHAL;Rio Grande Do Sul;Sul;-30.25927;-50.25517;11040;3342;30.27;30;18.6;46.2;46.4;0.342;1143.0
rs;86363;BARRA DO GUARITA;Rio Grande Do Sul;Sul;-27.20274;-53.7383;2600;555;21.35;10;25.0;49.3;49.4;0.393;218.0
rs;88625;BARRA DO QUARAÍ;Rio Grande Do Sul;Sul;-30.20262;-57.5304;3355;888;26.47;11;26.3;44.9;50.5;0.391;347.0
rs;85375;BARRA DO RIBEIRO;Rio Grande Do Sul;Sul;-30.30482;-51.33627;10239;2497;24.39;33;23.9;45.9;48.4;0.376;939.0
rs;86380;BARRA DO RIO AZUL;Rio Grande Do Sul;Sul;-27.40567;-52.41973;1751;182;10.39;6;18.3;53.3;52.4;0.371;67.0
rs;86401;BARRA FUNDA;Rio Grande Do Sul;Sul;-27.91946;-53.02592;2716;350;12.89;13;22.6;39.4;49.4;0.353;124.0
rs;85359;BARRACÃO;Rio Grande Do Sul;Sul;-27.68001;-51.45182;4352;906;20.82;16;21.4;56.3;49.7;0.391;355.0
rs;85391;BARROS CASSAL;Rio Grande Do Sul;Sul;-29.11134;-52.57543;8271;1897;22.94;27;24.4;60.8;51.1;0.423;803.0
rs;86223;BARÃO;Rio Grande Do Sul;Sul;-29.38342;-51.49424;5073;641;12.64;17;22.1;48.0;49.4;0.374;240.0
rs;85332;BARÃO DE COTEGIPE;Rio Grande Do Sul;Sul;-27.62212;-52.38099;5354;804;15.02;19;22.4;49.1;51.2;0.383;308.0
rs;86347;BARÃO DO TRIUNFO;Rio Grande Do Sul;Sul;-30.44062;-51.78411;4618;854;18.49;16;25.1;63.1;53.2;0.438;374.0
rs;88420;BENJAMIN CONSTANT DO SUL;Rio Grande Do Sul;Sul;-27.49378;-52.62405;2125;452;21.27;9;32.2;55.8;50.9;0.451;204.0
rs;85413;BENTO GONÇALVES;Rio Grande Do Sul;Sul;-29.15988;-51.51771;92061;16896;18.35;266;21.7;36.0;47.2;0.333;5625.0
rs;86428;BOA VISTA DAS MISSÕES;Rio Grande Do Sul;Sul;-27.69516;-53.31282;2075;388;18.7;7;25.9;55.3;49.4;0.414;161.0
rs;85430;BOA VISTA DO BURICÁ;Rio Grande Do Sul;Sul;-27.67235;-54.10739;5645;767;13.59;19;20.4;44.6;48.6;0.354;271.0
rs;89044;BOA VISTA DO CADEADO;Rio Grande Do Sul;Sul;-28.59023;-53.82531;2067;391;18.92;10;20.8;54.2;51.1;0.386;151.0
rs;89060;BOA VISTA DO INCRA;Rio Grande Do Sul;Sul;-28.81475;-53.41867;2195;330;15.03;9;22.5;47.3;49.4;0.375;124.0
rs;88161;BOA VISTA DO SUL;Rio Grande Do Sul;Sul;-29.34331;-51.67061;2527;410;16.22;10;17.3;60.9;52.4;0.381;156.0
rs;85456;BOM JESUS;Rio Grande Do Sul;Sul;-28.67752;-50.43347;8592;2041;23.75;32;26.1;51.4;47.8;0.4;817.0
rs;98230;BOM PRINCÍPIO;Rio Grande Do Sul;Sul;-29.4832;-51.35892;10683;1459;13.66;32;22.1;48.8;49.4;0.376;549.0
rs;86444;BOM PROGRESSO;Rio Grande Do Sul;Sul;-27.54466;-53.8585;2604;491;18.86;11;24.0;50.5;49.4;0.391;192.0
rs;85472;BOM RETIRO DO SUL;Rio Grande Do Sul;Sul;-29.60977;-51.9352;9902;1742;17.59;34;23.3;49.4;47.5;0.38;662.0
rs;84921;BOQUEIRÃO DO LEÃO;Rio Grande Do Sul;Sul;-29.30496;-52.41361;5325;859;16.13;22;23.7;59.6;51.1;0.417;358.0
rs;85499;BOSSOROCA;Rio Grande Do Sul;Sul;-28.66425;-54.95609;5117;1256;24.55;23;19.5;52.8;50.4;0.373;468.0
rs;89087;BOZANO;Rio Grande Do Sul;Sul;-28.35294;-53.75378;2625;401;15.28;11;20.7;49.3;50.6;0.372;149.0
rs;85510;BRAGA;Rio Grande Do Sul;Sul;-27.59959;-53.73154;2865;601;20.98;12;24.6;52.3;49.4;0.399;240.0
rs;85065;BROCHIER;Rio Grande Do Sul;Sul;-29.54219;-51.61447;3961;596;15.05;15;20.9;56.6;49.6;0.389;232.0
rs;85537;BUTIÁ;Rio Grande Do Sul;Sul;-30.12447;-51.96762;14823;3505;23.65;46;24.1;47.9;47.9;0.381;1336.0
rs;85570;CACEQUI;Rio Grande Do Sul;Sul;-29.88893;-54.83415;8495;2145;25.25;32;20.3;43.9;47.9;0.35;750.0
rs;85596;CACHOEIRA DO SUL;Rio Grande Do Sul;Sul;-30.0416;-52.91282;64488;18059;28.0;218;21.0;44.6;47.2;0.354;6385.0
rs;85618;CACHOEIRINHA;Rio Grande Do Sul;Sul;-29.92987;-51.08592;102594;23958;23.35;277;24.2;37.6;46.3;0.348;8330.0
rs;85634;CACIQUE DOBLE;Rio Grande Do Sul;Sul;-27.78739;-51.67695;3985;739;18.54;15;23.4;51.4;49.4;0.39;288.0
rs;85650;CAIBATÉ;Rio Grande Do Sul;Sul;-28.30464;-54.63616;4013;723;18.02;15;19.6;52.0;50.5;0.372;269.0
rs;85677;CAIÇARA;Rio Grande Do Sul;Sul;-27.25036;-53.4719;4303;738;17.15;14;22.9;55.2;50.7;0.4;295.0
rs;85693;CAMAQUÃ;Rio Grande Do Sul;Sul;-30.84494;-51.81655;49751;10808;21.72;168;22.9;50.2;47.7;0.38;4107.0
rs;85960;CAMARGO;Rio Grande Do Sul;Sul;-28.60175;-52.21397;2637;388;14.71;11;22.5;49.7;49.6;0.381;148.0
rs;85715;CAMBARÁ DO SUL;Rio Grande Do Sul;Sul;-29.03538;-50.12778;5136;1004;19.55;19;24.8;43.5;50.6;0.38;381.0
rs;86460;CAMPESTRE DA SERRA;Rio Grande Do Sul;Sul;-28.79131;-51.08633;2886;529;18.33;11;20.7;56.0;51.4;0.391;207.0
rs;85731;CAMPINA DAS MISSÕES;Rio Grande Do Sul;Sul;-27.97549;-54.82767;4989;776;15.55;25;19.3;47.7;49.5;0.357;277.0
rs;85758;CAMPINAS DO SUL;Rio Grande Do Sul;Sul;-27.71666;-52.62506;4618;634;13.73;18;21.6;43.7;47.4;0.355;225.0
rs;85774;CAMPO BOM;Rio Grande Do Sul;Sul;-29.67925;-51.05921;51980;9728;18.71;164;22.6;40.8;47.4;0.352;3426.0
rs;85790;CAMPO NOVO;Rio Grande Do Sul;Sul;-27.67159;-53.80842;3967;820;20.67;16;24.5;47.2;48.5;0.383;314.0
rs;85200;CAMPOS BORGES;Rio Grande Do Sul;Sul;-28.88565;-52.99983;3183;612;19.23;9;21.9;47.7;49.6;0.373;228.0
rs;85812;CANDELÁRIA;Rio Grande Do Sul;Sul;-29.66944;-52.81228;22407;4443;19.83;91;23.5;56.6;48.1;0.4;1777.0
rs;86487;CANDIOTA;Rio Grande Do Sul;Sul;-31.53022;-53.72209;8121;1844;22.71;26;26.5;44.5;50.5;0.391;720.0
rs;85855;CANELA;Rio Grande Do Sul;Sul;-29.35806;-50.80689;34975;8314;23.77;109;25.0;36.8;46.5;0.35;2909.0
rs;85871;CANGUÇU;Rio Grande Do Sul;Sul;-31.32971;-52.66522;43549;9116;20.93;152;22.5;64.1;50.0;0.416;3792.0
rs;85898;CANOAS;Rio Grande Do Sul;Sul;-29.92129;-51.17536;253142;58847;23.25;760;24.3;32.2;46.2;0.33;19448.0
rs;89109;CANUDOS DO VALE;Rio Grande Do Sul;Sul;-29.32763;-52.23606;1944;259;13.32;10;19.3;63.2;53.1;0.402;104.0
rs;84891;CAPELA DE SANTANA;Rio Grande Do Sul;Sul;-29.67897;-51.32989;8031;1495;18.62;26;25.3;55.3;48.7;0.408;611.0
rs;86509;CAPITÃO;Rio Grande Do Sul;Sul;-29.28063;-51.98618;2872;474;16.5;12;23.2;53.2;50.9;0.397;188.0
rs;88200;CAPIVARI DO SUL;Rio Grande Do Sul;Sul;-30.15535;-50.50298;3711;697;18.78;12;24.4;42.6;49.5;0.372;259.0
rs;89125;CAPÃO BONITO DO SUL;Rio Grande Do Sul;Sul;-28.18848;-51.41744;2112;384;18.18;9;22.9;48.7;52.0;0.387;149.0
rs;89150;CAPÃO DA CANOA;Rio Grande Do Sul;Sul;-29.73923;-50.0137;46049;11414;24.79;123;23.8;36.3;45.7;0.341;3889.0
rs;89141;CAPÃO DO CIPÓ;Rio Grande Do Sul;Sul;-28.93761;-54.57755;3105;748;24.09;13;22.3;55.2;51.8;0.399;299.0
rs;89737;CAPÃO DO LEÃO;Rio Grande Do Sul;Sul;-31.76559;-52.46568;18455;3792;20.55;57;26.6;51.3;47.5;0.402;1523.0
rs;85910;CARAZINHO;Rio Grande Do Sul;Sul;-28.29394;-52.79506;45685;9343;20.45;150;22.9;34.4;46.1;0.331;3095.0
rs;88340;CARAÁ;Rio Grande Do Sul;Sul;-29.78048;-50.3786;6518;1414;21.69;20;19.2;60.2;51.7;0.391;553.0
rs;85936;CARLOS BARBOSA;Rio Grande Do Sul;Sul;-29.30311;-51.5098;23696;3270;13.8;78;21.7;36.0;48.6;0.336;1098.0
rs;86525;CARLOS GOMES;Rio Grande Do Sul;Sul;-27.71621;-51.91277;1396;203;14.54;5;22.0;56.4;50.2;0.396;80.0
rs;85952;CASCA;Rio Grande Do Sul;Sul;-28.57642;-51.9693;7527;1146;15.23;22;20.5;39.0;48.1;0.337;387.0
rs;85880;CASEIROS;Rio Grande Do Sul;Sul;-28.27058;-51.69305;3182;659;20.71;10;25.7;50.3;50.1;0.402;265.0
rs;85979;CATUÍPE;Rio Grande Do Sul;Sul;-28.22531;-54.02178;7517;1132;15.06;32;20.6;48.0;48.3;0.363;411.0
rs;85995;CAXIAS DO SUL;Rio Grande Do Sul;Sul;-29.16278;-51.1739;342998;64272;18.74;1125;22.9;29.3;47.2;0.316;20328.0
rs;85553;CAÇAPAVA DO SUL;Rio Grande Do Sul;Sul;-30.51704;-53.47569;25010;5758;23.02;98;21.3;46.5;47.5;0.361;2077.0
rs;86541;CENTENÁRIO;Rio Grande Do Sul;Sul;-27.7685;-52.00846;2650;319;12.04;9;20.4;56.8;51.7;0.391;125.0
rs;88641;CERRITO;Rio Grande Do Sul;Sul;-31.75248;-54.1926;5309;1188;22.38;22;21.2;55.7;50.1;0.39;463.0
rs;86088;CERRO BRANCO;Rio Grande Do Sul;Sul;-29.63692;-52.97961;3490;643;18.42;19;19.8;63.1;50.6;0.399;256.0
rs;85227;CERRO GRANDE;Rio Grande Do Sul;Sul;-27.61056;-53.16793;2482;559;22.52;8;24.8;57.7;50.6;0.417;233.0
rs;85944;CERRO GRANDE DO SUL;Rio Grande Do Sul;Sul;-30.57893;-51.75743;7118;1312;18.43;23;25.4;60.7;49.9;0.425;558.0
rs;86010;CERRO LARGO;Rio Grande Do Sul;Sul;-28.14117;-54.73636;10195;1770;17.36;39;21.8;39.4;48.7;0.347;615.0
rs;86037;CHAPADA;Rio Grande Do Sul;Sul;-28.04688;-53.07653;7697;1121;14.56;29;20.0;48.5;47.4;0.358;401.0
rs;86932;CHARQUEADAS;Rio Grande Do Sul;Sul;-29.96277;-51.62512;24424;4666;19.1;82;24.0;33.1;47.5;0.335;1564.0
rs;86568;CHARRUA;Rio Grande Do Sul;Sul;-27.9495;-52.01526;2510;425;16.93;11;27.9;64.3;49.4;0.446;189.0
rs;86053;CHIAPETTA;Rio Grande Do Sul;Sul;-27.93745;-53.9366;3635;683;18.79;13;24.0;47.2;49.5;0.383;261.0
rs;88269;CHUVISCA;Rio Grande Do Sul;Sul;-30.75377;-51.97694;4354;609;13.99;14;25.3;66.0;52.9;0.445;271.0
rs;88846;CHUÍ;Rio Grande Do Sul;Sul;-33.68862;-53.46089;4888;1424;29.13;14;25.0;40.3;46.1;0.36;512.0
rs;85804;CIDREIRA;Rio Grande Do Sul;Sul;-30.18214;-50.21378;12724;4035;31.71;40;19.5;41.8;45.9;0.335;1351.0
rs;86070;CIRÍACO;Rio Grande Do Sul;Sul;-28.35925;-51.88809;3627;575;15.85;14;21.2;48.6;50.5;0.373;215.0
rs;86584;COLINAS;Rio Grande Do Sul;Sul;-29.39142;-51.87572;2354;364;15.46;8;17.5;49.7;49.6;0.351;128.0
rs;86096;COLORADO;Rio Grande Do Sul;Sul;-28.50957;-52.98858;2995;545;18.2;11;19.4;49.6;49.0;0.361;197.0
rs;86118;CONDOR;Rio Grande Do Sul;Sul;-28.19628;-53.49343;6118;1238;20.24;22;22.8;48.0;49.6;0.378;469.0
rs;86134;CONSTANTINA;Rio Grande Do Sul;Sul;-27.72329;-52.99556;8077;1495;18.51;27;22.3;47.1;47.6;0.369;551.0
rs;89168;COQUEIRO BAIXO;Rio Grande Do Sul;Sul;-29.17844;-52.11323;1351;256;18.95;8;15.6;64.2;50.0;0.369;94.0
rs;86606;COQUEIROS DO SUL;Rio Grande Do Sul;Sul;-28.09887;-52.77149;2451;366;14.93;10;21.5;51.1;50.5;0.381;140.0
rs;86622;CORONEL BARROS;Rio Grande Do Sul;Sul;-28.39037;-54.05427;2668;375;14.06;10;21.8;49.9;49.9;0.379;142.0
rs;86150;CORONEL BICACO;Rio Grande Do Sul;Sul;-27.73357;-53.68788;5810;1296;22.31;24;23.6;53.5;48.6;0.395;511.0
rs;89184;CORONEL PILAR;Rio Grande Do Sul;Sul;-29.27503;-51.70895;1569;228;14.53;6;17.6;59.8;52.3;0.38;87.0
rs;89770;COTIPORÃ;Rio Grande Do Sul;Sul;-28.97996;-51.68785;3488;564;16.17;12;18.9;51.1;51.9;0.369;208.0
rs;86649;COXILHA;Rio Grande Do Sul;Sul;-28.11707;-52.28615;2867;493;17.2;10;25.8;48.2;49.1;0.394;194.0
rs;86177;CRISSIUMAL;Rio Grande Do Sul;Sul;-27.48571;-54.11734;10489;1990;18.97;48;19.6;51.2;48.6;0.365;727.0
rs;85464;CRISTAL;Rio Grande Do Sul;Sul;-30.97774;-52.07975;6418;1381;21.52;19;24.5;60.1;49.8;0.418;578.0
rs;88528;CRISTAL DO SUL;Rio Grande Do Sul;Sul;-27.44244;-53.25207;2662;427;16.04;11;22.6;56.1;50.1;0.399;170.0
rs;86193;CRUZ ALTA;Rio Grande Do Sul;Sul;-28.64364;-53.603;45724;10486;22.93;153;22.9;36.9;45.5;0.337;3538.0
rs;89206;CRUZALTENSE;Rio Grande Do Sul;Sul;-27.66756;-52.64394;1928;277;14.37;8;21.7;56.7;51.8;0.4;111.0
rs;86215;CRUZEIRO DO SUL;Rio Grande Do Sul;Sul;-29.52533;-52.01881;9328;1695;18.17;38;21.5;51.3;49.0;0.378;640.0
rs;85839;CÂNDIDO GODÓI;Rio Grande Do Sul;Sul;-27.93719;-54.72561;5545;641;11.56;23;21.1;48.8;50.2;0.373;239.0
rs;86231;DAVID CANABARRO;Rio Grande Do Sul;Sul;-28.41972;-51.82377;4085;620;15.18;13;22.6;45.5;49.7;0.371;230.0
rs;86665;DERRUBADAS;Rio Grande Do Sul;Sul;-27.26748;-53.86547;2624;473;18.03;14;23.0;54.4;50.3;0.398;188.0
rs;85049;DEZESSEIS DE NOVEMBRO;Rio Grande Do Sul;Sul;-28.20035;-55.07528;2615;607;23.21;13;23.2;53.0;51.7;0.399;242.0
rs;88188;DILERMANDO DE AGUIAR;Rio Grande Do Sul;Sul;-29.77217;-54.17358;3281;764;23.29;14;19.7;56.5;52.2;0.388;296.0
rs;86258;DOIS IRMÃOS;Rio Grande Do Sul;Sul;-29.58935;-51.09154;24787;3778;15.24;85;22.1;39.8;47.4;0.347;1311.0
rs;86681;DOIS IRMÃOS DAS MISSÕES;Rio Grande Do Sul;Sul;-27.65613;-53.49959;2066;403;19.51;8;23.8;53.2;50.7;0.401;161.0
rs;84824;DOIS LAJEADOS;Rio Grande Do Sul;Sul;-28.97964;-51.84122;3119;552;17.7;8;18.4;49.9;49.7;0.357;197.0
rs;86274;DOM FELICIANO;Rio Grande Do Sul;Sul;-30.691;-52.11479;10375;2047;19.73;36;24.3;68.3;50.6;0.438;896.0
rs;86290;DOM PEDRITO;Rio Grande Do Sul;Sul;-30.98129;-54.67307;29233;7966;27.25;117;21.5;47.8;46.9;0.364;2899.0
rs;88463;DOM PEDRO DE ALCÂNTARA;Rio Grande Do Sul;Sul;-29.3692;-49.85207;2646;395;14.93;11;21.1;52.8;50.8;0.384;152.0
rs;86312;DONA FRANCISCA;Rio Grande Do Sul;Sul;-29.59366;-53.34854;3059;577;18.86;11;23.9;52.1;49.0;0.393;227.0
rs;84883;DOUTOR MAURÍCIO CARDOSO;Rio Grande Do Sul;Sul;-27.49052;-54.36299;3822;615;16.09;17;19.6;52.9;48.9;0.37;228.0
rs;88307;DOUTOR RICARDO;Rio Grande Do Sul;Sul;-29.0938;-51.98287;2080;396;19.04;8;20.9;55.1;51.2;0.389;154.0
rs;86240;ELDORADO DO SUL;Rio Grande Do Sul;Sul;-30.02542;-51.36726;26775;6302;23.54;78;27.1;40.3;46.7;0.371;2338.0
rs;86339;ENCANTADO;Rio Grande Do Sul;Sul;-29.23199;-51.8858;16617;2668;16.06;58;20.8;40.3;47.3;0.341;910.0
rs;86355;ENCRUZILHADA DO SUL;Rio Grande Do Sul;Sul;-30.57707;-52.5631;18702;4281;22.89;72;24.1;55.6;48.8;0.403;1724.0
rs;86703;ENGENHO VELHO;Rio Grande Do Sul;Sul;-27.7087;-52.91247;1179;209;17.73;5;25.2;54.6;50.0;0.41;86.0
rs;85928;ENTRE RIOS DO SUL;Rio Grande Do Sul;Sul;-27.53263;-52.72692;2654;572;21.55;9;22.1;51.8;50.2;0.386;221.0
rs;85103;ENTRE-IJUÍS;Rio Grande Do Sul;Sul;-28.37484;-54.26453;7421;1391;18.74;22;20.5;51.5;49.0;0.373;519.0
rs;85081;EREBANGO;Rio Grande Do Sul;Sul;-27.85091;-52.30123;2616;510;19.5;8;26.4;53.2;49.0;0.41;209.0
rs;86371;ERECHIM;Rio Grande Do Sul;Sul;-27.64107;-52.27085;79130;14396;18.19;245;22.3;32.7;46.1;0.323;4648.0
rs;85022;ERNESTINA;Rio Grande Do Sul;Sul;-28.46032;-52.5689;2930;498;17.0;10;20.6;42.8;50.3;0.354;176.0
rs;86410;ERVAL GRANDE;Rio Grande Do Sul;Sul;-27.38816;-52.56481;4359;743;17.05;16;22.0;58.7;49.9;0.401;298.0
rs;86436;ERVAL SECO;Rio Grande Do Sul;Sul;-27.53345;-53.50765;5497;990;18.01;25;22.4;55.8;49.4;0.395;391.0
rs;86452;ESMERALDA;Rio Grande Do Sul;Sul;-28.02802;-51.18795;2884;662;22.95;11;23.2;53.4;48.9;0.393;260.0
rs;88285;ESPERANÇA DO SUL;Rio Grande Do Sul;Sul;-27.34094;-54.00386;3315;562;16.95;14;20.6;61.9;50.9;0.402;226.0
rs;86479;ESPUMOSO;Rio Grande Do Sul;Sul;-28.7633;-52.84325;12400;2228;17.97;37;21.9;44.7;47.8;0.36;802.0
rs;85286;ESTAÇÃO;Rio Grande Do Sul;Sul;-27.91617;-52.26397;4871;769;15.79;16;21.0;43.1;48.5;0.353;272.0
rs;86517;ESTEIO;Rio Grande Do Sul;Sul;-29.85216;-51.15953;65833;15621;23.73;216;22.8;32.2;46.7;0.325;5073.0
rs;86533;ESTRELA;Rio Grande Do Sul;Sul;-29.49605;-51.95092;24675;4437;17.98;80;22.2;37.8;47.6;0.342;1517.0
rs;88404;ESTRELA VELHA;Rio Grande Do Sul;Sul;-29.20374;-53.17267;2953;554;18.76;15;22.9;58.2;51.4;0.409;227.0
rs;86495;ESTÂNCIA VELHA;Rio Grande Do Sul;Sul;-29.65744;-51.17208;37229;6870;18.45;108;23.2;39.2;47.3;0.35;2407.0
rs;85448;EUGÊNIO DE CASTRO;Rio Grande Do Sul;Sul;-28.52793;-54.16581;2554;482;18.87;8;20.8;58.0;49.9;0.392;189.0
rs;84930;FAGUNDES VARELA;Rio Grande Do Sul;Sul;-28.88298;-51.70247;2439;389;15.95;8;18.5;49.3;50.4;0.358;139.0
rs;86550;FARROUPILHA;Rio Grande Do Sul;Sul;-29.22327;-51.35121;57062;9885;17.32;182;22.8;35.1;47.6;0.337;3327.0
rs;86576;FAXINAL DO SOTURNO;Rio Grande Do Sul;Sul;-29.57125;-53.45898;5638;1149;20.38;21;21.5;44.9;48.0;0.359;413.0
rs;86029;FAXINALZINHO;Rio Grande Do Sul;Sul;-27.40574;-52.66568;2419;495;20.46;8;25.9;53.8;50.7;0.413;205.0
rs;88366;FAZENDA VILANOVA;Rio Grande Do Sul;Sul;-29.58714;-51.83591;3798;697;18.35;13;23.7;54.3;49.5;0.399;278.0
rs;86592;FELIZ;Rio Grande Do Sul;Sul;-29.4538;-51.29584;11110;1770;15.93;37;21.5;43.9;48.3;0.357;632.0
rs;86614;FLORES DA CUNHA;Rio Grande Do Sul;Sul;-29.04002;-51.19349;25103;3969;15.81;78;22.2;40.5;48.8;0.353;1401.0
rs;88242;FLORIANO PEIXOTO;Rio Grande Do Sul;Sul;-27.84845;-52.04747;1811;331;18.28;7;17.9;66.3;52.0;0.395;131.0
rs;86630;FONTOURA XAVIER;Rio Grande Do Sul;Sul;-28.98997;-52.35819;8245;1851;22.45;31;24.6;55.5;50.9;0.411;761.0
rs;86657;FORMIGUEIRO;Rio Grande Do Sul;Sul;-29.99669;-53.49759;5763;1281;22.23;22;21.3;53.6;50.1;0.386;494.0
rs;89222;FORQUETINHA;Rio Grande Do Sul;Sul;-29.38764;-52.12472;2588;353;13.64;12;17.9;58.8;52.6;0.381;134.0
rs;98272;FORTALEZA DOS VALOS;Rio Grande Do Sul;Sul;-28.81606;-53.23137;3686;524;14.22;12;22.9;45.9;48.7;0.371;195.0
rs;86673;FREDERICO WESTPHALEN;Rio Grande Do Sul;Sul;-27.35538;-53.38828;25048;4925;19.66;80;23.7;39.9;46.9;0.354;1742.0
rs;86690;GARIBALDI;Rio Grande Do Sul;Sul;-29.2533;-51.53522;26403;3802;14.4;80;21.8;36.5;47.9;0.337;1280.0
rs;86720;GARRUCHOS;Rio Grande Do Sul;Sul;-28.20932;-55.54695;2516;645;25.64;11;20.9;57.5;50.9;0.394;254.0
rs;86711;GAURAMA;Rio Grande Do Sul;Sul;-27.58966;-52.10675;5195;733;14.11;19;20.4;44.0;49.1;0.354;259.0
rs;86738;GENERAL CÂMARA;Rio Grande Do Sul;Sul;-29.88835;-51.82833;6173;1360;22.03;23;20.7;49.4;49.8;0.371;504.0
rs;86746;GENTIL;Rio Grande Do Sul;Sul;-28.39956;-52.05135;1673;251;15.0;6;23.4;47.7;51.0;0.385;97.0
rs;86770;GETÚLIO VARGAS;Rio Grande Do Sul;Sul;-27.88313;-52.21904;12197;1848;15.15;41;21.7;40.4;47.9;0.347;642.0
rs;86797;GIRUÁ;Rio Grande Do Sul;Sul;-28.02752;-54.35187;12735;2281;17.91;48;22.5;45.3;47.8;0.366;834.0
rs;85502;GLORINHA;Rio Grande Do Sul;Sul;-29.86789;-50.78915;6780;1455;21.46;20;21.3;44.9;50.9;0.365;532.0
rs;86819;GRAMADO;Rio Grande Do Sul;Sul;-29.38753;-50.87913;34790;7595;21.83;111;23.2;37.1;47.0;0.343;2605.0
rs;86762;GRAMADO DOS LOUREIROS;Rio Grande Do Sul;Sul;-27.44461;-52.91736;2631;510;19.38;8;27.8;53.7;51.5;0.425;217.0
rs;86789;GRAMADO XAVIER;Rio Grande Do Sul;Sul;-29.28042;-52.58807;3049;588;19.29;15;27.1;60.8;51.7;0.44;259.0
rs;86835;GRAVATAÍ;Rio Grande Do Sul;Sul;-29.92706;-51.01121;192077;44217;23.02;539;24.7;39.6;47.0;0.358;15829.0
rs;84867;GUABIJU;Rio Grande Do Sul;Sul;-28.54104;-51.69112;1395;231;16.56;4;16.0;46.6;52.1;0.339;78.0
rs;86878;GUAPORÉ;Rio Grande Do Sul;Sul;-28.84845;-51.89009;18948;3052;16.11;55;22.1;37.4;47.2;0.339;1036.0
rs;86894;GUARANI DAS MISSÕES;Rio Grande Do Sul;Sul;-28.14184;-54.56816;5851;950;16.24;26;20.5;46.2;48.2;0.357;340.0
rs;86851;GUAÍBA;Rio Grande Do Sul;Sul;-30.12097;-51.33914;74475;16571;22.25;231;24.3;36.0;46.9;0.345;5710.0
rs;85189;HARMONIA;Rio Grande Do Sul;Sul;-29.54613;-51.42516;4102;500;12.19;12;22.3;45.1;49.4;0.367;184.0
rs;86398;HERVAL;Rio Grande Do Sul;Sul;-32.02901;-53.39293;5214;1253;24.03;19;23.1;51.8;49.9;0.391;490.0
rs;88323;HERVEIRAS;Rio Grande Do Sul;Sul;-29.44575;-52.66624;2629;532;20.24;10;28.1;67.9;51.7;0.462;246.0
rs;86916;HORIZONTINA;Rio Grande Do Sul;Sul;-27.61731;-54.30645;14887;2687;18.05;57;20.0;34.7;47.4;0.32;860.0
rs;86800;HULHA NEGRA;Rio Grande Do Sul;Sul;-31.42443;-53.87538;4884;1081;22.13;17;25.8;51.1;50.0;0.404;436.0
rs;86959;HUMAITÁ;Rio Grande Do Sul;Sul;-27.57041;-53.9786;4020;579;14.4;19;18.8;50.3;48.2;0.357;207.0
rs;84972;IBARAMA;Rio Grande Do Sul;Sul;-29.42297;-53.15147;3655;669;18.3;15;24.3;61.1;50.2;0.42;281.0
rs;86975;IBIAÇÁ;Rio Grande Do Sul;Sul;-28.08046;-51.8404;3988;593;14.87;15;20.0;49.7;47.9;0.362;215.0
rs;86991;IBIRAIARAS;Rio Grande Do Sul;Sul;-28.37522;-51.63239;5419;823;15.19;19;21.7;49.7;49.2;0.376;309.0
rs;84964;IBIRAPUITÃ;Rio Grande Do Sul;Sul;-28.62477;-52.51107;3410;657;19.27;13;25.0;50.5;50.1;0.398;262.0
rs;87017;IBIRUBÁ;Rio Grande Do Sul;Sul;-28.62164;-53.10347;16439;2557;15.55;55;21.5;40.4;47.2;0.345;882.0
rs;87033;IGREJINHA;Rio Grande Do Sul;Sul;-29.57154;-50.79527;26693;4084;15.3;83;24.4;45.1;47.2;0.373;1523.0
rs;87050;IJUÍ;Rio Grande Do Sul;Sul;-28.38177;-53.91485;63737;12078;18.95;231;22.2;36.0;46.5;0.333;4028.0
rs;87076;ILÓPOLIS;Rio Grande Do Sul;Sul;-28.92912;-52.12429;3634;628;17.28;14;22.0;51.8;49.4;0.384;241.0
rs;85685;IMBÉ;Rio Grande Do Sul;Sul;-29.94328;-50.12013;24070;6427;26.7;65;19.9;37.0;46.5;0.325;2087.0
rs;85782;IMIGRANTE;Rio Grande Do Sul;Sul;-29.34833;-51.77218;2800;499;17.82;9;17.3;50.3;49.0;0.35;174.0
rs;87092;INDEPENDÊNCIA;Rio Grande Do Sul;Sul;-27.87095;-54.18944;5501;897;16.31;22;21.9;51.9;50.4;0.385;346.0
rs;86827;INHACORÁ;Rio Grande Do Sul;Sul;-27.89544;-54.03573;2071;446;21.54;9;22.1;56.4;51.4;0.4;179.0
rs;85243;IPIRANGA DO SUL;Rio Grande Do Sul;Sul;-27.93335;-52.40925;2098;304;14.49;8;20.1;47.5;50.7;0.364;111.0
rs;84999;IPÊ;Rio Grande Do Sul;Sul;-28.77833;-51.31498;5497;901;16.39;20;19.1;48.8;50.2;0.361;325.0
rs;87114;IRAÍ;Rio Grande Do Sul;Sul;-27.21286;-53.24985;5812;1194;20.54;20;22.2;51.7;48.4;0.382;456.0
rs;88382;ITAARA;Rio Grande Do Sul;Sul;-29.59863;-53.76801;4530;900;19.87;14;21.5;38.9;50.5;0.348;313.0
rs;85901;ITACURUBI;Rio Grande Do Sul;Sul;-28.78402;-55.27044;2718;596;21.93;13;20.8;58.0;50.5;0.393;234.0
rs;86843;ITAPUCA;Rio Grande Do Sul;Sul;-28.77547;-52.19299;1824;358;19.63;6;24.3;61.9;50.4;0.424;152.0
rs;87130;ITAQUI;Rio Grande Do Sul;Sul;-29.13629;-56.53864;26152;7472;28.57;80;24.3;44.5;47.8;0.373;2784.0
rs;89249;ITATI;Rio Grande Do Sul;Sul;-29.50021;-50.1218;3450;587;17.01;11;22.7;57.8;51.2;0.407;239.0
rs;87157;ITATIBA DO SUL;Rio Grande Do Sul;Sul;-27.40117;-52.45577;3342;594;17.77;13;21.3;59.5;52.4;0.405;241.0
rs;85626;IVORÁ;Rio Grande Do Sul;Sul;-29.51699;-53.59214;1809;370;20.45;8;18.6;49.6;50.6;0.36;133.0
rs;87173;IVOTI;Rio Grande Do Sul;Sul;-29.60365;-51.16505;17002;2158;12.69;53;21.6;33.0;47.4;0.323;698.0
rs;84786;JABOTICABA;Rio Grande Do Sul;Sul;-27.64239;-53.28272;3370;628;18.64;13;21.5;57.5;49.9;0.395;248.0
rs;89265;JACUIZINHO;Rio Grande Do Sul;Sul;-29.045;-53.03625;2056;341;16.59;10;23.0;57.4;52.4;0.41;140.0
rs;87190;JACUTINGA;Rio Grande Do Sul;Sul;-27.72807;-52.53653;2991;444;14.84;12;20.1;45.5;48.3;0.353;157.0
rs;87238;JAGUARI;Rio Grande Do Sul;Sul;-29.46919;-54.65963;8702;1696;19.49;39;19.9;48.1;49.5;0.362;614.0
rs;87211;JAGUARÃO;Rio Grande Do Sul;Sul;-32.54985;-53.37565;20370;5295;25.99;65;22.2;44.2;46.1;0.356;1886.0
rs;84905;JAQUIRANA;Rio Grande Do Sul;Sul;-28.89321;-50.40252;3757;925;24.62;15;23.1;59.2;50.9;0.411;380.0
rs;88587;JARI;Rio Grande Do Sul;Sul;-29.32355;-54.31557;2794;530;18.97;12;19.2;66.4;51.9;0.404;214.0
rs;98299;JÓIA;Rio Grande Do Sul;Sul;-28.70924;-54.11218;6196;1107;17.87;28;22.5;55.4;50.7;0.399;441.0
rs;87254;JÚLIO DE CASTILHOS;Rio Grande Do Sul;Sul;-29.25577;-53.67426;14988;3212;21.43;55;23.1;44.8;47.5;0.366;1177.0
rs;89281;LAGOA BONITA DO SUL;Rio Grande Do Sul;Sul;-29.49414;-53.04225;2310;426;18.44;12;23.2;58.3;51.7;0.412;175.0
rs;86886;LAGOA DOS TRÊS CANTOS;Rio Grande Do Sul;Sul;-28.56909;-52.85085;1717;238;13.86;5;20.1;37.8;49.1;0.334;79.0
rs;87270;LAGOA VERMELHA;Rio Grande Do Sul;Sul;-28.21547;-51.52248;19900;3847;19.33;74;24.0;40.5;47.5;0.359;1379.0
rs;85260;LAGOÃO;Rio Grande Do Sul;Sul;-29.24028;-52.78541;4895;893;18.24;20;24.2;64.8;51.1;0.431;385.0
rs;87297;LAJEADO;Rio Grande Do Sul;Sul;-29.4543;-51.98131;64158;12287;19.15;189;22.9;33.5;46.0;0.328;4030.0
rs;86860;LAJEADO DO BUGRE;Rio Grande Do Sul;Sul;-27.69492;-53.18627;2108;495;23.48;6;26.8;60.6;50.5;0.435;215.0
rs;87319;LAVRAS DO SUL;Rio Grande Do Sul;Sul;-30.80883;-53.93448;5420;1130;20.85;19;21.3;45.6;47.4;0.358;405.0
rs;87335;LIBERATO SALZANO;Rio Grande Do Sul;Sul;-27.57475;-53.06946;4425;982;22.19;16;20.9;57.6;50.7;0.394;387.0
rs;86908;LINDOLFO COLLOR;Rio Grande Do Sul;Sul;-29.59298;-51.21133;4683;700;14.95;15;26.3;53.3;50.3;0.413;289.0
rs;86924;LINHA NOVA;Rio Grande Do Sul;Sul;-29.46319;-51.20211;1511;249;16.48;4;17.5;58.3;50.9;0.373;93.0
rs;87351;MACHADINHO;Rio Grande Do Sul;Sul;-27.57988;-51.66989;4842;789;16.29;16;22.4;51.2;49.6;0.385;303.0
rs;88943;MAMPITUBA;Rio Grande Do Sul;Sul;-29.23252;-49.97039;3155;487;15.44;12;24.0;58.1;50.7;0.413;201.0
rs;86940;MANOEL VIANA;Rio Grande Do Sul;Sul;-29.53344;-55.5013;5536;1181;21.33;18;21.6;51.1;48.6;0.377;445.0
rs;86967;MAQUINÉ;Rio Grande Do Sul;Sul;-29.67629;-50.20721;5922;1063;17.95;20;22.8;55.2;49.9;0.398;423.0
rs;86983;MARATÁ;Rio Grande Do Sul;Sul;-29.54837;-51.54779;2435;341;14.0;10;22.2;53.2;50.6;0.391;133.0
rs;87378;MARAU;Rio Grande Do Sul;Sul;-28.44779;-52.20564;31646;4963;15.68;106;23.3;35.8;47.3;0.341;1691.0
rs;87394;MARCELINO RAMOS;Rio Grande Do Sul;Sul;-27.46774;-51.94423;3896;652;16.74;18;20.1;49.9;50.2;0.369;241.0
rs;87009;MARIANA PIMENTEL;Rio Grande Do Sul;Sul;-30.35096;-51.56413;3608;779;21.59;13;21.0;56.7;51.3;0.394;307.0
rs;87416;MARIANO MORO;Rio Grande Do Sul;Sul;-27.35547;-52.14834;2211;382;17.28;8;20.5;50.8;51.4;0.377;144.0
rs;88820;MARQUES DE SOUZA;Rio Grande Do Sul;Sul;-29.29453;-52.13159;3511;608;17.32;17;17.9;57.8;50.3;0.374;227.0
rs;87432;MATA;Rio Grande Do Sul;Sul;-29.54076;-54.45224;4013;869;21.65;15;21.2;55.2;49.5;0.387;336.0
rs;87025;MATO CASTELHANO;Rio Grande Do Sul;Sul;-28.28579;-52.16372;3019;487;16.13;9;22.3;45.1;51.1;0.372;181.0
rs;87041;MATO LEITÃO;Rio Grande Do Sul;Sul;-29.52535;-52.13639;4115;605;14.7;14;21.4;53.2;49.0;0.382;231.0
rs;89303;MATO QUEIMADO;Rio Grande Do Sul;Sul;-28.24835;-54.64167;1617;266;16.45;7;20.6;52.0;49.3;0.375;100.0
rs;87459;MAXIMILIANO DE ALMEIDA;Rio Grande Do Sul;Sul;-27.62169;-51.81352;3954;759;19.2;16;21.9;53.8;49.5;0.388;295.0
rs;88447;MAÇAMBARÁ;Rio Grande Do Sul;Sul;-29.10183;-55.86658;3970;1065;26.83;14;22.4;53.5;50.2;0.392;418.0
rs;87068;MINAS DO LEÃO;Rio Grande Do Sul;Sul;-30.13716;-52.04381;6369;1347;21.15;20;24.8;52.4;48.5;0.398;536.0
rs;87475;MIRAGUAÍ;Rio Grande Do Sul;Sul;-27.50961;-53.71057;4473;807;18.04;17;24.3;51.0;51.1;0.399;322.0
rs;85820;MONTAURI;Rio Grande Do Sul;Sul;-28.65292;-52.07624;1514;231;15.26;5;19.3;52.0;50.0;0.369;85.0
rs;88803;MONTE ALEGRE DOS CAMPOS;Rio Grande Do Sul;Sul;-28.68533;-50.7835;3352;758;22.61;12;23.8;62.2;54.3;0.432;327.0
rs;87084;MONTE BELO DO SUL;Rio Grande Do Sul;Sul;-29.1494;-51.64936;3034;461;15.19;11;16.4;49.0;49.7;0.342;158.0
rs;87491;MONTENEGRO;Rio Grande Do Sul;Sul;-29.69195;-51.47732;47579;10686;22.46;150;23.3;37.4;47.4;0.345;3691.0
rs;87106;MORMAÇO;Rio Grande Do Sul;Sul;-28.69635;-52.67036;2764;483;17.47;8;22.8;49.3;50.9;0.385;186.0
rs;87122;MORRINHOS DO SUL;Rio Grande Do Sul;Sul;-29.3311;-49.94245;3216;495;15.39;11;19.8;53.7;50.1;0.376;186.0
rs;86185;MORRO REDONDO;Rio Grande Do Sul;Sul;-31.61978;-52.64283;5309;1098;20.68;20;19.4;54.9;48.8;0.373;410.0
rs;87149;MORRO REUTER;Rio Grande Do Sul;Sul;-29.53014;-51.06578;5415;698;12.89;19;19.2;46.5;50.1;0.355;248.0
rs;87513;MOSTARDAS;Rio Grande Do Sul;Sul;-31.01016;-50.83903;9243;2301;24.89;31;23.5;54.0;49.9;0.399;917.0
rs;88544;MUITOS CAPÕES;Rio Grande Do Sul;Sul;-28.32482;-51.20795;2854;636;22.28;10;22.5;52.1;51.8;0.393;250.0
rs;87165;MULITERNO;Rio Grande Do Sul;Sul;-28.33994;-51.74865;2237;426;19.04;8;29.4;54.9;49.7;0.431;184.0
rs;87530;MUÇUM;Rio Grande Do Sul;Sul;-29.16245;-51.85788;3973;701;17.64;17;19.2;49.3;48.4;0.358;251.0
rs;87181;NICOLAU VERGUEIRO;Rio Grande Do Sul;Sul;-28.52817;-52.45322;2406;509;21.16;8;20.5;50.5;51.8;0.377;192.0
rs;87572;NONOAI;Rio Grande Do Sul;Sul;-27.35897;-52.77716;9663;2159;22.34;30;24.6;45.6;48.7;0.38;820.0
rs;86169;NOVA ALVORADA;Rio Grande Do Sul;Sul;-28.69117;-52.16085;2805;406;14.47;10;21.9;51.4;50.6;0.385;156.0
rs;87599;NOVA ARAÇÁ;Rio Grande Do Sul;Sul;-28.65693;-51.75176;4136;698;16.88;14;27.0;39.3;49.0;0.373;261.0
rs;87610;NOVA BASSANO;Rio Grande Do Sul;Sul;-28.73677;-51.70219;7205;1018;14.13;22;21.9;43.1;50.3;0.362;369.0
rs;87203;NOVA BOA VISTA;Rio Grande Do Sul;Sul;-27.99409;-52.97421;2028;231;11.39;12;20.8;47.4;50.1;0.367;85.0
rs;87637;NOVA BRÉSCIA;Rio Grande Do Sul;Sul;-29.21929;-52.03215;2805;433;15.44;11;20.4;46.7;49.8;0.362;157.0
rs;88226;NOVA CANDELÁRIA;Rio Grande Do Sul;Sul;-27.59835;-54.12387;2588;270;10.43;11;21.0;53.9;50.8;0.386;104.0
rs;85120;NOVA ESPERANÇA DO SUL;Rio Grande Do Sul;Sul;-29.40388;-54.82964;4338;803;18.51;16;22.6;46.4;48.6;0.371;298.0
rs;84816;NOVA HARTZ;Rio Grande Do Sul;Sul;-29.58973;-50.90168;14667;2300;15.68;45;25.0;50.1;47.8;0.392;900.0
rs;87653;NOVA PALMA;Rio Grande Do Sul;Sul;-29.44827;-53.44019;5060;872;17.23;19;22.5;46.0;49.9;0.372;324.0
rs;87670;NOVA PETRÓPOLIS;Rio Grande Do Sul;Sul;-29.37527;-51.09592;18127;2834;15.63;57;19.5;34.8;47.8;0.319;903.0
rs;87696;NOVA PRATA;Rio Grande Do Sul;Sul;-28.78285;-51.6091;18975;3118;16.43;54;22.7;35.2;47.5;0.336;1047.0
rs;87220;NOVA PÁDUA;Rio Grande Do Sul;Sul;-29.02946;-51.30598;2410;352;14.61;7;17.7;50.4;51.4;0.357;126.0
rs;88560;NOVA RAMADA;Rio Grande Do Sul;Sul;-28.07772;-53.69926;2039;309;15.15;9;18.1;55.0;51.7;0.372;115.0
rs;84751;NOVA ROMA DO SUL;Rio Grande Do Sul;Sul;-28.98842;-51.40635;3182;447;14.05;11;20.3;46.7;50.5;0.363;162.0
rs;87246;NOVA SANTA RITA;Rio Grande Do Sul;Sul;-29.86109;-51.27139;20466;4554;22.25;59;27.3;40.1;48.2;0.375;1707.0
rs;87262;NOVO BARREIRO;Rio Grande Do Sul;Sul;-27.89328;-53.10722;3794;590;15.55;13;21.6;56.7;51.8;0.399;236.0
rs;88684;NOVO CABRAIS;Rio Grande Do Sul;Sul;-29.73474;-52.99409;3764;678;18.01;15;21.4;56.8;50.6;0.395;268.0
rs;87718;NOVO HAMBURGO;Rio Grande Do Sul;Sul;-29.69152;-51.11923;174486;37244;21.34;553;22.8;42.8;46.4;0.357;13282.0
rs;87289;NOVO MACHADO;Rio Grande Do Sul;Sul;-27.54277;-54.53648;3081;533;17.3;13;17.6;62.8;50.0;0.381;203.0
rs;87300;NOVO TIRADENTES;Rio Grande Do Sul;Sul;-27.56173;-53.16972;1973;338;17.13;8;22.1;53.3;52.2;0.395;133.0
rs;89320;NOVO XINGU;Rio Grande Do Sul;Sul;-27.74843;-53.06257;1591;250;15.71;6;20.6;49.6;50.3;0.372;93.0
rs;87556;NÃO-ME-TOQUE;Rio Grande Do Sul;Sul;-28.45908;-52.81734;13469;2220;16.48;40;23.0;35.9;48.1;0.341;757.0
rs;87734;OSÓRIO;Rio Grande Do Sul;Sul;-29.88907;-50.25541;37247;8248;22.14;115;22.5;36.9;46.2;0.337;2782.0
rs;87750;PAIM FILHO;Rio Grande Do Sul;Sul;-27.72202;-51.76554;3753;666;17.75;16;21.9;54.3;50.5;0.392;261.0
rs;89672;PALMARES DO SUL;Rio Grande Do Sul;Sul;-30.3268;-50.40885;10969;2977;27.14;36;19.1;49.9;48.2;0.358;1066.0
rs;87777;PALMEIRA DAS MISSÕES;Rio Grande Do Sul;Sul;-27.8987;-53.30323;24062;4481;18.62;79;24.5;40.1;46.5;0.358;1602.0
rs;87793;PALMITINHO;Rio Grande Do Sul;Sul;-27.33694;-53.57366;5953;1000;16.8;19;22.1;47.7;49.3;0.373;373.0
rs;87815;PANAMBI;Rio Grande Do Sul;Sul;-28.29505;-53.50666;32201;5616;17.44;108;24.0;35.4;48.5;0.346;1941.0
rs;84980;PANTANO GRANDE;Rio Grande Do Sul;Sul;-30.22581;-52.36833;8416;1809;21.49;29;24.8;50.3;48.9;0.393;712.0
rs;87831;PARAÍ;Rio Grande Do Sul;Sul;-28.59533;-51.79267;5977;772;12.92;19;21.0;40.5;49.7;0.348;269.0
rs;85987;PARAÍSO DO SUL;Rio Grande Do Sul;Sul;-29.70098;-53.14322;5367;873;16.27;21;20.5;60.0;49.2;0.393;343.0
rs;87327;PARECI NOVO;Rio Grande Do Sul;Sul;-29.61716;-51.4111;3442;555;16.12;11;21.3;45.4;49.1;0.362;201.0
rs;98256;PAROBÉ;Rio Grande Do Sul;Sul;-29.6372;-50.83573;39009;6500;16.66;122;24.9;49.7;47.5;0.389;2526.0
rs;88889;PASSA SETE;Rio Grande Do Sul;Sul;-29.43053;-52.87923;3747;673;17.96;18;23.2;62.7;51.6;0.422;284.0
rs;87343;PASSO DO SOBRADO;Rio Grande Do Sul;Sul;-29.76247;-52.27684;5251;759;14.45;19;21.5;56.8;49.4;0.392;298.0
rs;87858;PASSO FUNDO;Rio Grande Do Sul;Sul;-28.26143;-52.40796;150021;30356;20.23;446;23.9;33.3;45.7;0.331;10047.0
rs;89346;PAULO BENTO;Rio Grande Do Sul;Sul;-27.70221;-52.42294;2280;314;13.77;8;20.6;51.0;51.9;0.379;119.0
rs;85146;PAVERAMA;Rio Grande Do Sul;Sul;-29.55874;-51.74232;6036;999;16.55;22;21.0;56.2;50.1;0.39;389.0
rs;89567;PEDRAS ALTAS;Rio Grande Do Sul;Sul;-31.84579;-53.69492;1976;492;24.9;8;21.7;57.1;52.3;0.402;198.0
rs;87874;PEDRO OSÓRIO;Rio Grande Do Sul;Sul;-31.87138;-52.82649;6862;1681;24.5;27;23.1;51.2;47.6;0.383;644.0
rs;87890;PEJUÇARA;Rio Grande Do Sul;Sul;-28.41616;-53.6517;3096;513;16.57;13;21.5;44.3;48.3;0.358;184.0
rs;87912;PELOTAS;Rio Grande Do Sul;Sul;-31.73146;-52.34313;244459;50012;20.46;757;23.2;35.1;45.1;0.333;16632.0
rs;87360;PICADA CAFÉ;Rio Grande Do Sul;Sul;-29.46164;-51.12676;4533;667;14.71;15;20.5;42.5;48.1;0.347;232.0
rs;85340;PINHAL;Rio Grande Do Sul;Sul;-27.51773;-53.22107;2557;395;15.45;7;25.5;47.8;49.6;0.392;155.0
rs;89362;PINHAL DA SERRA;Rio Grande Do Sul;Sul;-27.888;-51.18475;2584;591;22.87;13;21.5;54.2;51.9;0.392;232.0
rs;87386;PINHAL GRANDE;Rio Grande Do Sul;Sul;-29.33706;-53.31896;3602;755;20.96;14;24.0;54.1;51.7;0.406;307.0
rs;87408;PINHEIRINHO DO VALE;Rio Grande Do Sul;Sul;-27.2151;-53.63301;3806;647;17.0;14;23.6;55.4;50.2;0.404;261.0
rs;87939;PINHEIRO MACHADO;Rio Grande Do Sul;Sul;-31.52369;-53.3886;9524;2544;26.71;34;21.6;53.3;49.0;0.384;976.0
rs;89540;PINTO BANDEIRA;Rio Grande Do Sul;Sul;-29.10189;-51.45441;2438;375;15.38;9;18.7;51.1;50.8;0.365;137.0
rs;84778;PIRAPÓ;Rio Grande Do Sul;Sul;-28.03614;-55.24228;2336;626;26.8;11;19.4;56.0;50.5;0.38;238.0
rs;87955;PIRATINI;Rio Grande Do Sul;Sul;-31.44108;-53.0778;14591;3467;23.76;59;21.3;54.3;49.9;0.386;1340.0
rs;87971;PLANALTO;Rio Grande Do Sul;Sul;-27.33205;-53.07855;7977;1775;22.25;27;22.4;52.2;48.5;0.385;683.0
rs;87440;PONTE PRETA;Rio Grande Do Sul;Sul;-27.65532;-52.48765;1828;204;11.16;8;20.1;52.8;50.6;0.377;77.0
rs;87424;PONTÃO;Rio Grande Do Sul;Sul;-28.02396;-52.71186;3373;506;15.0;13;24.8;47.2;51.0;0.391;198.0
rs;88013;PORTO ALEGRE;Rio Grande Do Sul;Sul;-30.05821;-51.18035;1064200;255333;23.99;3077;21.1;26.6;44.7;0.293;74804.0
rs;88030;PORTO LUCENA;Rio Grande Do Sul;Sul;-27.84697;-54.98456;3887;828;21.3;19;17.5;60.3;49.5;0.374;310.0
rs;87467;PORTO MAUÁ;Rio Grande Do Sul;Sul;-27.58734;-54.65018;2251;407;18.08;9;19.1;56.5;49.2;0.376;153.0
rs;87483;PORTO VERA CRUZ;Rio Grande Do Sul;Sul;-27.75099;-54.89158;1761;321;18.23;10;19.2;56.2;51.3;0.381;122.0
rs;88056;PORTO XAVIER;Rio Grande Do Sul;Sul;-27.90624;-55.13927;7966;1394;17.5;30;22.0;49.4;48.6;0.375;523.0
rs;87998;PORTÃO;Rio Grande Do Sul;Sul;-29.69024;-51.24065;25742;5030;19.54;80;23.7;48.3;47.9;0.38;1910.0
rs;85421;POUSO NOVO;Rio Grande Do Sul;Sul;-29.15647;-52.22768;1660;302;18.19;6;18.4;58.9;50.7;0.38;115.0
rs;86126;POÇO DAS ANTAS;Rio Grande Do Sul;Sul;-29.44338;-51.65484;2014;287;14.25;7;19.8;47.9;51.6;0.366;105.0
rs;87505;PRESIDENTE LUCENA;Rio Grande Do Sul;Sul;-29.52451;-51.17533;2670;324;12.13;9;22.0;50.8;51.7;0.387;125.0
rs;84760;PROGRESSO;Rio Grande Do Sul;Sul;-29.22898;-52.31708;4932;719;14.58;24;22.6;59.9;51.1;0.411;295.0
rs;85405;PROTÁSIO ALVES;Rio Grande Do Sul;Sul;-28.75893;-51.47352;1939;303;15.63;6;18.8;52.2;52.7;0.372;113.0
rs;88072;PUTINGA;Rio Grande Do Sul;Sul;-29.00763;-52.14534;3807;875;22.98;15;20.2;56.3;50.1;0.385;336.0
rs;88099;QUARAÍ;Rio Grande Do Sul;Sul;-30.38307;-56.44126;17670;4353;24.63;59;23.8;44.8;47.0;0.369;1604.0
rs;89389;QUATRO IRMÃOS;Rio Grande Do Sul;Sul;-28.00321;-52.24743;1733;328;18.93;7;26.2;50.6;52.9;0.412;135.0
rs;87521;QUEVEDOS;Rio Grande Do Sul;Sul;-29.3733;-54.08171;2385;608;25.49;11;21.7;59.5;53.1;0.409;249.0
rs;84875;QUINZE DE NOVEMBRO;Rio Grande Do Sul;Sul;-28.75052;-53.104;3825;562;14.69;12;21.3;45.6;50.1;0.365;205.0
rs;88110;REDENTORA;Rio Grande Do Sul;Sul;-27.5881;-53.63446;6768;1465;21.65;24;32.8;52.6;48.4;0.437;640.0
rs;85766;RELVADO;Rio Grande Do Sul;Sul;-29.11796;-52.06476;2167;461;21.27;10;17.0;58.3;49.9;0.367;169.0
rs;88137;RESTINGA SÊCA;Rio Grande Do Sul;Sul;-29.8082;-53.36287;12277;2453;19.98;52;22.1;52.1;49.1;0.384;942.0
rs;87548;RIO DOS ÍNDIOS;Rio Grande Do Sul;Sul;-27.27619;-52.86789;2854;630;22.07;10;20.9;57.5;51.0;0.394;248.0
rs;88153;RIO GRANDE;Rio Grande Do Sul;Sul;-32.06545;-52.14358;150202;41012;27.3;460;23.5;42.3;46.9;0.36;14751.0
rs;88170;RIO PARDO;Rio Grande Do Sul;Sul;-29.96052;-52.4036;28673;6977;24.33;101;22.5;49.7;47.8;0.377;2627.0
rs;85740;RIOZINHO;Rio Grande Do Sul;Sul;-29.6441;-50.44186;4370;655;14.99;16;22.9;61.5;51.8;0.418;274.0
rs;88196;ROCA SALES;Rio Grande Do Sul;Sul;-29.27326;-51.85359;7666;1333;17.39;27;20.6;49.8;49.0;0.369;492.0
rs;88218;RODEIO BONITO;Rio Grande Do Sul;Sul;-27.4674;-53.17081;5375;889;16.54;17;23.5;47.5;48.7;0.379;337.0
rs;89400;ROLADOR;Rio Grande Do Sul;Sul;-28.26102;-54.836;2396;440;18.36;10;19.3;56.5;52.6;0.386;170.0
rs;88234;ROLANTE;Rio Grande Do Sul;Sul;-29.64975;-50.56165;16313;2451;15.02;54;23.3;56.1;48.1;0.397;974.0
rs;88250;RONDA ALTA;Rio Grande Do Sul;Sul;-27.78332;-52.80352;7415;1201;16.2;25;22.3;47.3;47.4;0.369;443.0
rs;88277;RONDINHA;Rio Grande Do Sul;Sul;-27.82683;-52.92115;4481;651;14.53;20;18.4;47.5;48.6;0.349;227.0
rs;88293;ROQUE GONZALES;Rio Grande Do Sul;Sul;-28.08747;-55.05577;5416;932;17.21;25;20.0;52.1;50.0;0.373;348.0
rs;88315;ROSÁRIO DO SUL;Rio Grande Do Sul;Sul;-30.25871;-54.93621;31276;8430;26.95;104;23.0;47.4;47.4;0.372;3139.0
rs;87564;SAGRADA FAMÍLIA;Rio Grande Do Sul;Sul;-27.69836;-53.13429;2272;438;19.28;7;24.1;56.2;50.6;0.41;179.0
rs;85561;SALDANHA MARINHO;Rio Grande Do Sul;Sul;-28.39748;-53.09498;2529;368;14.55;10;19.3;47.8;47.6;0.353;130.0
rs;89753;SALTO DO JACUÍ;Rio Grande Do Sul;Sul;-29.09396;-53.20183;7867;1557;19.79;27;23.8;49.8;47.4;0.383;596.0
rs;87580;SALVADOR DAS MISSÕES;Rio Grande Do Sul;Sul;-28.101;-54.83569;2746;405;14.75;10;20.9;43.6;50.9;0.359;146.0
rs;88331;SALVADOR DO SUL;Rio Grande Do Sul;Sul;-29.42892;-51.51502;5640;831;14.73;19;23.3;46.1;49.5;0.376;312.0
rs;88358;SANANDUVA;Rio Grande Do Sul;Sul;-27.93982;-51.81622;13017;2002;15.38;49;20.1;44.6;48.7;0.352;705.0
rs;88455;SANT'ANA DO LIVRAMENTO;Rio Grande Do Sul;Sul;-30.87891;-55.51413;72220;21324;29.53;224;22.0;41.8;46.1;0.348;7429.0
rs;88374;SANTA BÁRBARA DO SUL;Rio Grande Do Sul;Sul;-28.37058;-53.25483;6723;1140;16.96;27;23.5;44.2;48.3;0.369;420.0
rs;89247;SANTA CECÍLIA DO SUL;Rio Grande Do Sul;Sul;-28.15381;-51.92949;1940;314;16.19;10;23.4;53.2;49.7;0.395;124.0
rs;87602;SANTA CLARA DO SUL;Rio Grande Do Sul;Sul;-29.45954;-52.11481;5711;839;14.69;19;20.4;50.6;49.4;0.371;311.0
rs;88390;SANTA CRUZ DO SUL;Rio Grande Do Sul;Sul;-29.70464;-52.42222;105305;20300;19.28;327;22.3;36.0;46.3;0.334;6777.0
rs;89443;SANTA MARGARIDA DO SUL;Rio Grande Do Sul;Sul;-30.33542;-54.13364;2829;594;21.0;11;20.0;53.8;52.7;0.384;228.0
rs;88412;SANTA MARIA;Rio Grande Do Sul;Sul;-29.69509;-53.80858;207115;49064;23.69;636;23.3;31.4;45.7;0.322;15809.0
rs;86207;SANTA MARIA DO HERVAL;Rio Grande Do Sul;Sul;-29.4838;-50.97747;5271;571;10.83;19;18.9;61.7;50.7;0.389;222.0
rs;88471;SANTA ROSA;Rio Grande Do Sul;Sul;-27.86822;-54.47557;57973;10550;18.2;185;22.4;34.9;46.9;0.332;3506.0
rs;87629;SANTA TEREZA;Rio Grande Do Sul;Sul;-29.16838;-51.73659;1750;272;15.54;5;15.4;53.3;51.5;0.348;95.0
rs;88498;SANTA VITÓRIA DO PALMAR;Rio Grande Do Sul;Sul;-33.48697;-53.32239;23324;6771;29.03;77;22.5;45.1;48.4;0.366;2481.0
rs;88439;SANTANA DA BOA VISTA;Rio Grande Do Sul;Sul;-30.86314;-53.11174;6598;1665;25.23;26;20.8;59.0;50.7;0.396;660.0
rs;88510;SANTIAGO;Rio Grande Do Sul;Sul;-29.19231;-54.85057;39884;10582;26.53;137;21.0;37.9;46.6;0.333;3528.0
rs;88552;SANTO ANTÔNIO DA PATRULHA;Rio Grande Do Sul;Sul;-29.8266;-50.53745;33692;7315;21.71;108;22.0;47.7;47.9;0.369;2698.0
rs;88579;SANTO ANTÔNIO DAS MISSÕES;Rio Grande Do Sul;Sul;-28.48219;-55.30565;8347;1936;23.19;37;21.1;53.8;48.5;0.381;737.0
rs;87645;SANTO ANTÔNIO DO PALMA;Rio Grande Do Sul;Sul;-28.49369;-52.02528;2077;316;15.21;7;23.9;44.4;50.3;0.376;119.0
rs;87661;SANTO ANTÔNIO DO PLANALTO;Rio Grande Do Sul;Sul;-28.40157;-52.69051;2163;260;12.02;9;21.3;41.3;49.2;0.351;91.0
rs;88595;SANTO AUGUSTO;Rio Grande Do Sul;Sul;-27.85087;-53.78619;11312;2079;18.38;43;21.1;45.5;47.9;0.358;745.0
rs;88617;SANTO CRISTO;Rio Grande Do Sul;Sul;-27.81091;-54.68903;12562;1610;12.82;53;20.3;45.0;49.4;0.356;573.0
rs;87688;SANTO EXPEDITO DO SUL;Rio Grande Do Sul;Sul;-27.9229;-51.66867;2242;392;17.48;9;20.2;53.3;49.6;0.377;148.0
rs;88536;SANTO ÂNGELO;Rio Grande Do Sul;Sul;-28.2952;-54.26679;58898;13882;23.57;193;22.9;36.6;46.3;0.339;4702.0
rs;88994;SAPIRANGA;Rio Grande Do Sul;Sul;-29.63838;-51.00031;61250;10949;17.88;175;24.7;48.3;47.4;0.384;4205.0
rs;89010;SAPUCAIA DO SUL;Rio Grande Do Sul;Sul;-29.82688;-51.1466;102445;25646;25.03;310;24.7;43.6;47.0;0.37;9483.0
rs;89036;SARANDI;Rio Grande Do Sul;Sul;-27.9373;-52.92454;17132;2670;15.58;63;23.7;38.6;46.3;0.349;930.0
rs;89052;SEBERI;Rio Grande Do Sul;Sul;-27.4821;-53.38118;9356;1544;16.5;34;23.7;48.6;47.9;0.381;588.0
rs;85707;SEDE NOVA;Rio Grande Do Sul;Sul;-27.64073;-53.96764;2508;392;15.63;11;22.5;52.3;51.2;0.392;154.0
rs;85529;SEGREDO;Rio Grande Do Sul;Sul;-29.31027;-52.94207;5695;1032;18.12;28;24.2;62.8;51.9;0.429;443.0
rs;89079;SELBACH;Rio Grande Do Sul;Sul;-28.63112;-52.9616;4334;665;15.34;13;20.8;45.5;47.9;0.356;237.0
rs;88765;SENADOR SALGADO FILHO;Rio Grande Do Sul;Sul;-28.0262;-54.54022;2669;370;13.86;9;21.4;54.6;49.8;0.388;143.0
rs;87882;SENTINELA DO SUL;Rio Grande Do Sul;Sul;-30.60523;-51.59297;4237;866;20.44;14;22.4;56.6;50.4;0.4;347.0
rs;89095;SERAFINA CORRÊA;Rio Grande Do Sul;Sul;-28.71105;-51.93366;12678;1931;15.23;40;23.2;42.3;48.3;0.362;699.0
rs;89117;SERTÃO;Rio Grande Do Sul;Sul;-28.00046;-52.26846;5015;733;14.62;20;21.7;46.1;49.2;0.366;269.0
rs;87920;SERTÃO SANTANA;Rio Grande Do Sul;Sul;-30.46975;-51.62351;5324;1008;18.93;18;23.9;53.2;49.6;0.398;401.0
rs;88706;SETE DE SETEMBRO;Rio Grande Do Sul;Sul;-28.13549;-54.45883;1804;300;16.63;7;20.3;55.9;50.1;0.385;115.0
rs;89133;SEVERIANO DE ALMEIDA;Rio Grande Do Sul;Sul;-27.43293;-52.11414;3414;503;14.73;11;20.1;51.1;51.0;0.374;188.0
rs;84956;SILVEIRA MARTINS;Rio Grande Do Sul;Sul;-29.64063;-53.58399;2147;402;18.72;9;19.2;43.8;49.5;0.347;139.0
rs;87947;SINIMBU;Rio Grande Do Sul;Sul;-29.4859;-52.5425;6825;1061;15.55;32;21.1;65.6;52.6;0.417;443.0
rs;89176;SOBRADINHO;Rio Grande Do Sul;Sul;-29.41049;-53.02622;10579;1987;18.78;44;22.3;43.7;46.7;0.357;709.0
rs;89192;SOLEDADE;Rio Grande Do Sul;Sul;-28.81397;-52.50987;21730;4155;19.12;71;25.0;39.8;47.6;0.362;1503.0
rs;88633;SÃO BORJA;Rio Grande Do Sul;Sul;-28.6496;-55.98973;46604;11991;25.73;148;22.7;40.5;47.7;0.353;4228.0
rs;84832;SÃO DOMINGOS DO SUL;Rio Grande Do Sul;Sul;-28.54122;-51.87409;2596;453;17.45;10;20.8;43.6;49.3;0.355;161.0
rs;88650;SÃO FRANCISCO DE ASSIS;Rio Grande Do Sul;Sul;-29.51991;-55.09353;14252;3079;21.6;60;20.8;50.0;48.6;0.37;1139.0
rs;88676;SÃO FRANCISCO DE PAULA;Rio Grande Do Sul;Sul;-29.35872;-50.58173;16421;3614;22.01;62;24.7;47.5;48.8;0.385;1392.0
rs;88692;SÃO GABRIEL;Rio Grande Do Sul;Sul;-30.3235;-54.31483;43890;11812;26.91;162;22.7;46.7;47.1;0.368;4347.0
rs;88714;SÃO JERÔNIMO;Rio Grande Do Sul;Sul;-30.0804;-51.77834;15910;3519;22.12;54;23.9;42.1;48.1;0.365;1283.0
rs;84794;SÃO JORGE;Rio Grande Do Sul;Sul;-28.5011;-51.70593;2437;292;11.98;7;19.8;47.0;49.0;0.357;104.0
rs;87769;SÃO JOSÉ DAS MISSÕES;Rio Grande Do Sul;Sul;-27.78492;-53.11838;2443;487;19.93;8;22.6;57.8;51.6;0.407;198.0
rs;85588;SÃO JOSÉ DO HERVAL;Rio Grande Do Sul;Sul;-29.04865;-52.29299;2231;597;26.76;7;25.8;55.1;51.5;0.418;250.0
rs;85324;SÃO JOSÉ DO HORTÊNCIO;Rio Grande Do Sul;Sul;-29.54507;-51.25612;3728;474;12.71;11;20.7;54.1;49.3;0.381;180.0
rs;87742;SÃO JOSÉ DO INHACORÁ;Rio Grande Do Sul;Sul;-27.73013;-54.12411;2244;296;13.19;9;18.9;49.9;50.9;0.363;108.0
rs;88730;SÃO JOSÉ DO NORTE;Rio Grande Do Sul;Sul;-31.95651;-51.95306;20679;4503;21.78;79;23.8;60.5;50.2;0.416;1875.0
rs;88757;SÃO JOSÉ DO OURO;Rio Grande Do Sul;Sul;-27.76565;-51.58834;5762;891;15.46;20;20.9;43.7;48.0;0.352;314.0
rs;89460;SÃO JOSÉ DO SUL;Rio Grande Do Sul;Sul;-29.54378;-51.48423;2065;286;13.85;9;19.1;51.4;51.1;0.369;106.0
rs;87726;SÃO JOSÉ DOS AUSENTES;Rio Grande Do Sul;Sul;-28.67409;-49.99906;3387;796;23.5;11;27.5;54.7;50.4;0.423;337.0
rs;84859;SÃO JOÃO DA URTIGA;Rio Grande Do Sul;Sul;-27.80537;-51.8355;4198;644;15.34;14;20.5;56.1;50.0;0.386;249.0
rs;87700;SÃO JOÃO DO POLÊSINE;Rio Grande Do Sul;Sul;-29.63128;-53.46358;2578;499;19.36;10;19.6;41.5;48.9;0.342;170.0
rs;88773;SÃO LEOPOLDO;Rio Grande Do Sul;Sul;-29.75879;-51.13962;162766;38282;23.52;480;24.2;40.7;46.5;0.358;13698.0
rs;88790;SÃO LOURENÇO DO SUL;Rio Grande Do Sul;Sul;-31.30709;-52.09047;35085;7559;21.54;114;20.9;55.6;49.1;0.385;2910.0
rs;88811;SÃO LUIZ GONZAGA;Rio Grande Do Sul;Sul;-28.4042;-54.94908;26267;6317;24.05;95;22.7;39.6;47.1;0.349;2202.0
rs;88838;SÃO MARCOS;Rio Grande Do Sul;Sul;-28.96984;-51.06988;16687;2595;15.55;54;23.0;38.7;47.6;0.348;904.0
rs;88854;SÃO MARTINHO;Rio Grande Do Sul;Sul;-27.71686;-53.96505;4808;721;15.0;22;20.2;47.5;48.6;0.36;260.0
rs;87785;SÃO MARTINHO DA SERRA;Rio Grande Do Sul;Sul;-29.52024;-53.90176;3157;704;22.3;13;18.7;56.6;50.8;0.377;266.0
rs;85480;SÃO MIGUEL DAS MISSÕES;Rio Grande Do Sul;Sul;-28.57518;-54.55291;5911;1205;20.39;19;22.0;54.5;50.2;0.392;473.0
rs;88870;SÃO NICOLAU;Rio Grande Do Sul;Sul;-28.18936;-55.27146;4337;958;22.09;20;23.8;55.3;50.3;0.405;388.0
rs;88897;SÃO PAULO DAS MISSÕES;Rio Grande Do Sul;Sul;-27.99993;-54.95632;5214;887;17.01;20;20.1;56.0;50.2;0.384;340.0
rs;87807;SÃO PEDRO DA SERRA;Rio Grande Do Sul;Sul;-29.41618;-51.50341;3188;383;12.01;11;24.1;47.2;49.9;0.384;147.0
rs;89486;SÃO PEDRO DAS MISSÕES;Rio Grande Do Sul;Sul;-27.77662;-53.24227;1650;320;19.39;5;22.4;56.9;52.1;0.405;130.0
rs;87823;SÃO PEDRO DO BUTIÁ;Rio Grande Do Sul;Sul;-28.11316;-54.89271;2665;445;16.7;9;20.2;45.3;51.0;0.36;160.0
rs;88919;SÃO PEDRO DO SUL;Rio Grande Do Sul;Sul;-29.6015;-54.18335;12686;2753;21.7;53;21.1;49.6;48.5;0.37;1019.0
rs;88935;SÃO SEBASTIÃO DO CAÍ;Rio Grande Do Sul;Sul;-29.59381;-51.3524;17536;3356;19.14;57;23.3;46.1;47.3;0.37;1243.0
rs;88951;SÃO SEPÉ;Rio Grande Do Sul;Sul;-30.17474;-53.58213;17079;3793;22.21;64;21.3;47.2;47.7;0.363;1378.0
rs;88978;SÃO VALENTIM;Rio Grande Do Sul;Sul;-27.5559;-52.53734;3073;527;17.15;10;21.5;51.4;50.1;0.381;201.0
rs;87840;SÃO VALENTIM DO SUL;Rio Grande Do Sul;Sul;-29.04839;-51.76709;2224;406;18.26;8;16.2;52.4;52.8;0.355;144.0
rs;87866;SÃO VALÉRIO DO SUL;Rio Grande Do Sul;Sul;-27.82284;-53.91444;2348;423;18.02;10;31.6;63.3;51.6;0.469;198.0
rs;85383;SÃO VENDELINO;Rio Grande Do Sul;Sul;-29.37805;-51.37643;2409;336;13.95;8;22.5;46.9;51.5;0.379;127.0
rs;86754;SÃO VICENTE DO SUL;Rio Grande Do Sul;Sul;-29.68716;-54.69147;6760;1510;22.34;21;23.2;45.1;48.6;0.371;560.0
rs;87904;SÉRIO;Rio Grande Do Sul;Sul;-29.40177;-52.2361;2072;357;17.23;12;20.6;67.4;52.6;0.418;149.0
rs;88722;TABAÍ;Rio Grande Do Sul;Sul;-29.67854;-51.73303;4093;749;18.3;14;23.2;56.3;50.4;0.404;302.0
rs;89214;TAPEJARA;Rio Grande Do Sul;Sul;-28.0649;-52.00861;17490;2665;15.24;62;24.8;40.6;46.3;0.36;960.0
rs;89230;TAPERA;Rio Grande Do Sul;Sul;-28.63273;-52.86892;7887;1317;16.7;27;21.9;40.7;47.6;0.349;459.0
rs;89257;TAPES;Rio Grande Do Sul;Sul;-30.66926;-51.40613;11792;2706;22.95;41;23.1;43.8;47.8;0.364;986.0
rs;89273;TAQUARA;Rio Grande Do Sul;Sul;-29.65699;-50.77552;41562;8848;21.29;137;22.7;45.7;47.4;0.366;3240.0
rs;89290;TAQUARI;Rio Grande Do Sul;Sul;-29.78129;-51.86131;19310;3642;18.86;68;22.7;39.2;47.1;0.348;1266.0
rs;85669;TAQUARUÇU DO SUL;Rio Grande Do Sul;Sul;-27.40449;-53.47381;2822;401;14.21;8;22.7;46.4;49.9;0.374;150.0
rs;89710;TAVARES;Rio Grande Do Sul;Sul;-31.29213;-51.09416;4533;1046;23.08;16;21.8;57.9;50.2;0.399;417.0
rs;89311;TENENTE PORTELA;Rio Grande Do Sul;Sul;-27.3717;-53.76567;10706;2034;19.0;40;25.7;41.8;47.7;0.371;755.0
rs;85162;TERRA DE AREIA;Rio Grande Do Sul;Sul;-29.58755;-50.06767;7779;1581;20.32;25;22.8;52.0;48.0;0.385;608.0
rs;98213;TEUTÔNIA;Rio Grande Do Sul;Sul;-29.48448;-51.80352;25631;4361;17.01;78;23.1;40.6;47.2;0.354;1543.0
rs;89508;TIO HUGO;Rio Grande Do Sul;Sul;-28.59001;-52.58553;2707;419;15.48;8;23.0;44.4;50.0;0.371;155.0
rs;87963;TIRADENTES DO SUL;Rio Grande Do Sul;Sul;-27.36119;-54.12071;4724;997;21.1;17;19.5;62.7;50.9;0.396;395.0
rs;88900;TOROPI;Rio Grande Do Sul;Sul;-29.46465;-54.28096;2745;507;18.47;15;19.1;58.2;51.2;0.385;195.0
rs;89338;TORRES;Rio Grande Do Sul;Sul;-29.33886;-49.75116;33260;7689;23.12;95;20.5;34.6;46.5;0.321;2466.0
rs;89354;TRAMANDAÍ;Rio Grande Do Sul;Sul;-30.00684;-50.1517;39076;10910;27.92;112;21.7;42.0;45.6;0.346;3778.0
rs;87980;TRAVESSEIRO;Rio Grande Do Sul;Sul;-29.28836;-52.08277;1983;238;12.0;9;19.2;56.7;50.4;0.38;90.0
rs;85006;TRINDADE DO SUL;Rio Grande Do Sul;Sul;-27.51806;-52.9103;5879;1157;19.68;19;25.0;50.4;49.8;0.398;460.0
rs;89435;TRIUNFO;Rio Grande Do Sul;Sul;-29.86677;-51.63305;21936;4865;22.18;71;24.2;43.7;49.6;0.374;1821.0
rs;84743;TRÊS ARROIOS;Rio Grande Do Sul;Sul;-27.4884;-52.22629;2549;414;16.24;8;16.7;56.6;51.0;0.364;151.0
rs;85367;TRÊS CACHOEIRAS;Rio Grande Do Sul;Sul;-29.45194;-49.93213;8189;1227;14.98;27;22.5;48.7;49.3;0.378;464.0
rs;89370;TRÊS COROAS;Rio Grande Do Sul;Sul;-29.50705;-50.78382;17414;2764;15.87;59;22.7;50.5;48.0;0.38;1051.0
rs;89397;TRÊS DE MAIO;Rio Grande Do Sul;Sul;-27.76394;-54.24486;18415;2834;15.39;67;22.3;36.6;47.5;0.338;958.0
rs;88005;TRÊS FORQUILHAS;Rio Grande Do Sul;Sul;-29.50009;-50.0842;3297;638;19.35;10;22.8;58.7;52.7;0.413;263.0
rs;86142;TRÊS PALMEIRAS;Rio Grande Do Sul;Sul;-27.61385;-52.84426;4078;752;18.44;13;23.2;52.1;49.9;0.392;295.0
rs;89419;TRÊS PASSOS;Rio Grande Do Sul;Sul;-27.45103;-53.93265;18437;3231;17.52;65;22.0;38.7;47.3;0.343;1107.0
rs;89451;TUCUNDUVA;Rio Grande Do Sul;Sul;-27.65092;-54.43084;4755;723;15.21;22;18.4;46.2;47.3;0.342;248.0
rs;84840;TUNAS;Rio Grande Do Sul;Sul;-27.92235;-51.84462;3346;588;17.57;14;24.0;62.3;51.9;0.426;251.0
rs;88021;TUPANCI DO SUL;Rio Grande Do Sul;Sul;-27.92415;-51.53739;1474;303;20.56;5;22.3;51.4;51.6;0.389;118.0
rs;89478;TUPANCIRETÃ;Rio Grande Do Sul;Sul;-29.06894;-53.85779;15943;3593;22.54;51;23.4;48.8;47.1;0.377;1356.0
rs;85723;TUPANDI;Rio Grande Do Sul;Sul;-29.47747;-51.42173;4296;562;13.08;14;24.3;48.8;51.2;0.393;221.0
rs;89494;TUPARENDI;Rio Grande Do Sul;Sul;-27.73378;-54.5136;7111;1137;15.99;26;19.0;49.0;47.6;0.354;402.0
rs;88501;TURUÇU;Rio Grande Do Sul;Sul;-31.42232;-52.20801;3449;630;18.27;11;22.7;62.4;50.5;0.415;262.0
rs;88609;UBIRETAMA;Rio Grande Do Sul;Sul;-28.03511;-54.67006;1894;244;12.88;8;21.4;56.1;51.6;0.396;97.0
rs;88480;UNISTALDA;Rio Grande Do Sul;Sul;-29.05092;-55.16371;2687;623;23.19;10;21.4;53.4;50.1;0.385;240.0
rs;88048;UNIÃO DA SERRA;Rio Grande Do Sul;Sul;-28.77534;-52.02617;1523;247;16.22;6;18.7;51.9;53.9;0.374;92.0
rs;89516;URUGUAIANA;Rio Grande Do Sul;Sul;-29.7618;-57.06929;84488;23965;28.36;263;24.3;38.0;46.9;0.351;8409.0
rs;89532;VACARIA;Rio Grande Do Sul;Sul;-28.48527;-50.93679;47383;10465;22.09;151;24.4;45.4;46.8;0.373;3904.0
rs;88064;VALE DO SOL;Rio Grande Do Sul;Sul;-29.59965;-52.68273;8086;1377;17.03;29;22.7;69.1;49.9;0.428;589.0
rs;88080;VALE REAL;Rio Grande Do Sul;Sul;-29.38669;-51.2505;4872;717;14.72;16;21.3;51.8;50.5;0.382;274.0
rs;88668;VALE VERDE;Rio Grande Do Sul;Sul;-29.82001;-52.15769;3292;732;22.24;11;22.8;56.9;50.7;0.404;295.0
rs;84913;VANINI;Rio Grande Do Sul;Sul;-28.47831;-51.84573;2018;331;16.4;6;21.7;45.1;50.1;0.366;121.0
rs;89559;VENÂNCIO AIRES;Rio Grande Do Sul;Sul;-29.59885;-52.19112;53327;10298;19.31;170;22.4;49.1;47.6;0.374;3849.0
rs;89575;VERA CRUZ;Rio Grande Do Sul;Sul;-29.7203;-52.52472;19445;2620;13.47;67;24.3;45.9;47.9;0.377;987.0
rs;89591;VERANÓPOLIS;Rio Grande Do Sul;Sul;-28.94238;-51.55146;18621;3040;16.33;61;20.5;35.3;47.3;0.325;987.0
rs;88781;VESPASIANO CORRÊA;Rio Grande Do Sul;Sul;-29.06596;-51.85721;2485;434;17.46;10;18.5;49.4;52.2;0.363;157.0
rs;89613;VIADUTOS;Rio Grande Do Sul;Sul;-27.56306;-52.00914;4028;618;15.34;15;19.6;54.0;50.3;0.376;232.0
rs;89630;VIAMÃO;Rio Grande Do Sul;Sul;-30.08653;-51.05081;161662;38350;23.72;483;27.0;36.6;45.8;0.357;13671.0
rs;89656;VICENTE DUTRA;Rio Grande Do Sul;Sul;-27.16879;-53.40242;3837;796;20.75;14;23.1;61.7;50.3;0.415;331.0
rs;89699;VICTOR GRAEFF;Rio Grande Do Sul;Sul;-28.56306;-52.72388;2531;404;15.96;8;21.4;40.2;49.1;0.348;141.0
rs;86061;VILA FLORES;Rio Grande Do Sul;Sul;-28.8591;-51.55243;3442;473;13.74;12;19.9;45.3;50.6;0.358;169.0
rs;88749;VILA LÂNGARO;Rio Grande Do Sul;Sul;-28.12877;-52.14011;2175;307;14.11;10;20.8;52.9;51.2;0.383;118.0
rs;85642;VILA MARIA;Rio Grande Do Sul;Sul;-28.55069;-52.14684;3675;556;15.13;12;20.5;45.4;49.3;0.358;199.0
rs;88102;VILA NOVA DO SUL;Rio Grande Do Sul;Sul;-30.33199;-53.8934;3746;836;22.32;15;22.0;53.3;49.7;0.388;324.0
rs;85600;VISTA ALEGRE;Rio Grande Do Sul;Sul;-27.35141;-53.50121;2612;442;16.92;7;24.3;48.4;49.4;0.387;171.0
rs;85863;VISTA ALEGRE DO PRATA;Rio Grande Do Sul;Sul;-28.80775;-51.7875;1657;261;15.75;5;17.8;49.5;53.0;0.36;94.0
rs;85847;VISTA GAÚCHA;Rio Grande Do Sul;Sul;-27.27268;-53.6965;2652;472;17.8;12;23.0;46.7;50.6;0.379;179.0
rs;88129;VITÓRIA DAS MISSÕES;Rio Grande Do Sul;Sul;-28.37298;-54.46335;3443;698;20.27;12;21.1;59.1;51.0;0.399;278.0
rs;89524;WESTFALIA;Rio Grande Do Sul;Sul;-29.41207;-51.7525;2689;350;13.02;9;20.8;47.2;51.4;0.369;129.0
rs;88145;XANGRI-LÁ;Rio Grande Do Sul;Sul;-29.80672;-50.05067;14765;3041;20.6;42;23.7;34.1;46.9;0.336;1022.0
rs;84948;ÁGUA SANTA;Rio Grande Do Sul;Sul;-28.19034;-52.05563;3300;511;15.48;14;24.2;48.6;49.9;0.389;199.0
rs;84735;ÁUREA;Rio Grande Do Sul;Sul;-27.70453;-52.06246;3213;397;12.36;11;21.3;54.7;50.2;0.388;154.0
ro;00310;ALTA FLORESTA D'OESTE;Rondônia;Norte;-12.02203;-62.06677;18187;3835;21.09;78;26.2;50.0;49.6;0.402;1542.0
ro;00736;ALTO ALEGRE DOS PARECIS;Rondônia;Norte;-12.17827;-61.85453;8837;1774;20.07;31;26.7;58.9;50.7;0.43;763.0
ro;00639;ALTO PARAÍSO;Rondônia;Norte;-9.68582;-63.33545;12087;2664;22.04;43;26.7;54.3;50.4;0.418;1113.0
ro;00337;ALVORADA DO OESTE;Rondônia;Norte;-11.33984;-62.29836;11029;2351;21.32;49;24.2;49.4;49.6;0.39;916.0
ro;00078;ARIQUEMES;Rondônia;Norte;-9.91685;-63.04343;72512;16850;23.24;280;28.7;37.5;47.6;0.372;6261.0
ro;00779;BURITIS;Rondônia;Norte;-10.19646;-63.83873;23318;5531;23.72;80;28.3;53.1;49.5;0.421;2326.0
ro;00450;CABIXI;Rondônia;Norte;-13.47706;-60.54023;4950;998;20.16;22;21.8;50.2;50.4;0.381;380.0
ro;00620;CACAULÂNDIA;Rondônia;Norte;-10.32821;-62.90871;3901;800;20.51;18;23.6;51.6;50.6;0.395;316.0
ro;00094;CACOAL;Rondônia;Norte;-11.41901;-61.4279;69974;14942;21.35;256;27.7;36.2;47.3;0.362;5409.0
ro;00671;CAMPO NOVO DE RONDÔNIA;Rondônia;Norte;-10.44798;-63.7799;7516;1602;21.31;29;26.9;61.4;51.9;0.441;706.0
ro;00477;CANDEIAS DO JAMARI;Rondônia;Norte;-8.85662;-63.62491;20465;4945;24.16;76;28.5;48.9;50.9;0.414;2046.0
ro;00531;CASTANHEIRAS;Rondônia;Norte;-11.45954;-61.92238;3409;694;20.36;12;26.7;51.3;51.3;0.413;286.0
ro;00272;CEREJEIRAS;Rondônia;Norte;-13.19259;-60.81791;13278;2867;21.59;49;25.5;43.5;48.2;0.377;1080.0
ro;00809;CHUPINGUAIA;Rondônia;Norte;-12.49176;-60.93508;7696;2197;28.55;30;29.2;49.1;52.6;0.422;928.0
ro;00230;COLORADO DO OESTE;Rondônia;Norte;-13.12733;-60.54905;13478;3331;24.71;55;23.9;46.0;49.5;0.379;1262.0
ro;00655;CORUMBIARA;Rondônia;Norte;-12.99204;-60.93609;5751;1165;20.26;24;26.0;53.2;51.9;0.416;484.0
ro;00213;COSTA MARQUES;Rondônia;Norte;-12.32349;-64.17765;9103;2058;22.61;37;29.3;47.9;51.3;0.416;856.0
ro;00680;CUJUBIM;Rondônia;Norte;-9.38165;-62.60972;11176;2558;22.89;39;28.0;56.8;49.6;0.429;1096.0
ro;00256;ESPIGÃO DO OESTE;Rondônia;Norte;-11.4752;-60.95536;23348;4936;21.14;90;26.1;52.1;49.1;0.406;2002.0
ro;00612;GOVERNADOR JORGE TEIXEIRA;Rondônia;Norte;-10.62064;-62.85721;7203;1443;20.03;27;25.6;57.2;50.8;0.42;607.0
ro;00019;GUAJARÁ-MIRIM;Rondônia;Norte;-10.83607;-65.28882;28928;7015;24.25;113;29.6;41.7;48.6;0.391;2745.0
ro;00493;ITAPUÃ DO OESTE;Rondônia;Norte;-9.19481;-63.1888;7204;1761;24.44;25;28.2;49.1;50.7;0.413;727.0
ro;00159;JARU;Rondônia;Norte;-10.4861;-62.50616;41260;9555;23.16;155;28.8;43.2;48.4;0.392;3746.0
ro;00051;JI-PARANÁ;Rondônia;Norte;-10.88113;-61.92822;97939;22328;22.8;334;27.7;36.3;47.2;0.362;8088.0
ro;00396;MACHADINHO D'OESTE;Rondônia;Norte;-9.45107;-62.04019;25008;6491;25.96;97;26.4;54.9;50.8;0.419;2721.0
ro;00604;MINISTRO ANDREAZZA;Rondônia;Norte;-11.19054;-61.52144;6153;1222;19.86;26;26.1;54.1;49.8;0.413;504.0
ro;00574;MIRANTE DA SERRA;Rondônia;Norte;-11.03251;-62.67779;8333;1667;20.0;35;25.4;56.2;49.5;0.413;688.0
ro;00663;MONTE NEGRO;Rondônia;Norte;-10.22973;-63.2988;10191;2366;23.22;39;25.9;53.4;49.8;0.41;970.0
ro;00370;NOVA BRASILÂNDIA D'OESTE;Rondônia;Norte;-11.71634;-62.31267;13407;2372;17.69;51;26.3;50.3;50.0;0.405;960.0
ro;00434;NOVA MAMORÉ;Rondônia;Norte;-10.35164;-65.01847;19455;4215;21.67;75;29.1;55.7;50.5;0.434;1830.0
ro;00744;NOVA UNIÃO;Rondônia;Norte;-10.91537;-62.55485;5350;999;18.67;23;25.7;55.9;50.8;0.418;417.0
ro;00515;NOVO HORIZONTE DO OESTE;Rondônia;Norte;-11.715;-62.05873;7035;1200;17.06;30;24.3;51.8;50.8;0.4;480.0
ro;00175;OURO PRETO DO OESTE;Rondônia;Norte;-10.70225;-62.23495;28282;6454;22.82;114;25.0;45.0;47.4;0.376;2429.0
ro;00701;PARECIS;Rondônia;Norte;-12.22002;-61.54979;3875;914;23.59;16;28.3;54.4;53.3;0.434;397.0
ro;00116;PIMENTA BUENO;Rondônia;Norte;-11.69565;-61.15576;27485;6112;22.24;117;27.3;40.1;49.0;0.377;2305.0
ro;00787;PIMENTEIRAS DO OESTE;Rondônia;Norte;-13.48098;-61.04774;2286;528;23.1;8;26.1;44.4;51.9;0.392;207.0
ro;00035;PORTO VELHO;Rondônia;Norte;-8.8301;-63.96868;367902;73500;19.98;1285;28.6;30.2;47.4;0.345;25325.0
ro;00191;PRESIDENTE MÉDICI;Rondônia;Norte;-11.17543;-61.88559;15677;3572;22.78;75;23.4;48.1;48.8;0.38;1358.0
ro;00728;PRIMAVERA DE RONDÔNIA;Rondônia;Norte;-11.86512;-61.33163;3047;545;17.89;13;23.6;51.0;50.9;0.394;215.0
ro;00647;RIO CRESPO;Rondônia;Norte;-9.70381;-62.89879;3508;827;23.57;13;26.2;52.1;51.6;0.413;341.0
ro;00299;ROLIM DE MOURA;Rondônia;Norte;-11.72594;-61.76016;41088;9724;23.67;147;27.1;38.3;47.7;0.367;3571.0
ro;00353;SANTA LUZIA D'OESTE;Rondônia;Norte;-11.91519;-61.76924;6813;1483;21.77;28;22.9;50.8;49.7;0.387;574.0
ro;00582;SERINGUEIRAS;Rondônia;Norte;-11.8039;-63.03872;9666;1782;18.44;37;27.6;54.1;51.4;0.425;758.0
ro;00710;SÃO FELIPE D'OESTE;Rondônia;Norte;-11.87126;-61.48977;4530;915;20.2;19;22.0;52.6;50.9;0.389;356.0
ro;00795;SÃO FRANCISCO DO GUAPORÉ;Rondônia;Norte;-12.08044;-63.57363;12702;2603;20.49;47;28.4;48.5;49.8;0.41;1066.0
ro;00418;SÃO MIGUEL DO GUAPORÉ;Rondônia;Norte;-11.71113;-62.69021;17091;3357;19.64;59;29.0;48.6;49.5;0.412;1382.0
ro;00752;TEIXEIRÓPOLIS;Rondônia;Norte;-10.93273;-62.25747;3927;753;19.17;16;25.1;54.6;51.1;0.412;310.0
ro;00590;THEOBROMA;Rondônia;Norte;-10.16551;-62.3543;7587;1560;20.56;31;23.2;59.1;52.5;0.416;649.0
ro;00566;URUPÁ;Rondônia;Norte;-11.12921;-62.37725;9186;1881;20.48;35;24.6;56.6;49.7;0.41;772.0
ro;00698;VALE DO ANARI;Rondônia;Norte;-9.83095;-62.15467;6627;1451;21.9;24;24.1;56.9;51.5;0.413;600.0
ro;00558;VALE DO PARAÍSO;Rondônia;Norte;-10.3939;-62.11362;5538;1125;20.31;25;23.7;57.5;50.3;0.409;461.0
ro;00132;VILHENA;Rondônia;Norte;-12.73565;-60.13482;71595;16995;23.74;261;27.7;33.7;47.0;0.353;5995.0
rr;03050;ALTO ALEGRE;Roraima;Norte;3.02776;-61.2834;13408;2061;15.37;50;32.0;37.2;52.2;0.396;817.0
rr;03042;AMAJARI;Roraima;Norte;3.6746;-61.38564;7631;1111;14.56;30;33.4;37.5;53.2;0.405;450.0
rr;03018;BOA VISTA;Roraima;Norte;2.82729;-60.71479;241509;41938;17.36;869;31.9;22.2;47.3;0.322;13500.0
rr;03077;BONFIM;Roraima;Norte;2.99337;-60.01385;12329;2238;18.15;49;33.6;42.5;50.6;0.417;932.0
rr;03069;CANTÁ;Roraima;Norte;2.3797;-60.5971;17613;2978;16.91;72;30.1;40.5;52.5;0.4;1192.0
rr;03034;CARACARAÍ;Roraima;Norte;1.51446;-61.05195;15259;2807;18.4;62;31.5;44.7;52.4;0.419;1178.0
rr;03000;CAROEBE;Roraima;Norte;0.84302;-59.59045;7649;1037;13.56;30;29.9;46.2;52.6;0.417;433.0
rr;03026;IRACEMA;Roraima;Norte;2.22236;-61.16085;7593;1440;18.96;30;33.1;40.9;52.0;0.413;595.0
rr;03093;MUCAJAÍ;Roraima;Norte;2.50093;-61.06624;14383;2380;16.55;61;31.5;38.8;51.4;0.398;947.0
rr;03115;NORMANDIA;Roraima;Norte;3.89792;-59.98568;9686;1319;13.62;42;38.6;34.7;50.7;0.408;538.0
rr;03123;PACARAIMA;Roraima;Norte;4.3906;-61.0561;9762;1678;17.19;42;34.0;34.2;49.9;0.387;650.0
rr;03085;RORAINÓPOLIS;Roraima;Norte;0.74076;-60.49918;23761;4707;19.81;96;32.2;42.4;51.5;0.413;1944.0
rr;03131;SÃO JOÃO DA BALIZA;Roraima;Norte;0.96032;-59.91086;5728;885;15.45;23;31.4;38.7;51.7;0.398;352.0
rr;03158;SÃO LUIZ;Roraima;Norte;1.00775;-60.06843;6082;968;15.92;25;30.6;40.0;52.6;0.401;388.0
rr;03107;UIRAMUTÃ;Roraima;Norte;4.59944;-60.27789;9128;1202;13.17;38;38.8;46.7;51.3;0.453;544.0
sc;80225;ABDON BATISTA;Santa Catarina;Sul;-27.59298;-51.03989;2681;440;16.41;9;22.8;51.2;51.4;0.391;172.0
sc;80012;ABELARDO LUZ;Santa Catarina;Sul;-26.57853;-52.2869;12625;3040;24.08;45;25.9;47.4;49.0;0.392;1192.0
sc;80039;AGROLÂNDIA;Santa Catarina;Sul;-27.41795;-49.83218;8211;1244;15.15;26;24.4;46.7;48.6;0.381;474.0
sc;80055;AGRONÔMICA;Santa Catarina;Sul;-27.29828;-49.71339;4554;535;11.75;16;24.4;43.0;50.2;0.375;201.0
sc;80136;ALFREDO WAGNER;Santa Catarina;Sul;-27.67807;-49.35634;8139;1132;13.91;28;24.3;55.9;50.7;0.41;464.0
sc;81302;ALTO BELA VISTA;Santa Catarina;Sul;-27.42674;-51.91081;1764;268;15.19;7;18.4;47.5;50.9;0.354;95.0
sc;80152;ANCHIETA;Santa Catarina;Sul;-26.5319;-53.32693;4991;816;16.35;17;21.7;47.6;50.1;0.373;304.0
sc;80179;ANGELINA;Santa Catarina;Sul;-27.54276;-49.02913;5017;627;12.5;18;22.4;55.9;52.4;0.403;253.0
sc;80195;ANITA GARIBALDI;Santa Catarina;Sul;-27.7081;-51.10095;6943;1335;19.23;27;24.8;47.4;50.3;0.39;521.0
sc;80217;ANITÁPOLIS;Santa Catarina;Sul;-27.91361;-49.12664;3343;511;15.29;13;20.9;52.5;50.8;0.382;195.0
sc;80233;ANTÔNIO CARLOS;Santa Catarina;Sul;-27.51379;-48.78683;9356;1240;13.25;28;24.5;39.1;48.8;0.36;447.0
sc;80063;APIÚNA;Santa Catarina;Sul;-27.08192;-49.39082;8375;1390;16.6;34;25.0;53.3;49.8;0.405;563.0
sc;80489;ARABUTÃ;Santa Catarina;Sul;-27.14833;-52.17183;3907;514;13.16;13;22.5;45.8;53.0;0.379;195.0
sc;80250;ARAQUARI;Santa Catarina;Sul;-26.42628;-48.76203;28342;6096;21.51;78;28.8;35.8;49.1;0.37;2255.0
sc;80276;ARARANGUÁ;Santa Catarina;Sul;-28.94688;-49.48746;55064;11115;20.19;159;24.8;35.9;47.0;0.347;3862.0
sc;80292;ARMAZÉM;Santa Catarina;Sul;-28.25529;-49.013;7195;1054;14.65;23;24.0;46.6;48.9;0.38;400.0
sc;80314;ARROIO TRINTA;Santa Catarina;Sul;-26.92694;-51.33271;3124;511;16.36;11;22.0;45.4;48.7;0.365;187.0
sc;80802;ARVOREDO;Santa Catarina;Sul;-27.07928;-52.44498;2620;374;14.27;9;24.2;45.3;53.3;0.388;145.0
sc;80330;ASCURRA;Santa Catarina;Sul;-26.96164;-49.37348;6551;1146;17.49;23;22.4;49.2;47.9;0.375;430.0
sc;80357;ATALANTA;Santa Catarina;Sul;-27.42593;-49.76689;2919;369;12.64;13;24.6;44.2;49.5;0.377;139.0
sc;80373;AURORA;Santa Catarina;Sul;-27.3289;-49.61286;5541;660;11.91;21;25.9;45.4;50.9;0.391;258.0
sc;81728;BALNEÁRIO ARROIO DO SILVA;Santa Catarina;Sul;-28.99126;-49.42223;13141;2924;22.25;37;20.3;39.0;47.7;0.335;980.0
sc;80683;BALNEÁRIO BARRA DO SUL;Santa Catarina;Sul;-26.45349;-48.61896;11418;2626;23.0;32;19.2;38.9;48.8;0.332;871.0
sc;80390;BALNEÁRIO CAMBORIÚ;Santa Catarina;Sul;-26.99596;-48.63433;111138;25202;22.68;318;23.9;17.2;45.1;0.265;6673.0
sc;81744;BALNEÁRIO GAIVOTA;Santa Catarina;Sul;-29.15417;-49.59241;12988;3068;23.62;37;19.9;42.9;46.9;0.342;1050.0
sc;82511;BALNEÁRIO PIÇARRAS;Santa Catarina;Sul;-26.75787;-48.68589;23277;5575;23.95;69;23.8;27.6;47.6;0.315;1755.0
sc;83909;BALNEÁRIO RINCÃO;Santa Catarina;Sul;-28.82742;-49.24276;13698;3140;22.92;39;22.2;43.7;48.2;0.36;1131.0
sc;81582;BANDEIRANTE;Santa Catarina;Sul;-26.76835;-53.65157;2976;502;16.87;10;23.6;52.0;52.7;0.401;201.0
sc;81760;BARRA BONITA;Santa Catarina;Sul;-26.66422;-53.4337;1855;283;15.26;7;23.0;51.8;52.6;0.397;112.0
sc;80411;BARRA VELHA;Santa Catarina;Sul;-26.65398;-48.69494;29651;6663;22.47;88;24.7;32.9;47.1;0.337;2246.0
sc;81221;BELA VISTA DO TOLDO;Santa Catarina;Sul;-26.33632;-50.4888;5321;926;17.4;19;26.0;51.0;51.6;0.409;379.0
sc;80748;BELMONTE;Santa Catarina;Sul;-26.84895;-53.57689;2400;361;15.04;8;23.6;46.9;50.9;0.384;138.0
sc;80438;BENEDITO NOVO;Santa Catarina;Sul;-26.78105;-49.38945;8293;1307;15.76;27;22.4;50.3;50.3;0.384;502.0
sc;80454;BIGUAÇU;Santa Catarina;Sul;-27.49294;-48.65731;57679;11537;20.0;166;27.2;34.9;47.5;0.356;4106.0
sc;80470;BLUMENAU;Santa Catarina;Sul;-26.89609;-49.09079;269370;51018;18.94;754;24.9;27.1;47.0;0.316;16138.0
sc;81280;BOCAINA DO SUL;Santa Catarina;Sul;-27.76384;-49.91741;3180;472;14.84;10;25.3;48.3;51.2;0.397;187.0
sc;83895;BOM JARDIM DA SERRA;Santa Catarina;Sul;-28.34957;-49.64701;3852;810;21.03;14;25.3;54.9;50.8;0.413;335.0
sc;81388;BOM JESUS;Santa Catarina;Sul;-26.73684;-52.39155;2593;416;16.04;8;27.8;43.4;49.2;0.39;162.0
sc;81469;BOM JESUS DO OESTE;Santa Catarina;Sul;-26.6888;-53.09702;1876;234;12.47;9;22.4;48.5;50.7;0.381;89.0
sc;80497;BOM RETIRO;Santa Catarina;Sul;-27.78022;-49.51668;6588;1252;19.0;25;26.7;49.5;49.0;0.402;503.0
sc;80985;BOMBINHAS;Santa Catarina;Sul;-27.16293;-48.51057;19110;4049;21.19;54;25.6;29.3;47.9;0.33;1337.0
sc;80519;BOTUVERÁ;Santa Catarina;Sul;-27.20617;-49.11056;4908;673;13.71;18;21.5;52.2;50.8;0.385;259.0
sc;80535;BRAÇO DO NORTE;Santa Catarina;Sul;-28.26623;-49.15579;25562;4184;16.37;76;26.7;39.4;47.4;0.368;1539.0
sc;80420;BRAÇO DO TROMBUDO;Santa Catarina;Sul;-27.3595;-49.89594;3307;461;13.94;11;23.6;42.3;49.6;0.367;169.0
sc;81787;BRUNÓPOLIS;Santa Catarina;Sul;-27.34739;-50.82486;2907;510;17.54;12;26.5;53.5;50.8;0.416;212.0
sc;80551;BRUSQUE;Santa Catarina;Sul;-27.10616;-48.91101;101563;16871;16.61;283;25.8;30.8;47.2;0.335;5645.0
sc;80594;CAIBI;Santa Catarina;Sul;-27.05086;-53.25441;5294;893;16.87;19;22.5;50.9;49.1;0.383;342.0
sc;80667;CALMON;Santa Catarina;Sul;-26.61649;-51.11792;3186;754;23.67;12;30.1;57.0;51.1;0.444;335.0
sc;80616;CAMBORIÚ;Santa Catarina;Sul;-27.02181;-48.65735;62278;14000;22.48;167;29.9;34.1;46.8;0.363;5078.0
sc;80632;CAMPO ALEGRE;Santa Catarina;Sul;-26.14692;-49.26814;10133;1835;18.11;29;23.6;45.5;49.7;0.376;691.0
sc;80659;CAMPO BELO DO SUL;Santa Catarina;Sul;-27.84733;-50.76728;5981;1170;19.56;23;23.2;54.4;51.0;0.401;469.0
sc;80675;CAMPO ERÊ;Santa Catarina;Sul;-26.40433;-53.08983;7540;1525;20.23;26;28.0;44.8;48.4;0.393;599.0
sc;80691;CAMPOS NOVOS;Santa Catarina;Sul;-27.39937;-51.2327;26900;5932;22.05;90;25.5;43.6;48.0;0.376;2231.0
sc;80713;CANELINHA;Santa Catarina;Sul;-27.25679;-48.78421;10123;1839;18.17;30;25.4;49.4;48.6;0.394;724.0
sc;80730;CANOINHAS;Santa Catarina;Sul;-26.19395;-50.43127;42693;8888;20.82;132;25.0;37.5;48.5;0.357;3174.0
sc;80756;CAPINZAL;Santa Catarina;Sul;-27.36709;-51.61293;17174;3203;18.65;57;25.1;40.3;48.9;0.367;1176.0
sc;81027;CAPIVARI DE BAIXO;Santa Catarina;Sul;-28.44196;-48.95655;18207;3231;17.75;59;24.4;36.6;46.0;0.345;1115.0
sc;81248;CAPÃO ALTO;Santa Catarina;Sul;-27.99221;-50.53806;3120;544;17.44;11;21.8;44.4;53.1;0.372;202.0
sc;80772;CATANDUVAS;Santa Catarina;Sul;-27.06435;-51.66194;8118;1196;14.73;25;26.9;42.1;47.9;0.378;453.0
sc;80799;CAXAMBU DO SUL;Santa Catarina;Sul;-27.14928;-52.89603;4374;645;14.75;17;23.1;49.5;50.2;0.386;249.0
sc;80578;CAÇADOR;Santa Catarina;Sul;-26.78102;-51.01037;53297;12226;22.94;175;27.0;44.5;48.1;0.387;4728.0
sc;80268;CELSO RAMOS;Santa Catarina;Sul;-27.64601;-51.31347;2766;474;17.14;9;23.8;47.3;50.0;0.383;182.0
sc;80381;CERRO NEGRO;Santa Catarina;Sul;-27.72937;-50.91222;3206;538;16.78;13;25.1;58.0;52.2;0.424;228.0
sc;81701;CHAPADÃO DO LAGEADO;Santa Catarina;Sul;-27.58659;-49.55455;2708;311;11.48;9;26.7;48.8;51.9;0.407;127.0
sc;80810;CHAPECÓ;Santa Catarina;Sul;-27.09892;-52.62798;164327;29852;18.17;458;26.2;32.6;47.2;0.343;10247.0
sc;80306;COCAL DO SUL;Santa Catarina;Sul;-28.59766;-49.32368;14810;3066;20.7;47;22.6;35.4;48.5;0.338;1038.0
sc;80837;CONCÓRDIA;Santa Catarina;Sul;-27.23276;-52.01875;60391;11439;18.94;193;23.1;35.8;48.1;0.342;3907.0
sc;81043;CORDILHEIRA ALTA;Santa Catarina;Sul;-26.97353;-52.62467;4131;542;13.12;12;23.1;42.4;51.6;0.37;201.0
sc;80853;CORONEL FREITAS;Santa Catarina;Sul;-26.89536;-52.71552;8081;1300;16.09;26;21.1;50.4;48.9;0.373;485.0
sc;81108;CORONEL MARTINS;Santa Catarina;Sul;-26.51105;-52.66538;2010;320;15.92;7;26.9;47.6;50.8;0.402;129.0
sc;83950;CORREIA PINTO;Santa Catarina;Sul;-27.58491;-50.37127;12108;2070;17.1;44;25.5;47.8;48.5;0.389;806.0
sc;80870;CORUPÁ;Santa Catarina;Sul;-26.42926;-49.24776;11990;1629;13.59;39;24.3;39.0;49.1;0.36;586.0
sc;80896;CRICIÚMA;Santa Catarina;Sul;-28.68811;-49.38712;154435;31853;20.63;446;24.1;32.4;46.4;0.331;10541.0
sc;80918;CUNHA PORÃ;Santa Catarina;Sul;-26.88986;-53.18164;8864;1173;13.23;27;22.8;43.9;48.7;0.365;428.0
sc;81620;CUNHATAÍ;Santa Catarina;Sul;-26.97222;-53.10387;1868;216;11.56;5;25.4;47.8;52.0;0.398;86.0
sc;80934;CURITIBANOS;Santa Catarina;Sul;-27.28912;-50.57927;31343;7344;23.43;104;26.7;41.8;47.7;0.376;2763.0
sc;80950;DESCANSO;Santa Catarina;Sul;-26.8471;-53.49216;7241;1118;15.44;23;21.3;47.6;50.2;0.37;414.0
sc;80977;DIONÍSIO CERQUEIRA;Santa Catarina;Sul;-26.2886;-53.61135;12090;3004;24.85;42;24.5;50.5;48.1;0.391;1174.0
sc;80993;DONA EMMA;Santa Catarina;Sul;-26.98955;-49.77109;3429;569;16.59;11;25.3;49.8;50.3;0.398;227.0
sc;80080;DOUTOR PEDRINHO;Santa Catarina;Sul;-26.73674;-49.48696;3081;525;17.04;10;21.9;52.0;48.9;0.382;201.0
sc;81426;ENTRE RIOS;Santa Catarina;Sul;-26.72198;-52.56824;3097;505;16.31;9;33.1;52.0;50.1;0.442;223.0
sc;81167;ERMO;Santa Catarina;Sul;-28.98617;-49.64802;2711;343;12.65;8;25.4;42.7;51.5;0.382;131.0
sc;81019;ERVAL VELHO;Santa Catarina;Sul;-27.2813;-51.44302;3844;629;16.36;13;22.6;45.0;49.8;0.37;233.0
sc;81035;FAXINAL DOS GUEDES;Santa Catarina;Sul;-26.85092;-52.24795;8705;1369;15.73;27;25.3;41.5;49.5;0.373;511.0
sc;81604;FLOR DO SERTÃO;Santa Catarina;Sul;-26.7688;-53.33339;1772;280;15.8;6;26.4;50.0;50.9;0.407;114.0
sc;81051;FLORIANÓPOLIS;Santa Catarina;Sul;-27.57426;-48.5126;423969;86497;20.4;1207;24.5;15.2;45.9;0.258;22296.0
sc;80888;FORMOSA DO SUL;Santa Catarina;Sul;-26.64453;-52.79051;2622;482;18.38;8;27.2;46.8;50.0;0.399;192.0
sc;81060;FORQUILHINHA;Santa Catarina;Sul;-28.74985;-49.46801;22444;3825;17.04;67;28.4;43.1;48.9;0.392;1497.0
sc;81078;FRAIBURGO;Santa Catarina;Sul;-27.03972;-50.91634;26265;5235;19.93;93;27.5;39.5;48.1;0.374;1959.0
sc;81329;FREI ROGÉRIO;Santa Catarina;Sul;-27.17556;-50.77502;2251;336;14.93;10;25.7;45.1;52.0;0.392;132.0
sc;81094;GALVÃO;Santa Catarina;Sul;-26.4542;-52.68845;2750;433;15.75;12;22.8;47.2;49.7;0.377;163.0
sc;81132;GAROPABA;Santa Catarina;Sul;-28.04566;-48.64049;24086;4810;19.97;72;22.6;32.3;47.1;0.325;1566.0
sc;81159;GARUVA;Santa Catarina;Sul;-26.03944;-48.85402;12187;2257;18.52;38;28.4;38.6;49.4;0.378;854.0
sc;81175;GASPAR;Santa Catarina;Sul;-26.92941;-48.9598;51557;9692;18.8;148;25.3;38.4;47.4;0.359;3475.0
sc;81116;GOVERNADOR CELSO RAMOS;Santa Catarina;Sul;-27.35272;-48.57562;16835;2868;17.04;50;23.1;37.6;50.1;0.352;1009.0
sc;81213;GRAVATAL;Santa Catarina;Sul;-28.34646;-49.03019;9437;1417;15.02;31;22.5;42.9;48.2;0.36;510.0
sc;81191;GRÃO-PARÁ;Santa Catarina;Sul;-28.17913;-49.25851;5610;675;12.03;22;24.1;48.8;50.4;0.39;263.0
sc;81230;GUABIRUBA;Santa Catarina;Sul;-27.09454;-48.99181;17162;2261;13.17;48;24.3;42.7;48.9;0.37;837.0
sc;81256;GUARACIABA;Santa Catarina;Sul;-26.58546;-53.5505;8880;1165;13.12;31;22.5;46.4;50.5;0.375;437.0
sc;81272;GUARAMIRIM;Santa Catarina;Sul;-26.47691;-48.97607;33628;6355;18.9;98;27.4;34.0;48.9;0.357;2268.0
sc;81299;GUARUJÁ DO SUL;Santa Catarina;Sul;-26.39134;-53.52148;3992;755;18.91;14;20.7;49.3;47.5;0.365;275.0
sc;80527;GUATAMBÚ;Santa Catarina;Sul;-27.11554;-52.77694;6236;943;15.12;21;24.8;42.3;52.3;0.38;358.0
sc;81310;HERVAL D'OESTE;Santa Catarina;Sul;-27.17265;-51.48621;16804;3325;19.79;56;23.6;41.2;48.4;0.361;1201.0
sc;81400;IBIAM;Santa Catarina;Sul;-27.17893;-51.23747;1985;329;16.57;6;22.4;49.1;49.7;0.38;125.0
sc;81337;IBICARÉ;Santa Catarina;Sul;-27.09102;-51.36646;3018;483;16.0;14;20.5;50.1;50.9;0.374;180.0
sc;81353;IBIRAMA;Santa Catarina;Sul;-27.06345;-49.52532;15466;3354;21.69;45;24.9;43.7;48.7;0.376;1261.0
sc;81396;ILHOTA;Santa Catarina;Sul;-26.8875;-48.83735;12431;2402;19.32;38;24.8;45.0;48.6;0.379;910.0
sc;81418;IMARUÍ;Santa Catarina;Sul;-28.29395;-48.81912;10187;2157;21.17;33;21.4;52.2;50.2;0.383;825.0
sc;81434;IMBITUBA;Santa Catarina;Sul;-28.22805;-48.68925;42184;10055;23.84;120;21.2;34.8;47.4;0.327;3288.0
sc;81450;IMBUIA;Santa Catarina;Sul;-27.49875;-49.41596;5201;649;12.48;20;26.2;50.9;49.2;0.403;262.0
sc;81477;INDAIAL;Santa Catarina;Sul;-26.89713;-49.23658;50898;9895;19.44;154;25.8;37.7;47.9;0.36;3561.0
sc;81361;IOMERÊ;Santa Catarina;Sul;-26.99849;-51.25921;2888;394;13.64;9;20.7;39.8;49.7;0.345;136.0
sc;81493;IPIRA;Santa Catarina;Sul;-27.38232;-51.78447;3857;505;13.09;13;21.3;47.9;48.4;0.367;185.0
sc;80020;IPORÃ DO OESTE;Santa Catarina;Sul;-26.99748;-53.50653;7715;1177;15.26;29;22.2;46.0;49.5;0.37;435.0
sc;80829;IPUAÇU;Santa Catarina;Sul;-26.67799;-52.46703;5697;1157;20.31;20;32.2;48.4;50.1;0.427;495.0
sc;81515;IPUMIRIM;Santa Catarina;Sul;-27.05849;-52.14543;6026;1192;19.78;18;23.1;47.3;49.9;0.379;452.0
sc;80187;IRACEMINHA;Santa Catarina;Sul;-26.83939;-53.31035;3717;483;12.99;14;23.0;50.4;51.0;0.39;188.0
sc;81531;IRANI;Santa Catarina;Sul;-27.03149;-51.89826;7724;1290;16.7;25;24.5;46.4;48.6;0.381;492.0
sc;80861;IRATI;Santa Catarina;Sul;-26.65836;-52.89467;2036;354;17.39;7;26.7;50.8;50.9;0.41;145.0
sc;81558;IRINEÓPOLIS;Santa Catarina;Sul;-26.30951;-50.77544;8228;1384;16.82;29;26.1;52.1;50.3;0.409;566.0
sc;81590;ITAIÓPOLIS;Santa Catarina;Sul;-26.39422;-49.9056;16680;3026;18.14;54;27.6;46.2;50.7;0.401;1213.0
sc;81612;ITAJAÍ;Santa Catarina;Sul;-26.90925;-48.69183;183857;35317;19.21;525;27.7;24.4;46.9;0.317;11179.0
sc;81639;ITAPEMA;Santa Catarina;Sul;-27.11466;-48.6126;60041;13212;22.0;168;26.1;26.0;46.5;0.316;4176.0
sc;81655;ITAPIRANGA;Santa Catarina;Sul;-27.13475;-53.71124;12187;2242;18.4;42;23.7;39.6;49.9;0.36;808.0
sc;81663;ITAPOÁ;Santa Catarina;Sul;-26.08771;-48.61244;21623;5279;24.41;59;20.8;29.4;47.7;0.308;1624.0
sc;81671;ITUPORANGA;Santa Catarina;Sul;-27.43455;-49.5789;19872;3121;15.71;67;26.1;44.2;48.0;0.381;1190.0
sc;81574;ITÁ;Santa Catarina;Sul;-27.25262;-52.33148;5888;933;15.85;21;23.5;37.4;50.6;0.354;331.0
sc;81370;IÇARA;Santa Catarina;Sul;-28.72755;-49.29217;43842;8441;19.25;135;24.5;41.3;47.9;0.364;3076.0
sc;81698;JABORÁ;Santa Catarina;Sul;-27.1616;-51.75025;3843;501;13.04;13;22.8;48.2;50.3;0.381;191.0
sc;81710;JACINTO MACHADO;Santa Catarina;Sul;-28.99653;-49.78305;9165;1511;16.49;29;23.4;50.8;49.6;0.389;588.0
sc;81736;JAGUARUNA;Santa Catarina;Sul;-28.64497;-49.02933;16425;3011;18.33;52;22.0;46.2;47.8;0.365;1099.0
sc;81752;JARAGUÁ DO SUL;Santa Catarina;Sul;-26.48532;-49.10557;131454;19944;15.17;384;25.4;24.3;48.0;0.309;6168.0
sc;81140;JARDINÓPOLIS;Santa Catarina;Sul;-26.71928;-52.86028;1699;209;12.3;6;26.4;48.4;50.4;0.401;84.0
sc;81779;JOAÇABA;Santa Catarina;Sul;-27.16938;-51.52076;22370;4347;19.43;79;22.2;29.9;46.9;0.315;1367.0
sc;81795;JOINVILLE;Santa Catarina;Sul;-26.29642;-48.8381;443225;79120;17.85;1234;26.1;23.4;47.4;0.307;24277.0
sc;80101;JOSÉ BOITEUX;Santa Catarina;Sul;-26.91547;-49.64223;4540;832;18.33;17;30.5;48.1;50.1;0.419;349.0
sc;81540;JUPIÁ;Santa Catarina;Sul;-26.39764;-52.72449;2255;339;15.03;8;27.5;48.1;50.8;0.407;138.0
sc;81817;LACERDÓPOLIS;Santa Catarina;Sul;-27.25413;-51.56235;1979;241;12.18;8;21.9;42.4;49.3;0.358;86.0
sc;81833;LAGES;Santa Catarina;Sul;-27.81364;-50.31937;125222;26288;20.99;393;25.4;35.5;46.7;0.348;9150.0
sc;81850;LAGUNA;Santa Catarina;Sul;-28.4713;-48.79399;36422;7638;20.97;118;21.9;37.9;46.9;0.339;2589.0
sc;80586;LAJEADO GRANDE;Santa Catarina;Sul;-26.85786;-52.5638;1593;222;13.94;6;24.0;44.7;50.2;0.378;84.0
sc;81876;LAURENTINO;Santa Catarina;Sul;-27.21651;-49.73197;6020;693;11.51;19;23.4;41.3;49.0;0.362;251.0
sc;81892;LAURO MÜLLER;Santa Catarina;Sul;-28.39561;-49.40591;12330;2256;18.3;44;23.4;43.9;48.8;0.369;832.0
sc;81914;LEBON RÉGIS;Santa Catarina;Sul;-26.92273;-50.69576;8737;1824;20.88;30;29.3;50.3;49.5;0.418;763.0
sc;81930;LEOBERTO LEAL;Santa Catarina;Sul;-27.47503;-49.27073;3293;459;13.94;12;24.6;56.2;51.7;0.415;190.0
sc;80047;LINDÓIA DO SUL;Santa Catarina;Sul;-27.04331;-52.07304;3810;746;19.58;13;22.1;49.4;50.6;0.381;284.0
sc;81957;LONTRAS;Santa Catarina;Sul;-27.16653;-49.52944;9347;1630;17.44;31;25.4;47.0;48.6;0.387;631.0
sc;81973;LUIZ ALVES;Santa Catarina;Sul;-26.71939;-48.89747;10211;1284;12.57;33;29.7;43.3;50.4;0.402;515.0
sc;81809;LUZERNA;Santa Catarina;Sul;-27.12295;-51.47428;4829;562;11.64;19;22.1;33.0;49.4;0.33;186.0
sc;80900;MACIEIRA;Santa Catarina;Sul;-26.82092;-51.32721;2360;438;18.56;7;27.3;57.1;51.7;0.432;189.0
sc;81990;MAFRA;Santa Catarina;Sul;-26.14841;-49.83367;42431;7812;18.41;136;25.3;34.5;48.6;0.349;2726.0
sc;82015;MAJOR GERCINO;Santa Catarina;Sul;-27.42371;-49.03276;3305;689;20.85;12;22.7;51.5;52.0;0.393;271.0
sc;82031;MAJOR VIEIRA;Santa Catarina;Sul;-26.42904;-50.3429;6050;1077;17.8;21;25.5;52.1;50.1;0.405;436.0
sc;83917;MARACAJÁ;Santa Catarina;Sul;-28.86048;-49.44774;6447;935;14.5;20;26.0;42.6;49.6;0.38;355.0
sc;82058;MARAVILHA;Santa Catarina;Sul;-26.76608;-53.18486;20395;3275;16.06;60;24.9;35.2;47.8;0.347;1138.0
sc;82066;MAREMA;Santa Catarina;Sul;-26.8104;-52.62035;2215;335;15.12;9;25.7;49.5;50.6;0.401;134.0
sc;82074;MASSARANDUBA;Santa Catarina;Sul;-26.62013;-48.98889;13335;2064;15.48;43;22.8;41.5;49.4;0.36;743.0
sc;82090;MATOS COSTA;Santa Catarina;Sul;-26.46418;-51.14551;2463;561;22.78;10;27.5;51.6;52.1;0.42;235.0
sc;82112;MELEIRO;Santa Catarina;Sul;-28.85019;-49.61289;5868;722;12.3;18;23.1;42.7;49.7;0.366;264.0
sc;80365;MIRIM DOCE;Santa Catarina;Sul;-27.1945;-50.11042;2265;314;13.86;9;25.7;46.5;50.6;0.392;123.0
sc;82139;MODELO;Santa Catarina;Sul;-26.77922;-53.05839;3479;443;12.73;12;24.4;42.8;50.4;0.375;166.0
sc;82155;MONDAÍ;Santa Catarina;Sul;-27.09952;-53.42132;7441;1036;13.92;28;23.4;38.7;49.4;0.355;368.0
sc;80004;MONTE CARLO;Santa Catarina;Sul;-27.22097;-50.97581;6989;1467;20.99;24;31.8;52.4;49.8;0.436;640.0
sc;82171;MONTE CASTELO;Santa Catarina;Sul;-26.51391;-50.24074;6982;1217;17.43;25;27.6;48.0;51.0;0.407;496.0
sc;82198;MORRO DA FUMAÇA;Santa Catarina;Sul;-28.64421;-49.221;14207;2534;17.84;41;24.9;47.4;48.3;0.385;975.0
sc;81086;MORRO GRANDE;Santa Catarina;Sul;-28.78044;-49.72927;2721;354;13.01;8;24.0;46.3;51.1;0.384;136.0
sc;82210;NAVEGANTES;Santa Catarina;Sul;-26.87085;-48.66612;66392;14845;22.36;208;29.1;29.7;47.6;0.345;5123.0
sc;82236;NOVA ERECHIM;Santa Catarina;Sul;-26.90023;-52.9054;4037;620;15.36;13;25.0;45.3;49.7;0.383;238.0
sc;80322;NOVA ITABERABA;Santa Catarina;Sul;-26.94695;-52.8241;3921;479;12.22;13;24.5;49.7;52.2;0.399;191.0
sc;82252;NOVA TRENTO;Santa Catarina;Sul;-27.28703;-48.9599;11343;1794;15.82;34;23.2;44.4;48.9;0.369;663.0
sc;82279;NOVA VENEZA;Santa Catarina;Sul;-28.67165;-49.51324;12429;1945;15.65;38;24.4;42.8;49.3;0.372;723.0
sc;80764;NOVO HORIZONTE;Santa Catarina;Sul;-26.44964;-52.8246;2570;390;15.18;11;25.5;50.7;52.2;0.407;159.0
sc;82295;ORLEANS;Santa Catarina;Sul;-28.34844;-49.29128;19333;3558;18.4;61;25.0;41.2;48.2;0.367;1307.0
sc;83976;OTACÍLIO COSTA;Santa Catarina;Sul;-27.50767;-50.10225;12683;1984;15.64;47;27.5;36.9;48.8;0.367;729.0
sc;82317;OURO;Santa Catarina;Sul;-27.31584;-51.63734;5678;923;16.26;22;20.8;46.9;48.6;0.362;334.0
sc;80845;OURO VERDE;Santa Catarina;Sul;-26.69292;-52.30975;2040;322;15.78;6;26.0;46.5;51.1;0.395;127.0
sc;81442;PAIAL;Santa Catarina;Sul;-27.25623;-52.49897;1999;323;16.16;7;23.7;46.7;53.2;0.389;126.0
sc;81264;PAINEL;Santa Catarina;Sul;-27.90412;-50.05379;2599;474;18.24;8;22.0;49.4;54.6;0.39;185.0
sc;82333;PALHOÇA;Santa Catarina;Sul;-27.67029;-48.6679;154633;30285;19.59;415;27.2;29.1;46.9;0.334;10110.0
sc;82350;PALMA SOLA;Santa Catarina;Sul;-26.35462;-53.29581;5410;918;16.97;18;25.3;47.1;49.5;0.39;358.0
sc;81566;PALMEIRA;Santa Catarina;Sul;-27.58211;-50.14422;3317;608;18.33;10;23.1;46.7;52.2;0.384;233.0
sc;82376;PALMITOS;Santa Catarina;Sul;-27.08086;-53.16768;12297;2172;17.66;43;21.2;46.9;48.6;0.364;792.0
sc;82392;PAPANDUVA;Santa Catarina;Sul;-26.44217;-50.14877;14658;2523;17.21;54;27.8;48.0;50.2;0.406;1024.0
sc;80705;PARAÍSO;Santa Catarina;Sul;-26.63821;-53.6739;3609;652;18.07;14;23.8;52.2;50.5;0.397;259.0
sc;80403;PASSO DE TORRES;Santa Catarina;Sul;-29.30787;-49.71006;9128;1882;20.62;26;22.7;40.5;48.4;0.354;666.0
sc;80624;PASSOS MAIA;Santa Catarina;Sul;-26.7489;-52.02953;3505;744;21.23;12;28.2;49.7;50.4;0.414;308.0
sc;82414;PAULO LOPES;Santa Catarina;Sul;-27.99438;-48.68712;7411;1160;15.65;24;24.3;48.7;48.7;0.386;448.0
sc;82430;PEDRAS GRANDES;Santa Catarina;Sul;-28.4595;-49.18951;4152;708;17.05;17;21.5;49.7;50.3;0.378;267.0
sc;82457;PENHA;Santa Catarina;Sul;-26.79389;-48.63506;26267;5756;21.91;76;25.9;31.3;46.8;0.336;1934.0
sc;82473;PERITIBA;Santa Catarina;Sul;-27.35687;-51.89293;2879;325;11.29;10;20.8;44.0;50.3;0.358;116.0
sc;83925;PESCARIA BRAVA;Santa Catarina;Sul;-28.4084;-48.89198;8428;1045;12.4;27;24.6;41.0;49.1;0.367;384.0
sc;82490;PETROLÂNDIA;Santa Catarina;Sul;-27.5185;-49.68325;5523;662;11.99;20;24.7;51.0;51.0;0.4;265.0
sc;82538;PINHALZINHO;Santa Catarina;Sul;-26.84123;-52.98429;15631;2485;15.9;42;26.3;36.1;47.6;0.356;885.0
sc;82554;PINHEIRO PRETO;Santa Catarina;Sul;-27.04429;-51.22963;3010;570;18.94;8;28.2;42.3;50.3;0.391;223.0
sc;82570;PIRATUBA;Santa Catarina;Sul;-27.43775;-51.77635;5246;800;15.25;18;23.1;41.2;49.2;0.361;289.0
sc;80543;PLANALTO ALEGRE;Santa Catarina;Sul;-27.05845;-52.8674;2907;419;14.41;11;24.9;49.3;52.4;0.401;168.0
sc;82597;POMERODE;Santa Catarina;Sul;-26.73686;-49.16949;27227;5286;19.41;79;23.4;37.3;49.2;0.35;1851.0
sc;82619;PONTE ALTA;Santa Catarina;Sul;-27.46586;-50.37878;4025;700;17.39;18;27.0;51.2;49.8;0.41;287.0
sc;80926;PONTE ALTA DO NORTE;Santa Catarina;Sul;-27.16114;-50.47035;2635;614;23.3;8;28.2;50.6;49.1;0.412;253.0
sc;82635;PONTE SERRADA;Santa Catarina;Sul;-26.87365;-52.01878;8142;1752;21.52;30;27.7;48.0;48.4;0.401;702.0
sc;82651;PORTO BELO;Santa Catarina;Sul;-27.16106;-48.57504;20041;4576;22.83;55;25.8;31.1;46.8;0.335;1533.0
sc;82678;PORTO UNIÃO;Santa Catarina;Sul;-26.27706;-51.06038;25684;5911;23.01;82;24.3;36.4;48.1;0.349;2061.0
sc;82694;POUSO REDONDO;Santa Catarina;Sul;-27.26839;-49.93743;12260;2220;18.11;37;25.1;51.9;48.9;0.4;887.0
sc;82716;PRAIA GRANDE;Santa Catarina;Sul;-29.19196;-49.95136;6688;1135;16.97;21;22.9;49.6;48.9;0.381;433.0
sc;82732;PRESIDENTE CASTELLO BRANCO;Santa Catarina;Sul;-27.22818;-51.79961;1670;194;11.62;6;25.1;48.7;50.5;0.395;77.0
sc;82759;PRESIDENTE GETÚLIO;Santa Catarina;Sul;-27.05197;-49.64495;14268;2474;17.34;42;27.1;44.4;48.8;0.388;961.0
sc;82775;PRESIDENTE NEREU;Santa Catarina;Sul;-27.27903;-49.38988;2237;371;16.58;10;22.8;51.6;51.0;0.392;145.0
sc;81647;PRINCESA;Santa Catarina;Sul;-26.44323;-53.5988;2564;356;13.88;9;25.3;50.5;50.6;0.401;143.0
sc;82791;QUILOMBO;Santa Catarina;Sul;-26.72871;-52.71858;8066;1353;16.77;24;23.3;42.4;49.4;0.365;494.0
sc;82813;RANCHO QUEIMADO;Santa Catarina;Sul;-27.66141;-49.07268;3744;567;15.14;12;19.6;39.2;50.5;0.338;192.0
sc;82830;RIO DAS ANTAS;Santa Catarina;Sul;-26.91002;-51.08515;5383;864;16.05;20;24.9;53.2;51.1;0.407;352.0
sc;82856;RIO DO CAMPO;Santa Catarina;Sul;-26.90502;-50.09758;5436;757;13.93;17;24.3;48.5;51.6;0.393;298.0
sc;82872;RIO DO OESTE;Santa Catarina;Sul;-27.17293;-49.82785;6043;888;14.69;25;23.2;49.3;50.0;0.385;342.0
sc;82910;RIO DO SUL;Santa Catarina;Sul;-27.21303;-49.6407;51075;9646;18.89;151;24.0;34.1;47.1;0.338;3262.0
sc;82899;RIO DOS CEDROS;Santa Catarina;Sul;-26.70916;-49.29013;8999;1286;14.29;30;22.5;44.3;50.3;0.369;475.0
sc;82937;RIO FORTUNA;Santa Catarina;Sul;-28.11617;-49.13725;4372;388;8.87;16;23.2;42.6;51.3;0.37;143.0
sc;82953;RIO NEGRINHO;Santa Catarina;Sul;-26.28186;-49.53123;31740;6787;21.38;100;25.7;42.8;48.7;0.377;2559.0
sc;80608;RIO RUFINO;Santa Catarina;Sul;-27.88089;-49.74706;2423;381;15.72;10;26.7;50.1;51.8;0.411;157.0
sc;80560;RIQUEZA;Santa Catarina;Sul;-27.02096;-53.33148;3992;596;14.93;16;24.1;50.7;51.7;0.398;237.0
sc;82970;RODEIO;Santa Catarina;Sul;-26.89696;-49.35075;9464;1307;13.81;35;20.8;44.0;48.3;0.353;462.0
sc;82996;ROMELÂNDIA;Santa Catarina;Sul;-26.66389;-53.31709;4125;692;16.78;16;20.1;56.1;50.6;0.385;267.0
sc;83011;SALETE;Santa Catarina;Sul;-26.96841;-50.00158;6344;997;15.72;21;24.0;42.9;49.6;0.371;370.0
sc;81523;SALTINHO;Santa Catarina;Sul;-26.59609;-53.05101;3274;583;17.81;11;26.6;52.4;51.2;0.415;242.0
sc;83038;SALTO VELOSO;Santa Catarina;Sul;-26.90621;-51.40741;3446;582;16.89;11;23.9;46.0;49.7;0.38;221.0
sc;81000;SANGÃO;Santa Catarina;Sul;-28.65346;-49.11917;8877;1514;17.06;26;27.4;55.0;48.9;0.42;635.0
sc;83054;SANTA CECÍLIA;Santa Catarina;Sul;-26.951;-50.43128;12255;3012;24.58;38;29.0;50.1;48.7;0.414;1246.0
sc;80721;SANTA HELENA;Santa Catarina;Sul;-26.93617;-53.62781;2208;275;12.45;7;22.3;48.2;49.9;0.377;104.0
sc;83070;SANTA ROSA DE LIMA;Santa Catarina;Sul;-28.02801;-49.14638;2019;245;12.13;8;24.1;44.3;52.0;0.381;93.0
sc;80241;SANTA ROSA DO SUL;Santa Catarina;Sul;-29.13323;-49.72279;7760;1435;18.49;24;23.9;53.7;49.3;0.398;571.0
sc;80349;SANTA TEREZINHA;Santa Catarina;Sul;-26.67639;-50.01773;6527;1073;16.44;24;25.4;54.8;52.8;0.419;450.0
sc;81507;SANTA TEREZINHA DO PROGRESSO;Santa Catarina;Sul;-26.60968;-53.19103;2456;459;18.69;10;26.4;53.7;52.4;0.421;193.0
sc;81205;SANTIAGO DO SUL;Santa Catarina;Sul;-26.63615;-52.67319;1538;274;17.82;5;25.9;49.4;49.8;0.4;109.0
sc;83097;SANTO AMARO DA IMPERATRIZ;Santa Catarina;Sul;-27.68818;-48.76865;20294;3005;14.81;69;24.1;33.9;48.4;0.341;1024.0
sc;83410;SAUDADES;Santa Catarina;Sul;-26.91056;-53.02065;7589;915;12.06;25;23.2;42.7;50.4;0.368;337.0
sc;83437;SCHROEDER;Santa Catarina;Sul;-26.40384;-49.07428;14004;1906;13.61;39;24.2;30.8;49.5;0.333;634.0
sc;83453;SEARA;Santa Catarina;Sul;-27.14983;-52.32649;13942;2434;17.46;45;24.0;41.7;49.9;0.368;896.0
sc;80284;SERRA ALTA;Santa Catarina;Sul;-26.71077;-53.03835;2818;336;11.92;10;24.2;44.4;49.2;0.375;126.0
sc;83470;SIDERÓPOLIS;Santa Catarina;Sul;-28.59882;-49.42784;11784;2525;21.43;34;23.0;41.4;48.5;0.359;906.0
sc;83496;SOMBRIO;Santa Catarina;Sul;-29.10335;-49.63888;22226;3756;16.9;70;27.0;41.8;47.2;0.376;1413.0
sc;80446;SUL BRASIL;Santa Catarina;Sul;-26.71578;-52.95838;2414;275;11.39;11;24.7;51.0;51.7;0.402;111.0
sc;83119;SÃO BENTO DO SUL;Santa Catarina;Sul;-26.24396;-49.38669;63838;12333;19.32;185;24.5;35.2;48.0;0.346;4265.0
sc;81485;SÃO BERNARDINO;Santa Catarina;Sul;-26.47156;-52.97206;2576;423;16.42;9;27.7;49.6;51.7;0.414;175.0
sc;83135;SÃO BONIFÁCIO;Santa Catarina;Sul;-27.96813;-48.935;2932;448;15.28;11;18.9;49.3;51.1;0.362;162.0
sc;83151;SÃO CARLOS;Santa Catarina;Sul;-27.05782;-53.01833;8222;1251;15.22;29;21.9;43.6;48.9;0.36;450.0
sc;80942;SÃO CRISTÓVÃO DO SUL;Santa Catarina;Sul;-27.26401;-50.44088;3557;836;23.5;12;27.5;53.8;48.4;0.415;347.0
sc;83178;SÃO DOMINGOS;Santa Catarina;Sul;-26.56338;-52.5425;7343;1247;16.98;26;24.1;45.0;48.8;0.375;468.0
sc;83194;SÃO FRANCISCO DO SUL;Santa Catarina;Sul;-26.24989;-48.60271;42667;10535;24.69;124;22.4;33.6;48.1;0.331;3489.0
sc;83259;SÃO JOAQUIM;Santa Catarina;Sul;-28.29419;-49.9464;19522;4637;23.75;67;23.4;50.2;48.9;0.386;1790.0
sc;83275;SÃO JOSÉ;Santa Catarina;Sul;-27.57925;-48.63175;195574;37822;19.34;550;25.5;21.6;46.0;0.293;11100.0
sc;83291;SÃO JOSÉ DO CEDRO;Santa Catarina;Sul;-26.46297;-53.51994;10947;1638;14.96;36;22.2;46.8;49.2;0.371;607.0
sc;83313;SÃO JOSÉ DO CERRITO;Santa Catarina;Sul;-27.60594;-50.65487;7722;1136;14.71;33;22.8;55.7;51.6;0.403;458.0
sc;83216;SÃO JOÃO BATISTA;Santa Catarina;Sul;-27.28654;-48.85092;23144;4377;18.91;65;26.7;43.9;48.4;0.385;1683.0
sc;81124;SÃO JOÃO DO ITAPERIÚ;Santa Catarina;Sul;-26.61325;-48.78312;4277;677;15.83;15;26.6;45.3;51.1;0.395;267.0
sc;80640;SÃO JOÃO DO OESTE;Santa Catarina;Sul;-27.08684;-53.59522;5102;608;11.92;19;21.0;42.4;50.7;0.356;216.0
sc;83232;SÃO JOÃO DO SUL;Santa Catarina;Sul;-29.21221;-49.80073;7398;1155;15.61;24;24.7;53.0;49.9;0.402;465.0
sc;83330;SÃO LOURENÇO DO OESTE;Santa Catarina;Sul;-26.38004;-52.85201;19026;3707;19.48;61;24.8;41.0;48.6;0.367;1360.0
sc;83356;SÃO LUDGERO;Santa Catarina;Sul;-28.33861;-49.17133;9949;1415;14.22;31;26.9;42.0;48.9;0.381;539.0
sc;83372;SÃO MARTINHO;Santa Catarina;Sul;-28.13249;-48.98005;3230;359;11.11;11;21.9;47.9;51.5;0.378;136.0
sc;80780;SÃO MIGUEL DA BOA VISTA;Santa Catarina;Sul;-26.69098;-53.25128;1757;304;17.3;5;21.9;52.1;52.0;0.39;119.0
sc;83399;SÃO MIGUEL DO OESTE;Santa Catarina;Sul;-26.73139;-53.51757;32021;6516;20.35;101;22.2;33.8;46.9;0.328;2137.0
sc;81183;SÃO PEDRO DE ALCÂNTARA;Santa Catarina;Sul;-27.57181;-48.79794;4795;657;13.7;14;19.8;35.6;51.2;0.33;217.0
sc;83518;TAIÓ;Santa Catarina;Sul;-27.10817;-50.01079;14737;2891;19.62;47;24.1;44.2;49.0;0.374;1080.0
sc;83534;TANGARÁ;Santa Catarina;Sul;-27.11986;-51.21549;6620;1171;17.69;26;23.5;45.2;50.1;0.376;440.0
sc;81680;TIGRINHOS;Santa Catarina;Sul;-26.67338;-53.19602;2043;330;16.15;6;23.6;52.0;51.4;0.398;131.0
sc;83550;TIJUCAS;Santa Catarina;Sul;-27.2443;-48.64971;36911;8093;21.93;102;27.8;34.3;48.3;0.358;2902.0
sc;83933;TIMBÉ DO SUL;Santa Catarina;Sul;-28.8291;-49.83203;4542;633;13.94;15;23.9;48.7;49.9;0.387;245.0
sc;83577;TIMBÓ;Santa Catarina;Sul;-26.82518;-49.27097;35846;6235;17.39;101;24.1;33.3;47.8;0.337;2101.0
sc;80209;TIMBÓ GRANDE;Santa Catarina;Sul;-26.60972;-50.67083;5898;1452;24.62;19;30.9;52.4;50.4;0.434;630.0
sc;81345;TREVISO;Santa Catarina;Sul;-28.51257;-49.46145;3946;670;16.98;13;21.2;42.9;51.3;0.36;241.0
sc;83615;TREZE DE MAIO;Santa Catarina;Sul;-28.5657;-49.14772;6518;849;13.03;20;23.9;52.1;49.7;0.396;336.0
sc;83631;TREZE TÍLIAS;Santa Catarina;Sul;-26.99865;-51.4112;6439;975;15.14;20;26.6;34.3;48.7;0.354;345.0
sc;83658;TROMBUDO CENTRAL;Santa Catarina;Sul;-27.30204;-49.79751;5524;898;16.26;18;23.2;40.8;48.7;0.359;322.0
sc;83593;TRÊS BARRAS;Santa Catarina;Sul;-26.13829;-50.32414;15074;3370;22.36;46;26.8;43.4;48.5;0.384;1293.0
sc;83674;TUBARÃO;Santa Catarina;Sul;-28.47756;-49.01926;82210;15817;19.24;248;22.1;32.4;46.0;0.321;5074.0
sc;83682;TUNÁPOLIS;Santa Catarina;Sul;-26.98366;-53.64574;4043;447;11.06;15;22.6;43.6;50.0;0.366;164.0
sc;83690;TURVO;Santa Catarina;Sul;-28.91397;-49.68928;10409;1466;14.08;33;24.0;39.5;47.8;0.356;522.0
sc;80144;UNIÃO DO OESTE;Santa Catarina;Sul;-26.76592;-52.84956;2463;396;16.08;8;22.6;51.8;51.9;0.393;156.0
sc;83712;URUBICI;Santa Catarina;Sul;-28.00184;-49.58356;8139;1374;16.88;30;23.6;43.1;48.7;0.367;505.0
sc;80160;URUPEMA;Santa Catarina;Sul;-27.98779;-49.89047;2525;482;19.09;8;22.8;51.8;50.3;0.39;188.0
sc;83739;URUSSANGA;Santa Catarina;Sul;-28.51324;-49.32454;17330;4330;24.99;53;20.7;40.1;47.5;0.34;1474.0
sc;80462;VARGEM;Santa Catarina;Sul;-27.48815;-50.95001;2628;461;17.54;11;23.8;55.9;50.4;0.406;187.0
sc;80969;VARGEM BONITA;Santa Catarina;Sul;-26.98638;-51.75859;3962;657;16.58;13;27.1;43.6;50.1;0.39;256.0
sc;83755;VARGEÃO;Santa Catarina;Sul;-26.82765;-52.13948;2999;552;18.41;10;26.9;44.7;49.7;0.391;216.0
sc;83771;VIDAL RAMOS;Santa Catarina;Sul;-27.39803;-49.36308;5308;713;13.43;20;25.3;48.7;51.1;0.398;284.0
sc;83798;VIDEIRA;Santa Catarina;Sul;-27.00727;-51.14907;39175;8189;20.9;117;25.6;37.1;47.5;0.356;2912.0
sc;80128;VITOR MEIRELES;Santa Catarina;Sul;-26.83789;-49.83015;4377;681;15.56;16;27.1;53.2;51.1;0.419;285.0
sc;83810;WITMARSUM;Santa Catarina;Sul;-26.93621;-49.81776;3494;491;14.05;11;25.7;49.2;50.1;0.398;196.0
sc;83836;XANXERÊ;Santa Catarina;Sul;-26.87682;-52.40378;34911;5832;16.71;113;25.2;33.0;46.8;0.339;1978.0
sc;83852;XAVANTINA;Santa Catarina;Sul;-27.03646;-52.3357;3388;461;13.61;14;20.2;48.1;53.2;0.373;172.0
sc;83879;XAXIM;Santa Catarina;Sul;-26.96338;-52.53408;22987;3961;17.23;70;24.4;41.6;47.6;0.364;1443.0
sc;81825;ZORTÉA;Santa Catarina;Sul;-27.46549;-51.55268;3214;486;15.12;10;25.7;42.4;48.8;0.376;183.0
sc;80071;ÁGUA DOCE;Santa Catarina;Sul;-26.97649;-51.55673;5464;1046;19.14;19;24.4;48.7;51.6;0.394;412.0
sc;80098;ÁGUAS DE CHAPECÓ;Santa Catarina;Sul;-27.05158;-52.96129;4732;860;18.17;13;23.5;53.5;50.3;0.399;343.0
sc;80500;ÁGUAS FRIAS;Santa Catarina;Sul;-26.86358;-52.86386;2566;307;11.96;9;24.5;46.7;51.2;0.389;119.0
sc;80110;ÁGUAS MORNAS;Santa Catarina;Sul;-27.70887;-48.89077;6493;839;12.92;23;22.3;49.0;50.6;0.381;320.0
se;31011;AMPARO DE SÃO FRANCISCO;Sergipe;Nordeste;-10.13292;-36.92718;3095;544;17.58;10;28.4;42.9;49.6;0.392;213.0
se;31038;AQUIDABÃ;Sergipe;Nordeste;-10.27933;-37.02966;17283;2970;17.18;68;27.4;55.7;48.1;0.419;1244.0
se;31054;ARACAJU;Sergipe;Nordeste;-10.93291;-37.07283;422179;69977;16.58;1354;25.0;24.7;44.5;0.302;21140.0
se;31070;ARAUÁ;Sergipe;Nordeste;-11.27367;-37.61254;9692;1778;18.35;35;27.3;54.8;48.7;0.418;744.0
se;31097;AREIA BRANCA;Sergipe;Nordeste;-10.77829;-37.33409;15286;2275;14.88;53;30.5;58.4;47.2;0.438;996.0
se;31119;BARRA DOS COQUEIROS;Sergipe;Nordeste;-10.90238;-37.02592;31707;5579;17.6;112;28.3;31.9;46.2;0.347;1936.0
se;31151;BOQUIM;Sergipe;Nordeste;-11.13781;-37.61261;22028;4192;19.03;81;26.1;54.6;47.6;0.408;1709.0
se;31135;BREJO GRANDE;Sergipe;Nordeste;-10.44719;-36.46709;8118;1797;22.14;24;33.6;55.5;49.7;0.452;813.0
se;31194;CAMPO DO BRITO;Sergipe;Nordeste;-10.75148;-37.49756;15710;2852;18.15;46;27.2;58.2;46.9;0.42;1198.0
se;31216;CANHOBA;Sergipe;Nordeste;-10.15658;-36.99224;4709;719;15.27;17;29.1;55.0;51.0;0.434;312.0
se;31232;CANINDÉ DE SÃO FRANCISCO;Sergipe;Nordeste;-9.68253;-37.82211;24727;5840;23.62;77;32.7;61.4;48.9;0.461;2693.0
se;31259;CAPELA;Sergipe;Nordeste;-10.4999;-37.04442;27103;5983;22.08;86;29.8;51.7;48.0;0.42;2513.0
se;31275;CARIRA;Sergipe;Nordeste;-10.36643;-37.70494;17134;3181;18.57;59;26.4;66.5;47.9;0.438;1395.0
se;31291;CARMÓPOLIS;Sergipe;Nordeste;-10.65571;-36.97649;12534;2960;23.62;42;29.4;46.6;47.7;0.403;1194.0
se;31313;CEDRO DE SÃO JOÃO;Sergipe;Nordeste;-10.25668;-36.88576;5345;792;14.82;17;26.1;44.3;48.1;0.382;302.0
se;31330;CRISTINÁPOLIS;Sergipe;Nordeste;-11.47529;-37.75161;14633;3338;22.81;52;31.0;59.0;47.6;0.443;1479.0
se;31372;CUMBE;Sergipe;Nordeste;-10.36505;-37.17896;4501;656;14.57;17;29.0;53.2;49.6;0.424;278.0
se;31399;DIVINA PASTORA;Sergipe;Nordeste;-10.67989;-37.15098;4411;787;17.84;14;29.1;45.7;48.2;0.4;315.0
se;31410;ESTÂNCIA;Sergipe;Nordeste;-11.25748;-37.42652;50966;9999;19.62;178;27.9;46.2;46.9;0.392;3923.0
se;31437;FEIRA NOVA;Sergipe;Nordeste;-10.26452;-37.31827;6299;829;13.16;25;29.7;55.3;48.0;0.429;355.0
se;31453;FREI PAULO;Sergipe;Nordeste;-10.53595;-37.5529;13549;2264;16.71;39;27.9;62.6;47.2;0.435;986.0
se;31496;GARARU;Sergipe;Nordeste;-10.00667;-37.15174;9619;1760;18.3;28;28.1;59.5;50.3;0.438;771.0
se;31470;GENERAL MAYNARD;Sergipe;Nordeste;-10.68611;-36.97876;3345;569;17.01;12;29.6;40.8;48.5;0.388;221.0
se;31518;GRACCHO CARDOSO;Sergipe;Nordeste;-10.22621;-37.20357;6449;955;14.81;27;27.4;57.5;49.8;0.428;409.0
se;31534;ILHA DAS FLORES;Sergipe;Nordeste;-10.43645;-36.54328;7753;1626;20.97;28;30.3;54.8;47.8;0.43;699.0
se;31550;INDIAROBA;Sergipe;Nordeste;-11.49141;-37.51277;13697;2962;21.63;51;30.7;57.4;48.9;0.441;1308.0
se;31577;ITABAIANA;Sergipe;Nordeste;-10.69538;-37.42532;76645;10580;13.8;274;28.5;52.3;46.2;0.41;4334.0
se;31593;ITABAIANINHA;Sergipe;Nordeste;-11.28632;-37.78603;32189;5110;15.87;105;30.2;61.5;47.8;0.446;2278.0
se;31615;ITABI;Sergipe;Nordeste;-10.13443;-37.11242;4734;813;17.17;16;26.6;50.3;48.4;0.402;327.0
se;31631;ITAPORANGA D'AJUDA;Sergipe;Nordeste;-11.01009;-37.33071;29786;5718;19.2;109;28.5;54.4;48.2;0.421;2410.0
se;31658;JAPARATUBA;Sergipe;Nordeste;-10.5953;-36.93042;14930;3149;21.09;51;29.0;49.7;48.0;0.41;1291.0
se;31674;JAPOATÃ;Sergipe;Nordeste;-10.39594;-36.79003;11510;2154;18.71;46;29.5;55.7;48.9;0.431;929.0
se;31690;LAGARTO;Sergipe;Nordeste;-10.91892;-37.64283;82331;12366;15.02;308;28.3;51.9;46.9;0.41;5066.0
se;31712;LARANJEIRAS;Sergipe;Nordeste;-10.79848;-37.16061;22132;3944;17.82;80;29.0;43.6;47.5;0.392;1544.0
se;31739;MACAMBIRA;Sergipe;Nordeste;-10.66617;-37.54372;6860;1118;16.3;20;27.8;59.5;48.2;0.43;481.0
se;31755;MALHADA DOS BOIS;Sergipe;Nordeste;-10.35177;-36.92526;4297;867;20.18;16;29.2;49.5;49.9;0.416;361.0
se;31771;MALHADOR;Sergipe;Nordeste;-10.66138;-37.30383;10440;1694;16.23;44;27.0;58.7;48.2;0.424;719.0
se;31798;MARUIM;Sergipe;Nordeste;-10.74124;-37.0896;13208;2724;20.62;50;28.8;48.4;47.5;0.405;1102.0
se;31810;MOITA BONITA;Sergipe;Nordeste;-10.59214;-37.34377;9837;1627;16.54;38;25.9;62.7;47.2;0.425;691.0
se;31836;MONTE ALEGRE DE SERGIPE;Sergipe;Nordeste;-10.03909;-37.57156;12763;2385;18.69;38;32.2;63.7;49.5;0.467;1113.0
se;31852;MURIBECA;Sergipe;Nordeste;-10.3989;-36.96164;7511;1269;16.9;27;28.9;51.1;48.9;0.416;529.0
se;31879;NEÓPOLIS;Sergipe;Nordeste;-10.32602;-36.61935;14406;2914;20.23;56;27.4;48.7;48.1;0.4;1167.0
se;31356;NOSSA SENHORA APARECIDA;Sergipe;Nordeste;-10.38558;-37.47106;7652;1268;16.57;33;26.3;62.6;49.3;0.433;549.0
se;31895;NOSSA SENHORA DA GLÓRIA;Sergipe;Nordeste;-10.20818;-37.45478;30467;4539;14.9;108;29.7;54.7;47.2;0.425;1928.0
se;31917;NOSSA SENHORA DAS DORES;Sergipe;Nordeste;-10.48054;-37.20059;21460;3391;15.8;80;27.9;55.3;47.0;0.417;1414.0
se;31933;NOSSA SENHORA DE LOURDES;Sergipe;Nordeste;-10.06629;-37.03447;6277;943;15.02;17;28.2;49.9;48.9;0.41;386.0
se;31950;NOSSA SENHORA DO SOCORRO;Sergipe;Nordeste;-10.86513;-37.09795;123924;19020;15.35;375;31.0;40.3;45.7;0.385;7329.0
se;31976;PACATUBA;Sergipe;Nordeste;-10.49696;-36.64232;11850;2484;20.96;39;29.2;54.8;49.2;0.428;1064.0
se;31992;PEDRA MOLE;Sergipe;Nordeste;-10.61566;-37.6832;3372;544;16.13;12;28.4;57.2;50.8;0.435;237.0
se;32018;PEDRINHAS;Sergipe;Nordeste;-11.19391;-37.66909;7917;1532;19.35;28;29.7;54.7;47.2;0.425;651.0
se;32034;PINHÃO;Sergipe;Nordeste;-10.57212;-37.72612;5635;964;17.11;19;26.5;59.8;48.6;0.426;410.0
se;32050;PIRAMBU;Sergipe;Nordeste;-10.71274;-36.84375;8575;1938;22.6;30;29.0;50.9;50.0;0.419;813.0
se;32115;PORTO DA FOLHA;Sergipe;Nordeste;-9.91389;-37.38427;25098;4171;16.62;86;29.4;59.4;49.4;0.442;1842.0
se;32077;POÇO REDONDO;Sergipe;Nordeste;-9.86538;-37.68231;22765;4683;20.57;71;33.1;63.7;49.0;0.469;2198.0
se;32093;POÇO VERDE;Sergipe;Nordeste;-10.71858;-38.15084;19505;3672;18.83;73;27.3;60.2;48.1;0.429;1576.0
se;32131;PROPRIÁ;Sergipe;Nordeste;-10.2217;-36.8307;20113;3532;17.56;74;26.5;40.1;46.6;0.367;1297.0
se;32174;RIACHUELO;Sergipe;Nordeste;-10.73114;-37.19425;8232;1694;20.58;29;28.9;46.6;47.0;0.398;675.0
se;32158;RIACHÃO DO DANTAS;Sergipe;Nordeste;-11.06574;-37.77867;17768;2872;16.16;69;29.2;65.9;49.1;0.456;1308.0
se;32190;RIBEIRÓPOLIS;Sergipe;Nordeste;-10.53748;-37.43292;14762;2588;17.53;57;25.7;57.0;47.6;0.412;1065.0
se;32212;ROSÁRIO DO CATETE;Sergipe;Nordeste;-10.6892;-37.03902;8984;1892;21.06;31;28.8;47.0;45.9;0.396;749.0
se;32239;SALGADO;Sergipe;Nordeste;-11.03088;-37.47955;17916;2894;16.15;61;27.4;57.3;48.9;0.425;1230.0
se;32255;SANTA LUZIA DO ITANHY;Sergipe;Nordeste;-11.36111;-37.49346;12169;2674;21.97;45;31.8;60.2;48.2;0.452;1209.0
se;32298;SANTA ROSA DE LIMA;Sergipe;Nordeste;-10.63161;-37.22182;4659;766;16.44;19;29.4;48.3;48.2;0.409;313.0
se;31003;SANTANA DO SÃO FRANCISCO;Sergipe;Nordeste;-10.28166;-36.61632;6340;1266;19.97;21;29.4;48.2;47.9;0.408;516.0
se;32310;SANTO AMARO DAS BROTAS;Sergipe;Nordeste;-10.77728;-37.03834;10453;2642;25.28;35;26.5;47.8;48.8;0.396;1046.0
se;32417;SIMÃO DIAS;Sergipe;Nordeste;-10.74939;-37.82497;37093;6311;17.01;141;28.5;58.4;47.4;0.429;2706.0
se;32433;SIRIRI;Sergipe;Nordeste;-10.59829;-37.11142;6787;1171;17.25;26;28.3;48.1;48.8;0.405;474.0
se;32336;SÃO CRISTÓVÃO;Sergipe;Nordeste;-10.96397;-37.16053;61859;9592;15.51;203;28.7;41.1;46.8;0.381;3651.0
se;32352;SÃO DOMINGOS;Sergipe;Nordeste;-10.79202;-37.56542;8598;1829;21.27;25;27.2;59.8;47.7;0.427;780.0
se;32379;SÃO FRANCISCO;Sergipe;Nordeste;-10.35153;-36.88513;3798;596;15.69;13;28.6;53.0;49.5;0.422;252.0
se;32395;SÃO MIGUEL DO ALEIXO;Sergipe;Nordeste;-10.39899;-37.37521;3982;634;15.92;16;29.0;62.2;48.8;0.445;282.0
se;32450;TELHA;Sergipe;Nordeste;-10.20516;-36.87968;3641;558;15.33;14;29.5;48.2;49.0;0.412;230.0
se;32476;TOBIAS BARRETO;Sergipe;Nordeste;-11.12584;-38.00606;42750;7016;16.41;142;28.5;61.4;47.3;0.436;3056.0
se;32492;TOMAR DO GERU;Sergipe;Nordeste;-11.3751;-37.84361;10522;2156;20.49;35;27.8;63.6;48.8;0.442;953.0
se;32514;UMBAÚBA;Sergipe;Nordeste;-11.38442;-37.65846;19761;3605;18.24;66;29.4;56.4;46.6;0.426;1535.0
sp;61018;ADAMANTINA;São Paulo;Sudeste;-21.68554;-51.0741;25494;5715;22.42;83;21.2;28.0;47.1;0.303;1734.0
sp;61034;ADOLFO;São Paulo;Sudeste;-21.23336;-49.64172;3977;872;21.93;14;22.2;42.8;49.3;0.36;314.0
sp;61050;AGUAÍ;São Paulo;Sudeste;-22.05775;-46.97758;24235;6091;25.13;70;24.9;41.2;48.3;0.367;2235.0
sp;61131;AGUDOS;São Paulo;Sudeste;-22.48075;-48.99789;28853;6459;22.39;96;24.8;29.7;48.1;0.328;2122.0
sp;61581;ALAMBARI;São Paulo;Sudeste;-23.55356;-47.88906;5139;1057;20.57;21;25.0;38.6;50.3;0.365;386.0
sp;61158;ALFREDO MARCONDES;São Paulo;Sudeste;-21.95331;-51.41426;3964;801;20.21;11;21.6;34.9;49.6;0.335;268.0
sp;61174;ALTAIR;São Paulo;Sudeste;-20.52543;-49.06891;2954;549;18.58;11;25.4;40.7;52.3;0.378;208.0
sp;61190;ALTINÓPOLIS;São Paulo;Sudeste;-21.02183;-47.37989;12706;2795;22.0;49;23.3;40.1;48.2;0.356;994.0
sp;61212;ALTO ALEGRE;São Paulo;Sudeste;-21.58914;-50.1944;3662;763;20.84;16;19.4;45.1;50.3;0.353;269.0
sp;61220;ALUMÍNIO;São Paulo;Sudeste;-23.52461;-47.25402;14040;2877;20.49;44;27.0;25.5;49.4;0.324;932.0
sp;61298;ALVINLÂNDIA;São Paulo;Sudeste;-22.4404;-49.76469;2634;531;20.16;10;26.0;38.6;48.7;0.366;194.0
sp;61310;AMERICANA;São Paulo;Sudeste;-22.73612;-47.32437;181216;38077;21.01;517;21.2;29.8;46.9;0.309;11783.0
sp;61379;AMPARO;São Paulo;Sudeste;-22.70956;-46.77926;53743;11723;21.81;167;22.9;30.7;48.0;0.323;3783.0
sp;61336;AMÉRICO BRASILIENSE;São Paulo;Sudeste;-21.7326;-48.11087;27310;5569;20.39;103;26.6;33.2;49.4;0.352;1961.0
sp;61352;AMÉRICO DE CAMPOS;São Paulo;Sudeste;-20.29899;-49.7317;4769;840;17.61;15;21.6;41.8;48.0;0.351;295.0
sp;61395;ANALÂNDIA;São Paulo;Sudeste;-22.12543;-47.66388;4681;1396;29.82;16;24.1;35.4;50.6;0.351;489.0
sp;61417;ANDRADINA;São Paulo;Sudeste;-20.90001;-51.37805;42476;9680;22.79;142;22.3;28.9;46.8;0.311;3013.0
sp;61433;ANGATUBA;São Paulo;Sudeste;-23.50243;-48.40271;17865;4400;24.63;57;24.3;42.3;49.0;0.369;1625.0
sp;61450;ANHEMBI;São Paulo;Sudeste;-22.83565;-48.14083;5471;1638;29.94;19;26.2;41.6;50.7;0.381;624.0
sp;61476;ANHUMAS;São Paulo;Sudeste;-22.29821;-51.38515;3315;681;20.54;10;24.0;36.1;47.9;0.346;236.0
sp;61492;APARECIDA;São Paulo;Sudeste;-22.84458;-45.231;26836;4808;17.92;86;23.3;28.3;46.8;0.314;1510.0
sp;61514;APARECIDA D'OESTE;São Paulo;Sudeste;-20.45305;-50.87943;3777;823;21.79;12;21.1;43.6;48.3;0.354;291.0
sp;61530;APIAÍ;São Paulo;Sudeste;-24.48314;-48.86386;18737;4600;24.55;71;27.1;37.7;49.0;0.369;1695.0
sp;61590;ARAMINA;São Paulo;Sudeste;-20.08475;-47.79011;4523;994;21.98;15;22.2;41.6;47.5;0.353;351.0
sp;61611;ARANDU;São Paulo;Sudeste;-23.13576;-49.05457;5528;1178;21.31;16;25.9;40.7;51.0;0.377;444.0
sp;61646;ARAPEÍ;São Paulo;Sudeste;-22.67448;-44.44534;2505;516;20.6;8;23.3;43.5;49.5;0.369;190.0
sp;61638;ARARAQUARA;São Paulo;Sudeste;-21.78203;-48.16694;170310;37117;21.79;602;22.6;22.9;46.5;0.289;10715.0
sp;61654;ARARAS;São Paulo;Sudeste;-22.35765;-47.37284;96612;18946;19.61;285;23.6;27.8;47.7;0.315;5969.0
sp;61263;ARAÇARIGUAMA;São Paulo;Sudeste;-23.43657;-47.06335;17829;4617;25.9;50;30.3;34.4;49.3;0.372;1717.0
sp;61557;ARAÇATUBA;São Paulo;Sudeste;-21.20424;-50.44686;145128;32529;22.41;493;22.0;25.0;46.1;0.294;9553.0
sp;61573;ARAÇOIABA DA SERRA;São Paulo;Sudeste;-23.51885;-47.61464;26408;5960;22.57;76;23.4;32.0;48.2;0.33;1967.0
sp;62065;ARCO-ÍRIS;São Paulo;Sudeste;-21.77429;-50.46611;2331;609;26.13;6;22.3;38.2;50.3;0.35;213.0
sp;61670;AREALVA;São Paulo;Sudeste;-22.03251;-48.92709;6343;1552;24.47;21;20.5;45.9;49.0;0.359;557.0
sp;61697;AREIAS;São Paulo;Sudeste;-22.58153;-44.69172;3463;715;20.65;12;26.6;38.1;49.1;0.368;263.0
sp;61719;AREIÓPOLIS;São Paulo;Sudeste;-22.67199;-48.66609;8193;1537;18.76;32;28.7;40.4;50.8;0.389;598.0
sp;61735;ARIRANHA;São Paulo;Sudeste;-21.18998;-48.78743;6455;1337;20.71;23;22.3;41.4;49.5;0.357;478.0
sp;61751;ARTUR NOGUEIRA;São Paulo;Sudeste;-22.56804;-47.16337;38528;7050;18.3;113;26.7;36.2;47.9;0.359;2530.0
sp;61778;ARUJÁ;São Paulo;Sudeste;-23.39419;-46.3238;71347;14266;20.0;220;27.7;24.6;47.7;0.319;4556.0
sp;61522;ASPÁSIA;São Paulo;Sudeste;-20.15902;-50.7251;1875;383;20.43;7;21.7;43.6;49.1;0.36;138.0
sp;61794;ASSIS;São Paulo;Sudeste;-22.66058;-50.42167;69743;16241;23.29;219;22.5;23.0;46.2;0.288;4682.0
sp;61816;ATIBAIA;São Paulo;Sudeste;-23.12283;-46.56778;119210;24947;20.93;360;23.8;27.6;46.9;0.313;7811.0
sp;61832;AURIFLAMA;São Paulo;Sudeste;-20.68662;-50.55281;11053;2409;21.79;33;21.7;35.1;47.6;0.331;797.0
sp;61875;AVANHANDAVA;São Paulo;Sudeste;-21.44652;-49.99368;7452;1653;22.18;28;25.9;41.8;48.6;0.375;619.0
sp;61891;AVARÉ;São Paulo;Sudeste;-23.10303;-48.92257;64380;15026;23.34;218;24.1;29.7;47.4;0.324;4863.0
sp;61859;AVAÍ;São Paulo;Sudeste;-22.15724;-49.33334;4189;1065;25.42;17;24.7;42.6;48.9;0.372;396.0
sp;61913;BADY BASSITT;São Paulo;Sudeste;-20.91583;-49.45199;16956;3817;22.51;49;23.6;32.5;46.7;0.33;1258.0
sp;61930;BALBINOS;São Paulo;Sudeste;-21.90183;-49.35748;1423;373;26.21;6;20.7;33.6;47.9;0.322;120.0
sp;61972;BANANAL;São Paulo;Sudeste;-22.68742;-44.32053;8233;1664;20.21;27;23.3;40.2;48.5;0.356;593.0
sp;61999;BARBOSA;São Paulo;Sudeste;-21.26697;-49.95086;4970;1184;23.82;22;25.1;45.4;46.8;0.376;446.0
sp;62030;BARIRI;São Paulo;Sudeste;-22.0759;-48.74229;23149;5294;22.87;68;23.2;35.5;48.1;0.341;1804.0
sp;62057;BARRA BONITA;São Paulo;Sudeste;-22.48368;-48.55903;28333;5721;20.19;97;20.7;30.1;47.9;0.31;1774.0
sp;61360;BARRA DO CHAPÉU;São Paulo;Sudeste;-24.4622;-49.03802;4672;1128;24.14;16;28.1;45.2;52.1;0.405;456.0
sp;62073;BARRA DO TURVO;São Paulo;Sudeste;-24.75609;-48.50388;6314;1993;31.56;24;26.0;48.3;51.2;0.401;799.0
sp;62090;BARRETOS;São Paulo;Sudeste;-20.55592;-48.56958;85200;20082;23.57;257;22.8;26.6;46.2;0.304;6100.0
sp;62111;BARRINHA;São Paulo;Sudeste;-21.18986;-48.15631;23638;4352;18.41;85;28.3;38.4;48.3;0.374;1628.0
sp;62138;BARUERI;São Paulo;Sudeste;-23.51177;-46.87133;298024;67090;22.51;814;26.1;29.1;44.8;0.324;21727.0
sp;62014;BARÃO DE ANTONINA;São Paulo;Sudeste;-23.62835;-49.56548;2926;756;25.84;10;25.7;41.8;49.9;0.377;285.0
sp;62154;BASTOS;São Paulo;Sudeste;-21.92117;-50.73144;16975;4206;24.78;49;24.1;37.9;47.8;0.352;1482.0
sp;62170;BATATAIS;São Paulo;Sudeste;-20.89535;-47.5857;42270;8386;19.84;146;23.5;33.5;47.3;0.334;2802.0
sp;62197;BAURU;São Paulo;Sudeste;-22.31898;-49.07357;278336;69900;25.11;877;22.9;27.6;45.9;0.307;21483.0
sp;62219;BEBEDOURO;São Paulo;Sudeste;-20.94845;-48.48802;56372;12860;22.81;181;22.5;31.2;46.9;0.321;4124.0
sp;62235;BENTO DE ABREU;São Paulo;Sudeste;-21.27015;-50.81504;2146;536;24.98;7;23.5;33.7;49.3;0.339;182.0
sp;62251;BERNARDINO DE CAMPOS;São Paulo;Sudeste;-23.01429;-49.47476;7724;1704;22.06;23;23.6;39.0;47.5;0.352;600.0
sp;61280;BERTIOGA;São Paulo;Sudeste;-23.81493;-46.07376;52928;14048;26.54;161;26.3;35.4;47.8;0.354;4978.0
sp;62278;BILAC;São Paulo;Sudeste;-21.40383;-50.47148;6346;1435;22.61;21;21.2;35.1;48.4;0.33;474.0
sp;62294;BIRIGUI;São Paulo;Sudeste;-21.29091;-50.33543;84471;18527;21.93;263;22.4;30.6;46.6;0.318;5882.0
sp;62316;BIRITIBA MIRIM;São Paulo;Sudeste;-23.57312;-46.04198;24212;5820;24.04;72;26.4;39.4;49.5;0.372;2164.0
sp;62332;BOA ESPERANÇA DO SUL;São Paulo;Sudeste;-21.9949;-48.38761;9706;2148;22.13;32;26.3;42.6;48.2;0.378;812.0
sp;62359;BOCAINA;São Paulo;Sudeste;-22.13968;-48.52466;8535;1751;20.52;31;23.8;40.5;48.7;0.361;632.0
sp;62375;BOFETE;São Paulo;Sudeste;-23.11228;-48.26537;8935;2415;27.03;26;22.0;41.9;50.8;0.361;871.0
sp;62391;BOITUVA;São Paulo;Sudeste;-23.28346;-47.67179;47624;10801;22.68;129;24.6;28.3;48.1;0.322;3482.0
sp;62413;BOM JESUS DOS PERDÕES;São Paulo;Sudeste;-23.13584;-46.47013;18368;3772;20.54;57;26.3;34.4;48.7;0.353;1333.0
sp;61786;BOM SUCESSO DE ITARARÉ;São Paulo;Sudeste;-24.31908;-49.14258;3289;744;22.62;11;32.7;43.1;50.7;0.415;309.0
sp;62456;BORACÉIA;São Paulo;Sudeste;-22.19414;-48.7781;3884;801;20.62;12;26.5;39.6;50.2;0.375;300.0
sp;62472;BORBOREMA;São Paulo;Sudeste;-21.62164;-49.07951;10738;2315;21.56;32;21.2;42.5;48.5;0.352;815.0
sp;61026;BOREBI;São Paulo;Sudeste;-22.57208;-48.97146;2400;510;21.25;8;26.1;40.6;47.7;0.37;189.0
sp;62430;BORÁ;São Paulo;Sudeste;-22.27308;-50.5453;1094;232;21.21;4;21.1;35.2;50.8;0.336;78.0
sp;62499;BOTUCATU;São Paulo;Sudeste;-22.88493;-48.44506;111048;25320;22.8;327;24.2;22.7;47.0;0.295;7477.0
sp;62510;BRAGANÇA PAULISTA;São Paulo;Sudeste;-22.94349;-46.54075;131308;26268;20.0;371;24.6;27.6;47.1;0.317;8334.0
sp;62553;BRAÚNA;São Paulo;Sudeste;-21.50268;-50.31806;4231;823;19.45;15;23.4;41.1;48.1;0.359;295.0
sp;62081;BREJO ALEGRE;São Paulo;Sudeste;-21.16597;-50.18538;2875;747;25.98;9;23.1;41.5;49.9;0.363;271.0
sp;62570;BRODOWSKI;São Paulo;Sudeste;-20.98717;-47.65269;17196;2971;17.28;52;24.8;35.0;47.4;0.345;1026.0
sp;62596;BROTAS;São Paulo;Sudeste;-22.28914;-48.11634;17821;4366;24.5;57;24.4;34.2;48.9;0.344;1503.0
sp;62618;BURI;São Paulo;Sudeste;-23.79255;-48.60525;14878;3374;22.68;48;28.0;46.1;49.6;0.4;1350.0
sp;62634;BURITAMA;São Paulo;Sudeste;-21.06524;-50.14545;13143;3146;23.94;38;21.2;35.1;47.5;0.328;1033.0
sp;62650;BURITIZAL;São Paulo;Sudeste;-20.19267;-47.70991;4125;876;21.24;13;24.2;38.0;48.1;0.354;310.0
sp;61956;BÁLSAMO;São Paulo;Sudeste;-20.7353;-49.58299;7397;1542;20.85;20;21.0;37.2;47.5;0.334;515.0
sp;62693;CABREÚVA;São Paulo;Sudeste;-23.27144;-47.07812;36426;8120;22.29;105;27.8;40.8;48.6;0.381;3090.0
sp;62677;CABRÁLIA PAULISTA;São Paulo;Sudeste;-22.45814;-49.33576;3698;889;24.04;11;27.2;42.7;50.4;0.388;345.0
sp;62731;CACHOEIRA PAULISTA;São Paulo;Sudeste;-22.664;-45.0123;23891;5168;21.63;79;23.2;25.5;47.3;0.304;1568.0
sp;62758;CACONDE;São Paulo;Sudeste;-21.52852;-46.63335;13333;3129;23.47;41;24.7;39.8;48.4;0.362;1134.0
sp;62774;CAFELÂNDIA;São Paulo;Sudeste;-21.77614;-49.57823;12245;2913;23.79;41;22.7;36.7;47.5;0.341;993.0
sp;62790;CAIABU;São Paulo;Sudeste;-21.97645;-51.22568;3330;657;19.73;13;21.6;37.6;50.2;0.344;226.0
sp;62812;CAIEIRAS;São Paulo;Sudeste;-23.36283;-46.73662;72229;16462;22.79;195;26.6;30.1;46.9;0.335;5512.0
sp;62839;CAIUÁ;São Paulo;Sudeste;-21.77896;-51.97961;3755;1024;27.27;15;22.5;41.2;48.8;0.356;365.0
sp;62855;CAJAMAR;São Paulo;Sudeste;-23.37362;-46.84521;70021;14366;20.52;213;29.0;26.0;48.4;0.332;4766.0
sp;61484;CAJATI;São Paulo;Sudeste;-24.73518;-48.12401;22016;5167;23.47;79;27.7;37.0;50.0;0.371;1919.0
sp;62871;CAJOBI;São Paulo;Sudeste;-20.87212;-48.80738;7437;1129;15.18;24;23.1;41.5;49.6;0.362;409.0
sp;62898;CAJURU;São Paulo;Sudeste;-21.27508;-47.30529;18240;3985;21.85;60;25.4;38.8;48.3;0.363;1445.0
sp;61506;CAMPINA DO MONTE ALEGRE;São Paulo;Sudeste;-23.59165;-48.47842;4857;1035;21.31;16;24.9;40.9;50.1;0.371;384.0
sp;62910;CAMPINAS;São Paulo;Sudeste;-22.91898;-47.09078;873613;205914;23.57;2531;23.1;27.0;46.2;0.307;63139.0
sp;62936;CAMPO LIMPO PAULISTA;São Paulo;Sudeste;-23.21256;-46.77101;59440;12694;21.36;213;26.2;27.7;47.7;0.326;4140.0
sp;62952;CAMPOS DO JORDÃO;São Paulo;Sudeste;-22.73939;-45.59077;38107;8854;23.23;131;25.8;36.0;46.9;0.352;3117.0
sp;62979;CAMPOS NOVOS PAULISTA;São Paulo;Sudeste;-22.60219;-50.00241;3805;869;22.84;11;26.3;42.8;49.9;0.383;333.0
sp;62995;CANANÉIA;São Paulo;Sudeste;-25.01822;-47.94133;10410;2753;26.45;38;25.0;34.7;49.0;0.349;961.0
sp;62103;CANAS;São Paulo;Sudeste;-22.70209;-45.05162;3959;742;18.74;12;28.8;34.7;48.0;0.363;269.0
sp;61344;CANITAR;São Paulo;Sudeste;-23.00611;-49.78513;4337;998;23.01;13;29.6;40.1;48.9;0.387;386.0
sp;63070;CAPELA DO ALTO;São Paulo;Sudeste;-23.47783;-47.73646;14543;2968;20.41;39;27.4;41.2;48.8;0.381;1130.0
sp;63096;CAPIVARI;São Paulo;Sudeste;-22.99778;-47.50845;37609;7386;19.64;123;25.9;33.5;48.1;0.347;2562.0
sp;63053;CAPÃO BONITO;São Paulo;Sudeste;-23.99738;-48.34319;34293;7326;21.36;122;26.7;36.9;48.8;0.364;2666.0
sp;63118;CARAGUATATUBA;São Paulo;Sudeste;-23.64485;-45.41837;106446;24156;22.69;383;24.5;26.8;47.2;0.314;7586.0
sp;63134;CARAPICUÍBA;São Paulo;Sudeste;-23.54246;-46.83707;290495;73038;25.14;840;28.0;31.9;46.8;0.347;25349.0
sp;63150;CARDOSO;São Paulo;Sudeste;-20.08156;-49.9321;9593;2757;28.74;35;20.0;39.7;48.4;0.337;929.0
sp;63177;CASA BRANCA;São Paulo;Sudeste;-21.79133;-47.08226;19558;4938;25.25;66;23.7;28.9;47.6;0.319;1576.0
sp;63215;CASTILHO;São Paulo;Sudeste;-20.86218;-51.49709;15377;3636;23.65;48;22.8;37.1;48.7;0.345;1256.0
sp;63231;CATANDUVA;São Paulo;Sudeste;-21.13604;-48.97184;86119;19787;22.98;268;21.3;27.4;46.6;0.301;5950.0
sp;63258;CATIGUÁ;São Paulo;Sudeste;-21.05332;-49.0624;5688;1035;18.2;18;23.0;37.1;49.4;0.348;360.0
sp;62715;CAÇAPAVA;São Paulo;Sudeste;-23.10465;-45.706;72595;14503;19.98;243;23.8;25.4;47.9;0.307;4456.0
sp;63274;CEDRAL;São Paulo;Sudeste;-20.90338;-49.26694;8582;1811;21.1;25;21.2;33.7;47.5;0.324;587.0
sp;63290;CERQUEIRA CÉSAR;São Paulo;Sudeste;-23.03424;-49.16214;14958;4019;26.87;44;24.6;36.0;48.0;0.349;1403.0
sp;63312;CERQUILHO;São Paulo;Sudeste;-23.16392;-47.7469;36003;7722;21.45;123;23.1;31.1;47.8;0.325;2509.0
sp;63339;CESÁRIO LANGE;São Paulo;Sudeste;-23.21973;-47.94574;13804;3146;22.79;49;24.3;42.4;49.5;0.371;1166.0
sp;63355;CHARQUEADA;São Paulo;Sudeste;-22.52682;-47.75636;13212;2864;21.68;46;24.0;43.4;49.9;0.373;1069.0
sp;63371;CHAVANTES;São Paulo;Sudeste;-23.04348;-49.71306;8675;1815;20.92;31;24.6;37.6;48.0;0.354;642.0
sp;63398;CLEMENTINA;São Paulo;Sudeste;-21.56132;-50.45074;5273;1015;19.25;17;24.3;36.6;49.4;0.353;358.0
sp;63410;COLINA;São Paulo;Sudeste;-20.716;-48.53868;14048;3219;22.91;39;24.4;33.7;48.3;0.341;1099.0
sp;63436;COLÔMBIA;São Paulo;Sudeste;-20.19439;-48.6938;5800;1464;25.24;17;24.9;42.3;49.9;0.375;549.0
sp;63452;CONCHAL;São Paulo;Sudeste;-22.34087;-47.16599;20926;3564;17.03;72;27.7;43.2;48.7;0.387;1381.0
sp;63479;CONCHAS;São Paulo;Sudeste;-23.01588;-48.01744;12626;3545;28.08;38;23.8;37.5;49.3;0.353;1252.0
sp;63495;CORDEIRÓPOLIS;São Paulo;Sudeste;-22.48084;-47.45927;19567;3741;19.12;69;26.0;32.8;48.5;0.346;1293.0
sp;63517;COROADOS;São Paulo;Sudeste;-21.35434;-50.28368;4020;786;19.55;13;22.2;38.5;48.4;0.346;272.0
sp;63533;CORONEL MACEDO;São Paulo;Sudeste;-23.6359;-49.31217;3793;751;19.8;14;23.3;47.9;50.3;0.383;288.0
sp;63550;CORUMBATAÍ;São Paulo;Sudeste;-22.22064;-47.62657;3523;833;23.64;15;22.8;38.2;50.4;0.353;294.0
sp;63592;COSMORAMA;São Paulo;Sudeste;-20.47217;-49.76612;7030;1457;20.73;20;24.5;43.7;48.6;0.373;544.0
sp;63576;COSMÓPOLIS;São Paulo;Sudeste;-22.63835;-47.18984;44573;9676;21.71;137;25.8;32.2;48.6;0.343;3317.0
sp;63614;COTIA;São Paulo;Sudeste;-23.61997;-46.92784;194159;44070;22.7;558;27.5;29.3;47.1;0.336;14799.0
sp;63630;CRAVINHOS;São Paulo;Sudeste;-21.33944;-47.73985;27124;6708;24.73;84;24.1;38.1;48.3;0.354;2372.0
sp;63657;CRISTAIS PAULISTA;São Paulo;Sudeste;-20.4071;-47.42115;7311;1681;22.99;22;23.8;41.6;49.9;0.367;616.0
sp;63690;CRUZEIRO;São Paulo;Sudeste;-22.57383;-44.96156;56188;11727;20.87;174;23.2;24.3;46.9;0.298;3495.0
sp;63673;CRUZÁLIA;São Paulo;Sudeste;-22.74183;-50.79054;1966;325;16.53;8;21.3;31.4;49.2;0.32;104.0
sp;63711;CUBATÃO;São Paulo;Sudeste;-23.90323;-46.42624;90311;18355;20.32;303;26.6;30.2;48.0;0.338;6203.0
sp;63738;CUNHA;São Paulo;Sudeste;-23.05616;-44.93864;18135;3978;21.94;57;23.8;48.4;50.4;0.387;1540.0
sp;63193;CÁSSIA DOS COQUEIROS;São Paulo;Sudeste;-21.2825;-47.16871;2667;578;21.67;10;23.1;40.3;51.1;0.363;210.0
sp;63010;CÂNDIDO MOTA;São Paulo;Sudeste;-22.75288;-50.38842;22894;4847;21.17;76;22.6;33.0;48.3;0.33;1601.0
sp;63037;CÂNDIDO RODRIGUES;São Paulo;Sudeste;-21.32662;-48.63238;2853;688;24.11;8;21.3;40.0;48.0;0.345;237.0
sp;63754;DESCALVADO;São Paulo;Sudeste;-21.90961;-47.61984;24907;6459;25.93;73;21.5;35.9;48.0;0.333;2154.0
sp;63770;DIADEMA;São Paulo;Sudeste;-23.69161;-46.61155;331016;74857;22.61;937;26.0;32.4;46.6;0.34;25430.0
sp;61123;DIRCE REIS;São Paulo;Sudeste;-20.46451;-50.60646;1702;348;20.45;6;21.2;40.4;50.6;0.351;122.0
sp;63797;DIVINOLÂNDIA;São Paulo;Sudeste;-21.66886;-46.72828;9543;1973;20.67;35;21.2;46.7;48.0;0.362;714.0
sp;63819;DOBRADA;São Paulo;Sudeste;-21.51892;-48.39442;6727;1498;22.27;20;27.0;37.4;49.2;0.368;551.0
sp;63835;DOIS CÓRREGOS;São Paulo;Sudeste;-22.36277;-48.3867;18565;4554;24.53;71;23.9;38.6;48.3;0.355;1615.0
sp;63851;DOLCINÓPOLIS;São Paulo;Sudeste;-20.12343;-50.51319;2355;453;19.24;8;24.3;41.3;51.4;0.372;169.0
sp;63878;DOURADO;São Paulo;Sudeste;-22.11069;-48.31473;6798;1380;20.3;22;22.8;37.6;49.6;0.349;481.0
sp;63894;DRACENA;São Paulo;Sudeste;-21.49245;-51.53847;33614;8229;24.48;98;20.6;28.5;46.3;0.301;2475.0
sp;63916;DUARTINA;São Paulo;Sudeste;-22.41326;-49.40815;9858;2336;23.7;28;21.9;37.7;47.5;0.34;794.0
sp;63932;DUMONT;São Paulo;Sudeste;-21.2422;-47.97583;7337;1430;19.49;24;25.6;40.2;48.3;0.368;526.0
sp;63959;ECHAPORÃ;São Paulo;Sudeste;-22.43062;-50.20267;5070;1214;23.94;17;23.5;36.4;48.0;0.345;419.0
sp;63975;ELDORADO;São Paulo;Sudeste;-24.54864;-48.17032;10787;3029;28.08;50;27.8;38.2;49.7;0.375;1135.0
sp;63991;ELIAS FAUSTO;São Paulo;Sudeste;-23.04471;-47.35749;13526;2531;18.71;43;26.4;40.0;49.2;0.373;945.0
sp;61760;ELISIÁRIO;São Paulo;Sudeste;-21.16826;-49.10805;2737;552;20.17;9;21.1;40.1;50.2;0.349;193.0
sp;61182;EMBAÚBA;São Paulo;Sudeste;-20.98283;-48.83468;2448;434;17.73;8;21.0;40.5;51.2;0.352;153.0
sp;64017;EMBU DAS ARTES;São Paulo;Sudeste;-23.65465;-46.82015;206389;45004;21.81;634;28.8;30.1;46.4;0.342;15413.0
sp;64033;EMBU-GUAÇU;São Paulo;Sudeste;-23.84687;-46.81257;53717;13581;25.28;150;26.6;28.6;48.1;0.332;4513.0
sp;61387;EMILIANÓPOLIS;São Paulo;Sudeste;-21.83326;-51.48434;2716;659;24.26;8;21.3;37.9;49.0;0.341;225.0
sp;61689;ENGENHEIRO COELHO;São Paulo;Sudeste;-22.49193;-47.20272;14967;3216;21.49;50;33.2;33.7;49.4;0.381;1224.0
sp;68659;ESPÍRITO SANTO DO PINHAL;São Paulo;Sudeste;-22.19528;-46.75183;30946;7331;23.69;111;22.2;34.8;47.5;0.332;2436.0
sp;61140;ESPÍRITO SANTO DO TURVO;São Paulo;Sudeste;-22.69379;-49.4304;3546;924;26.06;10;27.9;44.1;49.6;0.394;364.0
sp;61662;ESTIVA GERBI;São Paulo;Sudeste;-22.27596;-46.95238;9490;1872;19.73;27;25.1;34.5;48.5;0.348;651.0
sp;64050;ESTRELA D'OESTE;São Paulo;Sudeste;-20.28799;-50.39559;7128;1570;22.03;23;23.0;35.7;49.2;0.343;539.0
sp;64076;ESTRELA DO NORTE;São Paulo;Sudeste;-22.48552;-51.66135;2464;552;22.4;8;23.5;35.0;50.0;0.345;190.0
sp;61000;EUCLIDES DA CUNHA PAULISTA;São Paulo;Sudeste;-22.55567;-52.59294;6336;1811;28.58;21;24.1;41.0;48.0;0.362;655.0
sp;64092;FARTURA;São Paulo;Sudeste;-23.38927;-49.50599;12518;2919;23.32;39;22.0;40.5;47.1;0.348;1015.0
sp;64130;FERNANDO PRESTES;São Paulo;Sudeste;-21.2942;-48.70268;5086;1125;22.12;17;20.5;40.4;48.2;0.342;385.0
sp;64114;FERNANDÓPOLIS;São Paulo;Sudeste;-20.2795;-50.24835;50193;11909;23.73;154;22.0;28.3;46.4;0.307;3657.0
sp;62286;FERNÃO;São Paulo;Sudeste;-22.3578;-49.51929;1689;370;21.91;6;22.0;41.2;48.9;0.354;131.0
sp;64157;FERRAZ DE VASCONCELOS;São Paulo;Sudeste;-23.54285;-46.37206;128931;25268;19.6;445;29.5;28.8;47.3;0.342;8654.0
sp;64173;FLORA RICA;São Paulo;Sudeste;-21.67623;-51.38247;1428;370;25.91;6;20.3;36.6;49.4;0.332;123.0
sp;64190;FLOREAL;São Paulo;Sudeste;-20.67732;-50.14398;2670;626;23.45;8;20.1;39.1;48.9;0.338;211.0
sp;64238;FLORÍNEA;São Paulo;Sudeste;-22.90097;-50.72643;2673;597;22.33;8;22.3;33.2;49.3;0.332;198.0
sp;64211;FLÓRIDA PAULISTA;São Paulo;Sudeste;-21.59681;-51.1676;7407;1706;23.03;24;22.4;39.7;48.9;0.351;600.0
sp;64254;FRANCA;São Paulo;Sudeste;-20.52889;-47.39944;241902;51977;21.49;732;23.8;32.8;46.2;0.33;17177.0
sp;64270;FRANCISCO MORATO;São Paulo;Sudeste;-23.27916;-46.73833;126796;31446;24.8;353;31.0;31.8;47.4;0.36;11330.0
sp;64297;FRANCO DA ROCHA;São Paulo;Sudeste;-23.32058;-46.72381;107865;27958;25.92;292;28.2;32.9;47.4;0.353;9870.0
sp;64319;GABRIEL MONTEIRO;São Paulo;Sudeste;-21.53214;-50.55471;2682;499;18.61;8;19.8;34.7;49.5;0.324;162.0
sp;64351;GARÇA;São Paulo;Sudeste;-22.21234;-49.66153;32368;7476;23.1;121;23.1;29.7;46.9;0.318;2377.0
sp;64378;GASTÃO VIDIGAL;São Paulo;Sudeste;-20.7983;-50.18934;2869;581;20.25;10;22.7;43.3;49.6;0.365;212.0
sp;62308;GAVIÃO PEIXOTO;São Paulo;Sudeste;-21.8357;-48.49533;4165;908;21.8;14;26.0;37.2;50.3;0.365;332.0
sp;64394;GENERAL SALGADO;São Paulo;Sudeste;-20.63809;-50.37921;7966;1965;24.67;26;20.5;38.9;48.6;0.338;665.0
sp;64416;GETULINA;São Paulo;Sudeste;-21.79302;-49.95057;7043;2031;28.84;25;23.6;38.9;47.9;0.353;716.0
sp;64432;GLICÉRIO;São Paulo;Sudeste;-21.3262;-50.19892;3987;910;22.82;16;22.0;43.1;49.6;0.361;328.0
sp;64475;GUAIMBÊ;São Paulo;Sudeste;-21.91076;-49.8958;4479;1100;24.56;15;25.3;40.6;48.5;0.368;405.0
sp;64459;GUAIÇARA;São Paulo;Sudeste;-21.62184;-49.79603;8162;2077;25.45;29;24.5;35.9;48.6;0.35;726.0
sp;64530;GUAPIARA;São Paulo;Sudeste;-24.18933;-48.53825;13629;3205;23.52;52;26.5;47.4;50.7;0.399;1280.0
sp;64513;GUAPIAÇU;São Paulo;Sudeste;-20.79604;-49.22534;15943;3632;22.78;48;22.7;45.5;48.1;0.367;1335.0
sp;64599;GUARACI;São Paulo;Sudeste;-20.49686;-48.94542;8095;1732;21.4;27;23.2;35.1;49.6;0.343;595.0
sp;64610;GUARANI D'OESTE;São Paulo;Sudeste;-20.07649;-50.34346;1783;417;23.39;5;19.7;41.3;48.1;0.339;142.0
sp;64637;GUARANTÃ;São Paulo;Sudeste;-21.89732;-49.58905;4765;1140;23.92;17;25.4;42.9;48.7;0.375;428.0
sp;64653;GUARARAPES;São Paulo;Sudeste;-21.25151;-50.64378;23595;5876;24.9;78;21.6;31.1;47.5;0.317;1864.0
sp;64670;GUARAREMA;São Paulo;Sudeste;-23.38752;-46.06285;26373;5750;21.8;79;23.7;35.8;48.5;0.345;1985.0
sp;64696;GUARATINGUETÁ;São Paulo;Sudeste;-22.80084;-45.19429;90805;18285;20.14;324;23.2;24.8;46.8;0.3;5482.0
sp;64572;GUARAÇAÍ;São Paulo;Sudeste;-21.03187;-51.21016;6153;1496;24.31;21;19.9;38.6;48.9;0.335;501.0
sp;64718;GUAREÍ;São Paulo;Sudeste;-23.37286;-48.18255;8903;1706;19.16;28;25.3;46.2;51.1;0.391;666.0
sp;64734;GUARIBA;São Paulo;Sudeste;-21.36249;-48.22967;28368;5815;20.5;101;25.8;36.8;48.1;0.357;2078.0
sp;64750;GUARUJÁ;São Paulo;Sudeste;-23.96814;-46.26547;238913;55473;23.22;696;26.1;37.8;46.7;0.359;19911.0
sp;64777;GUARULHOS;São Paulo;Sudeste;-23.44046;-46.4851;948908;182660;19.25;2851;28.3;23.6;46.3;0.314;57292.0
sp;64556;GUARÁ;São Paulo;Sudeste;-20.43287;-47.82474;14159;2904;20.51;48;26.0;39.5;46.7;0.363;1055.0
sp;61107;GUATAPARÁ;São Paulo;Sudeste;-21.49806;-48.03583;5765;1481;25.69;20;25.1;43.3;49.9;0.379;561.0
sp;64491;GUAÍRA;São Paulo;Sudeste;-20.32068;-48.31491;28555;7511;26.3;84;22.9;35.8;47.4;0.339;2545.0
sp;64793;GUZOLÂNDIA;São Paulo;Sudeste;-20.64737;-50.66079;3558;890;25.01;12;24.4;46.3;49.6;0.383;341.0
sp;64335;GÁLIA;São Paulo;Sudeste;-22.29253;-49.55077;4626;1046;22.61;19;20.4;42.2;48.2;0.346;362.0
sp;64815;HERCULÂNDIA;São Paulo;Sudeste;-21.99708;-50.38488;6937;1706;24.59;20;24.6;42.0;47.6;0.366;625.0
sp;61743;HOLAMBRA;São Paulo;Sudeste;-22.63592;-47.05557;12570;2385;18.97;35;24.7;31.1;49.0;0.335;799.0
sp;61727;HORTOLÂNDIA;São Paulo;Sudeste;-22.88063;-47.20522;164481;31721;19.29;489;27.8;27.6;46.7;0.329;10454.0
sp;64831;IACANGA;São Paulo;Sudeste;-21.89865;-49.02438;8269;1737;21.01;31;23.1;38.4;49.2;0.352;611.0
sp;64858;IACRI;São Paulo;Sudeste;-21.86064;-50.69159;4766;1212;25.43;16;22.0;44.4;47.9;0.361;437.0
sp;61085;IARAS;São Paulo;Sudeste;-22.8715;-49.16392;4414;1328;30.09;18;26.0;40.1;50.8;0.376;499.0
sp;64874;IBATÉ;São Paulo;Sudeste;-21.95155;-48.00117;26265;6077;23.14;103;26.2;41.0;48.8;0.374;2275.0
sp;64912;IBIRAREMA;São Paulo;Sudeste;-22.81567;-50.07015;5070;1052;20.75;14;24.1;39.5;48.3;0.358;377.0
sp;64890;IBIRÁ;São Paulo;Sudeste;-21.08437;-49.23335;9094;1693;18.62;31;22.0;38.8;48.2;0.345;585.0
sp;64939;IBITINGA;São Paulo;Sudeste;-21.75675;-48.83059;41272;8728;21.15;144;23.0;39.2;47.3;0.349;3051.0
sp;64955;IBIÚNA;São Paulo;Sudeste;-23.67188;-47.2163;61951;14286;23.06;192;25.7;43.0;49.1;0.379;5413.0
sp;64971;ICÉM;São Paulo;Sudeste;-20.34167;-49.19872;6049;1310;21.66;22;23.7;36.8;49.2;0.35;459.0
sp;64998;IEPÊ;São Paulo;Sudeste;-22.66209;-51.07335;5971;1213;20.31;19;23.0;34.0;47.4;0.334;404.0
sp;65030;IGARAPAVA;São Paulo;Sudeste;-20.04098;-47.74901;19718;4890;24.8;62;22.8;36.4;47.7;0.341;1666.0
sp;65056;IGARATÁ;São Paulo;Sudeste;-23.20809;-46.157;9443;2090;22.13;28;24.0;39.4;49.3;0.36;752.0
sp;65013;IGARAÇU DO TIETÊ;São Paulo;Sudeste;-22.51581;-48.56185;17539;3440;19.61;59;23.5;40.5;48.4;0.358;1233.0
sp;65072;IGUAPE;São Paulo;Sudeste;-24.67655;-47.55129;22106;5555;25.13;72;22.6;35.4;48.9;0.34;1888.0
sp;62006;ILHA COMPRIDA;São Paulo;Sudeste;-24.75873;-47.57506;13297;4355;32.75;37;18.0;35.2;48.0;0.312;1360.0
sp;61204;ILHA SOLTEIRA;São Paulo;Sudeste;-20.4269;-51.33889;20245;6048;29.87;63;21.6;25.1;47.2;0.295;1782.0
sp;65099;ILHABELA;São Paulo;Sudeste;-23.82129;-45.36979;31086;7574;24.36;103;26.2;26.7;47.8;0.322;2442.0
sp;65110;INDAIATUBA;São Paulo;Sudeste;-23.10034;-47.21982;192534;35890;18.64;571;24.1;22.1;47.2;0.293;10511.0
sp;65137;INDIANA;São Paulo;Sudeste;-22.17601;-51.25968;4063;768;18.9;14;21.8;34.6;48.4;0.331;255.0
sp;65153;INDIAPORÃ;São Paulo;Sudeste;-19.97762;-50.28844;3164;712;22.5;10;19.6;38.3;48.4;0.331;236.0
sp;65170;INÚBIA PAULISTA;São Paulo;Sudeste;-21.76888;-50.96045;3159;608;19.25;10;22.0;32.5;48.8;0.327;199.0
sp;65196;IPAUSSU;São Paulo;Sudeste;-23.05285;-49.62717;9987;2023;20.26;28;25.3;37.8;48.1;0.358;725.0
sp;65218;IPERÓ;São Paulo;Sudeste;-23.38213;-47.64347;21605;5242;24.26;59;26.9;33.1;48.4;0.351;1839.0
sp;65234;IPEÚNA;São Paulo;Sudeste;-22.43436;-47.71705;5852;1383;23.63;21;26.7;37.3;50.2;0.368;509.0
sp;62243;IPIGUÁ;São Paulo;Sudeste;-20.65568;-49.38584;4916;1221;24.84;15;22.7;42.1;49.4;0.361;441.0
sp;65250;IPORANGA;São Paulo;Sudeste;-24.57747;-48.58402;3303;788;23.86;13;26.3;35.3;49.5;0.358;282.0
sp;65277;IPUÃ;São Paulo;Sudeste;-20.44668;-48.01254;11207;2419;21.58;32;26.6;38.4;49.1;0.369;892.0
sp;65293;IRACEMÁPOLIS;São Paulo;Sudeste;-22.58713;-47.51596;17617;2931;16.64;60;24.7;32.0;49.2;0.339;993.0
sp;65331;IRAPURU;São Paulo;Sudeste;-21.56742;-51.35341;4556;1087;23.86;17;20.6;37.3;48.8;0.335;364.0
sp;65315;IRAPUÃ;São Paulo;Sudeste;-21.28017;-49.41039;5489;1272;23.17;20;23.9;43.6;49.5;0.372;473.0
sp;65358;ITABERÁ;São Paulo;Sudeste;-23.87856;-49.14137;13507;2753;20.38;47;25.4;42.7;49.5;0.377;1039.0
sp;65390;ITAJOBI;São Paulo;Sudeste;-21.3141;-49.06771;12328;2383;19.33;39;23.7;44.4;48.4;0.371;883.0
sp;65412;ITAJU;São Paulo;Sudeste;-21.98361;-48.80266;3176;738;23.24;9;23.7;40.8;50.5;0.366;270.0
sp;65439;ITANHAÉM;São Paulo;Sudeste;-24.18316;-46.80518;85052;23812;28.0;248;22.4;28.9;45.9;0.31;7374.0
sp;61603;ITAOCA;São Paulo;Sudeste;-24.63409;-48.83958;3039;753;24.78;12;26.5;38.0;50.2;0.37;278.0
sp;65455;ITAPECERICA DA SERRA;São Paulo;Sudeste;-23.72199;-46.83038;124081;26972;21.74;361;28.8;31.2;47.8;0.35;9445.0
sp;65471;ITAPETININGA;São Paulo;Sudeste;-23.59369;-48.0591;114451;24706;21.59;386;26.6;28.1;47.9;0.33;8144.0
sp;65498;ITAPEVA;São Paulo;Sudeste;-23.97591;-48.87057;68478;16285;23.78;226;26.8;34.1;47.9;0.353;5744.0
sp;65510;ITAPEVI;São Paulo;Sudeste;-23.54759;-46.94152;168609;41159;24.41;487;30.5;34.2;46.9;0.366;15055.0
sp;65536;ITAPIRA;São Paulo;Sudeste;-22.43343;-46.81509;53362;10616;19.89;161;23.2;31.1;48.1;0.326;3463.0
sp;61948;ITAPIRAPUÃ PAULISTA;São Paulo;Sudeste;-24.54884;-49.18102;3305;741;22.42;10;29.6;42.7;51.1;0.401;297.0
sp;65579;ITAPORANGA;São Paulo;Sudeste;-23.70652;-49.48911;11006;2674;24.3;36;23.2;43.4;48.7;0.366;978.0
sp;65617;ITAPURA;São Paulo;Sudeste;-20.64306;-51.49283;3647;992;27.2;12;23.3;40.4;49.7;0.361;358.0
sp;65595;ITAPUÍ;São Paulo;Sudeste;-22.23363;-48.72373;9473;1851;19.54;34;24.7;40.0;48.4;0.363;672.0
sp;65633;ITAQUAQUECETUBA;São Paulo;Sudeste;-23.4684;-46.34031;258019;61966;24.02;747;30.3;33.9;47.1;0.364;22584.0
sp;65650;ITARARÉ;São Paulo;Sudeste;-24.10261;-49.33585;33780;8411;24.9;113;25.7;39.1;47.4;0.363;3052.0
sp;65676;ITARIRI;São Paulo;Sudeste;-24.2928;-47.14285;9789;2625;26.82;29;24.5;36.1;49.5;0.352;924.0
sp;65692;ITATIBA;São Paulo;Sudeste;-23.00745;-46.83579;85162;16637;19.54;243;23.8;27.8;47.2;0.315;5240.0
sp;65714;ITATINGA;São Paulo;Sudeste;-23.10132;-48.61523;14071;3364;23.91;45;28.3;39.8;50.5;0.385;1294.0
sp;65374;ITAÍ;São Paulo;Sudeste;-23.41725;-49.09418;16732;3752;22.42;46;24.7;42.2;48.4;0.37;1386.0
sp;65730;ITIRAPINA;São Paulo;Sudeste;-22.25037;-47.82144;10400;2579;24.8;35;24.1;34.8;48.9;0.345;890.0
sp;65757;ITIRAPUÃ;São Paulo;Sudeste;-20.6403;-47.22155;5150;1353;26.27;16;24.5;46.1;49.6;0.383;518.0
sp;65773;ITOBI;São Paulo;Sudeste;-21.73178;-46.97303;6007;1271;21.16;18;24.8;39.7;50.4;0.367;467.0
sp;65790;ITU;São Paulo;Sudeste;-23.29288;-47.30596;128825;31243;24.25;373;23.9;36.0;47.5;0.345;10765.0
sp;65811;ITUPEVA;São Paulo;Sudeste;-23.15146;-47.055;48390;10817;22.35;146;26.7;28.7;48.4;0.333;3606.0
sp;65838;ITUVERAVA;São Paulo;Sudeste;-20.32528;-47.79887;27366;6504;23.77;99;22.8;34.0;46.6;0.33;2150.0
sp;65552;ITÁPOLIS;São Paulo;Sudeste;-21.58331;-48.80412;28904;6283;21.74;88;22.7;37.5;47.5;0.343;2155.0
sp;65854;JABORANDI;São Paulo;Sudeste;-20.69173;-48.41078;5006;981;19.6;14;23.4;40.3;49.9;0.361;354.0
sp;65870;JABOTICABAL;São Paulo;Sudeste;-21.25488;-48.32108;50931;11716;23.0;161;22.9;28.2;46.8;0.311;3648.0
sp;65897;JACAREÍ;São Paulo;Sudeste;-23.30144;-45.96985;171394;34464;20.11;553;24.4;23.1;47.1;0.298;10272.0
sp;65919;JACI;São Paulo;Sudeste;-20.88409;-49.57089;5828;1302;22.34;15;24.8;39.0;49.8;0.364;474.0
sp;65935;JACUPIRANGA;São Paulo;Sudeste;-24.70155;-48.00591;12334;3032;24.58;46;25.3;37.0;49.2;0.358;1086.0
sp;65951;JAGUARIÚNA;São Paulo;Sudeste;-22.6957;-46.98736;45186;9330;20.65;144;25.5;23.3;47.4;0.304;2840.0
sp;65978;JALES;São Paulo;Sudeste;-20.27014;-50.54663;36025;7544;20.94;125;20.5;30.0;47.1;0.307;2317.0
sp;65994;JAMBEIRO;São Paulo;Sudeste;-23.25596;-45.69288;4996;1045;20.92;16;23.2;31.8;50.4;0.334;349.0
sp;66010;JANDIRA;São Paulo;Sudeste;-23.53962;-46.90582;76022;16079;21.15;232;29.3;27.7;48.1;0.34;5460.0
sp;66036;JARDINÓPOLIS;São Paulo;Sudeste;-21.02775;-47.7724;29784;7142;23.98;81;25.7;34.9;47.8;0.35;2499.0
sp;66052;JARINU;São Paulo;Sudeste;-23.10855;-46.71546;26768;6600;24.66;77;26.0;34.2;49.6;0.353;2333.0
sp;66079;JAÚ;São Paulo;Sudeste;-22.29829;-48.56581;98725;18973;19.22;330;22.8;31.6;47.3;0.324;6155.0
sp;66095;JERIQUARA;São Paulo;Sudeste;-20.31156;-47.5936;3344;691;20.66;10;27.3;38.2;48.8;0.37;256.0
sp;66117;JOANÓPOLIS;São Paulo;Sudeste;-22.93108;-46.27467;9451;1794;18.98;31;22.0;45.5;48.9;0.366;656.0
sp;66150;JOSÉ BONIFÁCIO;São Paulo;Sudeste;-21.05726;-49.69249;27281;6033;22.11;83;23.8;34.2;47.9;0.339;2043.0
sp;66133;JOÃO RAMALHO;São Paulo;Sudeste;-22.2493;-50.77054;3518;912;25.92;13;24.8;39.6;49.2;0.365;332.0
sp;62324;JUMIRIM;São Paulo;Sudeste;-23.08513;-47.79156;2457;524;21.33;7;25.9;38.1;50.2;0.367;193.0
sp;66192;JUNDIAÍ;São Paulo;Sudeste;-23.18143;-46.8996;337851;71520;21.17;974;21.9;24.0;46.8;0.291;20797.0
sp;66214;JUNQUEIRÓPOLIS;São Paulo;Sudeste;-21.51298;-51.42995;14112;3409;24.16;50;21.6;32.2;48.0;0.322;1098.0
sp;66257;JUQUITIBA;São Paulo;Sudeste;-23.94018;-47.0723;22815;4911;21.53;76;27.1;35.9;49.9;0.365;1792.0
sp;66230;JUQUIÁ;São Paulo;Sudeste;-24.29156;-47.6369;15229;4254;27.93;65;25.1;38.3;49.7;0.363;1544.0
sp;66176;JÚLIO MESQUITA;São Paulo;Sudeste;-22.0094;-49.78704;3690;899;24.36;12;27.6;37.5;48.2;0.368;331.0
sp;66273;LAGOINHA;São Paulo;Sudeste;-23.09048;-45.18887;5475;1193;21.79;16;20.6;45.1;51.8;0.364;434.0
sp;66290;LARANJAL PAULISTA;São Paulo;Sudeste;-23.04218;-47.84243;20780;4819;23.19;69;24.5;38.1;48.1;0.355;1713.0
sp;66338;LAVRINHAS;São Paulo;Sudeste;-22.55285;-44.9084;6102;1076;17.63;22;26.7;31.6;49.7;0.348;374.0
sp;66311;LAVÍNIA;São Paulo;Sudeste;-21.17128;-51.04195;3884;874;22.5;15;21.2;34.2;47.1;0.324;283.0
sp;66354;LEME;São Paulo;Sudeste;-22.18505;-47.37818;72901;15456;21.2;209;24.6;37.7;47.8;0.354;5465.0
sp;66370;LENÇÓIS PAULISTA;São Paulo;Sudeste;-22.59872;-48.79745;50784;10688;21.05;194;23.9;31.0;48.2;0.329;3519.0
sp;66397;LIMEIRA;São Paulo;Sudeste;-22.57551;-47.40522;219483;39438;17.97;734;23.5;27.8;47.5;0.314;12389.0
sp;66419;LINDÓIA;São Paulo;Sudeste;-22.52337;-46.64595;5869;1152;19.63;22;23.2;36.5;47.7;0.343;395.0
sp;66435;LINS;São Paulo;Sudeste;-21.67341;-49.74729;53771;13372;24.87;186;23.1;24.5;46.8;0.298;3987.0
sp;66451;LORENA;São Paulo;Sudeste;-22.73754;-45.11594;61172;11887;19.43;194;24.4;24.8;46.7;0.304;3619.0
sp;62022;LOURDES;São Paulo;Sudeste;-20.96714;-50.22681;1877;399;21.26;7;22.3;39.3;49.6;0.352;140.0
sp;66478;LOUVEIRA;São Paulo;Sudeste;-23.08809;-46.96424;39253;8235;20.98;104;27.9;29.2;48.5;0.34;2804.0
sp;66516;LUCIANÓPOLIS;São Paulo;Sudeste;-22.4322;-49.52225;2146;499;23.25;7;25.5;38.8;51.6;0.371;185.0
sp;66494;LUCÉLIA;São Paulo;Sudeste;-21.72474;-51.0196;13549;3563;26.3;50;22.2;32.8;48.2;0.327;1166.0
sp;66559;LUIZIÂNIA;São Paulo;Sudeste;-21.67639;-50.32695;3792;767;20.23;15;22.3;46.6;48.8;0.37;284.0
sp;66575;LUPÉRCIO;São Paulo;Sudeste;-22.40135;-49.79606;3317;788;23.76;15;24.1;38.6;47.6;0.354;279.0
sp;66591;LUTÉCIA;São Paulo;Sudeste;-22.34109;-50.39313;2380;508;21.34;8;23.3;35.4;48.8;0.343;174.0
sp;66532;LUÍS ANTÔNIO;São Paulo;Sudeste;-21.5537;-47.70627;10065;2481;24.65;27;28.2;36.6;49.3;0.371;920.0
sp;66613;MACATUBA;São Paulo;Sudeste;-22.51226;-48.7168;12402;2341;18.88;44;25.3;36.2;49.2;0.356;833.0
sp;66630;MACAUBAL;São Paulo;Sudeste;-20.80823;-49.96442;5924;1053;17.78;18;20.1;41.0;49.2;0.343;362.0
sp;66656;MACEDÔNIA;São Paulo;Sudeste;-20.14793;-50.19652;4105;1046;25.48;11;21.4;41.6;49.8;0.354;370.0
sp;66672;MAGDA;São Paulo;Sudeste;-20.64608;-50.22401;2793;578;20.69;9;20.7;39.7;49.9;0.345;199.0
sp;66699;MAIRINQUE;São Paulo;Sudeste;-23.52959;-47.19332;38466;8245;21.43;119;25.9;31.0;48.3;0.338;2790.0
sp;66710;MAIRIPORÃ;São Paulo;Sudeste;-23.31428;-46.59133;65733;14531;22.11;209;25.5;27.9;47.9;0.324;4713.0
sp;66737;MANDURI;São Paulo;Sudeste;-23.01029;-49.30851;7096;1503;21.18;22;24.2;40.9;49.4;0.365;549.0
sp;66753;MARABÁ PAULISTA;São Paulo;Sudeste;-22.10705;-51.96391;3188;940;29.49;10;20.0;42.9;51.5;0.354;333.0
sp;66770;MARACAÍ;São Paulo;Sudeste;-22.62168;-50.67947;10406;2038;19.58;41;23.4;34.1;49.1;0.34;693.0
sp;61867;MARAPOAMA;São Paulo;Sudeste;-21.25893;-49.13298;2797;514;18.38;9;22.2;42.1;49.2;0.358;184.0
sp;66834;MARINÓPOLIS;São Paulo;Sudeste;-20.44139;-50.82043;1754;309;17.62;7;23.6;39.4;49.9;0.359;111.0
sp;66796;MARIÁPOLIS;São Paulo;Sudeste;-21.79659;-51.18455;2872;536;18.66;10;21.2;36.8;49.2;0.337;181.0
sp;66850;MARTINÓPOLIS;São Paulo;Sudeste;-22.13331;-51.16074;18046;4217;23.37;61;23.3;33.8;47.5;0.335;1411.0
sp;66818;MARÍLIA;São Paulo;Sudeste;-22.20779;-49.95175;172936;40520;23.43;579;23.0;23.6;46.1;0.292;11843.0
sp;66877;MATÃO;São Paulo;Sudeste;-21.60168;-48.36576;63725;13425;21.07;218;23.0;32.8;47.8;0.33;4438.0
sp;66893;MAUÁ;São Paulo;Sudeste;-23.66784;-46.44547;310407;70404;22.68;927;26.1;30.6;47.0;0.335;23583.0
sp;66915;MENDONÇA;São Paulo;Sudeste;-21.1846;-49.58029;5260;1168;22.21;15;22.2;37.6;49.1;0.345;403.0
sp;66931;MERIDIANO;São Paulo;Sudeste;-20.36581;-50.17666;3765;790;20.98;12;23.5;39.6;48.4;0.356;281.0
sp;61964;MESÓPOLIS;São Paulo;Sudeste;-19.96572;-50.6217;1887;447;23.69;7;24.2;40.1;49.5;0.363;162.0
sp;66958;MIGUELÓPOLIS;São Paulo;Sudeste;-20.18237;-48.02633;15123;3518;23.26;52;25.0;40.0;48.0;0.363;1278.0
sp;66974;MINEIROS DO TIETÊ;São Paulo;Sudeste;-22.41793;-48.44636;8683;1879;21.64;33;23.2;39.7;48.3;0.354;666.0
sp;67016;MIRA ESTRELA;São Paulo;Sudeste;-19.98199;-50.13502;2892;676;23.37;8;18.5;39.1;49.5;0.33;223.0
sp;66990;MIRACATU;São Paulo;Sudeste;-24.26361;-47.43738;15311;4129;26.97;58;25.8;40.3;49.0;0.371;1530.0
sp;67032;MIRANDÓPOLIS;São Paulo;Sudeste;-21.11426;-51.10052;17999;4676;25.98;62;20.2;30.9;48.2;0.311;1454.0
sp;67059;MIRANTE DO PARANAPANEMA;São Paulo;Sudeste;-22.31717;-51.93222;12713;3511;27.62;43;21.8;38.4;48.8;0.344;1209.0
sp;67075;MIRASSOL;São Paulo;Sudeste;-20.81873;-49.5071;43661;9171;21.01;132;22.5;29.5;47.5;0.316;2896.0
sp;67091;MIRASSOLÂNDIA;São Paulo;Sudeste;-20.60754;-49.46562;4130;921;22.3;11;23.5;42.6;50.2;0.369;340.0
sp;67113;MOCOCA;São Paulo;Sudeste;-21.46358;-47.00064;49126;11793;24.01;156;22.4;32.9;48.2;0.328;3874.0
sp;67130;MOGI DAS CRUZES;São Paulo;Sudeste;-23.53555;-46.19986;334039;77497;23.2;978;25.7;25.3;46.6;0.312;24166.0
sp;67156;MOGI GUAÇU;São Paulo;Sudeste;-22.35385;-46.94592;114358;22563;19.73;348;23.9;29.4;47.7;0.322;7275.0
sp;67172;MOGI MIRIM;São Paulo;Sudeste;-22.43665;-46.95756;67646;13591;20.09;215;23.0;27.7;47.3;0.311;4230.0
sp;67199;MOMBUCA;São Paulo;Sudeste;-22.92782;-47.57116;3151;653;20.72;11;25.3;42.7;48.8;0.375;245.0
sp;67237;MONGAGUÁ;São Paulo;Sudeste;-24.11168;-46.66511;50491;15501;30.7;148;21.9;31.3;46.1;0.316;4899.0
sp;67253;MONTE ALEGRE DO SUL;São Paulo;Sudeste;-22.6987;-46.66952;6336;1217;19.21;22;20.3;37.1;48.6;0.332;404.0
sp;67270;MONTE ALTO;São Paulo;Sudeste;-21.2623;-48.49552;36025;8149;22.62;116;21.5;32.2;47.5;0.32;2609.0
sp;67296;MONTE APRAZÍVEL;São Paulo;Sudeste;-20.76658;-49.7229;16980;3833;22.57;51;21.3;32.9;48.2;0.323;1240.0
sp;67318;MONTE AZUL PAULISTA;São Paulo;Sudeste;-20.90419;-48.64612;14242;3047;21.39;45;22.0;38.4;48.2;0.344;1048.0
sp;67334;MONTE CASTELO;São Paulo;Sudeste;-21.29818;-51.56729;3327;696;20.92;11;21.0;40.7;48.2;0.345;240.0
sp;67377;MONTE MOR;São Paulo;Sudeste;-22.93944;-47.28264;47316;10454;22.09;161;27.7;33.0;48.4;0.354;3699.0
sp;67350;MONTEIRO LOBATO;São Paulo;Sudeste;-22.94657;-45.83884;3833;750;19.57;13;21.2;34.7;50.8;0.334;251.0
sp;67210;MONÇÕES;São Paulo;Sudeste;-20.84986;-50.08997;2121;398;18.76;7;18.6;37.6;49.5;0.326;130.0
sp;67393;MORRO AGUDO;São Paulo;Sudeste;-20.73027;-48.05238;20181;4304;21.33;61;25.2;39.9;48.4;0.365;1572.0
sp;67415;MORUNGABA;São Paulo;Sudeste;-22.87828;-46.79329;10613;1987;18.72;31;24.9;35.9;48.0;0.35;695.0
sp;61069;MOTUCA;São Paulo;Sudeste;-21.51033;-48.15386;3384;725;21.42;11;23.6;40.8;49.1;0.362;262.0
sp;67431;MURUTINGA DO SUL;São Paulo;Sudeste;-20.98948;-51.27951;3341;763;22.84;13;20.3;35.4;49.0;0.327;250.0
sp;62340;NANTES;São Paulo;Sudeste;-22.62125;-51.23587;2206;526;23.84;7;25.7;35.8;48.6;0.355;187.0
sp;67458;NARANDIBA;São Paulo;Sudeste;-22.42423;-51.52916;4458;886;19.87;13;26.0;36.1;48.9;0.358;317.0
sp;67474;NATIVIDADE DA SERRA;São Paulo;Sudeste;-23.41791;-45.40265;5669;1259;22.21;22;20.4;49.5;53.2;0.378;475.0
sp;67490;NAZARÉ PAULISTA;São Paulo;Sudeste;-23.17683;-46.39281;14473;3079;21.27;47;23.4;40.8;50.2;0.363;1118.0
sp;67512;NEVES PAULISTA;São Paulo;Sudeste;-20.84812;-49.63347;7059;1419;20.1;22;18.9;38.7;48.2;0.328;465.0
sp;67539;NHANDEARA;São Paulo;Sudeste;-20.69447;-50.02929;7745;1833;23.67;25;18.7;36.5;47.5;0.319;585.0
sp;67555;NIPOÃ;São Paulo;Sudeste;-20.91073;-49.77947;3881;866;22.31;12;25.0;43.6;51.6;0.383;332.0
sp;67571;NOVA ALIANÇA;São Paulo;Sudeste;-21.03401;-49.51169;5431;1232;22.68;18;21.7;43.5;48.5;0.357;440.0
sp;61980;NOVA CAMPINA;São Paulo;Sudeste;-24.15165;-48.92282;6959;1499;21.54;23;31.4;43.2;49.8;0.407;610.0
sp;61425;NOVA CANAÃ PAULISTA;São Paulo;Sudeste;-20.38783;-50.94703;2275;608;26.73;7;19.4;44.5;50.7;0.353;214.0
sp;62367;NOVA CASTILHO;São Paulo;Sudeste;-20.76228;-50.3412;1375;298;21.67;4;24.5;33.9;51.5;0.349;104.0
sp;67598;NOVA EUROPA;São Paulo;Sudeste;-21.78257;-48.56573;7172;1527;21.29;26;24.3;36.8;49.0;0.352;538.0
sp;67610;NOVA GRANADA;São Paulo;Sudeste;-20.52726;-49.32347;14794;3537;23.91;51;23.6;38.2;48.8;0.353;1248.0
sp;67636;NOVA GUATAPORANGA;São Paulo;Sudeste;-21.33376;-51.64596;2019;483;23.92;10;21.7;42.1;49.4;0.356;172.0
sp;67652;NOVA INDEPENDÊNCIA;São Paulo;Sudeste;-21.10596;-51.49325;3505;868;24.76;14;26.5;33.9;49.5;0.354;307.0
sp;67679;NOVA LUZITÂNIA;São Paulo;Sudeste;-20.85512;-50.26277;2635;534;20.27;8;21.4;36.4;50.2;0.339;181.0
sp;67695;NOVA ODESSA;São Paulo;Sudeste;-22.78849;-47.29622;47408;8431;17.78;143;23.8;26.4;47.8;0.311;2619.0
sp;61409;NOVAIS;São Paulo;Sudeste;-20.99482;-48.91936;3922;797;20.32;14;27.9;42.6;50.1;0.39;311.0
sp;67717;NOVO HORIZONTE;São Paulo;Sudeste;-21.4703;-49.22285;28606;6920;24.19;90;22.8;37.2;48.6;0.345;2391.0
sp;67733;NUPORANGA;São Paulo;Sudeste;-20.72945;-47.75327;6023;1317;21.87;23;22.7;39.6;49.0;0.353;465.0
sp;67750;OCAUÇU;São Paulo;Sudeste;-22.43794;-49.9229;3441;815;23.68;13;23.0;40.8;49.7;0.36;293.0
sp;67792;OLÍMPIA;São Paulo;Sudeste;-20.73246;-48.91534;41874;9305;22.22;141;22.7;30.0;47.7;0.319;2968.0
sp;67814;ONDA VERDE;São Paulo;Sudeste;-20.61067;-49.29642;4387;1013;23.09;14;25.1;35.9;49.5;0.355;359.0
sp;67830;ORIENTE;São Paulo;Sudeste;-22.15439;-50.09238;5159;1170;22.68;16;20.9;30.0;48.2;0.311;364.0
sp;67857;ORINDIÚVA;São Paulo;Sudeste;-20.17852;-49.34714;5003;1099;21.97;17;23.8;31.7;49.5;0.334;367.0
sp;67873;ORLÂNDIA;São Paulo;Sudeste;-20.71568;-47.88168;29493;6186;20.97;103;23.7;31.7;47.6;0.329;2037.0
sp;67890;OSASCO;São Paulo;Sudeste;-23.53472;-46.7908;583991;136038;23.29;1641;25.3;27.5;46.3;0.318;43254.0
sp;67911;OSCAR BRESSANE;São Paulo;Sudeste;-22.31558;-50.27959;2450;583;23.8;8;18.8;36.7;47.4;0.32;187.0
sp;67938;OSVALDO CRUZ;São Paulo;Sudeste;-21.79655;-50.88;22809;5532;24.25;80;20.9;30.0;46.5;0.307;1701.0
sp;67954;OURINHOS;São Paulo;Sudeste;-22.97886;-49.87177;76480;17800;23.27;248;23.5;28.7;46.6;0.316;5618.0
sp;67970;OURO VERDE;São Paulo;Sudeste;-21.48761;-51.70037;6097;1548;25.39;16;22.4;41.2;47.4;0.352;546.0
sp;62383;OUROESTE;São Paulo;Sudeste;-19.98825;-50.37889;7997;1872;23.41;22;23.3;33.8;47.5;0.334;626.0
sp;67997;PACAEMBU;São Paulo;Sudeste;-21.56504;-51.26422;7523;1760;23.39;26;19.3;38.7;47.6;0.328;578.0
sp;68012;PALESTINA;São Paulo;Sudeste;-20.36706;-49.44447;8996;2144;23.83;30;21.9;42.1;49.2;0.356;764.0
sp;68039;PALMARES PAULISTA;São Paulo;Sudeste;-21.08535;-48.80505;7352;1199;16.31;24;26.3;37.3;50.5;0.368;441.0
sp;68055;PALMEIRA D'OESTE;São Paulo;Sudeste;-20.42669;-50.76122;7437;1771;23.81;22;20.6;39.2;49.2;0.342;605.0
sp;68071;PALMITAL;São Paulo;Sudeste;-22.78563;-50.21785;16108;3572;22.18;48;21.8;34.7;47.3;0.33;1178.0
sp;68098;PANORAMA;São Paulo;Sudeste;-21.36045;-51.85581;9923;2071;20.87;39;24.5;39.3;47.8;0.358;742.0
sp;68110;PARAGUAÇU PAULISTA;São Paulo;Sudeste;-22.42444;-50.58032;29958;7421;24.77;96;24.4;29.6;47.4;0.325;2409.0
sp;68136;PARAIBUNA;São Paulo;Sudeste;-23.39005;-45.66137;13836;2862;20.69;47;23.8;36.4;49.7;0.35;1003.0
sp;68179;PARANAPANEMA;São Paulo;Sudeste;-23.40262;-48.77458;13591;2666;19.62;41;25.8;40.4;49.1;0.371;990.0
sp;68195;PARANAPUÃ;São Paulo;Sudeste;-20.10757;-50.58265;3392;597;17.6;13;23.2;40.9;49.9;0.362;216.0
sp;68217;PARAPUÃ;São Paulo;Sudeste;-21.78041;-50.79044;7605;1642;21.59;28;21.6;39.5;48.1;0.345;567.0
sp;68152;PARAÍSO;São Paulo;Sudeste;-21.01733;-48.77325;4547;796;17.51;15;22.1;38.7;49.3;0.348;277.0
sp;68233;PARDINHO;São Paulo;Sudeste;-23.0821;-48.37535;6139;1604;26.13;18;24.9;36.4;50.3;0.357;573.0
sp;68250;PARIQUERA-AÇU;São Paulo;Sudeste;-24.70111;-47.88101;14302;3082;21.55;48;25.6;34.4;48.6;0.35;1078.0
sp;61824;PARISI;São Paulo;Sudeste;-20.30261;-50.01242;3085;773;25.06;9;22.0;42.8;49.0;0.359;277.0
sp;68276;PATROCÍNIO PAULISTA;São Paulo;Sudeste;-20.6424;-47.2808;10549;2377;22.53;32;24.0;40.2;48.3;0.36;855.0
sp;68292;PAULICÉIA;São Paulo;Sudeste;-21.31519;-51.82979;5955;1464;24.58;18;24.7;40.0;49.3;0.365;535.0
sp;62405;PAULISTÂNIA;São Paulo;Sudeste;-22.57308;-49.39774;1993;494;24.79;6;27.2;39.9;50.5;0.38;188.0
sp;68330;PAULO DE FARIA;São Paulo;Sudeste;-20.02984;-49.40164;6111;1646;26.94;21;22.5;38.4;48.9;0.348;573.0
sp;68314;PAULÍNIA;São Paulo;Sudeste;-22.76124;-47.16328;89901;17235;19.17;247;25.4;22.9;48.1;0.303;5230.0
sp;68357;PEDERNEIRAS;São Paulo;Sudeste;-22.34536;-48.78698;32588;6401;19.64;103;25.1;34.3;48.7;0.348;2224.0
sp;68373;PEDRA BELA;São Paulo;Sudeste;-22.79349;-46.44283;4810;984;20.46;14;21.7;48.0;50.2;0.374;368.0
sp;68390;PEDRANÓPOLIS;São Paulo;Sudeste;-20.22845;-50.10014;2682;618;23.04;8;20.5;41.1;50.9;0.35;216.0
sp;68411;PEDREGULHO;São Paulo;Sudeste;-20.22789;-47.45957;12296;2788;22.67;42;24.5;40.2;49.2;0.365;1017.0
sp;68438;PEDREIRA;São Paulo;Sudeste;-22.73688;-46.89902;33383;6599;19.77;108;23.9;35.1;48.4;0.344;2269.0
sp;61247;PEDRINHAS PAULISTA;São Paulo;Sudeste;-22.81573;-50.79247;2726;551;20.21;9;22.6;25.8;49.3;0.306;169.0
sp;68454;PEDRO DE TOLEDO;São Paulo;Sudeste;-24.27787;-47.23308;7891;2349;29.77;27;24.7;35.0;49.1;0.349;820.0
sp;68470;PENÁPOLIS;São Paulo;Sudeste;-21.41761;-50.0774;43746;9353;21.38;160;22.6;31.3;46.7;0.32;2997.0
sp;68497;PEREIRA BARRETO;São Paulo;Sudeste;-20.64366;-51.10233;19125;5263;27.52;75;21.5;33.3;47.9;0.325;1710.0
sp;68519;PEREIRAS;São Paulo;Sudeste;-23.07741;-47.97477;6469;1496;23.13;19;23.9;40.4;49.8;0.364;544.0
sp;68535;PERUÍBE;São Paulo;Sudeste;-24.30179;-46.99574;59840;16666;27.85;176;22.7;29.3;46.3;0.313;5223.0
sp;68551;PIACATU;São Paulo;Sudeste;-21.5973;-50.59998;4487;962;21.44;15;22.0;39.9;49.5;0.351;338.0
sp;68578;PIEDADE;São Paulo;Sudeste;-23.71898;-47.4158;42011;10496;24.98;118;23.9;41.7;49.0;0.365;3834.0
sp;68594;PILAR DO SUL;São Paulo;Sudeste;-23.81269;-47.72368;22434;5388;24.02;63;25.4;42.1;49.4;0.375;2021.0
sp;68616;PINDAMONHANGABA;São Paulo;Sudeste;-22.92709;-45.44194;119275;24637;20.66;396;24.8;24.3;47.3;0.305;7527.0
sp;68632;PINDORAMA;São Paulo;Sudeste;-21.19684;-48.91745;10497;1992;18.98;38;21.6;37.3;48.4;0.339;676.0
sp;68675;PINHALZINHO;São Paulo;Sudeste;-22.78325;-46.59095;11384;2464;21.64;35;22.0;38.4;49.2;0.346;853.0
sp;68691;PIQUEROBI;São Paulo;Sudeste;-21.88611;-51.72845;3115;767;24.62;9;21.8;42.0;47.6;0.352;270.0
sp;68713;PIQUETE;São Paulo;Sudeste;-22.61044;-45.17966;10045;2485;24.74;31;22.1;27.9;46.7;0.306;761.0
sp;68730;PIRACAIA;São Paulo;Sudeste;-23.06044;-46.36216;21552;4399;20.41;62;23.9;36.7;47.9;0.348;1529.0
sp;68756;PIRACICABA;São Paulo;Sudeste;-22.72285;-47.65493;311212;71944;23.12;907;23.1;31.4;46.9;0.324;23332.0
sp;68772;PIRAJU;São Paulo;Sudeste;-23.19676;-49.38385;21986;5505;25.04;68;22.7;32.8;47.4;0.328;1805.0
sp;68799;PIRAJUÍ;São Paulo;Sudeste;-21.9868;-49.44704;14814;3482;23.5;58;22.7;28.7;47.3;0.314;1092.0
sp;68810;PIRANGI;São Paulo;Sudeste;-21.09527;-48.66265;7897;1650;20.89;29;21.2;40.1;48.2;0.345;568.0
sp;68837;PIRAPORA DO BOM JESUS;São Paulo;Sudeste;-23.40444;-46.99582;14158;3494;24.68;43;30.9;35.9;48.8;0.378;1322.0
sp;68853;PIRAPOZINHO;São Paulo;Sudeste;-22.28588;-51.50554;19385;4211;21.72;66;24.6;30.3;47.4;0.328;1382.0
sp;68870;PIRASSUNUNGA;São Paulo;Sudeste;-21.99332;-47.4199;55163;12213;22.14;187;22.9;26.2;47.6;0.306;3735.0
sp;68896;PIRATININGA;São Paulo;Sudeste;-22.41439;-49.13761;10141;2183;21.53;34;22.6;26.3;47.8;0.305;666.0
sp;68918;PITANGUEIRAS;São Paulo;Sudeste;-21.00949;-48.23029;24981;5184;20.75;84;27.2;35.6;49.4;0.363;1880.0
sp;68934;PLANALTO;São Paulo;Sudeste;-21.0343;-49.92752;3962;915;23.09;12;24.7;42.3;49.1;0.372;340.0
sp;68950;PLATINA;São Paulo;Sudeste;-22.63199;-50.20577;2775;657;23.68;8;23.2;41.2;50.8;0.365;240.0
sp;68993;POLONI;São Paulo;Sudeste;-20.7843;-49.81546;4510;899;19.93;15;21.4;38.3;48.6;0.342;307.0
sp;69019;POMPÉIA;São Paulo;Sudeste;-22.10414;-50.18236;16138;3353;20.78;49;21.7;27.6;47.8;0.306;1026.0
sp;69035;PONGAÍ;São Paulo;Sudeste;-21.7359;-49.35765;2952;636;21.54;11;20.1;39.1;50.4;0.341;217.0
sp;69051;PONTAL;São Paulo;Sudeste;-21.01641;-48.0385;28287;5244;18.54;102;28.1;40.6;49.4;0.384;2011.0
sp;61808;PONTALINDA;São Paulo;Sudeste;-20.44204;-50.52248;3157;679;21.51;12;23.6;45.5;51.3;0.381;258.0
sp;69078;PONTES GESTAL;São Paulo;Sudeste;-20.18067;-49.70159;2368;557;23.52;8;22.2;39.1;50.7;0.353;197.0
sp;69094;POPULINA;São Paulo;Sudeste;-19.9416;-50.54105;3679;802;21.8;12;20.4;42.0;49.4;0.348;279.0
sp;69116;PORANGABA;São Paulo;Sudeste;-23.1758;-48.12122;7483;1827;24.42;20;20.7;41.2;50.1;0.349;639.0
sp;69132;PORTO FELIZ;São Paulo;Sudeste;-23.20916;-47.52391;41162;8448;20.52;117;24.6;32.5;48.6;0.339;2861.0
sp;69159;PORTO FERREIRA;São Paulo;Sudeste;-21.85519;-47.48019;39960;9149;22.9;124;23.1;32.7;47.4;0.329;3013.0
sp;61565;POTIM;São Paulo;Sudeste;-22.8362;-45.25698;12546;2276;18.14;43;27.8;36.9;47.5;0.365;831.0
sp;69175;POTIRENDABA;São Paulo;Sudeste;-21.04515;-49.37658;13860;2932;21.15;41;21.5;44.5;47.7;0.357;1048.0
sp;68977;POÁ;São Paulo;Sudeste;-23.52711;-46.34665;89811;16954;18.88;273;27.2;22.0;47.1;0.304;5163.0
sp;62120;PRACINHA;São Paulo;Sudeste;-21.85274;-51.08893;1476;344;23.31;5;25.3;37.6;48.7;0.359;123.0
sp;69191;PRADÓPOLIS;São Paulo;Sudeste;-21.36282;-48.06966;13603;2355;17.31;42;24.9;33.8;48.9;0.345;812.0
sp;69213;PRAIA GRANDE;São Paulo;Sudeste;-24.02148;-46.47577;265311;72099;27.18;764;23.6;29.4;45.0;0.315;22723.0
sp;62146;PRATÂNIA;São Paulo;Sudeste;-22.81119;-48.66477;4725;1124;23.79;16;29.1;43.8;50.4;0.401;450.0
sp;69230;PRESIDENTE ALVES;São Paulo;Sudeste;-22.08576;-49.40926;3391;812;23.95;11;21.2;37.4;49.4;0.34;276.0
sp;69256;PRESIDENTE BERNARDES;São Paulo;Sudeste;-22.03646;-51.56593;10209;2616;25.62;34;20.3;30.7;48.1;0.311;812.0
sp;69272;PRESIDENTE EPITÁCIO;São Paulo;Sudeste;-21.76046;-52.1064;29804;7810;26.2;92;22.6;34.4;46.7;0.331;2587.0
sp;69299;PRESIDENTE PRUDENTE;São Paulo;Sudeste;-22.11423;-51.4;165528;36766;22.21;580;23.2;23.6;46.1;0.293;10782.0
sp;69310;PRESIDENTE VENCESLAU;São Paulo;Sudeste;-21.87787;-51.84378;26379;6274;23.78;90;20.7;30.3;45.9;0.307;1923.0
sp;69337;PROMISSÃO;São Paulo;Sudeste;-21.54298;-49.86071;26512;7237;27.3;85;23.8;35.2;47.5;0.341;2470.0
sp;62162;QUADRA;São Paulo;Sudeste;-23.29828;-48.05669;4032;1094;27.13;11;22.7;45.7;50.6;0.374;409.0
sp;69353;QUATÁ;São Paulo;Sudeste;-22.24757;-50.70039;10121;2348;23.2;33;23.6;32.1;48.6;0.333;781.0
sp;69370;QUEIROZ;São Paulo;Sudeste;-21.79983;-50.24024;3299;839;25.43;11;27.8;37.5;49.8;0.373;313.0
sp;69396;QUELUZ;São Paulo;Sudeste;-22.53862;-44.77567;7112;1638;23.03;25;26.5;36.4;49.0;0.361;592.0
sp;69418;QUINTANA;São Paulo;Sudeste;-22.07053;-50.30593;5214;1141;21.88;16;24.1;38.3;48.7;0.356;406.0
sp;69434;RAFARD;São Paulo;Sudeste;-23.01553;-47.53081;7253;1206;16.63;24;24.0;35.1;49.2;0.346;418.0
sp;69450;RANCHARIA;São Paulo;Sudeste;-22.25488;-50.89433;22888;5508;24.07;80;23.8;31.8;47.5;0.33;1817.0
sp;69477;REDENÇÃO DA SERRA;São Paulo;Sudeste;-23.28065;-45.53517;4304;1035;24.05;13;20.8;46.8;52.9;0.372;385.0
sp;69493;REGENTE FEIJÓ;São Paulo;Sudeste;-22.22123;-51.30656;15711;3333;21.21;67;22.8;31.8;47.8;0.326;1087.0
sp;69515;REGINÓPOLIS;São Paulo;Sudeste;-21.88866;-49.22189;4734;1036;21.88;14;22.6;36.4;48.7;0.342;354.0
sp;69531;REGISTRO;São Paulo;Sudeste;-24.4986;-47.84329;45214;11013;24.36;155;24.7;30.1;47.9;0.329;3623.0
sp;69558;RESTINGA;São Paulo;Sudeste;-20.60037;-47.48011;6817;1657;24.31;20;27.7;40.5;50.4;0.383;636.0
sp;69574;RIBEIRA;São Paulo;Sudeste;-24.65218;-49.00511;2889;677;23.43;12;24.9;39.4;51.8;0.37;251.0
sp;69590;RIBEIRÃO BONITO;São Paulo;Sudeste;-22.05578;-48.18481;8616;2308;26.79;26;24.9;39.3;48.8;0.363;838.0
sp;69612;RIBEIRÃO BRANCO;São Paulo;Sudeste;-24.23763;-48.82137;14335;3273;22.83;50;28.7;50.2;49.9;0.416;1360.0
sp;69639;RIBEIRÃO CORRENTE;São Paulo;Sudeste;-20.45937;-47.58946;4387;1091;24.87;12;27.0;47.2;49.4;0.398;434.0
sp;69655;RIBEIRÃO DO SUL;São Paulo;Sudeste;-22.78678;-49.92946;3926;740;18.85;11;22.0;39.1;49.1;0.348;258.0
sp;62421;RIBEIRÃO DOS ÍNDIOS;São Paulo;Sudeste;-21.83918;-51.60284;1918;433;22.58;7;20.9;42.8;47.1;0.348;151.0
sp;61700;RIBEIRÃO GRANDE;São Paulo;Sudeste;-24.11329;-48.3728;6413;1244;19.4;24;25.0;41.6;51.5;0.377;469.0
sp;69671;RIBEIRÃO PIRES;São Paulo;Sudeste;-23.70252;-46.40244;85765;16956;19.77;262;23.7;23.1;47.7;0.297;5029.0
sp;69698;RIBEIRÃO PRETO;São Paulo;Sudeste;-21.17008;-47.80676;473134;112367;23.75;1449;23.3;26.9;45.7;0.306;34381.0
sp;69736;RIFAINA;São Paulo;Sudeste;-20.08055;-47.42331;5127;1338;26.1;16;24.0;32.9;50.8;0.342;458.0
sp;69752;RINCÃO;São Paulo;Sudeste;-21.59109;-48.059;7171;1673;23.33;27;24.7;37.4;49.1;0.356;596.0
sp;69779;RINÓPOLIS;São Paulo;Sudeste;-21.72933;-50.72358;7452;1980;26.57;24;21.6;41.4;48.2;0.351;694.0
sp;69795;RIO CLARO;São Paulo;Sudeste;-22.39791;-47.56781;151298;32062;21.19;447;23.6;25.4;46.8;0.304;9733.0
sp;69817;RIO DAS PEDRAS;São Paulo;Sudeste;-22.84285;-47.60561;25297;5294;20.93;80;24.7;38.3;49.5;0.361;1910.0
sp;69833;RIO GRANDE DA SERRA;São Paulo;Sudeste;-23.74525;-46.39228;33722;6848;20.31;115;28.0;27.5;48.5;0.334;2290.0
sp;69850;RIOLÂNDIA;São Paulo;Sudeste;-19.98124;-49.67989;7103;1590;22.38;22;24.1;41.1;48.7;0.364;579.0
sp;69710;RIVERSUL;São Paulo;Sudeste;-23.82805;-49.43268;4559;969;21.25;16;23.8;46.2;49.1;0.378;366.0
sp;61166;ROSANA;São Paulo;Sudeste;-22.5472;-52.97651;14263;4475;31.37;52;22.4;35.5;48.3;0.338;1510.0
sp;69876;ROSEIRA;São Paulo;Sudeste;-22.89638;-45.30294;8328;1491;17.9;30;25.7;31.7;48.3;0.34;507.0
sp;69914;RUBINÉIA;São Paulo;Sudeste;-20.20371;-51.01277;3917;941;24.02;12;18.1;40.2;50.1;0.331;312.0
sp;69892;RUBIÁCEA;São Paulo;Sudeste;-21.34282;-50.75976;2390;577;24.14;9;24.8;41.2;49.7;0.37;214.0
sp;69930;SABINO;São Paulo;Sudeste;-21.45861;-49.57419;4352;1182;27.16;14;20.0;42.1;48.7;0.345;407.0
sp;69957;SAGRES;São Paulo;Sudeste;-21.88325;-50.95996;2091;531;25.39;7;24.5;38.1;47.9;0.355;188.0
sp;69973;SALES;São Paulo;Sudeste;-21.34161;-49.49684;5354;1192;22.26;15;20.9;39.4;49.1;0.343;409.0
sp;69990;SALES OLIVEIRA;São Paulo;Sudeste;-20.76334;-47.84463;8527;1697;19.9;30;22.7;36.6;48.0;0.341;579.0
sp;70017;SALESÓPOLIS;São Paulo;Sudeste;-23.53527;-45.87844;14725;2811;19.09;51;25.7;36.9;50.2;0.362;1019.0
sp;70033;SALMOURÃO;São Paulo;Sudeste;-21.62383;-50.85826;3874;943;24.34;12;24.5;41.4;49.8;0.37;349.0
sp;61441;SALTINHO;São Paulo;Sudeste;-22.84514;-47.67862;7141;1281;17.94;19;21.3;35.8;48.5;0.333;427.0
sp;70050;SALTO;São Paulo;Sudeste;-23.1989;-47.28948;95308;19262;20.21;273;25.1;25.1;47.8;0.311;5996.0
sp;70076;SALTO DE PIRAPORA;São Paulo;Sudeste;-23.65001;-47.57683;31402;7520;23.95;87;25.6;35.0;48.3;0.351;2641.0
sp;70092;SALTO GRANDE;São Paulo;Sudeste;-22.88871;-49.98481;6580;1462;22.22;19;23.6;39.3;47.8;0.354;517.0
sp;70114;SANDOVALINA;São Paulo;Sudeste;-22.46304;-51.78979;4876;1455;29.84;14;22.4;38.5;52.2;0.356;518.0
sp;70130;SANTA ADÉLIA;São Paulo;Sudeste;-21.25697;-48.80121;10828;2530;23.37;39;23.1;37.4;48.9;0.349;882.0
sp;70157;SANTA ALBERTINA;São Paulo;Sudeste;-20.03371;-50.72809;5093;996;19.56;17;20.1;42.8;48.7;0.347;346.0
sp;70211;SANTA BRANCA;São Paulo;Sudeste;-23.40044;-45.88459;11889;2743;23.07;43;23.0;34.5;49.4;0.34;931.0
sp;70173;SANTA BÁRBARA D'OESTE;São Paulo;Sudeste;-22.7489;-47.39325;138487;25450;18.38;395;23.5;30.0;47.8;0.323;8215.0
sp;70238;SANTA CLARA D'OESTE;São Paulo;Sudeste;-20.09414;-50.92624;2441;581;23.8;7;20.8;40.0;49.7;0.346;201.0
sp;70254;SANTA CRUZ DA CONCEIÇÃO;São Paulo;Sudeste;-22.13623;-47.45204;4140;896;21.64;11;19.3;34.7;49.1;0.321;287.0
sp;62189;SANTA CRUZ DA ESPERANÇA;São Paulo;Sudeste;-21.29025;-47.42999;2342;557;23.78;7;23.4;35.1;49.5;0.344;192.0
sp;70270;SANTA CRUZ DAS PALMEIRAS;São Paulo;Sudeste;-21.82645;-47.2492;21443;5108;23.82;65;24.2;41.3;48.9;0.366;1868.0
sp;70297;SANTA CRUZ DO RIO PARDO;São Paulo;Sudeste;-22.89668;-49.62125;34041;8053;23.66;100;23.9;34.1;47.5;0.338;2724.0
sp;70319;SANTA ERNESTINA;São Paulo;Sudeste;-21.46614;-48.39131;5040;968;19.21;15;26.5;32.9;50.3;0.353;341.0
sp;70335;SANTA FÉ DO SUL;São Paulo;Sudeste;-20.20604;-50.92794;25810;6279;24.33;80;22.2;30.7;46.5;0.316;1987.0
sp;70351;SANTA GERTRUDES;São Paulo;Sudeste;-22.45348;-47.53714;19153;3784;19.76;60;28.1;36.5;49.8;0.371;1404.0
sp;70378;SANTA ISABEL;São Paulo;Sudeste;-23.31941;-46.22566;41696;8404;20.16;129;25.6;31.1;48.5;0.338;2840.0
sp;70394;SANTA LÚCIA;São Paulo;Sudeste;-21.68812;-48.08438;6326;1332;21.06;29;26.1;33.6;49.2;0.351;467.0
sp;70416;SANTA MARIA DA SERRA;São Paulo;Sudeste;-22.56894;-48.15733;4225;1021;24.17;13;24.1;45.2;48.2;0.374;382.0
sp;70432;SANTA MERCEDES;São Paulo;Sudeste;-21.34371;-51.74203;2679;654;24.41;11;25.7;38.5;51.0;0.37;242.0
sp;70491;SANTA RITA D'OESTE;São Paulo;Sudeste;-20.14468;-50.82974;2471;511;20.68;7;19.3;40.5;48.5;0.336;171.0
sp;70513;SANTA RITA DO PASSA QUATRO;São Paulo;Sudeste;-21.70716;-47.4782;19993;4933;24.67;60;18.8;32.8;46.6;0.306;1512.0
sp;70530;SANTA ROSA DE VITERBO;São Paulo;Sudeste;-21.48378;-47.36873;18030;4052;22.47;58;23.1;31.6;47.9;0.327;1325.0
sp;62200;SANTA SALETE;São Paulo;Sudeste;-20.24406;-50.68814;1836;300;16.34;6;20.4;36.1;51.5;0.336;101.0
sp;70459;SANTANA DA PONTE PENSA;São Paulo;Sudeste;-20.25448;-50.79961;1925;485;25.19;6;19.8;39.7;50.4;0.341;165.0
sp;70475;SANTANA DE PARNAÍBA;São Paulo;Sudeste;-23.44082;-46.88725;111635;25222;22.59;305;27.7;25.8;47.0;0.323;8144.0
sp;70556;SANTO ANASTÁCIO;São Paulo;Sudeste;-21.97585;-51.6522;15054;3791;25.18;47;21.8;32.9;47.0;0.323;1224.0
sp;70572;SANTO ANDRÉ;São Paulo;Sudeste;-23.66694;-46.51723;573503;133844;23.34;1742;21.6;25.4;46.3;0.294;39357.0
sp;70599;SANTO ANTÔNIO DA ALEGRIA;São Paulo;Sudeste;-21.09228;-47.15227;5700;1182;20.74;20;22.2;43.2;49.5;0.362;428.0
sp;70610;SANTO ANTÔNIO DE POSSE;São Paulo;Sudeste;-22.60588;-46.91689;16288;3115;19.12;54;26.9;40.8;48.6;0.376;1172.0
sp;61328;SANTO ANTÔNIO DO ARACANGUÁ;São Paulo;Sudeste;-20.9179;-50.44944;7290;1533;21.03;27;21.5;40.6;50.5;0.353;541.0
sp;70637;SANTO ANTÔNIO DO JARDIM;São Paulo;Sudeste;-22.11453;-46.68255;5173;1140;22.04;18;21.2;45.7;49.7;0.364;415.0
sp;70653;SANTO ANTÔNIO DO PINHAL;São Paulo;Sudeste;-22.82493;-45.66211;6113;1127;18.44;20;22.6;37.8;49.7;0.349;393.0
sp;70670;SANTO EXPEDITO;São Paulo;Sudeste;-21.85344;-51.39576;2682;643;23.97;9;21.6;35.8;48.7;0.335;216.0
sp;70718;SANTOS;São Paulo;Sudeste;-23.95802;-46.33336;348832;84897;24.34;1076;19.4;20.2;44.4;0.26;22038.0
sp;70696;SANTÓPOLIS DO AGUAPEÍ;São Paulo;Sudeste;-21.63904;-50.49978;3231;552;17.08;11;24.6;33.9;48.4;0.343;189.0
sp;71234;SARAPUÍ;São Paulo;Sudeste;-23.64508;-47.81431;7398;1426;19.28;25;26.0;37.5;49.6;0.365;520.0
sp;71250;SARUTAIÁ;São Paulo;Sudeste;-23.2766;-49.47682;3202;824;25.73;11;26.2;45.3;49.8;0.39;321.0
sp;71277;SEBASTIANÓPOLIS DO SUL;São Paulo;Sudeste;-20.65714;-49.9244;3007;573;19.06;9;20.9;38.6;49.4;0.342;196.0
sp;71293;SERRA AZUL;São Paulo;Sudeste;-21.31271;-47.56362;7366;1647;22.36;24;28.4;40.4;49.5;0.384;633.0
sp;71331;SERRA NEGRA;São Paulo;Sudeste;-22.61015;-46.7015;22277;4999;22.44;81;20.4;34.8;47.0;0.322;1609.0
sp;71315;SERRANA;São Paulo;Sudeste;-21.20704;-47.60388;33570;7137;21.26;101;27.9;36.5;48.0;0.366;2610.0
sp;71358;SERTÃOZINHO;São Paulo;Sudeste;-21.12792;-47.99108;93301;18546;19.88;308;24.9;32.3;47.8;0.338;6262.0
sp;71374;SETE BARRAS;São Paulo;Sudeste;-24.37293;-47.92962;10260;2654;25.87;37;24.2;42.9;49.8;0.373;989.0
sp;71390;SEVERÍNIA;São Paulo;Sudeste;-20.80833;-48.80555;11642;2033;17.46;39;27.1;43.1;50.3;0.389;790.0
sp;71412;SILVEIRAS;São Paulo;Sudeste;-22.70896;-44.84835;5404;1080;19.99;17;24.3;41.4;49.8;0.368;398.0
sp;71439;SOCORRO;São Paulo;Sudeste;-22.59459;-46.53031;30482;5801;19.03;94;21.0;38.4;48.1;0.339;1965.0
sp;71455;SOROCABA;São Paulo;Sudeste;-23.47756;-47.46877;531342;110991;20.89;1664;24.8;21.6;46.8;0.293;32503.0
sp;71471;SUD MENNUCCI;São Paulo;Sudeste;-20.67335;-50.89919;6041;1436;23.77;22;22.6;35.5;49.0;0.34;488.0
sp;71498;SUMARÉ;São Paulo;Sudeste;-22.82118;-47.22068;199975;45285;22.65;579;26.2;33.8;47.8;0.349;15788.0
sp;71510;SUZANO;São Paulo;Sudeste;-23.54864;-46.3089;235588;53700;22.79;718;27.6;28.6;46.8;0.333;17885.0
sp;61301;SUZANÁPOLIS;São Paulo;Sudeste;-20.49881;-51.02847;2988;665;22.26;9;22.8;38.8;50.6;0.355;236.0
sp;70734;SÃO BENTO DO SAPUCAÍ;São Paulo;Sudeste;-22.689;-45.72879;9073;1838;20.26;32;21.5;38.2;48.6;0.342;628.0
sp;70750;SÃO BERNARDO DO CAMPO;São Paulo;Sudeste;-23.71724;-46.56166;626647;136501;21.78;2011;23.6;25.4;46.3;0.303;41312.0
sp;70777;SÃO CAETANO DO SUL;São Paulo;Sudeste;-23.62809;-46.56528;147744;25323;17.14;391;19.4;14.2;45.2;0.232;5868.0
sp;70793;SÃO CARLOS;São Paulo;Sudeste;-22.0148;-47.89351;196964;46573;23.65;578;23.3;26.2;47.3;0.307;14299.0
sp;70815;SÃO FRANCISCO;São Paulo;Sudeste;-20.35809;-50.69514;2505;525;20.96;9;22.1;41.6;49.4;0.357;187.0
sp;70890;SÃO JOAQUIM DA BARRA;São Paulo;Sudeste;-20.5869;-47.86422;35828;8238;22.99;104;23.4;30.7;47.6;0.325;2674.0
sp;70912;SÃO JOSÉ DA BELA VISTA;São Paulo;Sudeste;-20.59191;-47.63828;6916;1971;28.5;22;27.0;46.9;50.1;0.399;785.0
sp;70939;SÃO JOSÉ DO BARREIRO;São Paulo;Sudeste;-22.66052;-44.56504;3579;757;21.15;12;23.9;40.8;50.7;0.367;278.0
sp;70955;SÃO JOSÉ DO RIO PARDO;São Paulo;Sudeste;-21.60021;-46.89528;39191;9318;23.78;120;21.7;33.7;47.4;0.326;3037.0
sp;70971;SÃO JOSÉ DO RIO PRETO;São Paulo;Sudeste;-20.80138;-49.38113;344760;81808;23.73;1041;21.8;28.2;45.6;0.304;24866.0
sp;70998;SÃO JOSÉ DOS CAMPOS;São Paulo;Sudeste;-23.20765;-45.87326;540217;101283;18.75;1561;24.2;19.6;47.1;0.282;28537.0
sp;70831;SÃO JOÃO DA BOA VISTA;São Paulo;Sudeste;-21.97657;-46.79003;67128;14331;21.35;202;22.1;29.2;47.0;0.312;4472.0
sp;70858;SÃO JOÃO DAS DUAS PONTES;São Paulo;Sudeste;-20.38805;-50.37935;2242;423;18.87;8;23.6;39.0;49.1;0.356;151.0
sp;61883;SÃO JOÃO DE IRACEMA;São Paulo;Sudeste;-20.51502;-50.35267;1809;444;24.54;5;25.3;39.3;48.8;0.365;162.0
sp;70874;SÃO JOÃO DO PAU D'ALHO;São Paulo;Sudeste;-21.26678;-51.66603;1906;387;20.3;8;20.3;39.0;50.5;0.342;132.0
sp;61905;SÃO LOURENÇO DA SERRA;São Paulo;Sudeste;-23.85486;-46.94617;11946;2604;21.8;40;26.5;31.8;49.0;0.345;900.0
sp;71013;SÃO LUÍS DO PARAITINGA;São Paulo;Sudeste;-23.22676;-45.29554;10204;2143;21.0;30;22.3;44.0;51.0;0.369;790.0
sp;71030;SÃO MANUEL;São Paulo;Sudeste;-22.73926;-48.57443;29305;6166;21.04;107;24.3;32.4;48.3;0.336;2074.0
sp;71056;SÃO MIGUEL ARCANJO;São Paulo;Sudeste;-23.88648;-48.01031;24440;5506;22.53;80;25.2;43.9;49.5;0.38;2092.0
sp;71072;SÃO PAULO;São Paulo;Sudeste;-23.57435;-46.61181;9145124;2138713;23.39;26683;24.1;26.6;45.7;0.308;658713.0
sp;71099;SÃO PEDRO;São Paulo;Sudeste;-22.55332;-47.90405;28554;7240;25.36;91;21.8;35.7;46.6;0.331;2397.0
sp;71110;SÃO PEDRO DO TURVO;São Paulo;Sudeste;-22.74892;-49.73967;5673;1214;21.4;15;25.1;44.6;49.6;0.381;463.0
sp;71137;SÃO ROQUE;São Paulo;Sudeste;-23.54411;-47.12433;60260;13493;22.39;182;23.8;28.8;47.5;0.319;4307.0
sp;71153;SÃO SEBASTIÃO;São Paulo;Sudeste;-23.77557;-45.51807;68037;15336;22.54;213;26.4;28.3;48.1;0.33;5061.0
sp;71170;SÃO SEBASTIÃO DA GRAMA;São Paulo;Sudeste;-21.71043;-46.82711;8398;1948;23.2;31;22.4;41.0;48.6;0.355;691.0
sp;71196;SÃO SIMÃO;São Paulo;Sudeste;-21.47316;-47.5645;11158;2596;23.27;34;23.2;29.9;48.1;0.322;837.0
sp;71218;SÃO VICENTE;São Paulo;Sudeste;-23.96274;-46.41216;256025;67020;26.18;766;25.4;34.2;45.7;0.341;22871.0
sp;71536;TABAPUÃ;São Paulo;Sudeste;-20.96191;-49.03085;8762;1654;18.88;27;21.6;40.2;48.8;0.349;577.0
sp;71552;TABATINGA;São Paulo;Sudeste;-21.73361;-48.67602;10716;2249;20.99;42;24.1;46.1;49.7;0.381;856.0
sp;71579;TABOÃO DA SERRA;São Paulo;Sudeste;-23.62436;-46.78565;212014;41485;19.57;599;27.5;25.8;45.8;0.319;13249.0
sp;71595;TACIBA;São Paulo;Sudeste;-22.38905;-51.28786;5069;965;19.04;20;23.0;37.9;48.0;0.347;335.0
sp;71617;TAGUAÍ;São Paulo;Sudeste;-23.45501;-49.40546;9253;1809;19.55;30;26.0;43.0;47.0;0.375;678.0
sp;71633;TAIAÇU;São Paulo;Sudeste;-21.14523;-48.51054;4509;918;20.36;15;26.2;41.7;49.2;0.377;346.0
sp;71650;TAIÚVA;São Paulo;Sudeste;-21.12327;-48.45075;4396;907;20.63;15;21.8;35.3;49.4;0.336;305.0
sp;71676;TAMBAÚ;São Paulo;Sudeste;-21.70052;-47.27004;15898;3514;22.1;51;22.9;39.2;47.8;0.35;1230.0
sp;71692;TANABI;São Paulo;Sudeste;-20.61079;-49.65113;19937;4299;21.56;63;20.7;38.5;48.4;0.338;1452.0
sp;71730;TAPIRATIBA;São Paulo;Sudeste;-21.47159;-46.74733;9228;1796;19.46;29;24.0;38.6;47.9;0.354;636.0
sp;71714;TAPIRAÍ;São Paulo;Sudeste;-23.96174;-47.50483;6269;1642;26.19;20;26.7;42.6;48.5;0.381;625.0
sp;62260;TAQUARAL;São Paulo;Sudeste;-21.0735;-48.41395;2275;421;18.51;7;24.1;42.9;50.1;0.373;157.0
sp;71757;TAQUARITINGA;São Paulo;Sudeste;-21.40832;-48.51304;38620;9325;24.15;125;22.4;34.4;47.3;0.332;3095.0
sp;71773;TAQUARITUBA;São Paulo;Sudeste;-23.53309;-49.24564;18080;3786;20.94;64;24.6;43.0;48.1;0.371;1404.0
sp;61840;TAQUARIVAÍ;São Paulo;Sudeste;-23.94409;-48.68707;5121;1133;22.12;16;28.9;45.6;49.8;0.403;457.0
sp;71790;TARABAI;São Paulo;Sudeste;-22.30477;-51.5611;5176;1066;20.6;17;25.9;36.5;48.5;0.358;382.0
sp;61042;TARUMÃ;São Paulo;Sudeste;-22.74857;-50.57852;11526;2408;20.89;35;25.3;33.4;48.8;0.346;833.0
sp;71811;TATUÍ;São Paulo;Sudeste;-23.3518;-47.84896;88765;21692;24.44;245;25.4;30.4;47.3;0.332;7201.0
sp;71838;TAUBATÉ;São Paulo;Sudeste;-23.02508;-45.56301;239956;55522;23.14;729;23.1;27.8;46.5;0.31;17209.0
sp;71854;TEJUPÁ;São Paulo;Sudeste;-23.37208;-49.33565;3456;747;21.61;14;27.3;50.5;50.9;0.412;308.0
sp;71870;TEODORO SAMPAIO;São Paulo;Sudeste;-22.50606;-52.19294;17020;4553;26.75;55;25.3;34.0;47.9;0.345;1572.0
sp;71897;TERRA ROXA;São Paulo;Sudeste;-20.78867;-48.33134;6363;1261;19.82;22;23.4;36.9;50.3;0.352;444.0
sp;71919;TIETÊ;São Paulo;Sudeste;-23.09876;-47.71337;29070;5913;20.34;98;23.7;32.1;48.4;0.333;1967.0
sp;71935;TIMBURI;São Paulo;Sudeste;-23.20494;-49.60656;2427;538;22.17;8;20.5;43.4;49.5;0.353;190.0
sp;62049;TORRE DE PEDRA;São Paulo;Sudeste;-23.24692;-48.1959;2545;557;21.89;9;20.1;42.6;50.8;0.352;196.0
sp;71951;TORRINHA;São Paulo;Sudeste;-22.43177;-48.17251;6691;1354;20.24;21;21.1;41.8;49.6;0.352;477.0
sp;62448;TRABIJU;São Paulo;Sudeste;-22.04004;-48.33353;1649;344;20.86;5;27.2;37.9;49.0;0.37;127.0
sp;71978;TREMEMBÉ;São Paulo;Sudeste;-22.96982;-45.55331;29627;5959;20.11;102;24.5;26.7;47.5;0.315;1875.0
sp;71994;TRÊS FRONTEIRAS;São Paulo;Sudeste;-20.23672;-50.88885;5256;1215;23.12;17;22.2;39.9;48.2;0.35;425.0
sp;61620;TUIUTI;São Paulo;Sudeste;-22.81094;-46.69641;5542;1169;21.09;16;20.3;41.5;48.9;0.346;404.0
sp;72036;TUPI PAULISTA;São Paulo;Sudeste;-21.38822;-51.5741;10833;2445;22.57;41;19.9;31.4;46.9;0.308;753.0
sp;72010;TUPÃ;São Paulo;Sudeste;-21.93506;-50.51279;47261;11262;23.83;162;21.2;28.6;46.1;0.304;3421.0
sp;72052;TURIÚBA;São Paulo;Sudeste;-20.94975;-50.1057;1661;376;22.64;6;19.5;35.1;50.4;0.326;122.0
sp;72079;TURMALINA;São Paulo;Sudeste;-20.06009;-50.47417;1955;455;23.27;7;21.2;38.0;48.9;0.34;155.0
sp;61468;UBARANA;São Paulo;Sudeste;-21.16529;-49.7179;4496;1056;23.49;14;27.6;41.7;50.6;0.387;409.0
sp;72095;UBATUBA;São Paulo;Sudeste;-23.44575;-45.09297;77900;19231;24.69;238;24.9;28.7;48.0;0.325;6245.0
sp;72117;UBIRAJARA;São Paulo;Sudeste;-22.52759;-49.66068;3995;998;24.98;12;25.8;42.0;51.9;0.383;383.0
sp;72133;UCHOA;São Paulo;Sudeste;-20.95412;-49.17282;8307;1876;22.58;29;20.6;44.6;48.0;0.353;663.0
sp;72150;UNIÃO PAULISTA;São Paulo;Sudeste;-20.88705;-49.897;1703;370;21.73;6;27.8;43.6;51.1;0.396;146.0
sp;72192;URU;São Paulo;Sudeste;-21.78589;-49.28209;1622;387;23.86;5;19.5;39.4;49.4;0.336;130.0
sp;72214;URUPÊS;São Paulo;Sudeste;-21.20207;-49.28416;10624;2283;21.49;33;21.1;38.6;48.4;0.34;776.0
sp;72176;URÂNIA;São Paulo;Sudeste;-20.24491;-50.64579;6898;1309;18.98;27;21.2;38.2;48.1;0.339;444.0
sp;72230;VALENTIM GENTIL;São Paulo;Sudeste;-20.42445;-50.08472;10146;1960;19.32;31;24.6;37.8;48.4;0.356;697.0
sp;72257;VALINHOS;São Paulo;Sudeste;-22.96839;-46.99516;94676;17893;18.9;276;22.4;22.5;47.8;0.289;5164.0
sp;72273;VALPARAÍSO;São Paulo;Sudeste;-21.22389;-50.86883;15952;4712;29.54;44;24.5;32.7;48.8;0.339;1597.0
sp;61549;VARGEM;São Paulo;Sudeste;-22.89073;-46.41707;6582;1449;22.01;20;23.8;41.8;49.3;0.366;531.0
sp;72311;VARGEM GRANDE DO SUL;São Paulo;Sudeste;-21.83502;-46.89802;30430;7077;23.26;93;23.8;42.9;47.7;0.365;2585.0
sp;72737;VARGEM GRANDE PAULISTA;São Paulo;Sudeste;-23.61463;-47.01375;42997;9663;22.47;128;26.4;29.7;47.9;0.335;3235.0
sp;72354;VERA CRUZ;São Paulo;Sudeste;-22.22243;-49.82084;7886;1712;21.71;25;23.2;30.3;47.8;0.323;553.0
sp;72370;VINHEDO;São Paulo;Sudeste;-23.02995;-46.9876;65669;14105;21.48;172;22.5;23.7;47.5;0.294;4141.0
sp;72397;VIRADOURO;São Paulo;Sudeste;-20.86899;-48.29583;13103;2386;18.21;47;25.3;34.7;48.9;0.35;835.0
sp;72419;VISTA ALEGRE DO ALTO;São Paulo;Sudeste;-21.17407;-48.62922;5990;1300;21.7;20;26.7;41.1;49.5;0.379;493.0
sp;62227;VITÓRIA BRASIL;São Paulo;Sudeste;-20.19603;-50.48477;1673;240;14.35;7;21.5;39.9;49.2;0.348;84.0
sp;72435;VOTORANTIM;São Paulo;Sudeste;-23.54773;-47.45029;92608;21268;22.97;282;26.2;25.6;47.6;0.317;6743.0
sp;72451;VOTUPORANGA;São Paulo;Sudeste;-20.41781;-49.97334;68927;14501;21.04;243;22.1;29.0;46.9;0.311;4510.0
sp;72338;VÁRZEA PAULISTA;São Paulo;Sudeste;-23.21098;-46.83277;84729;18127;21.39;255;27.3;31.4;48.1;0.345;6256.0
sp;61921;ZACARIAS;São Paulo;Sudeste;-21.05134;-50.05119;2570;613;23.85;8;19.9;39.4;49.8;0.339;208.0
sp;61077;ÁGUAS DA PRATA;São Paulo;Sudeste;-21.91516;-46.71748;5911;1183;20.01;19;18.8;35.7;48.7;0.32;378.0
sp;61093;ÁGUAS DE LINDÓIA;São Paulo;Sudeste;-22.47779;-46.61263;14061;2554;18.16;48;21.4;37.3;47.2;0.335;856.0
sp;70190;ÁGUAS DE SANTA BÁRBARA;São Paulo;Sudeste;-22.88342;-49.24037;5392;1381;25.61;15;22.4;30.0;48.7;0.32;442.0
sp;61115;ÁGUAS DE SÃO PEDRO;São Paulo;Sudeste;-22.60261;-47.8755;4335;998;23.02;13;16.9;18.8;45.4;0.244;243.0
sp;61239;ÁLVARES FLORENCE;São Paulo;Sudeste;-20.30142;-49.90172;3612;737;20.4;13;18.0;41.7;50.7;0.336;248.0
sp;61255;ÁLVARES MACHADO;São Paulo;Sudeste;-22.0808;-51.46436;17955;3631;20.22;58;25.0;32.9;47.3;0.339;1231.0
sp;61271;ÁLVARO DE CARVALHO;São Paulo;Sudeste;-22.08025;-49.71937;2756;687;24.93;10;25.1;40.5;49.0;0.368;253.0
sp;67776;ÓLEO;São Paulo;Sudeste;-22.95459;-49.37231;2420;491;20.29;10;23.5;41.8;51.3;0.369;181.0
to;73008;ABREULÂNDIA;Tocantins;Norte;-9.5877;-49.19846;2525;488;19.33;10;27.8;45.6;53.9;0.409;199.0
to;73512;AGUIARNÓPOLIS;Tocantins;Norte;-6.55917;-47.47914;3952;790;19.99;15;30.1;45.0;51.2;0.411;325.0
to;96954;ALIANÇA DO TOCANTINS;Tocantins;Norte;-11.30413;-48.93959;4304;884;20.54;18;25.7;43.7;49.6;0.382;338.0
to;92070;ALMAS;Tocantins;Norte;-11.57085;-47.17018;5592;1084;19.38;23;29.3;44.0;51.1;0.404;438.0
to;92134;ALVORADA;Tocantins;Norte;-12.47987;-49.12467;8052;1842;22.88;31;27.5;39.9;48.1;0.375;691.0
to;92193;ANANÁS;Tocantins;Norte;-6.36394;-48.08805;7593;1251;16.48;32;28.8;43.7;49.7;0.397;497.0
to;73075;ANGICO;Tocantins;Norte;-6.41805;-47.88788;2806;531;18.92;11;25.8;45.4;52.6;0.395;210.0
to;96970;APARECIDA DO RIO NEGRO;Tocantins;Norte;-9.95289;-47.97662;4670;664;14.22;18;27.5;40.0;51.2;0.384;255.0
to;73334;ARAGOMINAS;Tocantins;Norte;-7.00395;-48.62324;4450;804;18.07;20;24.7;55.0;53.5;0.418;336.0
to;92371;ARAGUACEMA;Tocantins;Norte;-8.84098;-49.52357;5135;1066;20.76;20;26.9;42.5;52.6;0.392;417.0
to;73318;ARAGUANÃ;Tocantins;Norte;-6.64796;-48.61797;3552;633;17.82;16;28.8;49.3;51.1;0.417;264.0
to;92436;ARAGUATINS;Tocantins;Norte;-5.66556;-48.12925;22359;4661;20.85;84;29.2;42.0;49.7;0.394;1835.0
to;92398;ARAGUAÇU;Tocantins;Norte;-12.92873;-49.82516;6645;1406;21.16;25;24.3;41.2;50.0;0.369;518.0
to;92410;ARAGUAÍNA;Tocantins;Norte;-7.19413;-48.2165;124170;20748;16.71;416;29.9;27.2;45.6;0.334;6924.0
to;92452;ARAPOEMA;Tocantins;Norte;-7.66231;-49.04723;4628;1015;21.93;21;27.2;45.9;51.6;0.401;407.0
to;92479;ARRAIAS;Tocantins;Norte;-12.92997;-46.94384;8201;1979;24.13;34;25.7;43.3;50.4;0.383;758.0
to;96857;AUGUSTINÓPOLIS;Tocantins;Norte;-5.47132;-47.89036;13639;2698;19.78;47;29.7;41.1;48.0;0.388;1047.0
to;92533;AURORA DO TOCANTINS;Tocantins;Norte;-12.71364;-46.40914;3314;715;21.58;13;23.8;45.1;50.9;0.38;271.0
to;92576;AXIXÁ DO TOCANTINS;Tocantins;Norte;-5.61702;-47.7679;9184;1684;18.34;39;29.0;45.3;49.0;0.401;675.0
to;92592;BABAÇULÂNDIA;Tocantins;Norte;-7.25401;-47.74261;6651;1005;15.11;31;25.5;47.0;53.7;0.401;403.0
to;73580;BANDEIRANTES DO TOCANTINS;Tocantins;Norte;-7.76774;-48.59017;2799;410;14.65;13;30.8;44.4;52.5;0.415;170.0
to;73610;BARRA DO OURO;Tocantins;Norte;-7.72049;-47.61713;4021;756;18.8;14;30.4;49.7;53.8;0.433;327.0
to;96997;BARROLÂNDIA;Tocantins;Norte;-9.83715;-48.72693;4903;820;16.72;18;24.9;46.7;51.1;0.391;320.0
to;92002;BERNARDO SAYÃO;Tocantins;Norte;-7.91471;-48.93393;3604;602;16.7;17;24.3;47.6;51.6;0.391;235.0
to;73121;BOM JESUS DO TOCANTINS;Tocantins;Norte;-8.9689;-48.14308;3672;550;14.98;15;31.6;42.5;52.3;0.412;227.0
to;73245;BRASILÂNDIA DO TOCANTINS;Tocantins;Norte;-8.37002;-48.48131;1994;328;16.45;10;28.2;47.1;51.9;0.41;135.0
to;92738;BREJINHO DE NAZARÉ;Tocantins;Norte;-10.99907;-48.55335;4228;725;17.15;16;25.9;38.8;50.6;0.37;269.0
to;92045;BURITI DO TOCANTINS;Tocantins;Norte;-5.3245;-48.20945;6689;1162;17.37;24;29.3;46.0;50.0;0.407;473.0
to;73067;CACHOEIRINHA;Tocantins;Norte;-6.11408;-47.91635;2029;368;18.14;8;31.0;37.2;52.9;0.394;145.0
to;73091;CAMPOS LINDOS;Tocantins;Norte;-8.00654;-46.81104;6887;1177;17.09;25;35.4;50.6;52.8;0.455;536.0
to;73300;CARIRI DO TOCANTINS;Tocantins;Norte;-11.89031;-49.16261;3798;751;19.77;12;26.5;42.5;50.9;0.385;289.0
to;73326;CARMOLÂNDIA;Tocantins;Norte;-7.03597;-48.39512;2413;440;18.23;8;28.2;49.1;52.0;0.416;183.0
to;73423;CARRASCO BONITO;Tocantins;Norte;-5.36192;-48.02736;3567;760;21.31;14;32.4;47.6;53.0;0.434;330.0
to;92088;CASEARA;Tocantins;Norte;-9.27329;-49.95735;3951;704;17.82;13;28.6;40.7;51.8;0.392;276.0
to;73210;CENTENÁRIO;Tocantins;Norte;-8.95653;-47.33277;1930;338;17.51;8;25.9;52.3;55.7;0.422;143.0
to;73482;CHAPADA DA NATIVIDADE;Tocantins;Norte;-11.61429;-47.75036;3103;622;20.05;12;28.6;47.9;53.4;0.418;260.0
to;73474;CHAPADA DE AREIA;Tocantins;Norte;-10.14261;-49.17872;2545;533;20.94;9;24.9;44.3;55.7;0.394;210.0
to;93114;COLINAS DO TOCANTINS;Tocantins;Norte;-8.05609;-48.47915;25353;5130;20.23;91;28.4;38.7;47.0;0.372;1910.0
to;95290;COLMÉIA;Tocantins;Norte;-8.72972;-48.75743;6526;1107;16.96;29;24.5;45.1;49.9;0.381;421.0
to;92142;COMBINADO;Tocantins;Norte;-12.8157;-46.54814;3892;629;16.16;14;24.3;42.1;49.1;0.369;232.0
to;93130;CONCEIÇÃO DO TOCANTINS;Tocantins;Norte;-12.21932;-47.29413;3643;928;25.47;16;28.3;49.6;51.3;0.416;386.0
to;93211;COUTO MAGALHÃES;Tocantins;Norte;-8.35712;-49.18781;4816;973;20.2;18;25.7;52.0;51.6;0.41;399.0
to;93238;CRISTALÂNDIA;Tocantins;Norte;-10.59923;-49.19531;5530;1014;18.34;23;23.2;41.8;50.5;0.366;371.0
to;73555;CRIXÁS DO TOCANTINS;Tocantins;Norte;-11.10339;-48.91864;1827;361;19.76;7;26.3;43.8;52.5;0.392;142.0
to;73032;DARCINÓPOLIS;Tocantins;Norte;-6.71894;-47.75677;4743;915;19.29;17;28.8;52.3;50.7;0.425;388.0
to;93416;DIANÓPOLIS;Tocantins;Norte;-11.62833;-46.82078;13191;2675;20.28;51;28.9;36.4;49.2;0.373;997.0
to;92185;DIVINÓPOLIS DO TOCANTINS;Tocantins;Norte;-9.80103;-49.21154;5779;1104;19.1;22;24.8;44.7;49.9;0.381;421.0
to;93459;DOIS IRMÃOS DO TOCANTINS;Tocantins;Norte;-9.25707;-49.06534;5082;982;19.32;18;22.4;52.3;53.0;0.396;389.0
to;93475;DUERÉ;Tocantins;Norte;-11.34156;-49.2691;3669;703;19.16;17;25.8;42.3;52.8;0.386;272.0
to;73296;ESPERANTINA;Tocantins;Norte;-5.34521;-48.51008;6625;1406;21.22;24;30.3;52.5;51.7;0.435;611.0
to;96679;FIGUEIRÓPOLIS;Tocantins;Norte;-12.13802;-49.16798;4679;956;20.43;18;24.5;43.2;50.3;0.376;360.0
to;93556;FILADÉLFIA;Tocantins;Norte;-7.39776;-47.64468;6244;1216;19.47;29;25.8;47.1;52.8;0.401;487.0
to;93653;FORMOSO DO ARAGUAIA;Tocantins;Norte;-11.80135;-49.56546;14141;2974;21.03;59;26.6;44.1;50.7;0.39;1161.0
to;96830;FÁTIMA;Tocantins;Norte;-10.75822;-48.90414;3389;671;19.8;12;27.7;38.9;50.9;0.38;255.0
to;92240;GOIANORTE;Tocantins;Norte;-8.76957;-48.91442;4496;749;16.66;18;27.7;51.8;52.7;0.423;316.0
to;95338;GOIATINS;Tocantins;Norte;-7.96156;-47.42059;8809;1496;16.98;34;30.3;48.3;52.4;0.425;635.0
to;96270;GUARAÍ;Tocantins;Norte;-8.83955;-48.50846;17602;2998;17.03;64;26.4;36.2;48.2;0.358;1074.0
to;93858;GURUPI;Tocantins;Norte;-11.72767;-49.06766;61239;12103;19.76;218;27.0;27.9;46.4;0.327;3957.0
to;73598;IPUEIRAS;Tocantins;Norte;-11.16773;-48.43865;1997;394;19.73;8;25.9;40.8;53.8;0.385;152.0
to;94056;ITACAJÁ;Tocantins;Norte;-8.41657;-47.73792;5446;834;15.31;22;29.0;42.3;50.5;0.396;330.0
to;94099;ITAGUATINS;Tocantins;Norte;-5.76886;-47.52206;4717;827;17.53;25;25.4;49.7;52.3;0.404;334.0
to;73202;ITAPIRATINS;Tocantins;Norte;-8.38795;-48.1036;3403;530;15.57;12;28.5;52.1;53.3;0.43;228.0
to;94170;ITAPORÃ DO TOCANTINS;Tocantins;Norte;-8.57391;-48.69051;2703;469;17.35;10;29.2;45.6;52.7;0.412;193.0
to;73369;JAÚ DO TOCANTINS;Tocantins;Norte;-12.74208;-48.59497;3092;658;21.28;14;22.0;51.8;52.3;0.39;257.0
to;73253;JUARINA;Tocantins;Norte;-8.12078;-49.09531;2277;408;17.92;10;26.9;51.2;52.4;0.416;170.0
to;73385;LAGOA DA CONFUSÃO;Tocantins;Norte;-10.91561;-49.7969;10221;1986;19.43;37;30.9;42.1;50.2;0.403;799.0
to;73113;LAGOA DO TOCANTINS;Tocantins;Norte;-10.29735;-47.56497;3307;533;16.12;15;31.4;44.0;52.9;0.418;223.0
to;73407;LAJEADO;Tocantins;Norte;-9.78334;-48.34236;3504;661;18.86;18;26.5;34.0;50.6;0.358;236.0
to;73601;LAVANDEIRA;Tocantins;Norte;-12.78746;-46.50521;2002;348;17.38;7;26.5;42.9;52.0;0.39;136.0
to;95699;LIZARDA;Tocantins;Norte;-9.51615;-46.77969;3099;717;23.14;15;29.2;47.6;54.2;0.423;303.0
to;73520;LUZINÓPOLIS;Tocantins;Norte;-6.19044;-47.85322;2601;405;15.57;10;27.7;43.7;51.4;0.396;160.0
to;92304;MARIANÓPOLIS DO TOCANTINS;Tocantins;Norte;-9.75965;-49.71403;3803;757;19.91;16;25.8;48.3;52.1;0.402;304.0
to;73270;MATEIROS;Tocantins;Norte;-10.52797;-46.4063;2000;412;20.6;10;32.7;43.3;52.2;0.419;173.0
to;73059;MAURILÂNDIA DO TOCANTINS;Tocantins;Norte;-5.95035;-47.5104;3586;679;18.93;14;29.9;51.3;52.8;0.432;294.0
to;94617;MIRACEMA DO TOCANTINS;Tocantins;Norte;-9.5891;-48.40971;14418;2787;19.33;65;27.0;37.2;48.6;0.365;1019.0
to;94633;MIRANORTE;Tocantins;Norte;-9.5356;-48.59008;10079;1872;18.57;38;26.5;43.4;49.1;0.383;718.0
to;94692;MONTE DO CARMO;Tocantins;Norte;-10.79511;-48.10983;5125;1061;20.7;23;26.3;46.4;52.2;0.399;424.0
to;73563;MONTE SANTO DO TOCANTINS;Tocantins;Norte;-9.98459;-49.02192;2559;493;19.27;10;22.5;46.4;55.5;0.387;191.0
to;73342;MURICILÂNDIA;Tocantins;Norte;-7.14037;-48.61089;2874;509;17.71;11;30.8;47.2;53.2;0.426;217.0
to;94811;NATIVIDADE;Tocantins;Norte;-11.72463;-47.71012;6806;1452;21.33;30;25.6;42.2;50.4;0.379;550.0
to;94838;NAZARÉ;Tocantins;Norte;-6.35064;-47.73034;4125;650;15.76;15;25.7;43.3;51.7;0.386;251.0
to;96636;NOVA OLINDA;Tocantins;Norte;-7.63684;-48.40645;8132;1404;17.27;33;27.6;44.1;51.0;0.396;556.0
to;92401;NOVA ROSALÂNDIA;Tocantins;Norte;-10.56633;-48.91235;2880;467;16.22;10;25.6;34.2;50.7;0.354;165.0
to;94994;NOVO ACORDO;Tocantins;Norte;-9.97495;-47.68408;4119;714;17.33;16;30.1;43.3;52.8;0.41;292.0
to;73148;NOVO ALEGRE;Tocantins;Norte;-12.91773;-46.57674;2099;470;22.39;7;24.3;38.0;52.3;0.364;171.0
to;73172;NOVO JARDIM;Tocantins;Norte;-11.81066;-46.63918;2344;525;22.4;10;30.2;47.6;53.3;0.425;223.0
to;73466;OLIVEIRA DE FÁTIMA;Tocantins;Norte;-10.71048;-48.90637;1692;309;18.26;6;28.0;41.2;52.0;0.391;121.0
to;73440;PALMAS;Tocantins;Norte;-10.2509;-48.31217;219783;36540;16.63;673;31.1;17.4;46.7;0.294;10733.0
to;73083;PALMEIRANTE;Tocantins;Norte;-7.88741;-48.01568;4317;759;17.58;19;25.8;53.6;55.0;0.423;321.0
to;73040;PALMEIRAS DO TOCANTINS;Tocantins;Norte;-6.61315;-47.58821;4232;794;18.76;16;27.0;47.4;51.2;0.403;320.0
to;96490;PALMEIRÓPOLIS;Tocantins;Norte;-13.04185;-48.41081;6163;1177;19.1;22;24.6;43.4;48.8;0.374;440.0
to;95214;PARANÃ;Tocantins;Norte;-12.68012;-47.83505;8577;2140;24.95;34;26.5;51.7;51.4;0.413;884.0
to;95192;PARAÍSO DO TOCANTINS;Tocantins;Norte;-10.17939;-48.88935;36056;6841;18.97;135;27.0;30.4;46.6;0.337;2304.0
to;73261;PAU D'ARCO;Tocantins;Norte;-7.52965;-49.24673;3551;654;18.42;16;27.5;51.0;52.2;0.418;274.0
to;95257;PEDRO AFONSO;Tocantins;Norte;-9.01463;-48.15591;10799;2042;18.91;47;29.4;32.9;49.6;0.363;741.0
to;95273;PEIXE;Tocantins;Norte;-11.99015;-48.56087;7284;1537;21.1;30;22.9;47.0;51.0;0.38;584.0
to;92487;PEQUIZEIRO;Tocantins;Norte;-8.53318;-48.92741;4371;736;16.84;16;27.2;46.9;51.6;0.404;297.0
to;95370;PINDORAMA DO TOCANTINS;Tocantins;Norte;-11.13699;-47.5786;3710;708;19.08;16;25.3;46.5;52.1;0.394;279.0
to;73016;PIRAQUÊ;Tocantins;Norte;-6.80028;-48.28241;2394;438;18.3;12;25.4;46.3;56.0;0.404;177.0
to;95478;PIUM;Tocantins;Norte;-10.39331;-49.3508;5965;1259;21.11;23;26.6;43.0;51.9;0.39;492.0
to;95516;PONTE ALTA DO BOM JESUS;Tocantins;Norte;-12.08726;-46.50962;3642;720;19.77;14;24.3;53.7;52.1;0.408;294.0
to;95532;PONTE ALTA DO TOCANTINS;Tocantins;Norte;-10.75334;-47.53947;5628;1100;19.55;24;26.0;45.4;53.0;0.397;437.0
to;92509;PORTO ALEGRE DO TOCANTINS;Tocantins;Norte;-11.60956;-47.0493;2639;570;21.6;12;30.2;44.8;51.8;0.412;235.0
to;95591;PORTO NACIONAL;Tocantins;Norte;-10.60663;-48.41881;47070;8417;17.88;166;27.9;29.3;47.9;0.339;2854.0
to;92525;PRAIA NORTE;Tocantins;Norte;-5.41892;-47.77709;5873;1229;20.93;24;30.5;47.1;50.4;0.417;512.0
to;96296;PRESIDENTE KENNEDY;Tocantins;Norte;-8.5325;-48.50214;2825;472;16.71;12;28.0;40.9;50.6;0.387;183.0
to;73571;PUGMIL;Tocantins;Norte;-10.42525;-48.89437;2328;405;17.4;9;28.8;40.3;51.5;0.391;158.0
to;73229;RECURSOLÂNDIA;Tocantins;Norte;-8.7369;-47.24197;2936;451;15.36;12;29.9;55.1;54.5;0.448;202.0
to;73024;RIACHINHO;Tocantins;Norte;-6.46733;-48.11309;3503;574;16.39;16;27.5;51.2;52.6;0.42;241.0
to;73431;RIO DA CONCEIÇÃO;Tocantins;Norte;-11.39958;-46.88377;2139;559;26.13;9;33.9;40.2;51.7;0.413;231.0
to;73415;RIO DOS BOIS;Tocantins;Norte;-9.34256;-48.53592;2668;504;18.89;10;28.1;52.4;51.7;0.424;214.0
to;96792;RIO SONO;Tocantins;Norte;-9.4643;-47.78588;4294;593;13.81;19;26.5;47.7;54.0;0.409;242.0
to;92541;SAMPAIO;Tocantins;Norte;-5.35158;-47.88255;4157;1018;24.49;14;32.1;48.1;51.1;0.429;436.0
to;73156;SANDOLÂNDIA;Tocantins;Norte;-12.49964;-49.90469;3566;797;22.35;15;24.7;49.3;52.7;0.4;319.0
to;73350;SANTA FÉ DO ARAGUAIA;Tocantins;Norte;-7.13523;-48.75526;5526;999;18.08;22;29.8;47.4;50.0;0.413;413.0
to;73130;SANTA MARIA DO TOCANTINS;Tocantins;Norte;-8.77553;-47.74612;2546;456;17.91;11;25.1;47.0;54.3;0.4;183.0
to;73547;SANTA RITA DO TOCANTINS;Tocantins;Norte;-10.92915;-49.16494;2126;450;21.17;8;29.1;40.4;53.2;0.397;179.0
to;92584;SANTA ROSA DO TOCANTINS;Tocantins;Norte;-11.41904;-48.09553;4257;778;18.28;18;29.1;45.5;52.6;0.411;320.0
to;92606;SANTA TEREZA DO TOCANTINS;Tocantins;Norte;-10.28368;-47.79314;3061;463;15.13;13;30.9;37.6;54.1;0.398;184.0
to;73539;SANTA TEREZINHA DO TOCANTINS;Tocantins;Norte;-6.44055;-47.68788;2106;396;18.8;8;30.1;45.8;51.5;0.414;164.0
to;96598;SILVANÓPOLIS;Tocantins;Norte;-11.14057;-48.12415;4865;840;17.27;17;26.6;41.6;51.3;0.385;323.0
to;73377;SUCUPIRA;Tocantins;Norte;-11.98742;-48.91117;1762;287;16.29;7;25.8;45.1;51.6;0.392;112.0
to;73288;SÃO BENTO DO TOCANTINS;Tocantins;Norte;-6.0149;-47.95165;5456;1079;19.78;21;30.6;46.4;52.8;0.422;455.0
to;73105;SÃO FÉLIX DO TOCANTINS;Tocantins;Norte;-10.16644;-46.63873;1852;292;15.77;8;31.8;37.5;53.7;0.4;117.0
to;73180;SÃO MIGUEL DO TOCANTINS;Tocantins;Norte;-5.5465;-47.5424;9833;1417;14.41;35;30.7;44.8;49.7;0.409;579.0
to;73393;SÃO SALVADOR DO TOCANTINS;Tocantins;Norte;-12.70183;-48.25366;2701;740;27.4;12;27.1;46.7;52.8;0.406;300.0
to;96032;SÃO SEBASTIÃO DO TOCANTINS;Tocantins;Norte;-5.25975;-48.21371;3364;635;18.88;13;29.3;44.0;50.9;0.403;256.0
to;92681;SÃO VALÉRIO;Tocantins;Norte;-11.90922;-48.2219;4075;901;22.11;16;24.2;47.3;52.2;0.391;352.0
to;96130;SÍTIO NOVO DO TOCANTINS;Tocantins;Norte;-5.59191;-47.64868;8078;1348;16.69;33;28.0;44.0;49.4;0.394;531.0
to;73199;TABOCÃO;Tocantins;Norte;-9.05758;-48.52052;3073;590;19.2;11;28.8;44.1;51.4;0.402;237.0
to;96156;TAGUATINGA;Tocantins;Norte;-12.38767;-46.44286;11231;2415;21.5;46;25.6;51.9;49.9;0.405;978.0
to;73164;TAIPAS DO TOCANTINS;Tocantins;Norte;-12.19528;-46.98914;2033;545;26.81;7;27.1;52.1;53.2;0.422;230.0
to;73504;TALISMÃ;Tocantins;Norte;-12.75576;-49.08178;2560;625;24.41;12;24.8;49.0;54.3;0.404;253.0
to;96210;TOCANTINÓPOLIS;Tocantins;Norte;-6.32195;-47.44001;16077;2717;16.9;67;28.6;35.3;47.9;0.364;989.0
to;96199;TOCANTÍNIA;Tocantins;Norte;-9.58757;-48.29072;5453;757;13.88;28;34.5;39.8;50.9;0.412;312.0
to;73458;TUPIRAMA;Tocantins;Norte;-8.97686;-48.18897;1851;340;18.37;8;26.5;42.2;54.4;0.393;134.0
to;73237;TUPIRATINS;Tocantins;Norte;-8.39516;-48.11538;1797;340;18.92;7;25.7;52.0;53.8;0.416;141.0
to;96652;WANDERLÂNDIA;Tocantins;Norte;-6.90356;-48.01427;7391;1404;19.0;30;25.7;44.8;51.1;0.389;546.0
to;96431;XAMBIOÁ;Tocantins;Norte;-6.41319;-48.52913;8639;1564;18.1;35;26.8;40.4;49.7;0.378;590.0
