uf;nome;ufnome;regiao;lat;lon;eleitores;abst_taxa;brancos_nulos;secoes;c1;c1p;c1v;c1pct;c2;c2p;c2v;c2pct;margem;votos_em_jogo;p21;pesc;pmas
ac;ACRELÂNDIA;Acre;Norte;-10.00163;-67.02437;10207;21.08;208;45;FLAVIO BOLSONARO;PL;5940;76,24;LULA;PT;1508;19,36;55.02;1508;29.9;52.3;50.1
ac;ASSIS BRASIL;Acre;Norte;-10.86239;-69.63198;7294;21.24;204;28;FLAVIO BOLSONARO;PL;3274;59,30;LULA;PT;2015;36,50;21.91;2015;33.4;62.9;50.7
ac;BRASILÉIA;Acre;Norte;-10.95728;-68.82494;19978;20.38;385;74;FLAVIO BOLSONARO;PL;10709;69,60;LULA;PT;3965;25,77;42.4;3965;32.3;45.9;48.8
ac;BUJARI;Acre;Norte;-9.77479;-68.00994;11152;22.37;251;41;FLAVIO BOLSONARO;PL;5531;66,57;LULA;PT;2394;28,82;36.24;2394;31.1;54.5;51.7
ac;CAPIXABA;Acre;Norte;-10.52934;-67.7336;8170;20.28;159;34;FLAVIO BOLSONARO;PL;4227;67,12;LULA;PT;1732;27,50;38.31;1732;32.4;54.3;51.7
ac;CRUZEIRO DO SUL;Acre;Norte;-7.6709;-72.6326;63851;19.37;1253;256;FLAVIO BOLSONARO;PL;34218;68,91;LULA;PT;12368;24,91;42.44;12368;33.9;37.3;48.2
ac;EPITACIOLÂNDIA;Acre;Norte;-11.00932;-68.71735;14599;19.84;319;54;FLAVIO BOLSONARO;PL;8129;72,05;LULA;PT;2656;23,54;46.77;2656;31.2;43.8;48.7
ac;FEIJÓ;Acre;Norte;-8.31503;-70.41827;24197;24.97;727;88;FLAVIO BOLSONARO;PL;9069;52,43;LULA;PT;7435;42,99;9.0;7435;35.9;54.9;50.6
ac;JORDÃO;Acre;Norte;-9.16787;-71.92412;5999;24.75;200;24;LULA;PT;2147;49,94;FLAVIO BOLSONARO;PL;1935;45,01;4.7;1935;40.4;59.5;53.6
ac;MANOEL URBANO;Acre;Norte;-8.85291;-69.29016;8602;21.91;236;31;FLAVIO BOLSONARO;PL;3823;59,44;LULA;PT;2415;37,55;20.96;2415;35.2;59.3;50.9
ac;MARECHAL THAUMATURGO;Acre;Norte;-9.0182;-72.70529;11897;21.39;226;47;FLAVIO BOLSONARO;PL;5369;59,14;LULA;PT;3365;37,07;21.43;3365;39.3;57.2;52.7
ac;MÂNCIO LIMA;Acre;Norte;-7.58206;-72.98022;14657;17.52;304;57;FLAVIO BOLSONARO;PL;7749;66,29;LULA;PT;3481;29,78;35.3;3481;34.5;42.9;49.7
ac;PLÁCIDO DE CASTRO;Acre;Norte;-10.27256;-67.23057;12291;19.2;299;54;FLAVIO BOLSONARO;PL;6580;68,77;LULA;PT;2473;25,85;41.36;2473;30.2;48.4;50.2
ac;PORTO ACRE;Acre;Norte;-9.67395;-67.62134;14284;18.73;357;60;FLAVIO BOLSONARO;PL;7926;71,23;LULA;PT;2658;23,89;45.38;2658;31.5;52.2;52.4
ac;PORTO WALTER;Acre;Norte;-8.34424;-72.7286;8032;18.82;175;34;LULA;PT;3208;50,95;FLAVIO BOLSONARO;PL;2780;44,16;6.56;2780;39.7;55.1;52.9
ac;RIO BRANCO;Acre;Norte;-9.9747;-67.82598;270174;20.21;5591;908;FLAVIO BOLSONARO;PL;131895;63,76;LULA;PT;56423;27,28;35.01;56423;30.1;28.8;46.1
ac;RODRIGUES ALVES;Acre;Norte;-7.7831;-72.73392;12185;16.14;218;55;FLAVIO BOLSONARO;PL;7154;72,04;LULA;PT;2355;23,71;46.97;2355;37.0;42.8;51.2
ac;SANTA ROSA DO PURUS;Acre;Norte;-9.35416;-70.38714;3927;26.56;130;16;LULA;PT;1384;50,47;FLAVIO BOLSONARO;PL;1258;45,88;4.37;1258;37.9;62.2;50.4
ac;SENA MADUREIRA;Acre;Norte;-9.12241;-68.67606;30864;20.1;765;120;FLAVIO BOLSONARO;PL;16640;70,38;LULA;PT;5787;24,48;44.01;5787;34.3;53.4;50.4
ac;SENADOR GUIOMARD;Acre;Norte;-10.10212;-67.64319;18638;18.63;430;81;FLAVIO BOLSONARO;PL;10111;69,46;LULA;PT;3536;24,29;43.35;3536;30.6;43.5;50.0
ac;TARAUACÁ;Acre;Norte;-8.17168;-70.87472;29970;24.58;872;110;FLAVIO BOLSONARO;PL;12435;57,82;LULA;PT;8099;37,66;19.18;8099;36.9;54.4;49.8
ac;XAPURI;Acre;Norte;-10.64293;-68.50602;12774;19.48;376;53;FLAVIO BOLSONARO;PL;6055;61,76;LULA;PT;3366;34,33;26.14;3366;32.0;52.5;50.4
al;ANADIA;Alagoas;Nordeste;-9.68228;-36.3046;13090;22.51;538;46;LULA;PT;6524;69,10;FLAVIO BOLSONARO;PL;2600;27,54;38.68;2600;26.9;56.3;47.1
al;ARAPIRACA;Alagoas;Nordeste;-9.75192;-36.65743;158990;17.68;4760;446;LULA;PT;60304;48,70;FLAVIO BOLSONARO;PL;56513;45,64;2.9;56513;28.5;46.3;44.6
al;ATALAIA;Alagoas;Nordeste;-9.5047;-36.03744;32403;21.43;1231;113;LULA;PT;14076;59,26;FLAVIO BOLSONARO;PL;8726;36,73;21.01;8726;29.1;55.2;48.1
al;BARRA DE SANTO ANTÔNIO;Alagoas;Nordeste;-9.40874;-35.50737;14944;22.0;530;41;LULA;PT;5771;52,93;FLAVIO BOLSONARO;PL;4637;42,53;9.73;4637;30.6;57.5;47.9
al;BARRA DE SÃO MIGUEL;Alagoas;Nordeste;-9.84082;-35.90254;8063;15.97;260;27;FLAVIO BOLSONARO;PL;3227;50,48;LULA;PT;2858;44,71;5.45;2858;28.7;45.9;47.5
al;BATALHA;Alagoas;Nordeste;-9.67254;-37.12712;13574;20.45;524;36;LULA;PT;6197;61,00;FLAVIO BOLSONARO;PL;3579;35,23;24.25;3579;30.5;53.5;47.0
al;BELO MONTE;Alagoas;Nordeste;-9.82708;-37.2775;6030;19.25;210;16;LULA;PT;3116;67,64;FLAVIO BOLSONARO;PL;1314;28,52;37.01;1314;31.2;62.8;49.1
al;BELÉM;Alagoas;Nordeste;-9.57329;-36.48908;5054;23.19;220;20;LULA;PT;2501;69,55;FLAVIO BOLSONARO;PL;956;26,59;39.8;956;26.3;59.6;48.3
al;BOCA DA MATA;Alagoas;Nordeste;-9.64529;-36.21332;19738;24.01;658;59;LULA;PT;7804;55,47;FLAVIO BOLSONARO;PL;5779;41,07;13.5;5779;27.5;47.0;48.0
al;BRANQUINHA;Alagoas;Nordeste;-9.25661;-35.99459;9119;26.58;400;26;LULA;PT;4114;66,45;FLAVIO BOLSONARO;PL;1877;30,32;33.41;1877;30.1;65.8;48.4
al;CACIMBINHAS;Alagoas;Nordeste;-9.40071;-36.98873;8774;27.31;392;24;LULA;PT;4073;68,87;FLAVIO BOLSONARO;PL;1698;28,71;37.24;1698;27.7;63.1;46.5
al;CAJUEIRO;Alagoas;Nordeste;-9.39634;-36.15449;14474;24.17;651;42;LULA;PT;6630;65,19;FLAVIO BOLSONARO;PL;3135;30,83;31.85;3135;28.8;58.3;47.2
al;CAMPESTRE;Alagoas;Nordeste;-8.85223;-35.56845;6077;24.54;257;17;LULA;PT;2798;65,96;FLAVIO BOLSONARO;PL;1276;30,08;33.19;1276;32.8;54.7;47.9
al;CAMPO ALEGRE;Alagoas;Nordeste;-9.82547;-36.29987;27042;24.89;985;78;LULA;PT;11781;61,87;FLAVIO BOLSONARO;PL;6532;34,30;25.84;6532;31.1;54.4;47.4
al;CAMPO GRANDE;Alagoas;Nordeste;-9.95958;-36.78968;9154;22.2;382;26;LULA;PT;4622;69,88;FLAVIO BOLSONARO;PL;1720;26,01;40.75;1720;30.1;66.6;49.1
al;CANAPI;Alagoas;Nordeste;-9.12236;-37.59587;14793;25.17;567;53;LULA;PT;8006;77,13;FLAVIO BOLSONARO;PL;2051;19,76;53.8;2051;30.6;62.8;48.7
al;CAPELA;Alagoas;Nordeste;-9.4116;-36.07883;12900;20.06;539;46;LULA;PT;5533;57,55;FLAVIO BOLSONARO;PL;3700;38,49;17.78;3700;28.6;48.8;47.4
al;CARNEIROS;Alagoas;Nordeste;-9.48426;-37.37779;7751;23.39;306;23;LULA;PT;4217;75,79;FLAVIO BOLSONARO;PL;1143;20,54;51.77;1143;32.9;60.6;46.9
al;CHÃ PRETA;Alagoas;Nordeste;-9.25766;-36.2985;6923;20.8;342;23;LULA;PT;3457;67,98;FLAVIO BOLSONARO;PL;1422;27,96;37.11;1422;29.6;53.8;49.5
al;COITÉ DO NÓIA;Alagoas;Nordeste;-9.63459;-36.58005;9481;20.67;396;30;LULA;PT;4983;70,93;FLAVIO BOLSONARO;PL;1712;24,37;43.49;1712;29.1;65.1;49.0
al;COLÔNIA LEOPOLDINA;Alagoas;Nordeste;-8.91246;-35.71884;15416;24.6;595;55;LULA;PT;5409;49,98;FLAVIO BOLSONARO;PL;5068;46,83;2.93;5068;30.8;60.5;48.9
al;COQUEIRO SECO;Alagoas;Nordeste;-9.64018;-35.79811;5554;16.4;211;17;LULA;PT;2300;52,92;FLAVIO BOLSONARO;PL;1798;41,37;10.81;1798;27.9;51.3;49.0
al;CORURIPE;Alagoas;Nordeste;-10.13768;-36.20922;41885;21.96;1561;122;FLAVIO BOLSONARO;PL;15184;49,98;LULA;PT;13895;45,74;3.94;13895;29.4;46.5;47.3
al;CRAÍBAS;Alagoas;Nordeste;-9.63561;-36.77271;21887;20.31;773;59;LULA;PT;11551;70,46;FLAVIO BOLSONARO;PL;4159;25,37;42.38;4159;30.0;62.9;48.3
al;DELMIRO GOUVEIA;Alagoas;Nordeste;-9.38176;-38.0361;41407;22.47;1292;151;LULA;PT;23510;77,29;FLAVIO BOLSONARO;PL;5750;18,90;55.32;5750;28.7;54.9;47.0
al;DOIS RIACHOS;Alagoas;Nordeste;-9.38709;-37.09214;9497;28.63;396;27;LULA;PT;4352;68,85;FLAVIO BOLSONARO;PL;1799;28,46;37.67;1799;31.1;66.5;49.1
al;ESTRELA DE ALAGOAS;Alagoas;Nordeste;-9.40025;-36.75708;13040;27.18;627;41;LULA;PT;6859;78,51;FLAVIO BOLSONARO;PL;1613;18,46;55.24;1613;24.9;63.3;47.7
al;FEIRA GRANDE;Alagoas;Nordeste;-9.89219;-36.67519;19459;19.48;796;53;LULA;PT;10417;71,24;FLAVIO BOLSONARO;PL;3614;24,71;43.42;3614;29.9;58.9;47.3
al;FELIZ DESERTO;Alagoas;Nordeste;-10.29314;-36.30579;3975;24.43;179;11;LULA;PT;1653;59,76;FLAVIO BOLSONARO;PL;1030;37,24;20.74;1030;30.2;55.5;48.3
al;FLEXEIRAS;Alagoas;Nordeste;-9.27673;-35.72336;8538;21.97;391;26;FLAVIO BOLSONARO;PL;2989;48,57;LULA;PT;2943;47,82;0.69;2943;29.1;57.3;48.3
al;GIRAU DO PONCIANO;Alagoas;Nordeste;-9.84667;-36.81332;28504;22.51;1074;76;LULA;PT;15661;75,70;FLAVIO BOLSONARO;PL;4370;21,12;51.12;4370;30.6;58.8;47.7
al;IBATEGUARA;Alagoas;Nordeste;-8.97292;-35.9301;11536;24.2;519;33;LULA;PT;4702;58,50;FLAVIO BOLSONARO;PL;3064;38,12;18.73;3064;30.9;63.0;48.6
al;IGACI;Alagoas;Nordeste;-9.53491;-36.63257;20525;25.49;869;82;LULA;PT;10470;73,74;FLAVIO BOLSONARO;PL;3134;22,07;47.97;3134;26.5;61.2;47.5
al;IGREJA NOVA;Alagoas;Nordeste;-10.14141;-36.61492;17729;21.51;713;55;LULA;PT;8952;69,28;FLAVIO BOLSONARO;PL;3533;27,34;38.94;3533;28.0;60.4;49.2
al;INHAPI;Alagoas;Nordeste;-9.21532;-37.74101;14561;26.92;554;43;LULA;PT;7926;79,95;FLAVIO BOLSONARO;PL;1691;17,06;58.59;1691;30.6;65.5;46.9
al;JACARÉ DOS HOMENS;Alagoas;Nordeste;-9.63369;-37.20574;5258;20.31;147;14;LULA;PT;3067;76,77;FLAVIO BOLSONARO;PL;809;20,25;53.89;809;30.3;57.9;48.8
al;JACUÍPE;Alagoas;Nordeste;-8.8443;-35.4609;6044;17.6;196;17;LULA;PT;3113;66,11;FLAVIO BOLSONARO;PL;1434;30,45;33.71;1434;31.6;54.5;49.9
al;JAPARATINGA;Alagoas;Nordeste;-9.10035;-35.26668;9190;19.56;355;27;FLAVIO BOLSONARO;PL;3709;53,55;LULA;PT;2992;43,20;9.7;2992;31.4;52.7;48.5
al;JARAMATAIA;Alagoas;Nordeste;-9.65956;-37.00199;5223;17.14;221;16;LULA;PT;2962;72,88;FLAVIO BOLSONARO;PL;994;24,46;45.47;994;28.6;62.6;48.8
al;JEQUIÁ DA PRAIA;Alagoas;Nordeste;-10.01091;-36.02477;8245;19.73;282;24;LULA;PT;3053;48,89;FLAVIO BOLSONARO;PL;2915;46,68;2.09;2915;28.8;52.7;50.3
al;JOAQUIM GOMES;Alagoas;Nordeste;-9.13404;-35.75131;15470;22.12;757;53;LULA;PT;7394;66,33;FLAVIO BOLSONARO;PL;3430;30,77;32.9;3430;30.6;57.8;49.1
al;JUNDIÁ;Alagoas;Nordeste;-8.94161;-35.55396;4851;21.36;218;14;LULA;PT;2027;56,92;FLAVIO BOLSONARO;PL;1399;39,29;16.46;1399;31.6;56.0;50.1
al;JUNQUEIRO;Alagoas;Nordeste;-9.89436;-36.46739;20177;21.74;805;63;LULA;PT;8286;56,43;FLAVIO BOLSONARO;PL;5637;38,39;16.78;5637;28.0;56.1;48.1
al;LAGOA DA CANOA;Alagoas;Nordeste;-9.81806;-36.73588;17008;21.41;680;46;LULA;PT;8122;65,22;FLAVIO BOLSONARO;PL;3911;31,41;31.5;3911;31.0;58.0;48.1
al;LIMOEIRO DE ANADIA;Alagoas;Nordeste;-9.74812;-36.51599;20414;20.54;869;64;LULA;PT;10464;69,10;FLAVIO BOLSONARO;PL;4249;28,06;38.31;4249;31.0;65.0;47.3
al;MACEIÓ;Alagoas;Nordeste;-9.61394;-35.7399;646463;18.7;19221;1661;FLAVIO BOLSONARO;PL;259789;52,36;LULA;PT;203850;41,09;10.64;203850;27.2;33.4;44.3
al;MAJOR ISIDORO;Alagoas;Nordeste;-9.54391;-37.00996;15675;21.98;705;46;LULA;PT;7056;62,04;FLAVIO BOLSONARO;PL;4009;35,25;24.91;4009;28.1;60.9;47.7
al;MAR VERMELHO;Alagoas;Nordeste;-9.44749;-36.38867;3653;15.96;160;11;LULA;PT;1933;67,42;FLAVIO BOLSONARO;PL;811;28,29;36.55;811;26.1;51.0;48.4
al;MARAGOGI;Alagoas;Nordeste;-9.0042;-35.21576;26019;22.1;844;69;FLAVIO BOLSONARO;PL;10898;57,34;LULA;PT;7431;39,10;17.11;7431;32.0;52.3;48.2
al;MARAVILHA;Alagoas;Nordeste;-9.24845;-37.36671;8963;25.36;416;26;LULA;PT;4409;71,55;FLAVIO BOLSONARO;PL;1473;23,90;43.89;1473;28.4;58.5;49.0
al;MARECHAL DEODORO;Alagoas;Nordeste;-9.72978;-35.87394;47095;18.22;1623;142;FLAVIO BOLSONARO;PL;19001;52,60;LULA;PT;15178;42,02;9.93;15178;29.2;45.6;46.7
al;MARIBONDO;Alagoas;Nordeste;-9.57183;-36.31068;11142;17.68;524;37;LULA;PT;5141;60,29;FLAVIO BOLSONARO;PL;3067;35,97;22.61;3067;26.5;54.0;46.0
al;MATA GRANDE;Alagoas;Nordeste;-9.12265;-37.74938;18418;25.97;740;63;LULA;PT;10073;79,17;FLAVIO BOLSONARO;PL;2337;18,37;56.74;2337;29.9;63.7;48.8
al;MATRIZ DE CAMARAGIBE;Alagoas;Nordeste;-9.15208;-35.52833;18656;21.8;677;53;FLAVIO BOLSONARO;PL;7489;54,94;LULA;PT;5701;41,82;12.26;5701;30.8;56.0;47.5
al;MESSIAS;Alagoas;Nordeste;-9.3878;-35.83965;14073;19.61;537;39;LULA;PT;5892;55,77;FLAVIO BOLSONARO;PL;4282;40,53;14.23;4282;30.0;57.5;47.4
al;MINADOR DO NEGRÃO;Alagoas;Nordeste;-9.31103;-36.86803;5111;22.83;275;18;LULA;PT;2356;65,14;FLAVIO BOLSONARO;PL;1106;30,58;31.69;1106;27.7;60.6;48.4
al;MONTEIRÓPOLIS;Alagoas;Nordeste;-9.60066;-37.24742;6417;21.65;275;19;LULA;PT;3332;71,11;FLAVIO BOLSONARO;PL;1141;24,35;43.58;1141;29.7;62.6;47.5
al;MURICI;Alagoas;Nordeste;-9.31148;-35.94106;20644;19.54;1036;63;LULA;PT;8996;59,41;FLAVIO BOLSONARO;PL;5628;37,17;20.28;5628;30.5;58.5;47.1
al;NOVO LINO;Alagoas;Nordeste;-8.94256;-35.66227;10016;22.07;388;30;FLAVIO BOLSONARO;PL;3612;49,49;LULA;PT;3432;47,03;2.31;3432;30.6;60.3;49.2
al;OLHO D'ÁGUA DAS FLORES;Alagoas;Nordeste;-9.53233;-37.29435;16240;22.2;602;47;LULA;PT;6905;58,04;FLAVIO BOLSONARO;PL;4518;37,98;18.89;4518;29.4;58.1;46.4
al;OLHO D'ÁGUA DO CASADO;Alagoas;Nordeste;-9.50086;-37.83182;7631;26.12;284;21;LULA;PT;4368;82,43;FLAVIO BOLSONARO;PL;752;14,19;64.14;752;31.5;67.0;49.1
al;OLHO D'ÁGUA GRANDE;Alagoas;Nordeste;-10.05582;-36.81303;5133;22.44;201;15;LULA;PT;2711;72,74;FLAVIO BOLSONARO;PL;889;23,85;45.77;889;31.5;65.1;50.6
al;OLIVENÇA;Alagoas;Nordeste;-9.51068;-37.19608;10337;18.07;471;38;LULA;PT;5213;65,85;FLAVIO BOLSONARO;PL;2379;30,05;33.46;2379;32.1;66.0;49.0
al;OURO BRANCO;Alagoas;Nordeste;-9.15989;-37.35917;10029;22.69;353;27;LULA;PT;5183;70,72;FLAVIO BOLSONARO;PL;1771;24,16;44.01;1771;29.8;57.5;48.6
al;PALESTINA;Alagoas;Nordeste;-9.67231;-37.32998;4992;25.44;152;14;LULA;PT;2636;74,93;FLAVIO BOLSONARO;PL;737;20,95;51.02;737;32.5;51.3;47.3
al;PALMEIRA DOS ÍNDIOS;Alagoas;Nordeste;-9.41517;-36.63089;54544;21.08;2036;170;LULA;PT;23887;59,39;FLAVIO BOLSONARO;PL;14385;35,76;22.07;14385;26.3;49.0;45.9
al;PARICONHA;Alagoas;Nordeste;-9.25768;-38.00484;9772;22.85;317;29;LULA;PT;6310;88,12;FLAVIO BOLSONARO;PL;658;9,19;74.97;658;31.2;57.3;49.0
al;PARIPUEIRA;Alagoas;Nordeste;-9.46748;-35.5539;12721;19.76;391;33;FLAVIO BOLSONARO;PL;4999;52,05;LULA;PT;4101;42,70;8.8;4101;30.4;50.4;48.7
al;PASSO DE CAMARAGIBE;Alagoas;Nordeste;-9.25822;-35.4679;12513;18.05;434;38;LULA;PT;5161;53,64;FLAVIO BOLSONARO;PL;4176;43,40;9.61;4176;30.3;54.6;49.2
al;PAULO JACINTO;Alagoas;Nordeste;-9.36782;-36.37332;6620;17.43;302;26;LULA;PT;3368;66,42;FLAVIO BOLSONARO;PL;1472;29,03;34.69;1472;28.6;50.7;48.5
al;PENEDO;Alagoas;Nordeste;-10.27821;-36.55539;44742;22.85;1287;138;LULA;PT;18884;57,94;FLAVIO BOLSONARO;PL;12036;36,93;19.84;12036;27.2;44.0;45.8
al;PIAÇABUÇU;Alagoas;Nordeste;-10.40022;-36.41232;13930;21.48;470;44;LULA;PT;6409;62,20;FLAVIO BOLSONARO;PL;3508;34,05;26.52;3508;29.0;54.4;47.5
al;PILAR;Alagoas;Nordeste;-9.59774;-35.9582;29494;18.88;1044;84;LULA;PT;11359;50,75;FLAVIO BOLSONARO;PL;10026;44,80;5.57;10026;28.3;47.4;46.0
al;PINDOBA;Alagoas;Nordeste;-9.47582;-36.28707;2895;16.86;117;8;LULA;PT;1393;61,20;FLAVIO BOLSONARO;PL;827;36,34;23.51;827;29.6;52.5;48.2
al;PIRANHAS;Alagoas;Nordeste;-9.57117;-37.72593;20101;23.8;758;56;LULA;PT;11382;78,82;FLAVIO BOLSONARO;PL;2561;17,74;57.59;2561;32.9;55.5;46.9
al;PORTO CALVO;Alagoas;Nordeste;-9.05454;-35.39835;21598;20.28;785;69;FLAVIO BOLSONARO;PL;8667;53,73;LULA;PT;6941;43,03;10.02;6941;31.4;51.3;48.0
al;PORTO DE PEDRAS;Alagoas;Nordeste;-9.17192;-35.30569;8457;18.59;272;23;FLAVIO BOLSONARO;PL;3285;50,59;LULA;PT;2989;46,03;4.3;2989;28.8;52.3;48.7
al;PORTO REAL DO COLÉGIO;Alagoas;Nordeste;-10.16084;-36.78297;17563;19.55;580;53;LULA;PT;9542;71,96;FLAVIO BOLSONARO;PL;3236;24,40;44.63;3236;29.7;58.4;47.9
al;POÇO DAS TRINCHEIRAS;Alagoas;Nordeste;-9.30036;-37.29105;11257;21.52;512;34;LULA;PT;6344;77,58;FLAVIO BOLSONARO;PL;1471;17,99;55.16;1471;29.7;62.3;49.8
al;PÃO DE AÇÚCAR;Alagoas;Nordeste;-9.72368;-37.41682;18843;23.23;623;64;LULA;PT;9813;71,84;FLAVIO BOLSONARO;PL;3331;24,39;44.81;3331;28.9;48.8;48.3
al;QUEBRANGULO;Alagoas;Nordeste;-9.31891;-36.4761;10425;20.61;418;37;LULA;PT;5305;68,24;FLAVIO BOLSONARO;PL;2236;28,76;37.08;2236;28.1;53.6;48.1
al;RIO LARGO;Alagoas;Nordeste;-9.49641;-35.83257;68061;15.77;2188;205;LULA;PT;26017;48,40;FLAVIO BOLSONARO;PL;24885;46,30;1.97;24885;29.3;45.7;46.2
al;ROTEIRO;Alagoas;Nordeste;-9.83376;-35.98027;5776;22.09;211;17;LULA;PT;2463;58,36;FLAVIO BOLSONARO;PL;1615;38,27;18.84;1615;33.0;62.8;50.3
al;SANTA LUZIA DO NORTE;Alagoas;Nordeste;-9.60304;-35.82243;6471;16.94;217;18;LULA;PT;2912;57,35;FLAVIO BOLSONARO;PL;1928;37,97;18.31;1928;30.6;48.4;47.2
al;SANTANA DO IPANEMA;Alagoas;Nordeste;-9.37088;-37.23575;33109;20.02;1235;115;LULA;PT;16402;66,00;FLAVIO BOLSONARO;PL;7218;29,04;34.68;7218;30.0;56.1;46.4
al;SANTANA DO MUNDAÚ;Alagoas;Nordeste;-9.17773;-36.21899;9415;23.49;321;28;LULA;PT;4749;70,12;FLAVIO BOLSONARO;PL;1753;25,88;41.59;1753;29.5;56.3;48.9
al;SATUBA;Alagoas;Nordeste;-9.56671;-35.81942;15433;14.81;395;41;FLAVIO BOLSONARO;PL;6429;51,33;LULA;PT;5435;43,40;7.56;5435;27.8;39.0;46.7
al;SENADOR RUI PALMEIRA;Alagoas;Nordeste;-9.46169;-37.45483;9681;23.03;404;30;LULA;PT;5297;75,94;FLAVIO BOLSONARO;PL;1415;20,29;52.1;1415;32.2;66.2;47.6
al;SÃO BRÁS;Alagoas;Nordeste;-10.11693;-36.87958;7353;20.45;191;23;LULA;PT;3881;70,13;FLAVIO BOLSONARO;PL;1467;26,51;41.27;1467;29.4;54.4;49.0
al;SÃO JOSÉ DA LAJE;Alagoas;Nordeste;-9.00672;-36.05803;17824;23.79;704;50;LULA;PT;7218;57,32;FLAVIO BOLSONARO;PL;4848;38,50;17.45;4848;30.6;54.9;48.0
al;SÃO JOSÉ DA TAPERA;Alagoas;Nordeste;-9.55599;-37.40076;23495;25.8;880;64;LULA;PT;11832;72,52;FLAVIO BOLSONARO;PL;3713;22,76;46.57;3713;33.3;58.7;47.5
al;SÃO LUÍS DO QUITUNDE;Alagoas;Nordeste;-9.31633;-35.56299;23573;23.06;947;71;FLAVIO BOLSONARO;PL;8292;49,26;LULA;PT;7992;47,48;1.65;7992;31.8;60.6;48.7
al;SÃO MIGUEL DOS CAMPOS;Alagoas;Nordeste;-9.786;-36.09958;43051;20.94;1493;137;FLAVIO BOLSONARO;PL;15362;48,22;LULA;PT;14939;46,89;1.24;14939;28.5;47.8;46.8
al;SÃO MIGUEL DOS MILAGRES;Alagoas;Nordeste;-9.25045;-35.36055;8255;19.84;301;22;FLAVIO BOLSONARO;PL;3235;52,16;LULA;PT;2743;44,23;7.44;2743;28.6;50.3;47.4
al;SÃO SEBASTIÃO;Alagoas;Nordeste;-9.94164;-36.55556;27082;21.03;1015;74;LULA;PT;13514;67,59;FLAVIO BOLSONARO;PL;5637;28,19;36.83;5637;30.2;61.7;47.4
al;TANQUE D'ARCA;Alagoas;Nordeste;-9.53423;-36.43165;6000;24.32;265;19;LULA;PT;3097;73,46;FLAVIO BOLSONARO;PL;982;23,29;46.58;982;26.8;57.7;48.1
al;TAQUARANA;Alagoas;Nordeste;-9.64622;-36.49064;15528;20.78;714;54;LULA;PT;8217;72,03;FLAVIO BOLSONARO;PL;2862;25,09;43.53;2862;27.3;56.7;46.5
al;TEOTÔNIO VILELA;Alagoas;Nordeste;-9.91255;-36.36493;31106;26.72;1158;89;LULA;PT;12294;57,94;FLAVIO BOLSONARO;PL;7879;37,13;19.37;7879;30.4;51.5;46.1
al;TRAIPU;Alagoas;Nordeste;-9.96587;-37.00057;19176;23.23;966;72;LULA;PT;10086;74,23;FLAVIO BOLSONARO;PL;3046;22,42;47.82;3046;30.0;62.9;49.5
al;UNIÃO DOS PALMARES;Alagoas;Nordeste;-9.15789;-36.02751;48373;22.06;1776;140;LULA;PT;20994;59,34;FLAVIO BOLSONARO;PL;12989;36,71;21.23;12989;29.1;51.5;46.5
al;VIÇOSA;Alagoas;Nordeste;-9.37563;-36.24235;20902;20.62;822;60;LULA;PT;9372;60,42;FLAVIO BOLSONARO;PL;5490;35,39;23.4;5490;28.1;50.2;46.8
al;ÁGUA BRANCA;Alagoas;Nordeste;-9.26432;-37.93623;16513;28.4;599;46;LULA;PT;9576;86,22;FLAVIO BOLSONARO;PL;1230;11,08;70.59;1230;29.7;60.6;48.3
ap;AMAPÁ;Amapá;Norte;2.01863;-50.78449;7523;16.76;94;27;LULA;PT;3379;55,27;FLAVIO BOLSONARO;PL;2277;37,24;17.6;2277;32.7;40.0;51.6
ap;CALÇOENE;Amapá;Norte;2.47264;-51.11063;8907;21.31;89;30;LULA;PT;3476;50,60;FLAVIO BOLSONARO;PL;2832;41,23;9.19;2832;30.6;48.5;53.2
ap;CUTIAS;Amapá;Norte;0.95523;-50.77381;6300;17.6;65;23;LULA;PT;2645;51,94;FLAVIO BOLSONARO;PL;2125;41,73;10.02;2125;38.3;40.7;53.3
ap;FERREIRA GOMES;Amapá;Norte;0.85607;-51.18529;7861;20.37;103;26;FLAVIO BOLSONARO;PL;2889;47,23;LULA;PT;2788;45,58;1.61;2788;35.0;34.9;51.5
ap;ITAUBAL;Amapá;Norte;0.557;-50.69853;8881;17.19;81;31;LULA;PT;3646;50,44;FLAVIO BOLSONARO;PL;3107;42,99;7.33;3107;37.3;42.9;53.3
ap;LARANJAL DO JARI;Amapá;Norte;-0.82242;-52.49907;28170;25.04;380;106;LULA;PT;10748;52,29;FLAVIO BOLSONARO;PL;8386;40,80;11.19;8386;32.6;40.7;50.9
ap;MACAPÁ;Amapá;Norte;0.07613;-51.04408;321597;15.88;4024;1027;FLAVIO BOLSONARO;PL;124378;47,16;LULA;PT;114179;43,30;3.77;114179;31.9;26.6;47.1
ap;MAZAGÃO;Amapá;Norte;-0.21219;-51.43701;22212;14.51;249;90;LULA;PT;11092;59,46;FLAVIO BOLSONARO;PL;6402;34,32;24.7;6402;36.0;47.9;51.4
ap;OIAPOQUE;Amapá;Norte;3.7552;-51.75323;24220;27.68;371;91;LULA;PT;9792;57,80;FLAVIO BOLSONARO;PL;6109;36,06;21.03;6109;31.9;50.2;49.4
ap;PEDRA BRANCA DO AMAPARI;Amapá;Norte;0.83519;-52.04483;9909;28.16;110;31;LULA;PT;3492;50,24;FLAVIO BOLSONARO;PL;3026;43,53;6.55;3026;35.4;40.6;52.8
ap;PORTO GRANDE;Amapá;Norte;0.67978;-51.45844;15533;20.57;235;45;LULA;PT;5770;48,03;FLAVIO BOLSONARO;PL;5300;44,12;3.81;5300;31.4;42.4;51.0
ap;PRACUÚBA;Amapá;Norte;1.73428;-50.88636;4022;17.63;35;16;LULA;PT;1612;49,37;FLAVIO BOLSONARO;PL;1469;44,99;4.32;1469;34.1;45.8;53.4
ap;SANTANA;Amapá;Norte;-0.03224;-51.17965;85900;14.81;1105;274;FLAVIO BOLSONARO;PL;35791;50,11;LULA;PT;29279;40,99;8.9;29279;33.7;31.7;48.7
ap;TARTARUGALZINHO;Amapá;Norte;1.41218;-50.87241;11437;18.91;170;44;LULA;PT;4727;52,30;FLAVIO BOLSONARO;PL;3826;42,33;9.72;3826;33.6;49.1;52.1
ap;VITÓRIA DO JARI;Amapá;Norte;-0.9398;-52.34465;10405;22.43;130;41;LULA;PT;4824;61,04;FLAVIO BOLSONARO;PL;2668;33,76;26.71;2668;34.9;47.8;52.0
am;ALVARÃES;Amazonas;Norte;-3.23146;-64.80758;12444;20.93;117;34;LULA;PT;6537;67,39;FLAVIO BOLSONARO;PL;2691;27,74;39.09;2691;39.9;47.8;51.4
am;AMATURÁ;Amazonas;Norte;-3.37663;-68.22954;7522;15.33;102;23;LULA;PT;4735;75,74;FLAVIO BOLSONARO;PL;1348;21,56;53.18;1348;36.5;42.5;51.2
am;ANAMÃ;Amazonas;Norte;-3.57775;-61.40566;9177;25.07;106;25;LULA;PT;4272;63,44;FLAVIO BOLSONARO;PL;2182;32,40;30.4;2182;37.1;39.3;52.2
am;ANORI;Amazonas;Norte;-3.76907;-61.65943;11109;21.37;106;31;LULA;PT;4628;53,96;FLAVIO BOLSONARO;PL;3499;40,80;12.93;3499;33.6;43.7;50.2
am;APUÍ;Amazonas;Norte;-7.19354;-59.82315;11540;26.78;105;32;FLAVIO BOLSONARO;PL;5895;70,97;LULA;PT;2042;24,58;45.6;2042;30.0;52.9;51.9
am;ATALAIA DO NORTE;Amazonas;Norte;-4.87136;-70.86358;9508;26.75;126;32;LULA;PT;4854;71,23;FLAVIO BOLSONARO;PL;1732;25,41;44.82;1732;39.8;55.7;50.7
am;AUTAZES;Amazonas;Norte;-3.58457;-59.22012;32340;25.58;530;103;LULA;PT;13259;56,69;FLAVIO BOLSONARO;PL;9013;38,54;17.64;9013;33.9;45.7;50.6
am;BARCELOS;Amazonas;Norte;-0.83171;-62.87436;12648;36.7;201;36;LULA;PT;4187;53,88;FLAVIO BOLSONARO;PL;3161;40,68;12.82;3161;36.5;48.7;51.0
am;BARREIRINHA;Amazonas;Norte;-2.91921;-57.11154;22727;18.89;258;68;LULA;PT;15878;87,70;FLAVIO BOLSONARO;PL;1612;8,90;77.39;1612;37.6;39.0;51.0
am;BENJAMIN CONSTANT;Amazonas;Norte;-4.37107;-69.93033;24218;17.06;313;76;LULA;PT;15294;77,68;FLAVIO BOLSONARO;PL;3717;18,88;57.63;3717;36.0;35.9;49.0
am;BERURI;Amazonas;Norte;-4.05556;-61.54356;15139;23.72;149;44;LULA;PT;6883;60,64;FLAVIO BOLSONARO;PL;4072;35,88;24.34;4072;39.4;47.7;51.2
am;BOA VISTA DO RAMOS;Amazonas;Norte;-3.0043;-57.62421;13666;22.24;127;43;LULA;PT;8778;83,84;FLAVIO BOLSONARO;PL;1339;12,79;70.01;1339;37.2;38.8;53.1
am;BOCA DO ACRE;Amazonas;Norte;-8.77158;-67.4143;23223;24.24;402;68;FLAVIO BOLSONARO;PL;9804;57,47;LULA;PT;6531;38,29;18.6;6531;33.6;49.8;50.8
am;BORBA;Amazonas;Norte;-4.30536;-59.50075;24462;22.3;337;76;LULA;PT;13307;71,59;FLAVIO BOLSONARO;PL;4560;24,53;46.02;4560;36.1;41.7;50.9
am;CAAPIRANGA;Amazonas;Norte;-3.32877;-61.20232;9486;25.5;127;26;LULA;PT;4291;62,13;FLAVIO BOLSONARO;PL;2313;33,49;27.99;2313;36.3;41.9;51.5
am;CANUTAMA;Amazonas;Norte;-7.1361;-64.277;10740;26.15;163;34;FLAVIO BOLSONARO;PL;3655;47,30;LULA;PT;3653;47,27;0.03;3653;32.0;58.3;52.7
am;CARAUARI;Amazonas;Norte;-4.92943;-66.95328;20927;28.71;348;76;LULA;PT;9690;67,03;FLAVIO BOLSONARO;PL;3935;27,22;38.58;3935;37.2;44.7;50.6
am;CAREIRO;Amazonas;Norte;-3.63968;-60.16237;27452;26.36;539;97;LULA;PT;11262;57,68;FLAVIO BOLSONARO;PL;7072;36,22;20.73;7072;29.3;48.1;51.3
am;CAREIRO DA VÁRZEA;Amazonas;Norte;-3.24143;-59.72186;18436;23.8;216;63;LULA;PT;7982;58,10;FLAVIO BOLSONARO;PL;5092;37,06;20.57;5092;30.3;49.3;50.7
am;COARI;Amazonas;Norte;-4.05931;-63.17259;51479;25.91;594;161;LULA;PT;21874;58,53;FLAVIO BOLSONARO;PL;14023;37,52;20.58;14023;35.7;43.4;49.7
am;CODAJÁS;Amazonas;Norte;-3.81314;-62.14129;17092;22.99;248;54;LULA;PT;7344;57,07;FLAVIO BOLSONARO;PL;4984;38,73;17.93;4984;34.5;46.5;50.4
am;EIRUNEPÉ;Amazonas;Norte;-6.66121;-69.86897;22838;31.72;468;65;LULA;PT;8665;57,99;FLAVIO BOLSONARO;PL;5334;35,70;21.36;5334;35.6;50.6;49.7
am;ENVIRA;Amazonas;Norte;-7.43678;-70.02511;10870;27.87;274;35;LULA;PT;4354;57,95;FLAVIO BOLSONARO;PL;2465;32,81;24.09;2465;36.0;57.3;50.1
am;FONTE BOA;Amazonas;Norte;-2.47236;-66.13253;17120;23.7;222;54;LULA;PT;9303;72,69;FLAVIO BOLSONARO;PL;3063;23,93;47.77;3063;35.9;46.0;51.3
am;GUAJARÁ;Amazonas;Norte;-7.49383;-72.58008;12171;24.39;240;38;FLAVIO BOLSONARO;PL;5489;61,72;LULA;PT;3049;34,28;26.52;3049;37.7;50.6;50.5
am;HUMAITÁ;Amazonas;Norte;-7.35865;-62.91552;34907;21.34;427;106;FLAVIO BOLSONARO;PL;14741;54,92;LULA;PT;10608;39,52;15.05;10608;34.8;43.4;50.3
am;IPIXUNA;Amazonas;Norte;-7.0577;-71.5995;11575;26.95;228;36;LULA;PT;4479;55,06;FLAVIO BOLSONARO;PL;3302;40,59;13.92;3302;38.8;57.5;51.1
am;IRANDUBA;Amazonas;Norte;-3.21503;-60.18443;45948;17.84;617;205;LULA;PT;18677;50,78;FLAVIO BOLSONARO;PL;15886;43,20;7.39;15886;31.6;38.4;49.5
am;ITACOATIARA;Amazonas;Norte;-3.16646;-58.5586;76067;23.25;801;248;LULA;PT;33740;59,03;FLAVIO BOLSONARO;PL;20163;35,28;23.25;20163;32.7;35.8;50.1
am;ITAMARATI;Amazonas;Norte;-6.4262;-68.24668;7343;24.7;127;25;LULA;PT;3274;60,91;FLAVIO BOLSONARO;PL;1863;34,66;25.52;1863;39.0;58.9;52.1
am;ITAPIRANGA;Amazonas;Norte;-2.69403;-58.10347;9689;22.92;95;30;LULA;PT;3895;53,09;FLAVIO BOLSONARO;PL;3096;42,20;10.7;3096;34.2;34.3;50.9
am;JAPURÁ;Amazonas;Norte;-1.80048;-67.27218;5709;31.41;54;17;FLAVIO BOLSONARO;PL;1856;48,31;LULA;PT;1775;46,20;2.07;1775;40.5;44.7;52.7
am;JURUÁ;Amazonas;Norte;-3.22018;-65.94742;7620;26.3;167;28;LULA;PT;2919;53,97;FLAVIO BOLSONARO;PL;2202;40,71;12.77;2202;38.4;53.5;51.0
am;JUTAÍ;Amazonas;Norte;-2.75975;-66.78206;15903;30.93;280;43;LULA;PT;6095;57,17;FLAVIO BOLSONARO;PL;4178;39,19;17.45;4178;38.3;51.0;49.5
am;LÁBREA;Amazonas;Norte;-7.44059;-65.01965;29351;23.47;335;91;LULA;PT;12464;56,64;FLAVIO BOLSONARO;PL;8489;38,57;17.7;8489;35.5;51.2;49.9
am;MANACAPURU;Amazonas;Norte;-3.32184;-60.67058;81115;21.0;1062;234;LULA;PT;32183;51,44;FLAVIO BOLSONARO;PL;27295;43,63;7.63;27295;33.8;39.6;49.5
am;MANAQUIRI;Amazonas;Norte;-3.44346;-60.43608;15304;23.33;270;46;LULA;PT;7301;64,07;FLAVIO BOLSONARO;PL;3563;31,27;31.86;3563;32.4;43.5;51.2
am;MANAUS;Amazonas;Norte;-3.06562;-59.99254;1477265;17.2;22222;4013;FLAVIO BOLSONARO;PL;641864;54,28;LULA;PT;439027;37,13;16.58;439027;31.2;21.7;47.0
am;MANICORÉ;Amazonas;Norte;-6.13796;-61.40311;33789;20.57;387;107;LULA;PT;15214;57,79;FLAVIO BOLSONARO;PL;10039;38,13;19.28;10039;35.7;44.6;51.3
am;MARAÃ;Amazonas;Norte;-2.22679;-65.30395;9995;29.68;127;32;LULA;PT;4369;63,58;FLAVIO BOLSONARO;PL;2282;33,21;29.7;2282;40.0;49.9;52.3
am;MAUÉS;Amazonas;Norte;-3.47881;-57.69831;38063;24.43;463;113;LULA;PT;22574;80,08;FLAVIO BOLSONARO;PL;4655;16,51;62.29;4655;34.8;45.5;50.7
am;NHAMUNDÁ;Amazonas;Norte;-2.18765;-56.77552;15833;22.47;167;52;LULA;PT;9762;80,93;FLAVIO BOLSONARO;PL;1952;16,18;63.63;1952;34.9;39.0;52.0
am;NOVA OLINDA DO NORTE;Amazonas;Norte;-3.85786;-58.96351;19945;21.24;298;64;LULA;PT;10308;67,29;FLAVIO BOLSONARO;PL;3902;25,47;40.78;3902;36.3;40.6;50.8
am;NOVO AIRÃO;Amazonas;Norte;-2.57178;-60.9831;13332;26.81;197;39;LULA;PT;4507;47,46;FLAVIO BOLSONARO;PL;4377;46,09;1.33;4377;32.2;41.8;49.9
am;NOVO ARIPUANÃ;Amazonas;Norte;-5.22046;-60.38968;13283;25.3;173;39;LULA;PT;6403;66,00;FLAVIO BOLSONARO;PL;2938;30,28;34.92;2938;35.8;47.8;51.3
am;PARINTINS;Amazonas;Norte;-2.63723;-56.76162;73020;22.36;637;235;LULA;PT;43822;78,66;FLAVIO BOLSONARO;PL;9489;17,03;60.56;9489;34.8;29.2;49.6
am;PAUINI;Amazonas;Norte;-7.7775;-67.03935;11565;25.94;160;33;LULA;PT;4710;56,23;FLAVIO BOLSONARO;PL;3345;39,93;15.94;3345;37.5;60.7;51.2
am;PRESIDENTE FIGUEIREDO;Amazonas;Norte;-1.94989;-59.9912;28343;28.16;355;90;LULA;PT;9258;46,66;FLAVIO BOLSONARO;PL;9206;46,40;0.26;9206;30.8;37.9;50.5
am;RIO PRETO DA EVA;Amazonas;Norte;-2.71592;-59.65219;23243;24.85;280;73;LULA;PT;8281;48,66;FLAVIO BOLSONARO;PL;7738;45,47;3.11;7738;29.5;40.2;50.6
am;SANTA ISABEL DO RIO NEGRO;Amazonas;Norte;-0.27401;-65.08891;9379;29.84;218;31;LULA;PT;4355;68,72;FLAVIO BOLSONARO;PL;1730;27,30;39.89;1730;36.1;41.8;51.1
am;SANTO ANTÔNIO DO IÇÁ;Amazonas;Norte;-3.08733;-68.13614;18469;18.89;245;51;LULA;PT;10172;69,27;FLAVIO BOLSONARO;PL;3983;27,12;41.31;3983;39.0;48.1;51.1
am;SILVES;Amazonas;Norte;-2.87625;-58.3052;9656;21.9;91;33;LULA;PT;5612;75,68;FLAVIO BOLSONARO;PL;1480;19,96;54.79;1480;35.6;37.9;52.2
am;SÃO GABRIEL DA CACHOEIRA;Amazonas;Norte;0.25883;-67.60509;32420;25.69;222;103;LULA;PT;18454;77,57;FLAVIO BOLSONARO;PL;4638;19,50;57.35;4638;35.4;42.9;48.8
am;SÃO PAULO DE OLIVENÇA;Amazonas;Norte;-3.54549;-69.12444;21421;16.35;259;62;LULA;PT;13914;79,00;FLAVIO BOLSONARO;PL;3067;17,41;60.54;3067;38.2;40.4;50.5
am;SÃO SEBASTIÃO DO UATUMÃ;Amazonas;Norte;-2.56706;-57.88219;7748;24.07;112;23;LULA;PT;2895;50,64;FLAVIO BOLSONARO;PL;2539;44,41;6.05;2539;36.7;36.2;52.0
am;TABATINGA;Amazonas;Norte;-4.20693;-69.85958;40230;21.25;592;121;LULA;PT;19470;63,16;FLAVIO BOLSONARO;PL;10073;32,67;29.66;10073;36.1;36.8;46.9
am;TAPAUÁ;Amazonas;Norte;-5.61258;-63.29542;14621;26.45;208;41;FLAVIO BOLSONARO;PL;5234;49,84;LULA;PT;4807;45,78;3.97;4807;36.9;56.3;51.9
am;TEFÉ;Amazonas;Norte;-3.36261;-64.69415;49827;20.75;521;145;LULA;PT;22775;58,78;FLAVIO BOLSONARO;PL;14319;36,95;21.42;14319;37.3;38.0;48.9
am;TONANTINS;Amazonas;Norte;-2.80652;-67.69684;11653;19.11;135;35;LULA;PT;7157;77,34;FLAVIO BOLSONARO;PL;1855;20,05;56.25;1855;38.2;43.5;51.7
am;UARINI;Amazonas;Norte;-2.98262;-65.15895;9798;20.58;137;32;LULA;PT;4761;62,51;FLAVIO BOLSONARO;PL;2576;33,82;28.08;2576;38.8;49.7;51.1
am;URUCARÁ;Amazonas;Norte;-2.50515;-57.74355;12648;25.62;165;38;LULA;PT;6578;71,67;FLAVIO BOLSONARO;PL;2309;25,16;45.38;2309;32.9;30.5;50.8
am;URUCURITUBA;Amazonas;Norte;-3.04243;-58.07234;14200;24.07;132;49;LULA;PT;7749;73,15;FLAVIO BOLSONARO;PL;2490;23,51;48.78;2490;34.6;37.0;52.0
ba;ABARÉ;Bahia;Nordeste;-8.70757;-39.2287;14734;16.59;300;45;LULA;PT;8618;72,67;FLAVIO BOLSONARO;PL;2961;24,97;46.03;2961;30.4;50.2;49.1
ba;ABAÍRA;Bahia;Nordeste;-13.27701;-41.72289;6761;20.43;347;29;LULA;PT;3037;61,48;FLAVIO BOLSONARO;PL;1651;33,42;25.76;1651;19.6;55.6;48.5
ba;ACAJUTIBA;Bahia;Nordeste;-11.66597;-38.01972;12019;19.99;424;39;LULA;PT;6512;72,04;FLAVIO BOLSONARO;PL;2121;23,46;45.66;2121;29.0;48.4;46.8
ba;ADUSTINA;Bahia;Nordeste;-10.56218;-38.09723;12402;17.44;442;45;LULA;PT;7267;75,20;FLAVIO BOLSONARO;PL;1979;20,48;51.65;1979;27.2;66.0;47.4
ba;AIQUARA;Bahia;Nordeste;-14.10174;-39.87111;4318;23.9;88;14;LULA;PT;2315;73,38;FLAVIO BOLSONARO;PL;753;23,87;47.53;753;24.9;53.3;50.4
ba;ALAGOINHAS;Bahia;Nordeste;-12.13265;-38.42288;114417;20.87;3767;366;LULA;PT;55711;65,82;FLAVIO BOLSONARO;PL;23628;27,92;35.44;23628;25.8;34.0;45.3
ba;ALCOBAÇA;Bahia;Nordeste;-17.50031;-39.32132;19171;22.54;460;57;LULA;PT;9507;66,88;FLAVIO BOLSONARO;PL;4216;29,66;35.63;4216;27.1;56.6;49.0
ba;ALMADINA;Bahia;Nordeste;-14.70502;-39.63608;4923;21.92;85;15;LULA;PT;2943;78,84;FLAVIO BOLSONARO;PL;719;19,26;57.86;719;23.8;56.6;48.2
ba;AMARGOSA;Bahia;Nordeste;-13.03295;-39.59524;28384;19.57;1028;84;LULA;PT;12926;60,53;FLAVIO BOLSONARO;PL;7542;35,32;23.58;7542;27.8;45.6;47.0
ba;AMÉLIA RODRIGUES;Bahia;Nordeste;-12.40296;-38.74393;19625;19.36;572;64;LULA;PT;11248;75,49;FLAVIO BOLSONARO;PL;2883;19,35;52.86;2883;26.1;38.5;46.7
ba;AMÉRICA DOURADA;Bahia;Nordeste;-11.4005;-41.50864;12503;18.08;217;42;LULA;PT;7668;77,52;FLAVIO BOLSONARO;PL;1902;19,23;56.29;1902;27.8;51.5;49.4
ba;ANAGÉ;Bahia;Nordeste;-14.60238;-40.99877;18704;19.62;490;68;LULA;PT;10800;75,15;FLAVIO BOLSONARO;PL;3004;20,90;51.85;3004;24.0;61.1;49.5
ba;ANDARAÍ;Bahia;Nordeste;-12.72978;-41.22138;9794;21.56;301;37;LULA;PT;5844;80,19;FLAVIO BOLSONARO;PL;1223;16,78;60.15;1223;28.3;52.6;48.3
ba;ANDORINHA;Bahia;Nordeste;-10.32017;-39.85544;13508;16.41;293;44;LULA;PT;9252;84,97;FLAVIO BOLSONARO;PL;1289;11,84;70.53;1289;26.8;56.0;50.3
ba;ANGICAL;Bahia;Nordeste;-12.01845;-44.62394;12831;18.78;229;49;LULA;PT;7073;69,93;FLAVIO BOLSONARO;PL;2640;26,10;42.54;2640;26.4;48.3;51.4
ba;ANGUERA;Bahia;Nordeste;-12.16651;-39.22668;10304;17.93;271;36;LULA;PT;6206;77,05;FLAVIO BOLSONARO;PL;1553;19,28;55.02;1553;26.5;50.0;48.8
ba;ANTAS;Bahia;Nordeste;-10.40487;-38.33027;10594;18.92;282;33;LULA;PT;5290;64,36;FLAVIO BOLSONARO;PL;2611;31,77;31.19;2611;24.5;56.6;48.4
ba;ANTÔNIO CARDOSO;Bahia;Nordeste;-12.38047;-39.15671;12130;17.35;319;38;LULA;PT;7868;82,12;FLAVIO BOLSONARO;PL;1415;14,77;64.37;1415;26.8;52.7;47.4
ba;ANTÔNIO GONÇALVES;Bahia;Nordeste;-10.59141;-40.30476;8672;18.47;192;35;LULA;PT;5000;73,58;FLAVIO BOLSONARO;PL;1568;23,08;48.54;1568;27.7;49.5;49.3
ba;APORÁ;Bahia;Nordeste;-11.69816;-38.17378;14198;19.82;539;45;LULA;PT;7517;70,50;FLAVIO BOLSONARO;PL;2718;25,49;42.16;2718;28.4;56.5;49.1
ba;APUAREMA;Bahia;Nordeste;-13.84104;-39.75104;6358;21.59;218;18;LULA;PT;3060;64,76;FLAVIO BOLSONARO;PL;1452;30,73;32.26;1452;26.9;58.6;49.2
ba;ARACATU;Bahia;Nordeste;-14.38299;-41.41536;12568;16.46;269;43;LULA;PT;7400;73,54;FLAVIO BOLSONARO;PL;2292;22,78;48.65;2292;24.1;58.7;51.2
ba;ARACI;Bahia;Nordeste;-11.24693;-39.02735;40272;21.07;1001;131;LULA;PT;24425;80,31;FLAVIO BOLSONARO;PL;4872;16,02;61.51;4872;30.1;63.5;48.6
ba;ARAMARI;Bahia;Nordeste;-12.08776;-38.4988;9785;21.4;307;35;LULA;PT;6003;82,78;FLAVIO BOLSONARO;PL;1026;14,15;64.71;1026;27.8;45.8;49.0
ba;ARATACA;Bahia;Nordeste;-15.25699;-39.42324;6559;24.76;166;24;LULA;PT;3188;67,43;FLAVIO BOLSONARO;PL;1388;29,36;36.47;1388;28.3;57.9;50.6
ba;ARATUÍPE;Bahia;Nordeste;-13.07592;-39.00113;8424;20.98;225;28;LULA;PT;4711;74,81;FLAVIO BOLSONARO;PL;1325;21,04;50.86;1325;28.3;55.0;49.1
ba;ARAÇÁS;Bahia;Nordeste;-12.20904;-38.20197;10800;23.46;284;30;LULA;PT;6357;80,93;FLAVIO BOLSONARO;PL;1239;15,77;61.92;1239;29.9;46.6;48.0
ba;AURELINO LEAL;Bahia;Nordeste;-14.32762;-39.36856;9612;24.9;255;34;LULA;PT;4612;67,14;FLAVIO BOLSONARO;PL;1927;28,05;37.19;1927;27.0;54.7;48.2
ba;BAIANÓPOLIS;Bahia;Nordeste;-12.44972;-44.50473;12451;18.75;322;45;LULA;PT;5937;61,56;FLAVIO BOLSONARO;PL;3286;34,07;26.2;3286;27.2;53.6;50.8
ba;BAIXA GRANDE;Bahia;Nordeste;-11.95057;-40.17078;15480;21.45;539;56;LULA;PT;8040;70,49;FLAVIO BOLSONARO;PL;2989;26,21;41.54;2989;26.1;54.5;48.9
ba;BANZAÊ;Bahia;Nordeste;-10.61574;-38.62898;10902;19.65;234;42;LULA;PT;6255;74,24;FLAVIO BOLSONARO;PL;1839;21,83;50.41;1839;26.6;56.9;49.6
ba;BARRA;Bahia;Nordeste;-10.97422;-43.14842;37117;21.25;855;139;LULA;PT;22029;78,34;FLAVIO BOLSONARO;PL;5261;18,71;57.37;5261;31.9;51.0;50.3
ba;BARRA DA ESTIVA;Bahia;Nordeste;-13.62579;-41.25096;21065;13.11;670;67;LULA;PT;10707;62,17;FLAVIO BOLSONARO;PL;5674;32,95;27.5;5674;29.5;54.9;50.2
ba;BARRA DO CHOÇA;Bahia;Nordeste;-14.88815;-40.57288;28911;19.45;944;110;LULA;PT;15560;70,81;FLAVIO BOLSONARO;PL;5298;24,11;44.07;5298;27.2;60.1;48.1
ba;BARRA DO MENDES;Bahia;Nordeste;-11.91071;-42.05957;12115;18.13;317;57;LULA;PT;7970;83,95;FLAVIO BOLSONARO;PL;1137;11,98;68.89;1137;25.3;47.2;49.4
ba;BARRA DO ROCHA;Bahia;Nordeste;-14.20861;-39.60145;4427;26.59;94;14;LULA;PT;1994;63,85;FLAVIO BOLSONARO;PL;983;31,48;31.11;983;25.3;48.8;49.1
ba;BARREIRAS;Bahia;Nordeste;-12.14236;-45.00686;109227;18.65;1877;325;LULA;PT;43434;50,65;FLAVIO BOLSONARO;PL;37394;43,61;6.8;37394;29.5;31.1;47.4
ba;BARRO ALTO;Bahia;Nordeste;-11.83269;-41.83375;11523;18.15;254;41;LULA;PT;6560;72,44;FLAVIO BOLSONARO;PL;1966;21,71;48.71;1966;26.5;52.6;50.1
ba;BARRO PRETO;Bahia;Nordeste;-14.80816;-39.47371;5763;21.38;186;21;LULA;PT;2978;69,69;FLAVIO BOLSONARO;PL;1109;25,95;41.25;1109;25.5;56.2;51.4
ba;BARROCAS;Bahia;Nordeste;-11.54429;-39.09122;14895;16.81;355;52;LULA;PT;9074;76,35;FLAVIO BOLSONARO;PL;2245;18,89;55.11;2245;27.4;51.2;49.4
ba;BELMONTE;Bahia;Nordeste;-15.9267;-39.05289;14778;22.66;353;55;LULA;PT;7238;66,24;FLAVIO BOLSONARO;PL;3246;29,71;34.93;3246;27.1;52.6;48.4
ba;BELO CAMPO;Bahia;Nordeste;-15.02508;-41.23092;15726;20.21;385;58;LULA;PT;8380;70,10;FLAVIO BOLSONARO;PL;3066;25,65;42.35;3066;26.1;57.5;49.2
ba;BIRITINGA;Bahia;Nordeste;-11.63491;-38.80978;13259;20.21;478;43;LULA;PT;8240;82,86;FLAVIO BOLSONARO;PL;1376;13,84;64.88;1376;26.8;61.0;48.3
ba;BOA NOVA;Bahia;Nordeste;-14.3726;-40.22262;13066;27.05;418;48;LULA;PT;7150;79,61;FLAVIO BOLSONARO;PL;1440;16,03;59.91;1440;24.9;60.1;50.3
ba;BOA VISTA DO TUPIM;Bahia;Nordeste;-12.72979;-40.66087;14089;21.16;572;51;LULA;PT;6856;65,83;FLAVIO BOLSONARO;PL;3177;30,51;33.12;3177;26.3;54.2;49.7
ba;BOM JESUS DA LAPA;Bahia;Nordeste;-13.27901;-43.37047;48946;18.28;1043;160;LULA;PT;28130;73,27;FLAVIO BOLSONARO;PL;8683;22,62;48.62;8683;29.1;41.4;47.7
ba;BOM JESUS DA SERRA;Bahia;Nordeste;-14.37404;-40.52811;9372;23.79;267;32;LULA;PT;5574;81,96;FLAVIO BOLSONARO;PL;953;14,01;64.7;953;26.5;65.9;50.2
ba;BONINAL;Bahia;Nordeste;-12.75146;-41.83679;10945;21.25;379;45;LULA;PT;5416;67,08;FLAVIO BOLSONARO;PL;2429;30,08;34.66;2429;26.7;50.4;48.2
ba;BONITO;Bahia;Nordeste;-11.96009;-41.28881;12270;17.03;360;42;LULA;PT;7146;74,11;FLAVIO BOLSONARO;PL;2028;21,03;50.28;2028;32.7;52.1;49.2
ba;BOQUIRA;Bahia;Nordeste;-12.78061;-42.74189;16616;22.87;469;69;LULA;PT;10524;86,04;FLAVIO BOLSONARO;PL;1387;11,34;71.29;1387;26.1;52.2;48.8
ba;BOTUPORÃ;Bahia;Nordeste;-13.35141;-42.53144;9465;21.39;324;35;LULA;PT;5199;74,09;FLAVIO BOLSONARO;PL;1506;21,46;49.64;1506;26.7;56.8;49.8
ba;BREJOLÂNDIA;Bahia;Nordeste;-12.50742;-43.93602;8415;23.47;168;31;LULA;PT;3829;62,37;FLAVIO BOLSONARO;PL;2092;34,08;26.97;2092;21.5;52.7;51.6
ba;BREJÕES;Bahia;Nordeste;-13.09605;-39.84978;10919;20.12;318;37;LULA;PT;5782;70,24;FLAVIO BOLSONARO;PL;2146;26,07;41.69;2146;26.2;50.2;50.1
ba;BROTAS DE MACAÚBAS;Bahia;Nordeste;-12.20582;-42.13232;9505;17.39;280;38;LULA;PT;5353;71,55;FLAVIO BOLSONARO;PL;1805;24,12;45.19;1805;24.0;56.3;51.0
ba;BRUMADO;Bahia;Nordeste;-14.18384;-41.67853;53467;16.26;1512;173;LULA;PT;27162;63,81;FLAVIO BOLSONARO;PL;13281;31,20;31.0;13281;25.1;41.0;48.0
ba;BUERAREMA;Bahia;Nordeste;-14.95989;-39.30194;13021;24.05;468;42;FLAVIO BOLSONARO;PL;4796;51,69;LULA;PT;4039;43,53;7.65;4039;23.9;55.8;47.7
ba;BURITIRAMA;Bahia;Nordeste;-10.59878;-43.67334;15728;21.04;444;53;LULA;PT;8642;72,64;FLAVIO BOLSONARO;PL;2901;24,38;46.23;2901;29.8;55.6;51.5
ba;CAATIBA;Bahia;Nordeste;-14.98071;-40.41679;5851;20.53;167;23;LULA;PT;2687;60,55;FLAVIO BOLSONARO;PL;1522;34,29;25.05;1522;24.1;57.4;51.2
ba;CABACEIRAS DO PARAGUAÇU;Bahia;Nordeste;-12.54627;-39.17952;14433;20.65;367;46;LULA;PT;8550;78,48;FLAVIO BOLSONARO;PL;1932;17,73;57.79;1932;31.0;49.2;47.2
ba;CACHOEIRA;Bahia;Nordeste;-12.60445;-38.93573;26041;19.8;665;85;LULA;PT;15771;79,35;FLAVIO BOLSONARO;PL;3319;16,70;59.62;3319;27.3;44.5;47.2
ba;CACULÉ;Bahia;Nordeste;-14.49256;-42.2514;18021;16.14;567;61;LULA;PT;9136;63,94;FLAVIO BOLSONARO;PL;4447;31,12;31.03;4447;25.9;48.2;48.7
ba;CAEM;Bahia;Nordeste;-11.14016;-40.33613;8150;20.29;222;28;LULA;PT;4964;79,65;FLAVIO BOLSONARO;PL;1082;17,36;59.76;1082;26.5;54.3;47.2
ba;CAETANOS;Bahia;Nordeste;-14.34286;-40.91259;11192;22.78;187;34;LULA;PT;7101;84,78;FLAVIO BOLSONARO;PL;1068;12,75;69.8;1068;25.7;59.6;51.3
ba;CAETITÉ;Bahia;Nordeste;-14.01344;-42.48173;42181;17.27;1356;139;LULA;PT;23679;71,64;FLAVIO BOLSONARO;PL;7558;22,87;46.2;7558;26.1;54.1;48.3
ba;CAFARNAUM;Bahia;Nordeste;-11.73234;-41.4993;14513;17.72;473;49;LULA;PT;7525;67,01;FLAVIO BOLSONARO;PL;3231;28,77;35.96;3231;29.1;51.1;49.3
ba;CAIRU;Bahia;Nordeste;-13.4641;-38.96458;15480;21.67;467;46;LULA;PT;6883;60,19;FLAVIO BOLSONARO;PL;3880;33,93;24.76;3880;28.1;43.9;48.1
ba;CALDEIRÃO GRANDE;Bahia;Nordeste;-11.0422;-40.25431;10361;21.16;292;34;LULA;PT;5292;67,99;FLAVIO BOLSONARO;PL;2218;28,49;37.63;2218;27.7;53.3;48.6
ba;CAMACAN;Bahia;Nordeste;-15.40163;-39.50329;17301;21.23;501;66;LULA;PT;7078;54,59;FLAVIO BOLSONARO;PL;5250;40,49;13.41;5250;26.2;52.7;47.6
ba;CAMAMU;Bahia;Nordeste;-14.00108;-39.14554;24576;24.34;849;79;LULA;PT;10402;59,56;FLAVIO BOLSONARO;PL;6073;34,77;23.28;6073;29.4;55.8;47.5
ba;CAMAÇARI;Bahia;Nordeste;-12.72042;-38.28486;210762;20.76;7213;564;LULA;PT;96949;62,18;FLAVIO BOLSONARO;PL;48036;30,81;29.29;48036;27.0;28.7;45.7
ba;CAMPO ALEGRE DE LOURDES;Bahia;Nordeste;-9.54455;-43.12091;23549;18.62;415;84;LULA;PT;14703;78,84;FLAVIO BOLSONARO;PL;3448;18,49;58.73;3448;26.1;61.8;49.6
ba;CAMPO FORMOSO;Bahia;Nordeste;-10.39277;-40.52603;57975;17.42;1963;208;LULA;PT;29443;65,26;FLAVIO BOLSONARO;PL;13710;30,39;32.86;13710;28.9;52.4;48.8
ba;CANARANA;Bahia;Nordeste;-11.76943;-41.71527;20021;17.9;483;69;LULA;PT;11513;72,98;FLAVIO BOLSONARO;PL;3640;23,07;47.9;3640;27.8;52.4;48.3
ba;CANAVIEIRAS;Bahia;Nordeste;-15.66566;-38.98064;25424;26.73;700;90;LULA;PT;10555;59,74;FLAVIO BOLSONARO;PL;6239;35,31;23.17;6239;25.0;55.0;48.1
ba;CANDEAL;Bahia;Nordeste;-11.83596;-39.15385;7799;15.94;268;27;LULA;PT;4655;75,07;FLAVIO BOLSONARO;PL;1385;22,34;49.88;1385;26.3;49.5;49.5
ba;CANDEIAS;Bahia;Nordeste;-12.6765;-38.52766;64825;21.59;1697;192;LULA;PT;37343;77,73;FLAVIO BOLSONARO;PL;8127;16,92;57.48;8127;26.4;31.9;46.6
ba;CANDIBA;Bahia;Nordeste;-14.40154;-42.84532;11498;18.86;321;36;LULA;PT;6160;69,68;FLAVIO BOLSONARO;PL;2301;26,03;41.37;2301;22.3;58.4;49.5
ba;CANSANÇÃO;Bahia;Nordeste;-10.68137;-39.49592;28890;17.42;601;97;LULA;PT;18443;80,25;FLAVIO BOLSONARO;PL;3838;16,70;61.22;3838;30.3;59.2;49.1
ba;CANUDOS;Bahia;Nordeste;-9.93492;-39.04884;13077;17.7;347;51;LULA;PT;8248;79,83;FLAVIO BOLSONARO;PL;1802;17,44;59.89;1802;27.8;53.9;50.1
ba;CANÁPOLIS;Bahia;Nordeste;-13.08377;-44.19375;8772;17.85;199;31;LULA;PT;5127;73,99;FLAVIO BOLSONARO;PL;1559;22,50;49.51;1559;27.2;52.0;51.1
ba;CAPELA DO ALTO ALEGRE;Bahia;Nordeste;-11.6735;-39.82507;9756;17.85;304;36;LULA;PT;5263;69,44;FLAVIO BOLSONARO;PL;1941;25,61;41.45;1941;22.3;59.0;49.3
ba;CAPIM GROSSO;Bahia;Nordeste;-11.37954;-40.00955;24872;18.34;724;75;LULA;PT;11210;58,25;FLAVIO BOLSONARO;PL;7103;36,91;20.22;7103;26.9;51.9;46.9
ba;CARAVELAS;Bahia;Nordeste;-17.69964;-39.4896;16260;24.23;442;49;LULA;PT;7550;64,28;FLAVIO BOLSONARO;PL;3746;31,89;30.88;3746;27.2;52.0;49.3
ba;CARAÍBAS;Bahia;Nordeste;-14.63871;-41.28026;8699;21.03;216;24;LULA;PT;4610;69,99;FLAVIO BOLSONARO;PL;1687;25,61;42.55;1687;23.7;61.9;50.9
ba;CARDEAL DA SILVA;Bahia;Nordeste;-11.96795;-37.95388;8041;24.74;275;22;LULA;PT;4771;83,88;FLAVIO BOLSONARO;PL;763;13,41;66.23;763;33.5;46.0;48.7
ba;CARINHANHA;Bahia;Nordeste;-14.12876;-43.78036;22328;17.97;648;75;LULA;PT;10479;59,92;FLAVIO BOLSONARO;PL;6390;36,54;22.33;6390;29.1;49.7;50.5
ba;CASA NOVA;Bahia;Nordeste;-9.2048;-41.17015;57206;17.74;1567;185;LULA;PT;32772;72,77;FLAVIO BOLSONARO;PL;10605;23,55;47.11;10605;29.1;56.3;49.6
ba;CASTRO ALVES;Bahia;Nordeste;-12.76095;-39.38293;22931;16.46;657;80;LULA;PT;13426;73,67;FLAVIO BOLSONARO;PL;3908;21,44;49.68;3908;26.7;45.9;47.7
ba;CATOLÂNDIA;Bahia;Nordeste;-12.30962;-44.79664;4177;19.89;48;15;LULA;PT;2197;67,52;FLAVIO BOLSONARO;PL;890;27,35;39.06;890;24.7;54.2;53.6
ba;CATU;Bahia;Nordeste;-12.35369;-38.38579;41271;18.62;1460;127;LULA;PT;23954;76,75;FLAVIO BOLSONARO;PL;5781;18,52;54.11;5781;24.2;35.3;46.9
ba;CATURAMA;Bahia;Nordeste;-13.24814;-42.30988;7298;19.91;198;30;LULA;PT;4386;79,17;FLAVIO BOLSONARO;PL;942;17,00;58.92;942;23.0;57.3;50.4
ba;CENTRAL;Bahia;Nordeste;-11.14176;-42.09142;13497;17.46;344;52;LULA;PT;8102;76,05;FLAVIO BOLSONARO;PL;2202;20,67;52.96;2202;25.7;52.1;49.8
ba;CHORROCHÓ;Bahia;Nordeste;-9.07607;-39.05521;9081;18.61;151;31;LULA;PT;5965;83,01;FLAVIO BOLSONARO;PL;1058;14,72;66.39;1058;28.6;50.4;49.6
ba;CIPÓ;Bahia;Nordeste;-11.09812;-38.51895;15277;21.46;494;46;LULA;PT;7344;64,62;FLAVIO BOLSONARO;PL;3584;31,54;31.34;3584;27.8;52.8;46.5
ba;COARACI;Bahia;Nordeste;-14.63666;-39.55546;15399;21.6;396;61;LULA;PT;7053;61,28;FLAVIO BOLSONARO;PL;3954;34,35;25.67;3954;24.1;52.5;47.6
ba;COCOS;Bahia;Nordeste;-14.21065;-44.5849;16368;22.29;313;53;LULA;PT;7462;61,02;FLAVIO BOLSONARO;PL;4354;35,60;24.44;4354;27.5;58.1;51.0
ba;CONCEIÇÃO DA FEIRA;Bahia;Nordeste;-12.50174;-38.99634;17483;17.8;660;57;LULA;PT;9602;72,17;FLAVIO BOLSONARO;PL;2979;22,39;46.09;2979;27.5;46.2;46.3
ba;CONCEIÇÃO DO ALMEIDA;Bahia;Nordeste;-12.8212;-39.20624;14213;15.23;462;49;LULA;PT;8790;77,11;FLAVIO BOLSONARO;PL;2256;19,79;54.23;2256;24.6;46.4;47.8
ba;CONCEIÇÃO DO COITÉ;Bahia;Nordeste;-11.56539;-39.26854;54576;15.07;1762;187;LULA;PT;25726;58,84;FLAVIO BOLSONARO;PL;16231;37,13;20.49;16231;26.1;48.3;47.3
ba;CONCEIÇÃO DO JACUÍPE;Bahia;Nordeste;-12.33016;-38.76647;29454;21.48;927;80;LULA;PT;13822;63,88;FLAVIO BOLSONARO;PL;6321;29,21;32.44;6321;25.8;38.3;45.6
ba;CONDE;Bahia;Nordeste;-11.82606;-37.62517;19016;22.41;547;59;LULA;PT;10501;74,92;FLAVIO BOLSONARO;PL;3043;21,71;50.55;3043;32.4;50.8;48.8
ba;CONDEÚBA;Bahia;Nordeste;-14.91853;-42.02104;15144;24.41;513;59;LULA;PT;7133;66,42;FLAVIO BOLSONARO;PL;3077;28,65;35.43;3077;23.6;59.5;48.8
ba;CONTENDAS DO SINCORÁ;Bahia;Nordeste;-13.76438;-41.07975;4520;18.32;87;15;LULA;PT;2469;69,73;FLAVIO BOLSONARO;PL;959;27,08;40.9;959;26.9;52.4;51.5
ba;CORAÇÃO DE MARIA;Bahia;Nordeste;-12.209;-38.77095;22538;18.39;751;67;LULA;PT;13081;75,83;FLAVIO BOLSONARO;PL;3396;19,69;52.66;3396;26.1;45.7;46.7
ba;CORDEIROS;Bahia;Nordeste;-15.04233;-41.93386;7148;24.06;208;25;LULA;PT;2886;56,00;FLAVIO BOLSONARO;PL;1972;38,26;16.84;1972;24.7;58.5;48.9
ba;CORIBE;Bahia;Nordeste;-13.80513;-44.40066;12810;25.44;375;45;LULA;PT;6041;66,74;FLAVIO BOLSONARO;PL;2656;29,34;35.44;2656;24.0;54.0;50.9
ba;CORONEL JOÃO SÁ;Bahia;Nordeste;-10.28638;-37.93831;15065;18.98;373;48;LULA;PT;8067;69,24;FLAVIO BOLSONARO;PL;3143;26,98;40.34;3143;30.2;63.8;49.9
ba;CORRENTINA;Bahia;Nordeste;-13.4246;-44.74308;28078;21.06;825;94;LULA;PT;13258;62,98;FLAVIO BOLSONARO;PL;6535;31,04;30.33;6535;27.2;50.7;49.9
ba;COTEGIPE;Bahia;Nordeste;-11.91884;-44.27727;11726;21.03;126;42;LULA;PT;6465;71,41;FLAVIO BOLSONARO;PL;2269;25,06;45.31;2269;27.4;51.8;51.4
ba;CRAVOLÂNDIA;Bahia;Nordeste;-13.40849;-39.77438;4632;21.39;139;15;LULA;PT;2704;78,54;FLAVIO BOLSONARO;PL;636;18,47;56.8;636;25.4;50.0;50.5
ba;CRISTÓPOLIS;Bahia;Nordeste;-12.2255;-44.33696;12379;19.54;328;45;LULA;PT;6168;65,02;FLAVIO BOLSONARO;PL;2967;31,27;32.14;2967;26.5;50.8;50.9
ba;CRISÓPOLIS;Bahia;Nordeste;-11.48875;-38.16771;16673;21.45;440;53;LULA;PT;9900;79,19;FLAVIO BOLSONARO;PL;2227;17,81;58.59;2227;27.8;61.7;49.9
ba;CRUZ DAS ALMAS;Bahia;Nordeste;-12.67011;-39.11096;49209;16.12;1303;154;LULA;PT;25171;64,21;FLAVIO BOLSONARO;PL;12166;31,03;31.51;12166;25.2;32.2;45.4
ba;CURAÇÁ;Bahia;Nordeste;-9.01289;-39.7219;27548;15.99;562;96;LULA;PT;16607;74,29;FLAVIO BOLSONARO;PL;4866;21,77;50.73;4866;28.8;50.1;49.9
ba;CÂNDIDO SALES;Bahia;Nordeste;-15.40636;-41.2681;20878;21.89;400;79;LULA;PT;10888;69,17;FLAVIO BOLSONARO;PL;4302;27,33;40.39;4302;25.2;58.1;48.0
ba;CÍCERO DANTAS;Bahia;Nordeste;-10.56338;-38.398;26260;20.05;703;82;LULA;PT;13507;67,81;FLAVIO BOLSONARO;PL;5530;27,76;37.99;5530;24.9;56.2;48.1
ba;DIAS D'ÁVILA;Bahia;Nordeste;-12.61369;-38.30285;53134;22.35;1799;169;LULA;PT;26217;68,09;FLAVIO BOLSONARO;PL;9615;24,97;40.24;9615;27.8;35.9;46.6
ba;DOM BASÍLIO;Bahia;Nordeste;-13.82232;-41.73918;10634;13.96;196;37;LULA;PT;6829;77,44;FLAVIO BOLSONARO;PL;1680;19,05;56.27;1680;24.3;58.0;50.9
ba;DOM MACEDO COSTA;Bahia;Nordeste;-12.90529;-39.18265;4864;18.3;174;16;LULA;PT;2216;59,30;FLAVIO BOLSONARO;PL;1306;34,95;22.9;1306;24.2;46.7;48.3
ba;DÁRIO MEIRA;Bahia;Nordeste;-14.42072;-39.95722;8515;23.16;204;30;LULA;PT;4661;74,24;FLAVIO BOLSONARO;PL;1413;22,51;49.64;1413;25.4;58.4;50.2
ba;ELÍSIO MEDRADO;Bahia;Nordeste;-12.93818;-39.52076;7650;19.18;310;24;LULA;PT;3821;66,41;FLAVIO BOLSONARO;PL;1724;29,96;33.92;1724;23.0;53.6;50.1
ba;ENCRUZILHADA;Bahia;Nordeste;-15.58837;-40.8805;15576;23.13;381;55;LULA;PT;8129;70,86;FLAVIO BOLSONARO;PL;2998;26,13;42.85;2998;26.7;65.4;50.0
ba;ENTRE RIOS;Bahia;Nordeste;-12.01377;-38.05303;31166;23.72;1095;105;LULA;PT;16289;73,38;FLAVIO BOLSONARO;PL;4888;22,02;47.96;4888;29.1;44.6;47.1
ba;ESPLANADA;Bahia;Nordeste;-11.83743;-37.93358;26991;20.78;819;84;LULA;PT;14763;73,10;FLAVIO BOLSONARO;PL;4667;23,11;47.22;4667;31.4;46.6;48.2
ba;EUCLIDES DA CUNHA;Bahia;Nordeste;-10.51112;-38.97494;45601;18.47;1183;150;LULA;PT;27308;76,79;FLAVIO BOLSONARO;PL;6876;19,33;54.95;6876;26.4;56.7;48.7
ba;EUNÁPOLIS;Bahia;Nordeste;-16.35912;-39.58058;83372;22.48;2151;267;LULA;PT;28976;47,18;FLAVIO BOLSONARO;PL;28359;46,18;0.95;28359;26.9;38.9;46.8
ba;FEIRA DA MATA;Bahia;Nordeste;-14.15829;-44.25762;5181;20.17;59;16;LULA;PT;2409;59,67;FLAVIO BOLSONARO;PL;1488;36,86;22.27;1488;24.1;53.4;50.8
ba;FEIRA DE SANTANA;Bahia;Nordeste;-12.24542;-38.9603;435631;17.21;13589;1218;LULA;PT;194272;57,13;FLAVIO BOLSONARO;PL;121727;35,80;20.12;121727;26.9;31.2;44.7
ba;FILADÉLFIA;Bahia;Nordeste;-10.73251;-40.12494;15281;17.81;355;50;LULA;PT;8554;71,33;FLAVIO BOLSONARO;PL;3021;25,19;44.06;3021;26.8;53.8;48.8
ba;FIRMINO ALVES;Bahia;Nordeste;-14.95499;-39.92248;5527;27.32;153;19;LULA;PT;2361;61,81;FLAVIO BOLSONARO;PL;1311;34,32;26.14;1311;28.2;55.9;52.2
ba;FLORESTA AZUL;Bahia;Nordeste;-14.8571;-39.66457;7825;21.84;216;25;LULA;PT;4089;70,04;FLAVIO BOLSONARO;PL;1483;25,40;42.61;1483;24.6;49.2;49.1
ba;FORMOSA DO RIO PRETO;Bahia;Nordeste;-11.03925;-45.23665;20786;19.42;490;72;LULA;PT;9366;58,15;FLAVIO BOLSONARO;PL;6090;37,81;19.56;6090;30.4;45.1;50.6
ba;FÁTIMA;Bahia;Nordeste;-10.61453;-38.20044;15318;16.43;411;48;LULA;PT;9758;79,99;FLAVIO BOLSONARO;PL;2004;16,43;60.57;2004;27.6;60.0;49.3
ba;GANDU;Bahia;Nordeste;-13.74854;-39.48578;23509;19.65;754;78;LULA;PT;9997;56,15;FLAVIO BOLSONARO;PL;6926;38,90;16.26;6926;26.4;46.5;47.0
ba;GAVIÃO;Bahia;Nordeste;-11.47048;-39.7809;4375;18.4;207;19;LULA;PT;2055;62,31;FLAVIO BOLSONARO;PL;1038;31,47;28.49;1038;23.0;54.6;50.8
ba;GENTIO DO OURO;Bahia;Nordeste;-11.42806;-42.50412;9718;16.34;110;41;LULA;PT;6148;77,57;FLAVIO BOLSONARO;PL;1559;19,67;56.45;1559;26.7;54.1;51.3
ba;GLÓRIA;Bahia;Nordeste;-9.27596;-38.33934;13025;20.09;285;52;LULA;PT;8557;85,58;FLAVIO BOLSONARO;PL;1201;12,01;70.68;1201;25.9;55.4;48.6
ba;GONGOGI;Bahia;Nordeste;-14.30179;-39.51444;5380;30.45;143;19;LULA;PT;2633;73,98;FLAVIO BOLSONARO;PL;779;21,89;49.55;779;24.9;53.4;49.6
ba;GOVERNADOR MANGABEIRA;Bahia;Nordeste;-12.59466;-39.06556;19120;21.68;628;60;LULA;PT;10179;72,46;FLAVIO BOLSONARO;PL;3126;22,25;47.1;3126;26.0;42.8;45.9
ba;GUAJERU;Bahia;Nordeste;-14.56794;-41.95852;6431;24.57;130;21;LULA;PT;3739;80,01;FLAVIO BOLSONARO;PL;713;15,26;62.38;713;23.9;64.5;49.6
ba;GUANAMBI;Bahia;Nordeste;-14.22976;-42.78793;67489;17.89;1923;192;LULA;PT;30792;58,58;FLAVIO BOLSONARO;PL;18945;36,04;21.38;18945;24.9;41.9;46.6
ba;GUARATINGA;Bahia;Nordeste;-16.58019;-39.85701;15720;24.24;494;58;LULA;PT;7102;62,99;FLAVIO BOLSONARO;PL;3745;33,22;28.19;3745;25.9;61.0;50.4
ba;HELIÓPOLIS;Bahia;Nordeste;-10.69521;-38.30204;12729;20.9;240;39;LULA;PT;7776;79,98;FLAVIO BOLSONARO;PL;1500;15,43;62.33;1500;28.7;62.0;49.9
ba;IAÇU;Bahia;Nordeste;-12.78441;-40.19996;20513;22.79;646;73;LULA;PT;11219;74,90;FLAVIO BOLSONARO;PL;3300;22,03;50.0;3300;26.9;57.3;47.5
ba;IBIASSUCÊ;Bahia;Nordeste;-14.27823;-42.28642;8476;16.46;255;31;LULA;PT;4318;64,11;FLAVIO BOLSONARO;PL;2103;31,22;31.28;2103;22.0;56.1;49.9
ba;IBICARAÍ;Bahia;Nordeste;-14.86584;-39.58365;17862;21.03;494;61;LULA;PT;8105;60,24;FLAVIO BOLSONARO;PL;4725;35,12;23.96;4725;25.4;47.9;47.8
ba;IBICOARA;Bahia;Nordeste;-13.35724;-41.34507;15956;16.5;605;46;LULA;PT;7385;59,49;FLAVIO BOLSONARO;PL;4432;35,70;22.16;4432;31.4;50.0;50.0
ba;IBICUÍ;Bahia;Nordeste;-14.79614;-39.95199;11456;22.3;333;39;LULA;PT;5319;63,01;FLAVIO BOLSONARO;PL;2714;32,15;29.27;2714;24.3;52.6;49.2
ba;IBIPEBA;Bahia;Nordeste;-11.5864;-42.11299;13655;16.22;275;53;LULA;PT;8605;77,95;FLAVIO BOLSONARO;PL;2014;18,24;57.61;2014;24.2;50.9;49.4
ba;IBIPITANGA;Bahia;Nordeste;-12.8732;-42.4084;13075;21.69;330;44;LULA;PT;6281;64,16;FLAVIO BOLSONARO;PL;2981;30,45;32.23;2981;26.2;56.2;49.0
ba;IBIQUERA;Bahia;Nordeste;-12.64943;-40.93166;4187;23.81;107;15;LULA;PT;2387;78,39;FLAVIO BOLSONARO;PL;571;18,75;56.93;571;28.7;53.6;52.0
ba;IBIRAPITANGA;Bahia;Nordeste;-14.11502;-39.40937;14359;23.69;351;48;LULA;PT;7118;67,90;FLAVIO BOLSONARO;PL;2928;27,93;38.24;2928;28.3;57.7;48.6
ba;IBIRAPUÃ;Bahia;Nordeste;-17.70216;-40.07343;7516;18.43;174;28;LULA;PT;2948;50,06;FLAVIO BOLSONARO;PL;2772;47,07;2.87;2772;25.8;49.8;49.7
ba;IBIRATAIA;Bahia;Nordeste;-14.04542;-39.63794;16014;25.15;594;54;LULA;PT;6782;60,39;FLAVIO BOLSONARO;PL;3886;34,60;24.16;3886;23.3;57.2;47.5
ba;IBITIARA;Bahia;Nordeste;-12.60751;-42.24595;12093;21.39;328;46;LULA;PT;6428;71,26;FLAVIO BOLSONARO;PL;2153;23,87;44.97;2153;24.3;53.4;49.2
ba;IBITITÁ;Bahia;Nordeste;-11.55863;-41.93272;15648;14.88;303;62;LULA;PT;9615;74,66;FLAVIO BOLSONARO;PL;2801;21,75;51.16;2801;25.8;49.7;49.9
ba;IBOTIRAMA;Bahia;Nordeste;-12.16343;-43.22007;21431;19.56;384;81;LULA;PT;10583;63,57;FLAVIO BOLSONARO;PL;5506;33,08;29.45;5506;28.1;47.5;48.8
ba;ICHU;Bahia;Nordeste;-11.72623;-39.17172;6009;14.73;137;18;LULA;PT;3638;73,93;FLAVIO BOLSONARO;PL;1021;20,75;51.07;1021;26.8;39.5;49.0
ba;IGAPORÃ;Bahia;Nordeste;-13.81795;-42.7204;12265;19.44;329;36;LULA;PT;7336;78,23;FLAVIO BOLSONARO;PL;1681;17,92;57.23;1681;24.7;53.7;48.9
ba;IGRAPIÚNA;Bahia;Nordeste;-13.83509;-39.15113;9050;20.39;345;33;LULA;PT;4697;69,54;FLAVIO BOLSONARO;PL;1732;25,64;41.15;1732;29.7;52.0;49.2
ba;IGUAÍ;Bahia;Nordeste;-14.72794;-40.0791;17709;26.12;629;57;LULA;PT;7300;59,58;FLAVIO BOLSONARO;PL;4409;35,99;22.1;4409;23.7;58.9;50.0
ba;ILHÉUS;Bahia;Nordeste;-14.78256;-39.06956;130310;20.52;3364;409;LULA;PT;55886;56,83;FLAVIO BOLSONARO;PL;35875;36,48;19.32;35875;24.7;34.1;45.5
ba;INHAMBUPE;Bahia;Nordeste;-11.79603;-38.34455;27722;20.76;901;83;LULA;PT;15026;72,91;FLAVIO BOLSONARO;PL;4765;23,12;46.71;4765;29.1;50.6;47.7
ba;IPECAETÁ;Bahia;Nordeste;-12.31951;-39.31671;15029;20.21;423;48;LULA;PT;8661;75,90;FLAVIO BOLSONARO;PL;2350;20,59;52.63;2350;26.8;56.5;47.2
ba;IPIAÚ;Bahia;Nordeste;-14.12388;-39.73868;32735;23.05;975;117;LULA;PT;14346;60,27;FLAVIO BOLSONARO;PL;8128;34,15;24.69;8128;24.0;41.7;46.4
ba;IPIRÁ;Bahia;Nordeste;-12.17171;-39.72686;47871;22.61;1664;155;LULA;PT;25020;71,87;FLAVIO BOLSONARO;PL;8255;23,71;45.25;8255;26.8;58.9;47.7
ba;IPUPIARA;Bahia;Nordeste;-11.81795;-42.624;8953;16.3;219;28;LULA;PT;4551;63,63;FLAVIO BOLSONARO;PL;2265;31,67;30.5;2265;24.5;54.1;50.3
ba;IRAJUBA;Bahia;Nordeste;-13.2455;-40.07383;5507;22.9;188;21;LULA;PT;2944;73,54;FLAVIO BOLSONARO;PL;927;23,16;47.5;927;24.7;60.9;48.8
ba;IRAMAIA;Bahia;Nordeste;-13.41746;-40.93463;8556;18.63;223;31;LULA;PT;5071;76,28;FLAVIO BOLSONARO;PL;1393;20,95;52.83;1393;26.6;54.3;51.6
ba;IRAQUARA;Bahia;Nordeste;-12.2589;-41.59736;19044;17.0;415;63;LULA;PT;12559;82,73;FLAVIO BOLSONARO;PL;2077;13,68;66.31;2077;29.8;43.9;48.3
ba;IRARÁ;Bahia;Nordeste;-12.04776;-38.76776;25619;19.88;815;90;LULA;PT;14354;74,21;FLAVIO BOLSONARO;PL;4007;20,72;50.41;4007;26.6;46.0;47.0
ba;IRECÊ;Bahia;Nordeste;-11.30523;-41.85578;51249;16.5;1488;163;LULA;PT;25731;63,25;FLAVIO BOLSONARO;PL;12777;31,41;30.27;12777;27.2;36.6;44.9
ba;ITABELA;Bahia;Nordeste;-16.62181;-39.53251;22120;25.14;729;70;LULA;PT;7623;49,10;FLAVIO BOLSONARO;PL;7069;45,54;3.35;7069;29.8;55.5;48.5
ba;ITABERABA;Bahia;Nordeste;-12.51189;-40.2887;48749;17.25;1657;151;LULA;PT;25880;67,99;FLAVIO BOLSONARO;PL;10089;26,50;39.15;10089;27.7;43.6;46.4
ba;ITABUNA;Bahia;Nordeste;-14.79725;-39.27914;141524;18.74;3236;453;LULA;PT;55379;50,40;FLAVIO BOLSONARO;PL;47182;42,94;7.13;47182;24.1;33.9;44.9
ba;ITACARÉ;Bahia;Nordeste;-14.3081;-39.06433;19616;24.78;504;59;LULA;PT;9700;69,00;FLAVIO BOLSONARO;PL;3841;27,32;39.71;3841;30.2;43.3;49.8
ba;ITAETÉ;Bahia;Nordeste;-13.04073;-41.02149;11361;24.07;408;40;LULA;PT;5470;67,60;FLAVIO BOLSONARO;PL;2433;30,07;35.21;2433;28.3;48.0;48.4
ba;ITAGI;Bahia;Nordeste;-14.16421;-40.00601;10639;24.33;325;36;LULA;PT;5103;66,93;FLAVIO BOLSONARO;PL;2238;29,35;35.59;2238;25.7;57.0;48.9
ba;ITAGIBÁ;Bahia;Nordeste;-14.2547;-39.83319;13131;22.75;447;41;LULA;PT;5834;60,91;FLAVIO BOLSONARO;PL;3250;33,93;25.47;3250;24.3;49.8;49.2
ba;ITAGIMIRIM;Bahia;Nordeste;-16.10106;-39.6401;6636;26.72;183;22;LULA;PT;2829;61,11;FLAVIO BOLSONARO;PL;1530;33,05;26.71;1530;27.1;52.5;49.9
ba;ITAGUAÇU DA BAHIA;Bahia;Nordeste;-10.95302;-42.3754;10842;18.44;115;36;LULA;PT;7403;85,49;FLAVIO BOLSONARO;PL;1098;12,68;71.3;1098;28.5;55.8;50.2
ba;ITAJU DO COLÔNIA;Bahia;Nordeste;-15.15314;-39.67938;6225;24.67;117;20;LULA;PT;2862;63,04;FLAVIO BOLSONARO;PL;1560;34,36;27.77;1560;28.0;48.8;51.5
ba;ITAJUÍPE;Bahia;Nordeste;-14.67636;-39.38387;16067;20.51;401;56;LULA;PT;7925;65,06;FLAVIO BOLSONARO;PL;3662;30,06;33.38;3662;25.6;49.2;48.1
ba;ITAMARAJU;Bahia;Nordeste;-17.02329;-39.58776;45999;22.78;1396;152;FLAVIO BOLSONARO;PL;17365;51,67;LULA;PT;15069;44,84;6.46;15069;26.9;48.0;47.3
ba;ITAMARI;Bahia;Nordeste;-13.78021;-39.68102;6100;23.02;186;24;LULA;PT;2809;63,44;FLAVIO BOLSONARO;PL;1437;32,45;29.22;1437;25.8;59.7;49.3
ba;ITAMBÉ;Bahia;Nordeste;-15.20322;-40.57091;17831;21.06;391;65;LULA;PT;9029;66,82;FLAVIO BOLSONARO;PL;3903;28,88;36.42;3903;27.9;53.3;48.8
ba;ITANAGRA;Bahia;Nordeste;-12.28314;-38.05592;6668;26.45;165;20;LULA;PT;3565;76,37;FLAVIO BOLSONARO;PL;930;19,92;53.73;930;30.1;49.4;50.7
ba;ITANHÉM;Bahia;Nordeste;-17.12677;-40.32165;14916;26.7;423;50;LULA;PT;5976;57,64;FLAVIO BOLSONARO;PL;3918;37,79;18.82;3918;22.5;53.4;50.0
ba;ITAPARICA;Bahia;Nordeste;-12.90452;-38.66044;20044;21.18;535;64;LULA;PT;11792;78,49;FLAVIO BOLSONARO;PL;2680;17,84;57.67;2680;25.1;38.0;46.8
ba;ITAPEBI;Bahia;Nordeste;-15.95555;-39.55197;8383;29.85;172;26;LULA;PT;4091;72,43;FLAVIO BOLSONARO;PL;1380;24,43;46.1;1380;27.3;56.3;50.5
ba;ITAPETINGA;Bahia;Nordeste;-15.24833;-40.23246;48314;19.92;1187;159;LULA;PT;19382;52,70;FLAVIO BOLSONARO;PL;15640;42,53;9.67;15640;25.9;41.7;47.0
ba;ITAPICURU;Bahia;Nordeste;-11.23727;-38.1464;23461;18.18;811;75;LULA;PT;14089;77,62;FLAVIO BOLSONARO;PL;3348;18,45;55.96;3348;29.6;66.6;49.5
ba;ITAPITANGA;Bahia;Nordeste;-14.43175;-39.56925;5934;20.69;141;21;LULA;PT;3139;69,37;FLAVIO BOLSONARO;PL;1216;26,87;40.86;1216;25.4;58.8;48.7
ba;ITAPÉ;Bahia;Nordeste;-14.89472;-39.42758;8428;22.26;266;28;LULA;PT;3650;58,88;FLAVIO BOLSONARO;PL;2296;37,04;20.67;2296;24.8;53.8;48.5
ba;ITAQUARA;Bahia;Nordeste;-13.45179;-39.91127;6754;24.13;209;21;LULA;PT;3304;68,24;FLAVIO BOLSONARO;PL;1379;28,48;37.57;1379;24.8;59.2;49.7
ba;ITARANTIM;Bahia;Nordeste;-15.66755;-40.07579;13931;22.02;351;47;LULA;PT;5837;56,40;FLAVIO BOLSONARO;PL;4151;40,11;15.52;4151;25.1;57.1;49.8
ba;ITATIM;Bahia;Nordeste;-12.72168;-39.70349;12954;17.33;416;40;LULA;PT;6602;65,34;FLAVIO BOLSONARO;PL;3041;30,10;33.25;3041;28.5;51.7;48.9
ba;ITIRUÇU;Bahia;Nordeste;-13.51353;-40.15398;8937;20.83;325;33;LULA;PT;4697;70,79;FLAVIO BOLSONARO;PL;1741;26,24;41.78;1741;24.3;52.0;47.4
ba;ITIÚBA;Bahia;Nordeste;-10.7019;-39.83783;27758;18.65;615;97;LULA;PT;15207;70,23;FLAVIO BOLSONARO;PL;5709;26,37;42.06;5709;27.6;57.7;49.6
ba;ITORORÓ;Bahia;Nordeste;-15.10253;-40.05073;16355;22.81;455;56;LULA;PT;7257;60,50;FLAVIO BOLSONARO;PL;4167;34,74;24.48;4167;24.7;53.4;49.0
ba;ITUAÇU;Bahia;Nordeste;-13.82256;-41.35408;15600;18.28;534;57;LULA;PT;7396;61,82;FLAVIO BOLSONARO;PL;4012;33,54;26.55;4012;25.8;62.0;49.5
ba;ITUBERÁ;Bahia;Nordeste;-13.73673;-39.14151;17839;22.07;540;65;LULA;PT;7615;58,30;FLAVIO BOLSONARO;PL;4802;36,76;20.23;4802;25.8;51.1;47.3
ba;IUIU;Bahia;Nordeste;-14.449;-43.5608;8643;18.8;152;28;LULA;PT;4935;72,96;FLAVIO BOLSONARO;PL;1571;23,23;47.93;1571;28.2;51.1;50.5
ba;JABORANDI;Bahia;Nordeste;-13.62861;-44.56248;10158;23.75;253;34;LULA;PT;4868;66,05;FLAVIO BOLSONARO;PL;2144;29,09;35.17;2144;25.9;50.8;50.9
ba;JACARACI;Bahia;Nordeste;-14.79977;-42.3494;11808;20.6;289;39;LULA;PT;6713;74,74;FLAVIO BOLSONARO;PL;1875;20,88;51.61;1875;21.6;58.3;50.6
ba;JACOBINA;Bahia;Nordeste;-11.18882;-40.5023;61665;19.87;1783;192;LULA;PT;31691;67,63;FLAVIO BOLSONARO;PL;12630;26,95;38.58;12630;25.8;42.9;46.1
ba;JAGUAQUARA;Bahia;Nordeste;-13.55135;-39.96321;35855;22.45;1409;117;LULA;PT;16206;62,56;FLAVIO BOLSONARO;PL;8548;33,00;27.54;8548;26.3;53.6;46.5
ba;JAGUARARI;Bahia;Nordeste;-10.15822;-40.11488;23294;16.56;631;89;LULA;PT;13404;72,54;FLAVIO BOLSONARO;PL;4249;23,00;47.1;4249;25.1;45.8;49.2
ba;JAGUARIPE;Bahia;Nordeste;-13.1043;-38.97103;15393;20.13;467;49;LULA;PT;8755;75,68;FLAVIO BOLSONARO;PL;2345;20,27;52.14;2345;27.1;54.8;49.5
ba;JANDAÍRA;Bahia;Nordeste;-11.57174;-37.62342;9074;21.49;214;33;LULA;PT;5476;79,98;FLAVIO BOLSONARO;PL;1165;17,01;60.51;1165;32.6;50.8;49.7
ba;JEQUIÉ;Bahia;Nordeste;-13.8694;-40.07505;119040;18.25;3819;359;LULA;PT;53993;58,86;FLAVIO BOLSONARO;PL;31824;34,70;22.78;31824;25.7;39.0;46.6
ba;JEREMOABO;Bahia;Nordeste;-10.06926;-38.36185;29071;17.37;697;104;LULA;PT;17774;76,95;FLAVIO BOLSONARO;PL;4724;20,45;54.33;4724;28.4;58.4;48.9
ba;JIQUIRIÇÁ;Bahia;Nordeste;-13.26689;-39.57082;11479;19.04;377;38;LULA;PT;6026;69,13;FLAVIO BOLSONARO;PL;2163;24,81;41.57;2163;25.2;55.4;48.7
ba;JITAÚNA;Bahia;Nordeste;-14.01303;-39.8741;12992;22.08;399;45;LULA;PT;6894;71,71;FLAVIO BOLSONARO;PL;2359;24,54;44.79;2359;25.6;54.7;48.0
ba;JOÃO DOURADO;Bahia;Nordeste;-11.31665;-41.6329;19862;18.26;383;59;LULA;PT;9545;60,97;FLAVIO BOLSONARO;PL;5456;34,85;25.18;5456;28.2;48.9;48.2
ba;JUAZEIRO;Bahia;Nordeste;-9.4444;-40.44459;165666;17.34;3131;495;LULA;PT;83457;63,30;FLAVIO BOLSONARO;PL;42135;31,96;30.18;42135;30.2;36.6;46.7
ba;JUCURUÇU;Bahia;Nordeste;-16.8333;-40.09137;8448;23.34;322;30;LULA;PT;3830;63,22;FLAVIO BOLSONARO;PL;1999;33,00;28.27;1999;25.5;58.6;52.2
ba;JUSSARA;Bahia;Nordeste;-11.0506;-41.95682;14126;18.19;383;50;LULA;PT;9304;84,05;FLAVIO BOLSONARO;PL;1475;13,33;67.75;1475;26.6;55.2;50.7
ba;JUSSARI;Bahia;Nordeste;-15.17467;-39.49404;4647;21.58;145;16;LULA;PT;2342;67,55;FLAVIO BOLSONARO;PL;1061;30,60;35.15;1061;26.2;57.7;50.1
ba;JUSSIAPE;Bahia;Nordeste;-13.50502;-41.59328;6499;16.51;202;27;LULA;PT;3588;69,98;FLAVIO BOLSONARO;PL;1358;26,49;41.1;1358;20.7;56.9;49.4
ba;LAFAIETE COUTINHO;Bahia;Nordeste;-13.64481;-40.25227;4471;18.92;178;15;LULA;PT;2406;70,79;FLAVIO BOLSONARO;PL;849;24,98;42.95;849;21.6;54.8;51.7
ba;LAGOA REAL;Bahia;Nordeste;-14.06549;-42.19013;10624;15.41;379;36;LULA;PT;6533;76,69;FLAVIO BOLSONARO;PL;1653;19,40;54.3;1653;27.6;63.4;51.1
ba;LAJE;Bahia;Nordeste;-13.16561;-39.39409;20749;20.19;756;62;LULA;PT;10552;67,73;FLAVIO BOLSONARO;PL;4467;28,67;36.75;4467;27.2;54.2;49.0
ba;LAJEDINHO;Bahia;Nordeste;-12.34793;-40.95285;3619;21.66;97;11;LULA;PT;2091;76,99;FLAVIO BOLSONARO;PL;548;20,18;54.43;548;24.8;60.3;51.3
ba;LAJEDO DO TABOCAL;Bahia;Nordeste;-13.45371;-40.24738;6287;20.07;226;25;LULA;PT;3532;75,20;FLAVIO BOLSONARO;PL;927;19,74;51.84;927;25.0;56.7;48.8
ba;LAJEDÃO;Bahia;Nordeste;-17.61041;-40.33672;4258;24.82;101;16;LULA;PT;1682;54,72;FLAVIO BOLSONARO;PL;1291;42,00;12.21;1291;24.4;52.6;49.5
ba;LAMARÃO;Bahia;Nordeste;-11.7845;-38.90004;8523;23.03;226;28;LULA;PT;5344;85,64;FLAVIO BOLSONARO;PL;741;11,88;70.17;741;27.1;58.7;48.8
ba;LAPÃO;Bahia;Nordeste;-11.44914;-41.81318;22037;14.84;461;86;LULA;PT;13144;72,76;FLAVIO BOLSONARO;PL;4265;23,61;47.31;4265;27.3;51.1;48.9
ba;LAURO DE FREITAS;Bahia;Nordeste;-12.88537;-38.32856;163871;22.91;4587;413;LULA;PT;70481;59,06;FLAVIO BOLSONARO;PL;39471;33,07;24.55;39471;27.1;25.5;45.2
ba;LENÇÓIS;Bahia;Nordeste;-12.52541;-41.3701;7895;22.05;179;24;LULA;PT;4676;79,11;FLAVIO BOLSONARO;PL;1037;17,54;59.13;1037;27.8;42.4;47.9
ba;LICÍNIO DE ALMEIDA;Bahia;Nordeste;-14.62146;-42.47748;10121;16.14;252;32;LULA;PT;5512;68,18;FLAVIO BOLSONARO;PL;2257;27,92;38.35;2257;23.1;49.9;50.0
ba;LIVRAMENTO DE NOSSA SENHORA;Bahia;Nordeste;-13.72404;-41.91055;34703;15.33;824;114;LULA;PT;19442;69,25;FLAVIO BOLSONARO;PL;7513;26,76;40.6;7513;25.1;51.0;49.8
ba;LUÍS EDUARDO MAGALHÃES;Bahia;Nordeste;-12.09406;-45.79484;81123;21.19;1128;241;FLAVIO BOLSONARO;PL;38496;62,03;LULA;PT;20173;32,51;28.66;20173;34.2;31.7;48.0
ba;MACAJUBA;Bahia;Nordeste;-12.14081;-40.30242;10033;25.61;337;32;LULA;PT;5188;74,07;FLAVIO BOLSONARO;PL;1598;22,82;48.1;1598;27.4;60.6;48.4
ba;MACARANI;Bahia;Nordeste;-15.57055;-40.43722;12841;24.69;515;42;LULA;PT;5105;56,72;FLAVIO BOLSONARO;PL;3536;39,28;16.23;3536;24.9;53.9;49.0
ba;MACAÚBAS;Bahia;Nordeste;-13.05475;-42.68255;32963;20.47;1025;142;LULA;PT;17101;68,97;FLAVIO BOLSONARO;PL;6619;26,69;39.99;6619;27.0;53.1;49.8
ba;MACURURÉ;Bahia;Nordeste;-9.26749;-38.9644;6566;18.82;138;24;LULA;PT;4260;82,54;FLAVIO BOLSONARO;PL;738;14,30;66.08;738;27.0;51.4;48.9
ba;MADRE DE DEUS;Bahia;Nordeste;-12.74007;-38.61478;17110;19.74;305;49;LULA;PT;10107;76,27;FLAVIO BOLSONARO;PL;2471;18,65;55.61;2471;24.8;27.9;46.2
ba;MAETINGA;Bahia;Nordeste;-14.66617;-41.49012;6722;25.83;226;20;LULA;PT;3366;71,45;FLAVIO BOLSONARO;PL;1145;24,30;44.54;1145;23.3;62.5;50.7
ba;MAIQUINIQUE;Bahia;Nordeste;-15.65063;-40.27402;7260;21.69;234;23;LULA;PT;2889;53,90;FLAVIO BOLSONARO;PL;2275;42,44;10.8;2275;26.3;54.0;49.2
ba;MAIRI;Bahia;Nordeste;-11.71341;-40.17252;13826;21.78;512;49;LULA;PT;7520;74,32;FLAVIO BOLSONARO;PL;2232;22,06;48.9;2232;24.9;58.5;47.4
ba;MALHADA;Bahia;Nordeste;-14.33795;-43.70824;13151;18.57;249;45;LULA;PT;6864;66,65;FLAVIO BOLSONARO;PL;3149;30,58;34.69;3149;30.5;51.3;50.7
ba;MALHADA DE PEDRAS;Bahia;Nordeste;-14.3695;-41.86479;7896;17.88;191;26;LULA;PT;4197;67,81;FLAVIO BOLSONARO;PL;1791;28,94;37.11;1791;26.1;55.8;49.7
ba;MANOEL VITORINO;Bahia;Nordeste;-14.10527;-40.41066;13181;20.08;289;44;LULA;PT;7696;75,75;FLAVIO BOLSONARO;PL;1951;19,20;54.54;1951;24.8;59.6;49.6
ba;MANSIDÃO;Bahia;Nordeste;-10.74976;-44.05325;10491;30.53;193;37;LULA;PT;5720;81,11;FLAVIO BOLSONARO;PL;1163;16,49;62.53;1163;27.4;47.7;51.2
ba;MARACÁS;Bahia;Nordeste;-13.47411;-40.47578;21719;21.86;685;74;LULA;PT;10774;67,44;FLAVIO BOLSONARO;PL;4379;27,41;37.68;4379;25.5;51.5;48.0
ba;MARAGOGIPE;Bahia;Nordeste;-12.79333;-38.94013;34902;17.51;903;122;LULA;PT;21252;77,41;FLAVIO BOLSONARO;PL;5197;18,93;55.76;5197;26.1;48.5;48.8
ba;MARAÚ;Bahia;Nordeste;-14.11804;-39.10902;16481;24.26;483;57;LULA;PT;8455;71,40;FLAVIO BOLSONARO;PL;2857;24,13;44.85;2857;30.1;56.8;50.5
ba;MARCIONÍLIO SOUZA;Bahia;Nordeste;-13.10348;-40.67073;7767;21.98;230;27;LULA;PT;4348;75,72;FLAVIO BOLSONARO;PL;1235;21,51;51.37;1235;27.5;59.9;49.0
ba;MASCOTE;Bahia;Nordeste;-15.60176;-39.41862;9177;24.03;220;34;LULA;PT;4564;68,26;FLAVIO BOLSONARO;PL;1879;28,10;38.51;1879;26.5;59.5;50.2
ba;MATA DE SÃO JOÃO;Bahia;Nordeste;-12.52124;-38.17318;43098;21.39;1383;128;LULA;PT;22616;71,50;FLAVIO BOLSONARO;PL;7239;22,89;45.39;7239;26.8;34.0;47.0
ba;MATINA;Bahia;Nordeste;-13.87666;-42.87158;9556;20.12;276;31;LULA;PT;5861;80,95;FLAVIO BOLSONARO;PL;1157;15,98;61.63;1157;28.3;56.3;50.0
ba;MEDEIROS NETO;Bahia;Nordeste;-17.38342;-40.22334;18663;21.65;587;66;LULA;PT;7356;53,13;FLAVIO BOLSONARO;PL;5924;42,78;9.79;5924;25.8;53.6;49.5
ba;MIGUEL CALMON;Bahia;Nordeste;-11.42645;-40.60458;19996;19.98;750;77;LULA;PT;9764;64,87;FLAVIO BOLSONARO;PL;4617;30,68;32.17;4617;24.5;55.7;48.2
ba;MILAGRES;Bahia;Nordeste;-12.88769;-39.82649;8823;19.1;304;35;LULA;PT;4673;69,56;FLAVIO BOLSONARO;PL;1816;27,03;40.03;1816;26.4;50.4;47.1
ba;MIRANGABA;Bahia;Nordeste;-10.82984;-40.64753;12693;19.6;292;45;LULA;PT;7379;75,26;FLAVIO BOLSONARO;PL;2088;21,30;51.85;2088;27.0;56.7;48.3
ba;MIRANTE;Bahia;Nordeste;-14.20684;-40.76269;8301;20.54;228;30;LULA;PT;4716;74,87;FLAVIO BOLSONARO;PL;1314;20,86;51.58;1314;25.0;63.9;51.0
ba;MONTE SANTO;Bahia;Nordeste;-10.42643;-39.40089;41809;18.33;984;162;LULA;PT;27711;84,39;FLAVIO BOLSONARO;PL;4308;13,12;68.54;4308;26.6;64.5;49.8
ba;MORPARÁ;Bahia;Nordeste;-11.70946;-43.13824;7604;21.74;190;30;LULA;PT;3912;68,76;FLAVIO BOLSONARO;PL;1658;29,14;37.88;1658;25.7;56.1;51.6
ba;MORRO DO CHAPÉU;Bahia;Nordeste;-11.51423;-41.113;26151;20.51;870;91;LULA;PT;13770;70,14;FLAVIO BOLSONARO;PL;4918;25,05;42.58;4918;27.0;49.4;48.6
ba;MORTUGABA;Bahia;Nordeste;-15.02082;-42.36687;9597;22.31;333;33;LULA;PT;4000;56,93;FLAVIO BOLSONARO;PL;2716;38,66;17.22;2716;20.6;56.8;48.5
ba;MUCUGÊ;Bahia;Nordeste;-13.0581;-41.47344;9863;15.03;364;34;LULA;PT;5229;66,55;FLAVIO BOLSONARO;PL;2316;29,48;34.76;2316;27.3;48.7;48.8
ba;MUCURI;Bahia;Nordeste;-18.03797;-39.78345;27873;24.7;649;98;LULA;PT;10146;50,64;FLAVIO BOLSONARO;PL;8840;44,12;6.22;8840;28.0;42.0;49.1
ba;MULUNGU DO MORRO;Bahia;Nordeste;-11.97041;-41.60522;10988;16.17;213;38;LULA;PT;7005;78,72;FLAVIO BOLSONARO;PL;1357;15,25;61.32;1357;31.8;52.4;48.1
ba;MUNDO NOVO;Bahia;Nordeste;-11.8909;-40.51837;14921;21.79;514;56;LULA;PT;8071;73,35;FLAVIO BOLSONARO;PL;2560;23,26;47.23;2560;26.3;53.5;48.8
ba;MUNIZ FERREIRA;Bahia;Nordeste;-13.00185;-39.09502;8206;15.07;249;32;LULA;PT;4748;71,58;FLAVIO BOLSONARO;PL;1583;23,87;45.42;1583;23.4;49.0;48.7
ba;MUQUÉM DO SÃO FRANCISCO;Bahia;Nordeste;-12.18292;-43.48118;9684;19.09;133;31;LULA;PT;5249;68,77;FLAVIO BOLSONARO;PL;2171;28,44;39.29;2171;30.4;49.2;51.9
ba;MURITIBA;Bahia;Nordeste;-12.62451;-39.04413;23640;23.78;792;73;LULA;PT;13033;77,21;FLAVIO BOLSONARO;PL;3162;18,73;54.78;3162;25.3;38.6;45.8
ba;MUTUÍPE;Bahia;Nordeste;-13.22881;-39.50569;17909;20.98;749;56;LULA;PT;8337;63,33;FLAVIO BOLSONARO;PL;4127;31,35;29.75;4127;24.6;54.9;47.9
ba;NAZARÉ;Bahia;Nordeste;-13.02838;-39.00595;22055;18.53;568;72;LULA;PT;12434;72,83;FLAVIO BOLSONARO;PL;3821;22,38;47.94;3821;25.3;40.2;46.8
ba;NILO PEÇANHA;Bahia;Nordeste;-13.64916;-39.16188;10011;19.97;345;30;LULA;PT;5338;71,24;FLAVIO BOLSONARO;PL;1868;24,93;43.31;1868;27.3;54.6;48.2
ba;NORDESTINA;Bahia;Nordeste;-10.81941;-39.45458;10580;19.15;310;36;LULA;PT;6269;77,02;FLAVIO BOLSONARO;PL;1597;19,62;54.62;1597;29.3;56.4;51.0
ba;NOVA CANAÃ;Bahia;Nordeste;-14.81144;-40.17432;12377;22.86;385;43;LULA;PT;6661;73,50;FLAVIO BOLSONARO;PL;2070;22,84;48.09;2070;24.5;61.1;50.0
ba;NOVA FÁTIMA;Bahia;Nordeste;-11.62201;-39.6394;7957;17.09;219;29;LULA;PT;4311;68,53;FLAVIO BOLSONARO;PL;1655;26,31;40.26;1655;24.1;51.1;48.1
ba;NOVA IBIÁ;Bahia;Nordeste;-13.80872;-39.62093;5509;19.04;157;19;LULA;PT;2634;62,09;FLAVIO BOLSONARO;PL;1441;33,97;26.75;1441;25.2;56.7;51.0
ba;NOVA ITARANA;Bahia;Nordeste;-13.04654;-40.03397;6607;17.25;154;23;LULA;PT;3641;69,58;FLAVIO BOLSONARO;PL;1434;27,40;40.37;1434;29.1;53.7;48.6
ba;NOVA REDENÇÃO;Bahia;Nordeste;-12.80947;-41.0821;6421;20.59;141;21;LULA;PT;4105;83,43;FLAVIO BOLSONARO;PL;698;14,19;66.82;698;27.6;54.3;50.4
ba;NOVA SOURE;Bahia;Nordeste;-11.30341;-38.49208;21207;22.2;519;70;LULA;PT;13021;82,33;FLAVIO BOLSONARO;PL;2292;14,49;65.03;2292;27.2;56.3;49.1
ba;NOVA VIÇOSA;Bahia;Nordeste;-17.88638;-39.72524;30989;22.23;784;101;LULA;PT;11287;49,16;FLAVIO BOLSONARO;PL;10817;47,11;1.95;10817;28.6;44.6;48.2
ba;NOVO HORIZONTE;Bahia;Nordeste;-12.81949;-42.13192;9200;16.42;200;38;LULA;PT;5116;69,40;FLAVIO BOLSONARO;PL;1899;25,76;41.84;1899;25.8;52.3;49.5
ba;NOVO TRIUNFO;Bahia;Nordeste;-10.33654;-38.41244;8227;22.44;213;25;LULA;PT;4575;74,60;FLAVIO BOLSONARO;PL;1354;22,08;50.48;1354;26.6;61.7;49.0
ba;OLINDINA;Bahia;Nordeste;-11.40354;-38.33364;19699;21.46;440;69;LULA;PT;11811;79,59;FLAVIO BOLSONARO;PL;2497;16,83;60.2;2497;27.0;58.2;48.5
ba;OLIVEIRA DOS BREJINHOS;Bahia;Nordeste;-12.30214;-42.54493;16618;16.44;408;70;LULA;PT;9993;74,92;FLAVIO BOLSONARO;PL;2937;22,02;50.81;2937;26.9;52.7;50.6
ba;OURIÇANGAS;Bahia;Nordeste;-12.01269;-38.64496;7224;20.65;253;26;LULA;PT;4265;79,23;FLAVIO BOLSONARO;PL;855;15,88;59.49;855;25.8;51.0;49.2
ba;OUROLÂNDIA;Bahia;Nordeste;-10.8867;-41.17619;14353;21.01;445;44;LULA;PT;6103;56,59;FLAVIO BOLSONARO;PL;4267;39,56;16.19;4267;28.4;58.0;49.3
ba;PALMAS DE MONTE ALTO;Bahia;Nordeste;-14.20032;-43.18054;17255;18.44;411;69;LULA;PT;10470;77,58;FLAVIO BOLSONARO;PL;2628;19,47;55.72;2628;24.5;59.3;49.9
ba;PALMEIRAS;Bahia;Nordeste;-12.54455;-41.55717;7857;18.12;201;24;LULA;PT;4978;80,84;FLAVIO BOLSONARO;PL;974;15,82;62.24;974;27.3;43.8;48.4
ba;PARAMIRIM;Bahia;Nordeste;-13.49634;-42.24387;16913;18.36;447;61;LULA;PT;9668;73,77;FLAVIO BOLSONARO;PL;2920;22,28;48.87;2920;23.5;51.0;48.6
ba;PARATINGA;Bahia;Nordeste;-12.721;-43.10953;24228;20.9;523;79;LULA;PT;14251;77,30;FLAVIO BOLSONARO;PL;3700;20,07;55.05;3700;27.8;51.2;49.5
ba;PARIPIRANGA;Bahia;Nordeste;-10.67727;-37.87463;23527;18.22;635;87;LULA;PT;13615;74,51;FLAVIO BOLSONARO;PL;3927;21,49;50.35;3927;26.7;62.4;47.6
ba;PAU BRASIL;Bahia;Nordeste;-15.46224;-39.65075;7547;19.09;187;26;LULA;PT;3689;62,78;FLAVIO BOLSONARO;PL;2045;34,80;26.92;2045;28.5;59.0;49.8
ba;PAULO AFONSO;Bahia;Nordeste;-9.43416;-38.23075;83620;21.86;1508;258;LULA;PT;47173;74,98;FLAVIO BOLSONARO;PL;13063;20,76;52.2;13063;27.6;39.2;46.2
ba;PEDRO ALEXANDRE;Bahia;Nordeste;-10.03769;-37.94737;10164;17.46;256;35;LULA;PT;6416;79,63;FLAVIO BOLSONARO;PL;1331;16,52;60.62;1331;32.6;66.4;49.9
ba;PEDRÃO;Bahia;Nordeste;-12.14685;-38.64621;6573;19.69;149;21;LULA;PT;4116;81,63;FLAVIO BOLSONARO;PL;668;13,25;65.32;668;27.6;46.2;49.2
ba;PIATÃ;Bahia;Nordeste;-13.05335;-41.84345;17470;23.07;763;76;LULA;PT;8124;65,27;FLAVIO BOLSONARO;PL;3438;27,62;34.87;3438;25.6;52.7;48.0
ba;PILÃO ARCADO;Bahia;Nordeste;-9.97379;-42.86676;28531;18.71;665;121;LULA;PT;17562;78,45;FLAVIO BOLSONARO;PL;4132;18,46;57.91;4132;28.4;67.1;50.8
ba;PINDAÍ;Bahia;Nordeste;-14.46294;-42.66818;12750;15.6;333;42;LULA;PT;7588;73,65;FLAVIO BOLSONARO;PL;2302;22,34;49.12;2302;24.5;56.7;50.1
ba;PINDOBAÇU;Bahia;Nordeste;-10.7307;-40.36546;16173;17.05;375;57;LULA;PT;8620;67,19;FLAVIO BOLSONARO;PL;3819;29,77;35.79;3819;26.9;51.4;49.1
ba;PINTADAS;Bahia;Nordeste;-11.83647;-39.89416;8931;25.84;301;29;LULA;PT;3780;60,77;FLAVIO BOLSONARO;PL;2227;35,80;23.45;2227;26.5;56.7;48.6
ba;PIRAÍ DO NORTE;Bahia;Nordeste;-13.76004;-39.3731;7100;18.13;202;24;LULA;PT;3656;66,27;FLAVIO BOLSONARO;PL;1590;28,82;35.54;1590;29.3;60.3;51.2
ba;PIRIPÁ;Bahia;Nordeste;-14.96821;-41.71573;8923;26.06;216;27;LULA;PT;4388;69,61;FLAVIO BOLSONARO;PL;1595;25,30;42.33;1595;22.3;57.0;49.0
ba;PIRITIBA;Bahia;Nordeste;-11.70636;-40.59431;14292;20.38;475;48;LULA;PT;7330;68,15;FLAVIO BOLSONARO;PL;2946;27,39;38.52;2946;25.3;62.6;48.2
ba;PLANALTINO;Bahia;Nordeste;-13.21779;-40.32196;6975;21.1;252;25;LULA;PT;3715;72,16;FLAVIO BOLSONARO;PL;1247;24,22;44.85;1247;24.2;57.6;50.6
ba;PLANALTO;Bahia;Nordeste;-14.69573;-40.47164;20252;18.71;634;77;LULA;PT;10387;66,81;FLAVIO BOLSONARO;PL;4489;28,87;35.83;4489;26.0;61.0;47.5
ba;POJUCA;Bahia;Nordeste;-12.42374;-38.3237;29229;20.42;1086;88;LULA;PT;16067;74,81;FLAVIO BOLSONARO;PL;4413;20,55;50.11;4413;25.3;39.6;46.3
ba;PONTO NOVO;Bahia;Nordeste;-10.90538;-40.12511;15183;17.96;345;44;LULA;PT;8429;70,64;FLAVIO BOLSONARO;PL;3032;25,41;43.33;3032;28.7;55.4;47.8
ba;PORTO SEGURO;Bahia;Nordeste;-16.4653;-39.11305;116587;23.7;2807;323;LULA;PT;42129;49,75;FLAVIO BOLSONARO;PL;37301;44,05;5.43;37301;29.1;37.2;46.5
ba;POTIRAGUÁ;Bahia;Nordeste;-15.64627;-39.75735;7860;23.73;211;29;LULA;PT;3421;59,89;FLAVIO BOLSONARO;PL;2126;37,22;21.6;2126;27.1;51.5;49.9
ba;POÇÕES;Bahia;Nordeste;-14.52381;-40.38012;37374;21.09;884;126;LULA;PT;19478;69,08;FLAVIO BOLSONARO;PL;7393;26,22;40.98;7393;26.9;55.2;47.6
ba;PRADO;Bahia;Nordeste;-17.22598;-39.28633;25814;22.97;709;76;LULA;PT;9774;51,71;FLAVIO BOLSONARO;PL;8545;45,21;6.18;8545;28.4;50.3;48.9
ba;PRESIDENTE DUTRA;Bahia;Nordeste;-11.30427;-41.99696;11979;14.48;213;48;LULA;PT;8285;83,40;FLAVIO BOLSONARO;PL;1417;14,26;67.04;1417;24.7;48.1;48.8
ba;PRESIDENTE JÂNIO QUADROS;Bahia;Nordeste;-14.6759;-41.68655;10674;26.71;285;35;LULA;PT;5660;75,93;FLAVIO BOLSONARO;PL;1460;19,59;53.69;1460;22.7;66.7;50.5
ba;PRESIDENTE TANCREDO NEVES;Bahia;Nordeste;-13.45261;-39.42404;21689;17.96;761;65;LULA;PT;9981;59,67;FLAVIO BOLSONARO;PL;5876;35,13;23.07;5876;29.6;54.5;48.9
ba;PÉ DE SERRA;Bahia;Nordeste;-11.85133;-39.61611;12191;17.4;419;43;LULA;PT;5666;59,56;FLAVIO BOLSONARO;PL;3418;35,93;22.32;3418;26.0;52.2;48.8
ba;QUEIMADAS;Bahia;Nordeste;-10.99257;-39.67427;20515;18.67;507;66;LULA;PT;10967;68,78;FLAVIO BOLSONARO;PL;4310;27,03;39.9;4310;27.5;53.8;49.8
ba;QUIJINGUE;Bahia;Nordeste;-10.74811;-39.08881;21197;17.23;522;69;LULA;PT;13742;81,60;FLAVIO BOLSONARO;PL;2647;15,72;63.24;2647;27.8;60.8;50.5
ba;QUIXABEIRA;Bahia;Nordeste;-11.40448;-40.10205;8784;18.78;330;31;LULA;PT;3523;52,96;FLAVIO BOLSONARO;PL;2858;42,96;9.32;2858;25.2;58.0;48.6
ba;RAFAEL JAMBEIRO;Bahia;Nordeste;-12.47591;-39.49472;19049;23.26;738;63;LULA;PT;9556;69,75;FLAVIO BOLSONARO;PL;3653;26,66;40.38;3653;27.3;57.4;46.7
ba;REMANSO;Bahia;Nordeste;-9.60635;-42.18875;32212;19.87;723;108;LULA;PT;18991;76,33;FLAVIO BOLSONARO;PL;5159;20,74;53.59;5159;26.1;53.4;48.8
ba;RETIROLÂNDIA;Bahia;Nordeste;-11.49544;-39.41753;12901;16.45;368;44;LULA;PT;7245;70,70;FLAVIO BOLSONARO;PL;2441;23,82;44.57;2441;25.0;48.5;47.9
ba;RIACHO DE SANTANA;Bahia;Nordeste;-13.62953;-42.96864;23737;20.81;527;78;LULA;PT;14242;79,45;FLAVIO BOLSONARO;PL;3037;16,94;59.61;3037;25.7;51.0;50.0
ba;RIACHÃO DAS NEVES;Bahia;Nordeste;-11.6849;-44.94557;19206;21.63;348;72;LULA;PT;10280;70,53;FLAVIO BOLSONARO;PL;3857;26,46;42.67;3857;26.6;51.7;51.6
ba;RIACHÃO DO JACUÍPE;Bahia;Nordeste;-11.78571;-39.40099;27708;14.75;763;94;LULA;PT;16737;74,32;FLAVIO BOLSONARO;PL;4506;20,01;51.78;4506;25.0;45.0;47.4
ba;RIBEIRA DO AMPARO;Bahia;Nordeste;-10.96547;-38.39796;12452;19.62;378;44;LULA;PT;7489;78,90;FLAVIO BOLSONARO;PL;1739;18,32;57.45;1739;28.5;60.6;50.0
ba;RIBEIRA DO POMBAL;Bahia;Nordeste;-10.80081;-38.51753;45064;19.74;1144;142;LULA;PT;23991;69,64;FLAVIO BOLSONARO;PL;8900;25,83;41.73;8900;27.6;51.0;47.8
ba;RIBEIRÃO DO LARGO;Bahia;Nordeste;-15.46745;-40.68465;8797;25.21;180;28;LULA;PT;4425;69,95;FLAVIO BOLSONARO;PL;1678;26,53;41.75;1678;27.5;64.7;51.6
ba;RIO DE CONTAS;Bahia;Nordeste;-13.5841;-41.73693;12117;16.04;375;44;LULA;PT;6790;70,38;FLAVIO BOLSONARO;PL;2493;25,84;42.24;2493;22.0;53.8;48.6
ba;RIO DO ANTÔNIO;Bahia;Nordeste;-14.30315;-42.0902;10690;16.16;242;40;LULA;PT;6628;76,97;FLAVIO BOLSONARO;PL;1706;19,81;54.92;1706;24.8;62.4;49.6
ba;RIO DO PIRES;Bahia;Nordeste;-13.10398;-42.23229;11178;30.63;313;38;LULA;PT;5350;72,75;FLAVIO BOLSONARO;PL;1711;23,27;46.93;1711;23.9;54.8;50.5
ba;RIO REAL;Bahia;Nordeste;-11.49954;-37.9321;29286;18.59;827;94;LULA;PT;15327;67,97;FLAVIO BOLSONARO;PL;6058;26,87;38.88;6058;28.4;51.3;47.7
ba;RODELAS;Bahia;Nordeste;-8.85555;-38.75497;7602;18.53;143;22;LULA;PT;4694;78,26;FLAVIO BOLSONARO;PL;1132;18,87;57.52;1132;31.0;48.6;47.2
ba;RUY BARBOSA;Bahia;Nordeste;-12.2825;-40.53415;23977;22.12;964;81;LULA;PT;11694;67,33;FLAVIO BOLSONARO;PL;4857;27,96;36.61;4857;27.9;48.1;46.9
ba;SALINAS DA MARGARIDA;Bahia;Nordeste;-12.89039;-38.76767;16000;22.91;428;45;LULA;PT;9248;79,10;FLAVIO BOLSONARO;PL;1991;17,03;58.84;1991;25.2;39.9;45.7
ba;SALVADOR;Bahia;Nordeste;-12.94206;-38.4623;1955479;20.14;77566;5124;LULA;PT;944358;65,26;FLAVIO BOLSONARO;PL;391188;27,03;35.42;391188;24.1;23.9;44.5
ba;SANTA BRÍGIDA;Bahia;Nordeste;-9.76341;-38.16319;11939;22.28;314;42;LULA;PT;7189;81,17;FLAVIO BOLSONARO;PL;1369;15,46;62.72;1369;28.9;61.0;50.0
ba;SANTA BÁRBARA;Bahia;Nordeste;-11.95036;-38.97774;20163;19.04;544;61;LULA;PT;11603;74,57;FLAVIO BOLSONARO;PL;3307;21,25;50.82;3307;26.8;51.6;46.8
ba;SANTA CRUZ CABRÁLIA;Bahia;Nordeste;-16.2852;-39.05488;25527;27.8;588;82;LULA;PT;9896;56,32;FLAVIO BOLSONARO;PL;6755;38,44;17.04;6755;28.9;45.5;48.4
ba;SANTA CRUZ DA VITÓRIA;Bahia;Nordeste;-14.95942;-39.80879;4922;27.61;134;16;LULA;PT;1924;57,06;FLAVIO BOLSONARO;PL;1253;37,16;18.83;1253;25.6;52.3;49.4
ba;SANTA INÊS;Bahia;Nordeste;-13.29295;-39.82967;8217;23.32;213;30;LULA;PT;4647;77,80;FLAVIO BOLSONARO;PL;1146;19,19;55.56;1146;25.2;48.8;48.4
ba;SANTA LUZIA;Bahia;Nordeste;-15.43619;-39.32518;9034;23.19;222;30;LULA;PT;4143;62,34;FLAVIO BOLSONARO;PL;2247;33,81;27.32;2247;27.4;63.5;50.8
ba;SANTA MARIA DA VITÓRIA;Bahia;Nordeste;-13.31036;-44.29845;30271;17.99;789;113;LULA;PT;15887;66,98;FLAVIO BOLSONARO;PL;6763;28,51;36.75;6763;25.9;48.8;49.6
ba;SANTA RITA DE CÁSSIA;Bahia;Nordeste;-10.93786;-44.52069;22965;22.75;462;80;LULA;PT;12359;72,64;FLAVIO BOLSONARO;PL;4071;23,93;46.72;4071;26.8;48.7;50.9
ba;SANTA TEREZINHA;Bahia;Nordeste;-12.74473;-39.55486;9441;18.44;300;34;LULA;PT;5463;75,01;FLAVIO BOLSONARO;PL;1566;21,50;50.61;1566;26.2;49.8;48.9
ba;SANTALUZ;Bahia;Nordeste;-11.24772;-39.43019;32102;17.21;1151;104;LULA;PT;16973;67,94;FLAVIO BOLSONARO;PL;6733;26,95;38.53;6733;28.1;48.8;48.4
ba;SANTANA;Bahia;Nordeste;-13.00733;-44.04363;21022;19.85;551;68;LULA;PT;10420;64,74;FLAVIO BOLSONARO;PL;5076;31,54;31.72;5076;25.5;48.3;50.4
ba;SANTANÓPOLIS;Bahia;Nordeste;-12.01001;-38.86531;9599;20.29;305;29;LULA;PT;5327;74,45;FLAVIO BOLSONARO;PL;1512;21,13;49.86;1512;25.6;47.8;47.9
ba;SANTO AMARO;Bahia;Nordeste;-12.55044;-38.73043;47773;21.02;1382;154;LULA;PT;28779;81,04;FLAVIO BOLSONARO;PL;5155;14,52;62.61;5155;24.5;38.1;46.2
ba;SANTO ANTÔNIO DE JESUS;Bahia;Nordeste;-12.97592;-39.25534;77886;17.87;2855;237;LULA;PT;36601;60,98;FLAVIO BOLSONARO;PL;19640;32,72;26.51;19640;25.8;37.4;45.1
ba;SANTO ESTEVÃO;Bahia;Nordeste;-12.44233;-39.25642;39754;18.96;1322;120;LULA;PT;23211;76,39;FLAVIO BOLSONARO;PL;5841;19,22;53.92;5841;28.7;45.1;45.8
ba;SAPEAÇU;Bahia;Nordeste;-12.72579;-39.19202;16207;18.18;568;57;LULA;PT;8881;71,67;FLAVIO BOLSONARO;PL;2995;24,17;44.39;2995;25.5;45.5;46.5
ba;SAUBARA;Bahia;Nordeste;-12.75738;-38.76952;13374;22.86;369;38;LULA;PT;7146;73,46;FLAVIO BOLSONARO;PL;2147;22,07;48.45;2147;21.9;41.3;46.7
ba;SAÚDE;Bahia;Nordeste;-10.9449;-40.39829;9154;23.93;347;32;LULA;PT;4671;71,73;FLAVIO BOLSONARO;PL;1588;24,39;44.28;1588;24.2;52.9;49.0
ba;SEABRA;Bahia;Nordeste;-12.44222;-41.80904;35799;15.49;1085;121;LULA;PT;21986;76,48;FLAVIO BOLSONARO;PL;5468;19,02;54.6;5468;28.8;42.2;47.6
ba;SEBASTIÃO LARANJEIRAS;Bahia;Nordeste;-14.5806;-42.98661;7218;17.4;122;26;LULA;PT;4001;69,34;FLAVIO BOLSONARO;PL;1569;27,19;40.79;1569;24.5;56.2;49.4
ba;SENHOR DO BONFIM;Bahia;Nordeste;-10.46576;-40.16734;53709;18.55;1717;174;LULA;PT;25666;62,13;FLAVIO BOLSONARO;PL;13819;33,45;27.08;13819;25.8;38.5;46.1
ba;SENTO SÉ;Bahia;Nordeste;-9.86529;-41.76299;30127;18.22;681;103;LULA;PT;15344;65,00;FLAVIO BOLSONARO;PL;7419;31,43;32.17;7419;28.7;49.2;50.3
ba;SERRA DO RAMALHO;Bahia;Nordeste;-13.48829;-43.6134;26065;18.02;451;90;LULA;PT;14982;72,39;FLAVIO BOLSONARO;PL;5014;24,23;46.65;5014;28.8;46.7;49.5
ba;SERRA DOURADA;Bahia;Nordeste;-12.79942;-43.94699;15281;22.45;353;52;LULA;PT;6849;60,58;FLAVIO BOLSONARO;PL;4114;36,39;23.08;4114;23.6;50.1;50.7
ba;SERRA PRETA;Bahia;Nordeste;-12.11104;-39.39401;17262;21.67;447;60;LULA;PT;10106;78,47;FLAVIO BOLSONARO;PL;2311;17,95;57.65;2311;25.3;56.5;48.3
ba;SERRINHA;Bahia;Nordeste;-11.66038;-39.00359;63689;18.23;2196;218;LULA;PT;35445;72,24;FLAVIO BOLSONARO;PL;11134;22,69;46.68;11134;27.1;43.0;46.5
ba;SERROLÂNDIA;Bahia;Nordeste;-11.41628;-40.28809;11033;19.3;366;37;LULA;PT;5505;65,54;FLAVIO BOLSONARO;PL;2507;29,85;33.67;2507;23.4;53.8;47.8
ba;SIMÕES FILHO;Bahia;Nordeste;-12.79301;-38.39821;90003;20.63;2762;260;LULA;PT;44707;66,66;FLAVIO BOLSONARO;PL;17661;26,33;37.86;17661;28.5;34.8;46.6
ba;SOBRADINHO;Bahia;Nordeste;-9.47073;-40.80647;20427;21.79;410;60;LULA;PT;10803;70,28;FLAVIO BOLSONARO;PL;3814;24,81;43.75;3814;29.4;48.3;48.8
ba;SOUTO SOARES;Bahia;Nordeste;-12.04814;-41.69283;14232;18.1;228;47;LULA;PT;9291;82,35;FLAVIO BOLSONARO;PL;1545;13,69;66.46;1545;28.9;50.3;49.6
ba;SÁTIRO DIAS;Bahia;Nordeste;-11.60858;-38.54947;14469;21.72;422;49;LULA;PT;7770;72,63;FLAVIO BOLSONARO;PL;2452;22,92;46.95;2452;30.2;59.0;48.9
ba;SÃO DESIDÉRIO;Bahia;Nordeste;-12.55069;-45.12119;28595;19.99;441;94;LULA;PT;13345;60,07;FLAVIO BOLSONARO;PL;7931;35,70;23.66;7931;31.0;53.2;50.7
ba;SÃO DOMINGOS;Bahia;Nordeste;-11.45248;-39.50974;7986;14.68;247;29;LULA;PT;4375;67,45;FLAVIO BOLSONARO;PL;1781;27,46;38.07;1781;23.1;47.5;48.8
ba;SÃO FELIPE;Bahia;Nordeste;-12.82967;-39.08802;17802;17.01;544;67;LULA;PT;9543;68,46;FLAVIO BOLSONARO;PL;3812;27,35;38.79;3812;24.6;47.9;48.1
ba;SÃO FRANCISCO DO CONDE;Bahia;Nordeste;-12.6521;-38.64107;33764;23.72;775;108;LULA;PT;20076;81,97;FLAVIO BOLSONARO;PL;3397;13,87;64.76;3397;27.2;36.0;45.9
ba;SÃO FÉLIX;Bahia;Nordeste;-12.63553;-38.9823;10118;18.09;278;38;LULA;PT;6190;78,76;FLAVIO BOLSONARO;PL;1331;16,94;58.63;1331;25.0;44.4;47.9
ba;SÃO FÉLIX DO CORIBE;Bahia;Nordeste;-13.47127;-44.14185;12580;17.27;318;40;LULA;PT;5660;56,88;FLAVIO BOLSONARO;PL;3798;38,17;17.89;3798;28.5;41.6;49.8
ba;SÃO GABRIEL;Bahia;Nordeste;-11.13776;-41.78433;16440;15.01;357;68;LULA;PT;10916;81,05;FLAVIO BOLSONARO;PL;2122;15,76;62.94;2122;26.3;53.6;49.9
ba;SÃO GONÇALO DOS CAMPOS;Bahia;Nordeste;-12.41373;-38.94164;30041;17.28;867;93;LULA;PT;17586;74,88;FLAVIO BOLSONARO;PL;4622;19,68;52.17;4622;26.5;47.4;46.9
ba;SÃO JOSÉ DA VITÓRIA;Bahia;Nordeste;-15.08027;-39.33746;5258;24.8;170;19;LULA;PT;2313;61,98;FLAVIO BOLSONARO;PL;1258;33,71;26.68;1258;26.6;58.0;50.1
ba;SÃO JOSÉ DO JACUÍPE;Bahia;Nordeste;-11.46061;-39.96086;8830;20.53;261;27;LULA;PT;4572;69,12;FLAVIO BOLSONARO;PL;1782;26,94;39.76;1782;26.4;59.9;48.5
ba;SÃO MIGUEL DAS MATAS;Bahia;Nordeste;-13.04843;-39.44075;9030;15.04;238;35;LULA;PT;5368;73,20;FLAVIO BOLSONARO;PL;1637;22,32;48.63;1637;26.8;53.7;49.5
ba;SÃO SEBASTIÃO DO PASSÉ;Bahia;Nordeste;-12.51497;-38.50257;34046;20.5;891;105;LULA;PT;21232;82,40;FLAVIO BOLSONARO;PL;3443;13,36;65.72;3443;25.0;36.1;47.6
ba;SÍTIO DO MATO;Bahia;Nordeste;-12.94497;-43.4312;11257;18.02;192;38;LULA;PT;6262;70,09;FLAVIO BOLSONARO;PL;2402;26,89;41.83;2402;29.8;47.9;50.8
ba;SÍTIO DO QUINTO;Bahia;Nordeste;-10.35739;-38.16482;9929;17.09;285;34;LULA;PT;5726;72,73;FLAVIO BOLSONARO;PL;1852;23,52;47.06;1852;27.2;67.6;49.5
ba;TABOCAS DO BREJO VELHO;Bahia;Nordeste;-12.58216;-44.11969;11241;22.99;235;36;LULA;PT;5809;69,90;FLAVIO BOLSONARO;PL;2130;25,63;42.5;2130;25.8;51.6;51.6
ba;TANHAÇU;Bahia;Nordeste;-14.06615;-41.22201;17984;16.68;392;57;LULA;PT;10305;71,52;FLAVIO BOLSONARO;PL;3462;24,03;45.67;3462;24.6;58.3;49.4
ba;TANQUE NOVO;Bahia;Nordeste;-13.54162;-42.50923;14688;16.69;414;45;LULA;PT;8808;76,25;FLAVIO BOLSONARO;PL;2212;19,15;53.91;2212;28.3;56.0;49.7
ba;TANQUINHO;Bahia;Nordeste;-11.95375;-39.09398;7717;16.5;169;28;LULA;PT;4546;73,18;FLAVIO BOLSONARO;PL;1427;22,97;48.4;1427;26.9;51.9;48.8
ba;TAPEROÁ;Bahia;Nordeste;-13.5502;-39.13339;14359;21.32;475;45;LULA;PT;7311;68,68;FLAVIO BOLSONARO;PL;2811;26,41;39.83;2811;29.0;54.9;48.3
ba;TAPIRAMUTÁ;Bahia;Nordeste;-11.85287;-40.80075;11283;23.64;581;37;LULA;PT;5554;70,17;FLAVIO BOLSONARO;PL;2051;25,91;40.66;2051;27.9;53.3;49.2
ba;TEIXEIRA DE FREITAS;Bahia;Nordeste;-17.52875;-39.74216;105045;22.21;2350;303;FLAVIO BOLSONARO;PL;38670;49,51;LULA;PT;35445;45,39;3.95;35445;27.6;40.4;46.5
ba;TEODORO SAMPAIO;Bahia;Nordeste;-12.28095;-38.62733;6868;18.01;187;24;LULA;PT;4544;84,65;FLAVIO BOLSONARO;PL;630;11,74;69.51;630;24.9;46.3;50.2
ba;TEOFILÂNDIA;Bahia;Nordeste;-11.48128;-38.96988;18692;23.48;458;62;LULA;PT;11318;82,84;FLAVIO BOLSONARO;PL;1918;14,04;65.72;1918;28.1;60.4;48.3
ba;TEOLÂNDIA;Bahia;Nordeste;-13.59012;-39.48057;11256;20.25;314;37;LULA;PT;5969;69,85;FLAVIO BOLSONARO;PL;2241;26,23;41.53;2241;29.8;55.5;48.8
ba;TERRA NOVA;Bahia;Nordeste;-12.40303;-38.62044;10480;20.58;335;35;LULA;PT;6144;78,27;FLAVIO BOLSONARO;PL;1335;17,01;57.78;1335;26.5;42.6;47.3
ba;TREMEDAL;Bahia;Nordeste;-15.01144;-41.46042;15421;25.1;475;51;LULA;PT;7294;66,48;FLAVIO BOLSONARO;PL;3188;29,06;35.55;3188;22.5;65.4;50.0
ba;TUCANO;Bahia;Nordeste;-11.00615;-38.81075;41771;19.97;1178;133;LULA;PT;23765;74,73;FLAVIO BOLSONARO;PL;6849;21,54;50.6;6849;26.1;57.2;48.3
ba;UAUÁ;Bahia;Nordeste;-9.90596;-39.50446;22079;17.85;461;82;LULA;PT;14202;81,37;FLAVIO BOLSONARO;PL;2594;14,86;64.0;2594;25.1;50.5;49.7
ba;UBAITABA;Bahia;Nordeste;-14.31029;-39.3223;14272;25.18;341;43;LULA;PT;6014;58,88;FLAVIO BOLSONARO;PL;3709;36,31;21.58;3709;25.3;47.9;46.8
ba;UBATÃ;Bahia;Nordeste;-14.21171;-39.52534;11980;23.02;389;41;LULA;PT;5152;59,14;FLAVIO BOLSONARO;PL;3051;35,02;22.78;3051;24.3;48.1;46.5
ba;UBAÍRA;Bahia;Nordeste;-13.26403;-39.65532;15896;20.55;565;54;LULA;PT;7651;64,54;FLAVIO BOLSONARO;PL;3655;30,83;31.64;3655;23.8;55.8;48.3
ba;UIBAÍ;Bahia;Nordeste;-11.33853;-42.11138;12012;16.99;267;43;LULA;PT;7232;75,77;FLAVIO BOLSONARO;PL;1954;20,47;52.93;1954;23.7;49.4;49.4
ba;UMBURANAS;Bahia;Nordeste;-10.64045;-41.27629;11651;20.74;279;35;LULA;PT;6133;69,07;FLAVIO BOLSONARO;PL;2472;27,84;39.64;2472;27.9;55.7;50.7
ba;UNA;Bahia;Nordeste;-15.29648;-39.06918;16864;25.28;471;64;LULA;PT;6538;54,78;FLAVIO BOLSONARO;PL;4753;39,82;14.17;4753;24.5;52.4;50.1
ba;URANDI;Bahia;Nordeste;-14.75674;-42.69539;13766;19.14;231;43;LULA;PT;8062;74,84;FLAVIO BOLSONARO;PL;2357;21,88;51.25;2357;24.8;56.6;49.4
ba;URUÇUCA;Bahia;Nordeste;-14.57606;-39.25242;18222;23.61;550;62;LULA;PT;8109;61,39;FLAVIO BOLSONARO;PL;4599;34,81;25.22;4599;26.6;52.3;49.0
ba;UTINGA;Bahia;Nordeste;-12.07799;-41.08627;13057;21.96;346;42;LULA;PT;6959;71,40;FLAVIO BOLSONARO;PL;2420;24,83;44.54;2420;29.1;50.8;48.6
ba;VALENTE;Bahia;Nordeste;-11.40386;-39.45395;20175;13.6;669;73;LULA;PT;9915;60,13;FLAVIO BOLSONARO;PL;5598;33,95;24.77;5598;24.5;44.1;47.7
ba;VALENÇA;Bahia;Nordeste;-13.36282;-39.12073;66657;20.65;2474;195;LULA;PT;30832;62,76;FLAVIO BOLSONARO;PL;15367;31,28;29.24;15367;27.3;46.4;46.1
ba;VARZEDO;Bahia;Nordeste;-12.98032;-39.38104;9468;16.9;288;30;LULA;PT;4957;66,13;FLAVIO BOLSONARO;PL;2167;28,91;35.46;2167;26.1;57.3;49.2
ba;VERA CRUZ;Bahia;Nordeste;-13.01052;-38.67608;36715;20.39;836;107;LULA;PT;20718;74,30;FLAVIO BOLSONARO;PL;5950;21,34;50.53;5950;24.2;41.0;46.7
ba;VEREDA;Bahia;Nordeste;-17.16195;-40.07347;6714;23.99;144;23;LULA;PT;3074;62,61;FLAVIO BOLSONARO;PL;1637;33,34;28.16;1637;26.2;58.2;52.1
ba;VITÓRIA DA CONQUISTA;Bahia;Nordeste;-14.87404;-40.85877;265595;18.57;7707;766;LULA;PT;108011;52,85;FLAVIO BOLSONARO;PL;82936;40,58;11.59;82936;27.0;39.5;45.8
ba;VÁRZEA DA ROÇA;Bahia;Nordeste;-11.60695;-40.11313;10928;20.46;395;38;LULA;PT;5793;71,59;FLAVIO BOLSONARO;PL;1967;24,31;44.02;1967;25.1;64.6;48.5
ba;VÁRZEA DO POÇO;Bahia;Nordeste;-11.53062;-40.30148;7284;18.93;223;25;LULA;PT;3937;70,24;FLAVIO BOLSONARO;PL;1426;25,44;42.52;1426;23.7;56.1;48.8
ba;VÁRZEA NOVA;Bahia;Nordeste;-11.23227;-40.95946;10874;18.57;397;36;LULA;PT;5666;68,13;FLAVIO BOLSONARO;PL;2228;26,79;38.83;2228;26.9;56.4;49.0
ba;WAGNER;Bahia;Nordeste;-12.2802;-41.16994;6804;20.44;184;22;LULA;PT;3730;72,29;FLAVIO BOLSONARO;PL;1268;24,57;45.48;1268;27.2;48.6;48.1
ba;WANDERLEY;Bahia;Nordeste;-12.03707;-43.91243;10702;20.63;172;36;LULA;PT;5088;61,75;FLAVIO BOLSONARO;PL;2911;35,33;25.63;2911;25.9;55.7;51.1
ba;WENCESLAU GUIMARÃES;Bahia;Nordeste;-13.65751;-39.53947;16675;21.58;460;54;LULA;PT;7981;64,27;FLAVIO BOLSONARO;PL;3965;31,93;30.71;3965;28.3;57.7;49.5
ba;XIQUE-XIQUE;Bahia;Nordeste;-10.82792;-42.74556;35384;22.52;1012;124;LULA;PT;18111;69,55;FLAVIO BOLSONARO;PL;6878;26,41;40.97;6878;30.4;48.5;48.3
ba;ÁGUA FRIA;Bahia;Nordeste;-11.82093;-38.75813;13416;21.12;565;45;LULA;PT;7386;75,32;FLAVIO BOLSONARO;PL;1964;20,03;51.24;1964;26.9;55.1;48.0
ba;ÉRICO CARDOSO;Bahia;Nordeste;-13.4107;-42.09953;8440;23.36;303;34;LULA;PT;4545;74,84;FLAVIO BOLSONARO;PL;1258;20,71;50.82;1258;24.8;58.3;48.6
ce;ABAIARA;Ceará;Nordeste;-7.35037;-39.04334;7775;19.76;246;28;LULA;PT;4634;78,81;FLAVIO BOLSONARO;PL;1036;17,62;57.67;1036;29.1;44.8;49.1
ce;ACARAPE;Ceará;Nordeste;-4.22347;-38.68767;12546;13.37;293;41;LULA;PT;6079;58,65;FLAVIO BOLSONARO;PL;3847;37,12;20.54;3847;30.2;44.7;47.3
ce;ACARAÚ;Ceará;Nordeste;-2.90332;-40.11497;49197;19.04;1467;167;LULA;PT;23817;63,33;FLAVIO BOLSONARO;PL;12267;32,62;29.0;12267;29.6;50.2;47.8
ce;ACOPIARA;Ceará;Nordeste;-6.10483;-39.4597;38571;15.99;1209;146;LULA;PT;23458;76,59;FLAVIO BOLSONARO;PL;6153;20,09;53.4;6153;24.3;55.2;48.7
ce;AIUABA;Ceará;Nordeste;-6.59989;-40.23554;11440;20.97;322;45;LULA;PT;7142;82,67;FLAVIO BOLSONARO;PL;1196;13,84;65.77;1196;25.4;56.9;49.3
ce;ALCÂNTARAS;Ceará;Nordeste;-3.58321;-40.53978;10265;20.22;290;36;LULA;PT;5939;76,91;FLAVIO BOLSONARO;PL;1437;18,61;54.98;1437;27.8;50.5;48.6
ce;ALTANEIRA;Ceará;Nordeste;-7.00273;-39.72455;6949;18.41;203;27;LULA;PT;4500;83,13;FLAVIO BOLSONARO;PL;669;12,36;67.57;669;29.9;49.8;48.5
ce;ALTO SANTO;Ceará;Nordeste;-5.4958;-38.27269;12108;16.12;236;50;LULA;PT;7184;73,52;FLAVIO BOLSONARO;PL;2157;22,08;49.5;2157;25.5;52.7;48.8
ce;AMONTADA;Ceará;Nordeste;-3.20937;-39.74591;36349;18.48;884;130;LULA;PT;19857;70,14;FLAVIO BOLSONARO;PL;7402;26,15;42.03;7402;31.1;44.8;50.2
ce;ANTONINA DO NORTE;Ceará;Nordeste;-6.77331;-39.9879;7089;22.87;206;30;LULA;PT;4169;80,20;FLAVIO BOLSONARO;PL;791;15,22;61.78;791;26.1;55.7;48.5
ce;APUIARÉS;Ceará;Nordeste;-3.93428;-39.39468;12696;15.55;250;48;LULA;PT;7375;71,32;FLAVIO BOLSONARO;PL;2442;23,61;46.01;2442;27.5;47.8;50.3
ce;AQUIRAZ;Ceará;Nordeste;-3.95085;-38.39286;69632;14.2;2065;229;LULA;PT;33019;58,37;FLAVIO BOLSONARO;PL;20298;35,88;21.29;20298;27.9;43.1;48.5
ce;ARACATI;Ceará;Nordeste;-4.59514;-37.75651;57417;15.12;1297;206;LULA;PT;29308;63,24;FLAVIO BOLSONARO;PL;14510;31,31;30.37;14510;26.5;42.3;47.6
ce;ARACOIABA;Ceará;Nordeste;-4.42502;-38.74539;24943;12.75;502;91;LULA;PT;14493;69,06;FLAVIO BOLSONARO;PL;5701;27,17;40.4;5701;27.5;48.8;49.0
ce;ARARENDÁ;Ceará;Nordeste;-4.75334;-40.76003;9705;16.69;244;37;LULA;PT;5559;71,68;FLAVIO BOLSONARO;PL;1943;25,05;44.72;1943;26.8;54.6;49.4
ce;ARARIPE;Ceará;Nordeste;-7.20062;-40.12202;17494;18.93;504;67;LULA;PT;11246;83,18;FLAVIO BOLSONARO;PL;1870;13,83;66.11;1870;28.9;58.1;48.6
ce;ARATUBA;Ceará;Nordeste;-4.4164;-39.03751;12289;16.73;291;40;LULA;PT;6776;69,55;FLAVIO BOLSONARO;PL;2571;26,39;41.09;2571;30.7;43.9;49.8
ce;ARNEIROZ;Ceará;Nordeste;-6.26415;-40.14434;6939;21.27;149;25;LULA;PT;3885;73,80;FLAVIO BOLSONARO;PL;1157;21,98;49.94;1157;25.5;50.8;49.8
ce;ASSARÉ;Ceará;Nordeste;-6.8938;-39.86323;18914;20.62;501;72;LULA;PT;11066;77,60;FLAVIO BOLSONARO;PL;2518;17,66;56.94;2518;27.9;55.8;48.6
ce;AURORA;Ceará;Nordeste;-6.96425;-38.95016;20292;20.19;682;79;LULA;PT;11216;73,66;FLAVIO BOLSONARO;PL;3343;21,95;48.61;3343;25.3;55.5;49.1
ce;BAIXIO;Ceará;Nordeste;-6.71999;-38.73047;5464;16.14;127;23;LULA;PT;3608;81,67;FLAVIO BOLSONARO;PL;682;15,44;63.86;682;25.1;48.9;50.6
ce;BANABUIÚ;Ceará;Nordeste;-5.2632;-38.89745;15673;15.87;319;56;LULA;PT;9529;74,87;FLAVIO BOLSONARO;PL;2774;21,80;51.23;2774;30.1;51.2;50.0
ce;BARBALHA;Ceará;Nordeste;-7.31414;-39.30973;53415;16.44;1460;171;LULA;PT;28658;67,55;FLAVIO BOLSONARO;PL;11693;27,56;38.01;11693;28.9;36.3;46.0
ce;BARREIRA;Ceará;Nordeste;-4.29663;-38.62075;19586;13.64;515;63;LULA;PT;9176;57,02;FLAVIO BOLSONARO;PL;6410;39,83;16.35;6410;28.3;48.2;47.4
ce;BARRO;Ceará;Nordeste;-7.14131;-38.78068;17005;22.42;567;59;LULA;PT;10047;80,65;FLAVIO BOLSONARO;PL;1938;15,56;61.46;1938;24.5;53.5;48.0
ce;BARROQUINHA;Ceará;Nordeste;-2.96153;-41.18058;15207;20.81;458;49;LULA;PT;7660;67,28;FLAVIO BOLSONARO;PL;3225;28,33;36.83;3225;30.1;51.3;49.3
ce;BATURITÉ;Ceará;Nordeste;-4.33722;-38.8735;28552;16.12;714;97;LULA;PT;15878;69,64;FLAVIO BOLSONARO;PL;5988;26,26;41.3;5988;29.4;45.3;47.2
ce;BEBERIBE;Ceará;Nordeste;-4.30861;-38.07833;46979;13.79;1515;166;LULA;PT;24758;64,88;FLAVIO BOLSONARO;PL;11429;29,95;32.91;11429;25.6;48.3;48.9
ce;BELA CRUZ;Ceará;Nordeste;-3.0337;-40.23417;21553;17.62;763;81;LULA;PT;10504;63,17;FLAVIO BOLSONARO;PL;5325;32,03;29.17;5325;27.5;51.8;49.0
ce;BOA VIAGEM;Ceará;Nordeste;-5.07415;-39.76051;42595;19.01;1159;161;LULA;PT;24219;73,95;FLAVIO BOLSONARO;PL;6541;19,97;51.25;6541;27.4;55.0;48.8
ce;BREJO SANTO;Ceará;Nordeste;-7.4925;-38.98067;36964;17.18;1012;136;LULA;PT;22036;75,48;FLAVIO BOLSONARO;PL;6049;20,72;52.22;6049;28.1;44.1;46.5
ce;CAMOCIM;Ceará;Nordeste;-2.91275;-40.8321;50991;19.05;1250;177;LULA;PT;24861;63,35;FLAVIO BOLSONARO;PL;12134;30,92;30.83;12134;29.1;43.4;47.8
ce;CAMPOS SALES;Ceará;Nordeste;-7.00676;-40.33222;20555;19.83;520;77;LULA;PT;12519;79,39;FLAVIO BOLSONARO;PL;2654;16,83;59.87;2654;26.9;54.5;47.6
ce;CANINDÉ;Ceará;Nordeste;-4.38421;-39.35576;60219;17.2;1509;222;LULA;PT;34478;72,24;FLAVIO BOLSONARO;PL;11278;23,63;46.53;11278;28.6;50.8;47.9
ce;CAPISTRANO;Ceará;Nordeste;-4.46624;-38.91175;16205;15.26;321;56;LULA;PT;9626;72,91;FLAVIO BOLSONARO;PL;3111;23,56;47.44;3111;28.0;46.8;49.4
ce;CARIDADE;Ceará;Nordeste;-4.19296;-39.15794;17474;16.03;470;66;LULA;PT;9972;71,31;FLAVIO BOLSONARO;PL;3364;24,06;45.04;3364;29.1;55.1;49.2
ce;CARIRIAÇU;Ceará;Nordeste;-7.03072;-39.27146;24954;17.28;696;97;LULA;PT;14590;73,96;FLAVIO BOLSONARO;PL;4254;21,56;50.07;4254;28.5;53.3;49.1
ce;CARIRÉ;Ceará;Nordeste;-3.95472;-40.49628;15391;19.06;518;58;LULA;PT;8007;68,55;FLAVIO BOLSONARO;PL;3225;27,61;38.38;3225;26.9;51.5;49.4
ce;CARIÚS;Ceará;Nordeste;-6.59612;-39.47651;15846;17.22;426;58;LULA;PT;9699;77,59;FLAVIO BOLSONARO;PL;2359;18,87;55.95;2359;25.2;57.2;50.1
ce;CARNAUBAL;Ceará;Nordeste;-4.14839;-40.94428;14575;20.82;677;53;LULA;PT;6757;63,28;FLAVIO BOLSONARO;PL;3375;31,61;29.31;3375;28.4;50.8;48.8
ce;CASCAVEL;Ceará;Nordeste;-4.14302;-38.25288;60466;15.1;1867;216;LULA;PT;29406;60,77;FLAVIO BOLSONARO;PL;16340;33,77;25.45;16340;27.6;45.3;48.0
ce;CATARINA;Ceará;Nordeste;-6.18988;-39.88705;9892;25.43;235;35;LULA;PT;5288;74,89;FLAVIO BOLSONARO;PL;1492;21,13;51.46;1492;25.2;53.1;49.4
ce;CATUNDA;Ceará;Nordeste;-4.64975;-40.18569;9313;17.63;163;32;LULA;PT;5840;78,84;FLAVIO BOLSONARO;PL;1372;18,52;58.25;1372;26.8;50.9;50.0
ce;CAUCAIA;Ceará;Nordeste;-3.74292;-38.67339;249622;13.7;7409;783;LULA;PT;114126;55,98;FLAVIO BOLSONARO;PL;76282;37,42;17.57;76282;30.6;37.4;46.5
ce;CEDRO;Ceará;Nordeste;-6.57985;-39.0742;20348;19.31;598;78;LULA;PT;11931;76,54;FLAVIO BOLSONARO;PL;3046;19,54;54.11;3046;24.4;48.8;48.4
ce;CHAVAL;Ceará;Nordeste;-3.05506;-41.24175;10966;21.42;288;47;LULA;PT;6298;77,08;FLAVIO BOLSONARO;PL;1561;19,10;54.97;1561;27.7;51.0;48.8
ce;CHOROZINHO;Ceará;Nordeste;-4.30401;-38.49047;18301;13.72;569;64;LULA;PT;10147;68,11;FLAVIO BOLSONARO;PL;4194;28,15;37.7;4194;28.2;53.0;49.6
ce;CHORÓ;Ceará;Nordeste;-4.80296;-39.18404;11642;18.4;267;43;LULA;PT;6995;76,56;FLAVIO BOLSONARO;PL;1858;20,33;54.07;1858;28.9;53.5;50.8
ce;COREAÚ;Ceará;Nordeste;-3.60498;-40.70408;19700;17.42;605;83;LULA;PT;10639;69,36;FLAVIO BOLSONARO;PL;4123;26,88;40.05;4123;29.5;49.9;49.0
ce;CRATEÚS;Ceará;Nordeste;-5.20574;-40.70856;60099;16.32;1960;212;LULA;PT;33967;71,19;FLAVIO BOLSONARO;PL;12345;25,87;42.99;12345;25.4;48.3;47.2
ce;CRATO;Ceará;Nordeste;-7.21172;-39.42232;95932;13.8;2254;327;LULA;PT;61083;76,98;FLAVIO BOLSONARO;PL;14782;18,63;55.99;14782;28.1;32.9;45.4
ce;CROATÁ;Ceará;Nordeste;-4.39219;-40.8939;15338;21.7;510;57;LULA;PT;7967;70,86;FLAVIO BOLSONARO;PL;2654;23,61;44.24;2654;28.4;53.0;48.4
ce;CRUZ;Ceará;Nordeste;-2.90128;-40.26952;23786;17.71;790;84;LULA;PT;10525;57,13;FLAVIO BOLSONARO;PL;6951;37,73;18.26;6951;28.9;48.5;47.3
ce;DEPUTADO IRAPUAN PINHEIRO;Ceará;Nordeste;-5.8888;-39.25228;7474;16.18;218;29;LULA;PT;4534;76,45;FLAVIO BOLSONARO;PL;1086;18,31;55.04;1086;24.9;52.9;49.7
ce;ERERÉ;Ceará;Nordeste;-6.00718;-38.33474;5605;18.32;143;21;LULA;PT;3476;79,20;FLAVIO BOLSONARO;PL;746;17,00;59.63;746;24.5;53.8;49.7
ce;EUSÉBIO;Ceará;Nordeste;-3.87912;-38.45894;59877;15.71;1386;184;LULA;PT;22791;47,38;FLAVIO BOLSONARO;PL;21798;45,32;1.97;21798;29.0;31.0;46.3
ce;FARIAS BRITO;Ceará;Nordeste;-6.90381;-39.56361;17579;15.9;513;65;LULA;PT;11341;80,70;FLAVIO BOLSONARO;PL;2198;15,64;61.84;2198;26.5;46.2;48.7
ce;FORQUILHA;Ceará;Nordeste;-3.81709;-40.25151;19740;13.79;656;66;LULA;PT;9481;59,72;FLAVIO BOLSONARO;PL;5378;33,87;24.11;5378;28.9;41.6;49.0
ce;FORTALEZA;Ceará;Nordeste;-3.76894;-38.54699;1795713;13.02;44596;5335;LULA;PT;797002;53,48;FLAVIO BOLSONARO;PL;586251;39,34;13.49;586251;26.8;27.5;44.9
ce;FORTIM;Ceará;Nordeste;-4.45105;-37.81749;17196;14.67;409;54;LULA;PT;8552;60,95;FLAVIO BOLSONARO;PL;4725;33,67;26.08;4725;28.0;45.1;48.9
ce;FRECHEIRINHA;Ceará;Nordeste;-3.75081;-40.81533;13849;15.73;520;46;LULA;PT;6692;61,26;FLAVIO BOLSONARO;PL;3748;34,31;25.22;3748;32.6;49.3;48.5
ce;GENERAL SAMPAIO;Ceará;Nordeste;-4.06145;-39.45151;8274;18.89;140;30;LULA;PT;4759;73,28;FLAVIO BOLSONARO;PL;1488;22,91;48.74;1488;31.0;47.3;51.2
ce;GRANJA;Ceará;Nordeste;-3.20333;-40.95712;44060;19.67;1581;159;LULA;PT;26283;79,52;FLAVIO BOLSONARO;PL;5594;16,93;58.45;5594;31.2;52.5;50.3
ce;GRANJEIRO;Ceará;Nordeste;-6.90155;-39.24127;6328;18.81;101;22;LULA;PT;4014;80,55;FLAVIO BOLSONARO;PL;798;16,01;62.59;798;28.3;51.3;49.5
ce;GRAÇA;Ceará;Nordeste;-4.03259;-40.78057;12854;18.25;408;47;LULA;PT;7532;75,78;FLAVIO BOLSONARO;PL;1913;19,25;53.47;1913;27.4;55.3;50.3
ce;GROAÍRAS;Ceará;Nordeste;-3.91674;-40.37774;9842;18.59;331;34;LULA;PT;4258;57,48;FLAVIO BOLSONARO;PL;2725;36,78;19.13;2725;27.8;45.8;49.0
ce;GUAIÚBA;Ceará;Nordeste;-4.08217;-38.667;20884;13.21;550;73;LULA;PT;12008;69,42;FLAVIO BOLSONARO;PL;4665;26,97;40.51;4665;28.7;45.8;49.0
ce;GUARACIABA DO NORTE;Ceará;Nordeste;-4.19413;-40.78684;34685;20.31;1170;127;LULA;PT;16748;64,54;FLAVIO BOLSONARO;PL;7903;30,46;32.0;7903;28.8;54.1;48.1
ce;GUARAMIRANGA;Ceará;Nordeste;-4.24475;-38.94511;6646;18.04;191;24;LULA;PT;3543;68,69;FLAVIO BOLSONARO;PL;1378;26,72;39.75;1378;30.0;40.3;49.0
ce;HIDROLÂNDIA;Ceará;Nordeste;-4.40751;-40.4286;16000;16.35;412;59;LULA;PT;9004;70,06;FLAVIO BOLSONARO;PL;3339;25,98;42.33;3339;25.7;53.3;49.4
ce;HORIZONTE;Ceará;Nordeste;-4.10145;-38.48495;62776;14.64;1817;201;LULA;PT;29252;57,95;FLAVIO BOLSONARO;PL;17836;35,33;21.3;17836;30.6;38.7;48.3
ce;IBARETAMA;Ceará;Nordeste;-4.78718;-38.73265;13532;15.27;333;48;LULA;PT;8395;76,26;FLAVIO BOLSONARO;PL;2252;20,46;53.58;2252;28.5;55.2;50.1
ce;IBIAPINA;Ceará;Nordeste;-3.93513;-40.90427;20158;19.98;747;86;LULA;PT;9010;59,89;FLAVIO BOLSONARO;PL;5084;33,79;24.34;5084;27.1;52.1;48.3
ce;IBICUITINGA;Ceará;Nordeste;-4.96248;-38.58723;12514;14.08;257;48;LULA;PT;6902;67,13;FLAVIO BOLSONARO;PL;2982;29,00;36.46;2982;27.1;50.3;50.6
ce;ICAPUÍ;Ceará;Nordeste;-4.7051;-37.38254;17718;14.84;394;56;LULA;PT;8929;61,99;FLAVIO BOLSONARO;PL;4848;33,66;27.05;4848;25.0;49.5;49.4
ce;ICÓ;Ceará;Nordeste;-6.4011;-38.81309;51307;20.23;1315;185;LULA;PT;28786;73,69;FLAVIO BOLSONARO;PL;8660;22,17;49.17;8660;25.4;53.9;47.1
ce;IGUATU;Ceará;Nordeste;-6.36373;-39.28978;71278;14.82;1750;261;LULA;PT;44295;76,26;FLAVIO BOLSONARO;PL;11296;19,45;54.35;11296;24.7;42.8;46.6
ce;INDEPENDÊNCIA;Ceará;Nordeste;-5.43551;-40.35284;21208;16.85;544;98;LULA;PT;11873;70,24;FLAVIO BOLSONARO;PL;4523;26,76;41.68;4523;24.7;50.8;49.3
ce;IPAPORANGA;Ceará;Nordeste;-4.89398;-40.78272;10349;19.83;301;38;LULA;PT;5753;73,06;FLAVIO BOLSONARO;PL;1872;23,77;46.78;1872;25.9;56.3;49.3
ce;IPAUMIRIM;Ceará;Nordeste;-6.79665;-38.73069;9459;16.1;273;36;LULA;PT;5919;78,38;FLAVIO BOLSONARO;PL;1334;17,66;57.77;1334;26.4;52.6;48.4
ce;IPU;Ceará;Nordeste;-4.33466;-40.70743;33130;15.38;1047;117;LULA;PT;18920;71,08;FLAVIO BOLSONARO;PL;6549;24,60;44.13;6549;28.2;50.0;48.5
ce;IPUEIRAS;Ceará;Nordeste;-4.56912;-40.77731;30943;21.8;1021;134;LULA;PT;15705;69,02;FLAVIO BOLSONARO;PL;6104;26,83;39.68;6104;26.7;57.7;48.9
ce;IRACEMA;Ceará;Nordeste;-5.81038;-38.31821;12096;20.62;253;43;LULA;PT;6861;74,10;FLAVIO BOLSONARO;PL;2084;22,51;49.75;2084;24.0;45.9;47.9
ce;IRAUÇUBA;Ceará;Nordeste;-3.75775;-39.8011;19467;15.38;522;70;LULA;PT;11742;74,57;FLAVIO BOLSONARO;PL;3431;21,79;50.45;3431;31.8;44.5;48.9
ce;ITAITINGA;Ceará;Nordeste;-3.94339;-38.52691;38235;13.18;1113;134;LULA;PT;17681;56,23;FLAVIO BOLSONARO;PL;11752;37,38;17.86;11752;29.2;37.6;47.5
ce;ITAIÇABA;Ceará;Nordeste;-4.70054;-37.81826;7213;14.03;155;26;LULA;PT;3735;62,93;FLAVIO BOLSONARO;PL;1889;31,83;29.77;1889;24.2;43.9;48.0
ce;ITAPAJÉ;Ceará;Nordeste;-3.69478;-39.57753;39662;15.27;1035;140;LULA;PT;19007;59,32;FLAVIO BOLSONARO;PL;11791;36,80;21.47;11791;29.3;46.4;47.9
ce;ITAPIPOCA;Ceará;Nordeste;-3.43571;-39.58005;103228;13.55;2409;361;LULA;PT;60812;71,06;FLAVIO BOLSONARO;PL;21251;24,83;44.33;21251;30.7;39.0;49.0
ce;ITAPIÚNA;Ceará;Nordeste;-4.57747;-38.93043;16385;17.21;461;58;LULA;PT;8761;68,07;FLAVIO BOLSONARO;PL;3651;28,37;37.67;3651;29.0;50.2;49.7
ce;ITAREMA;Ceará;Nordeste;-2.98221;-39.88637;34502;18.68;984;116;LULA;PT;15771;59,23;FLAVIO BOLSONARO;PL;9901;37,18;20.92;9901;31.3;45.6;48.7
ce;ITATIRA;Ceará;Nordeste;-4.6283;-39.58388;19602;23.22;479;69;LULA;PT;10661;74,16;FLAVIO BOLSONARO;PL;3158;21,97;49.85;3158;30.1;55.7;49.3
ce;JAGUARETAMA;Ceará;Nordeste;-5.5545;-38.78069;15538;16.78;382;58;LULA;PT;9178;74,26;FLAVIO BOLSONARO;PL;2635;21,32;50.6;2635;26.1;50.7;49.4
ce;JAGUARIBARA;Ceará;Nordeste;-5.48002;-38.46617;8993;13.51;215;31;LULA;PT;5608;75,02;FLAVIO BOLSONARO;PL;1602;21,43;51.5;1602;25.7;50.2;48.1
ce;JAGUARIBE;Ceará;Nordeste;-5.92235;-38.68243;29394;19.17;668;102;LULA;PT;16798;73,70;FLAVIO BOLSONARO;PL;4905;21,52;50.05;4905;24.7;48.4;47.6
ce;JAGUARUANA;Ceará;Nordeste;-4.84106;-37.79268;28915;15.27;845;109;LULA;PT;14451;63,60;FLAVIO BOLSONARO;PL;7319;32,21;29.11;7319;25.7;49.0;48.5
ce;JARDIM;Ceará;Nordeste;-7.60115;-39.25558;22592;21.74;736;87;LULA;PT;12667;75,97;FLAVIO BOLSONARO;PL;3321;19,92;52.86;3321;27.7;47.2;47.5
ce;JATI;Ceará;Nordeste;-7.69718;-39.02006;7093;20.15;231;27;LULA;PT;4270;79,89;FLAVIO BOLSONARO;PL;912;17,06;59.29;912;26.0;42.0;49.0
ce;JIJOCA DE JERICOACOARA;Ceará;Nordeste;-2.8859;-40.4748;21575;18.76;551;72;LULA;PT;9363;55,99;FLAVIO BOLSONARO;PL;6378;38,14;17.03;6378;32.7;41.9;48.3
ce;JUAZEIRO DO NORTE;Ceará;Nordeste;-7.21728;-39.31107;200346;15.69;4541;646;LULA;PT;108543;67,08;FLAVIO BOLSONARO;PL;42438;26,23;39.13;42438;29.1;34.9;45.9
ce;JUCÁS;Ceará;Nordeste;-6.47357;-39.53194;20189;20.92;644;79;LULA;PT;10723;71,39;FLAVIO BOLSONARO;PL;3580;23,83;44.74;3580;25.9;54.5;47.8
ce;LAVRAS DA MANGABEIRA;Ceará;Nordeste;-6.75488;-38.99114;24134;19.52;696;90;LULA;PT;14299;77,35;FLAVIO BOLSONARO;PL;3553;19,22;55.32;3553;25.5;51.7;49.1
ce;LIMOEIRO DO NORTE;Ceará;Nordeste;-5.1415;-38.10044;46944;14.78;1128;162;LULA;PT;26541;69,57;FLAVIO BOLSONARO;PL;9496;24,89;42.6;9496;26.1;42.6;47.7
ce;MADALENA;Ceará;Nordeste;-4.83612;-39.52356;14764;17.61;327;50;LULA;PT;8623;73,95;FLAVIO BOLSONARO;PL;2482;21,28;50.49;2482;30.1;51.8;49.2
ce;MARACANAÚ;Ceará;Nordeste;-3.86309;-38.61423;179488;12.39;4619;559;LULA;PT;81340;54,33;FLAVIO BOLSONARO;PL;58590;39,14;14.47;58590;29.4;32.1;46.3
ce;MARANGUAPE;Ceará;Nordeste;-3.94744;-38.73363;83544;12.82;2141;293;LULA;PT;41673;60,02;FLAVIO BOLSONARO;PL;24200;34,85;23.99;24200;27.1;37.6;47.3
ce;MARCO;Ceará;Nordeste;-3.13735;-40.18743;23434;15.14;710;85;LULA;PT;9649;51,57;FLAVIO BOLSONARO;PL;8386;44,82;6.35;8386;31.6;51.2;49.0
ce;MARTINÓPOLE;Ceará;Nordeste;-3.21534;-40.68389;10730;15.11;293;35;LULA;PT;6561;75,53;FLAVIO BOLSONARO;PL;1777;20,46;52.52;1777;33.2;46.6;49.8
ce;MASSAPÊ;Ceará;Nordeste;-3.51934;-40.35501;31825;13.44;947;115;LULA;PT;16904;65,44;FLAVIO BOLSONARO;PL;7777;30,11;33.13;7777;31.3;42.3;48.6
ce;MAURITI;Ceará;Nordeste;-7.37677;-38.75303;36552;16.89;1084;140;LULA;PT;20987;72,52;FLAVIO BOLSONARO;PL;7084;24,48;45.77;7084;27.8;49.1;48.4
ce;MERUOCA;Ceará;Nordeste;-3.56589;-40.45837;13277;14.98;417;46;LULA;PT;7134;67,75;FLAVIO BOLSONARO;PL;2771;26,32;38.65;2771;28.6;43.2;49.1
ce;MILAGRES;Ceará;Nordeste;-7.303;-38.93769;22637;18.69;620;91;LULA;PT;14430;82,18;FLAVIO BOLSONARO;PL;2441;13,90;65.13;2441;26.2;48.4;48.1
ce;MILHÃ;Ceará;Nordeste;-5.65126;-39.18962;11291;16.24;240;40;LULA;PT;6941;76,12;FLAVIO BOLSONARO;PL;1816;19,92;54.19;1816;25.9;49.9;49.0
ce;MIRAÍMA;Ceará;Nordeste;-3.55189;-39.88012;12141;16.86;254;45;LULA;PT;7603;78,09;FLAVIO BOLSONARO;PL;1798;18,47;57.51;1798;30.3;47.5;51.6
ce;MISSÃO VELHA;Ceará;Nordeste;-7.29688;-39.15147;30981;19.93;916;113;LULA;PT;18420;78,10;FLAVIO BOLSONARO;PL;4370;18,53;56.64;4370;28.8;49.8;47.6
ce;MOMBAÇA;Ceará;Nordeste;-5.77515;-39.68252;32520;21.29;1087;119;LULA;PT;18333;75,76;FLAVIO BOLSONARO;PL;5065;20,93;51.84;5065;25.2;58.1;48.2
ce;MONSENHOR TABOSA;Ceará;Nordeste;-4.85063;-40.05454;14947;19.9;440;57;LULA;PT;8152;71,94;FLAVIO BOLSONARO;PL;2823;24,91;44.51;2823;26.7;51.2;48.8
ce;MORADA NOVA;Ceará;Nordeste;-5.03623;-38.4026;56913;16.37;1828;199;LULA;PT;27829;62,16;FLAVIO BOLSONARO;PL;14382;32,12;28.25;14382;25.1;52.3;48.2
ce;MORAÚJO;Ceará;Nordeste;-3.47365;-40.65735;8262;18.6;195;33;LULA;PT;4443;69,60;FLAVIO BOLSONARO;PL;1694;26,54;40.88;1694;30.7;48.7;50.0
ce;MORRINHOS;Ceará;Nordeste;-3.26361;-40.08772;19053;15.82;469;68;FLAVIO BOLSONARO;PL;7387;48,45;LULA;PT;7275;47,71;0.7;7275;31.0;49.2;49.0
ce;MUCAMBO;Ceará;Nordeste;-3.89937;-40.7559;12736;21.12;487;45;LULA;PT;6515;69,79;FLAVIO BOLSONARO;PL;2286;24,49;42.1;2286;25.9;52.4;47.4
ce;MULUNGU;Ceará;Nordeste;-4.31156;-38.99612;9751;17.02;262;33;LULA;PT;5380;69,68;FLAVIO BOLSONARO;PL;2121;27,47;40.28;2121;28.3;45.6;49.5
ce;NOVA OLINDA;Ceará;Nordeste;-7.09529;-39.68175;12790;16.74;300;46;LULA;PT;7654;74,93;FLAVIO BOLSONARO;PL;2176;21,30;51.44;2176;29.2;44.9;48.0
ce;NOVA RUSSAS;Ceará;Nordeste;-4.6967;-40.54582;24866;18.79;728;99;LULA;PT;12738;66,69;FLAVIO BOLSONARO;PL;5557;29,09;35.56;5557;25.6;51.2;47.9
ce;NOVO ORIENTE;Ceará;Nordeste;-5.56709;-40.7808;23218;22.72;739;91;LULA;PT;12598;74,61;FLAVIO BOLSONARO;PL;3784;22,41;49.12;3784;26.2;55.4;47.5
ce;OCARA;Ceará;Nordeste;-4.51983;-38.54567;25191;11.64;506;98;LULA;PT;14664;68,47;FLAVIO BOLSONARO;PL;5798;27,07;39.83;5798;27.4;50.3;50.5
ce;ORÓS;Ceará;Nordeste;-6.27009;-38.955;17682;19.85;444;68;LULA;PT;9994;73,66;FLAVIO BOLSONARO;PL;3029;22,32;49.14;3029;22.0;56.4;47.5
ce;PACAJUS;Ceará;Nordeste;-4.17671;-38.47565;54458;12.57;1619;186;LULA;PT;25412;56,54;FLAVIO BOLSONARO;PL;16650;37,05;18.4;16650;29.8;43.1;47.8
ce;PACATUBA;Ceará;Nordeste;-3.92117;-38.60727;57825;14.23;1549;185;LULA;PT;26240;55,60;FLAVIO BOLSONARO;PL;18124;38,40;16.36;18124;29.8;34.0;46.7
ce;PACOTI;Ceará;Nordeste;-4.20493;-38.90295;10776;16.34;366;48;LULA;PT;6128;72,11;FLAVIO BOLSONARO;PL;2030;23,89;45.46;2030;27.3;47.0;48.3
ce;PACUJÁ;Ceará;Nordeste;-3.98593;-40.69694;6659;19.42;201;22;LULA;PT;3766;73,97;FLAVIO BOLSONARO;PL;1011;19,86;51.34;1011;27.6;50.9;48.8
ce;PALHANO;Ceará;Nordeste;-4.71644;-37.9958;9841;15.01;243;35;LULA;PT;4690;58,59;FLAVIO BOLSONARO;PL;2924;36,53;21.11;2924;24.1;47.6;50.3
ce;PALMÁCIA;Ceará;Nordeste;-4.14131;-38.84872;9908;15.78;324;40;LULA;PT;5319;67,40;FLAVIO BOLSONARO;PL;2262;28,66;36.63;2262;27.6;46.5;49.4
ce;PARACURU;Ceará;Nordeste;-3.4439;-39.0351;33717;16.59;981;115;LULA;PT;16637;62,48;FLAVIO BOLSONARO;PL;8698;32,66;28.23;8698;27.5;39.7;48.1
ce;PARAIPABA;Ceará;Nordeste;-3.42649;-39.16035;27584;14.56;711;93;LULA;PT;12809;56,90;FLAVIO BOLSONARO;PL;8620;38,29;17.77;8620;29.5;42.2;48.8
ce;PARAMBU;Ceará;Nordeste;-6.21603;-40.67691;27269;24.18;951;109;LULA;PT;12368;63,97;FLAVIO BOLSONARO;PL;6286;32,51;29.42;6286;26.9;57.9;47.1
ce;PARAMOTI;Ceará;Nordeste;-4.12683;-39.30267;10188;15.52;283;42;LULA;PT;6004;73,01;FLAVIO BOLSONARO;PL;1926;23,42;47.38;1926;28.9;55.9;49.9
ce;PEDRA BRANCA;Ceará;Nordeste;-5.47907;-39.75883;34612;22.13;1073;138;LULA;PT;20314;79,59;FLAVIO BOLSONARO;PL;4261;16,69;59.56;4261;26.5;55.7;47.8
ce;PENAFORTE;Ceará;Nordeste;-7.81896;-39.06223;8694;16.05;266;30;LULA;PT;5295;76,65;FLAVIO BOLSONARO;PL;1332;19,28;54.3;1332;29.9;39.4;48.3
ce;PENTECOSTE;Ceará;Nordeste;-3.82457;-39.24361;32386;16.05;612;105;LULA;PT;18206;69,38;FLAVIO BOLSONARO;PL;6983;26,61;41.28;6983;27.7;43.5;48.9
ce;PEREIRO;Ceará;Nordeste;-6.08953;-38.48475;14487;19.6;417;59;LULA;PT;8549;77,30;FLAVIO BOLSONARO;PL;2014;18,21;56.11;2014;27.0;52.6;49.6
ce;PINDORETAMA;Ceará;Nordeste;-4.04168;-38.29905;21261;14.88;605;67;LULA;PT;11798;68,40;FLAVIO BOLSONARO;PL;4701;27,26;39.21;4701;26.8;46.6;47.5
ce;PIQUET CARNEIRO;Ceará;Nordeste;-5.86875;-39.43436;12098;18.38;332;43;LULA;PT;6979;74,31;FLAVIO BOLSONARO;PL;2145;22,84;48.96;2145;23.3;57.4;48.9
ce;PIRES FERREIRA;Ceará;Nordeste;-4.26092;-40.59389;8610;13.14;224;32;LULA;PT;5117;71,27;FLAVIO BOLSONARO;PL;1705;23,75;45.62;1705;27.6;52.2;51.3
ce;PORANGA;Ceará;Nordeste;-4.75618;-40.98684;10071;19.42;305;42;LULA;PT;6142;79,26;FLAVIO BOLSONARO;PL;1375;17,74;58.74;1375;25.5;56.4;48.9
ce;PORTEIRAS;Ceará;Nordeste;-7.53369;-39.115;14641;19.23;379;58;LULA;PT;9360;82,68;FLAVIO BOLSONARO;PL;1695;14,97;64.82;1695;27.2;47.9;48.1
ce;POTENGI;Ceará;Nordeste;-7.08371;-40.04114;8102;15.87;224;33;LULA;PT;5486;84,39;FLAVIO BOLSONARO;PL;846;13,01;68.08;846;27.3;56.4;48.2
ce;POTIRETAMA;Ceará;Nordeste;-5.71105;-38.17133;5834;12.74;84;22;LULA;PT;3617;72,94;FLAVIO BOLSONARO;PL;1173;23,65;48.01;1173;27.3;52.3;50.2
ce;QUITERIANÓPOLIS;Ceará;Nordeste;-5.85316;-40.74175;16987;18.8;576;64;LULA;PT;9882;75,82;FLAVIO BOLSONARO;PL;2581;19,80;52.93;2581;25.2;58.0;48.5
ce;QUIXADÁ;Ceará;Nordeste;-4.95756;-38.99494;61599;15.43;1666;217;LULA;PT;29771;60,20;FLAVIO BOLSONARO;PL;17682;35,76;23.21;17682;28.4;41.6;46.9
ce;QUIXELÔ;Ceará;Nordeste;-6.20461;-39.15068;14956;13.89;416;53;LULA;PT;9804;79,82;FLAVIO BOLSONARO;PL;2124;17,29;59.63;2124;24.0;56.9;50.3
ce;QUIXERAMOBIM;Ceará;Nordeste;-5.23966;-39.33126;60112;16.43;1134;218;LULA;PT;35579;73,45;FLAVIO BOLSONARO;PL;10848;22,40;49.23;10848;28.2;46.9;48.3
ce;QUIXERÉ;Ceará;Nordeste;-5.07855;-37.94454;18875;15.66;590;63;LULA;PT;10153;67,57;FLAVIO BOLSONARO;PL;3863;25,71;39.51;3863;28.0;51.2;48.8
ce;REDENÇÃO;Ceará;Nordeste;-4.25292;-38.74954;24248;16.59;709;85;LULA;PT;12747;66,83;FLAVIO BOLSONARO;PL;5528;28,98;35.69;5528;27.0;43.6;47.6
ce;RERIUTABA;Ceará;Nordeste;-4.12406;-40.58799;15853;16.03;402;62;LULA;PT;9501;74,85;FLAVIO BOLSONARO;PL;2552;20,10;52.2;2552;27.4;49.6;49.8
ce;RUSSAS;Ceará;Nordeste;-4.93995;-38.00254;58537;15.15;1491;200;LULA;PT;30006;63,42;FLAVIO BOLSONARO;PL;14414;30,47;31.39;14414;26.6;44.2;47.2
ce;SABOEIRO;Ceará;Nordeste;-6.50627;-39.86402;12621;19.29;350;50;LULA;PT;7532;77,51;FLAVIO BOLSONARO;PL;1884;19,39;55.45;1884;26.7;55.1;49.5
ce;SALITRE;Ceará;Nordeste;-7.2183;-40.39706;14839;17.35;347;52;LULA;PT;8457;71,72;FLAVIO BOLSONARO;PL;3054;25,90;44.06;3054;31.6;59.8;49.4
ce;SANTA QUITÉRIA;Ceará;Nordeste;-4.2968;-40.12893;33618;16.71;871;125;LULA;PT;19711;74,10;FLAVIO BOLSONARO;PL;5499;20,67;50.76;5499;26.8;47.2;48.5
ce;SANTANA DO ACARAÚ;Ceará;Nordeste;-3.43331;-40.19092;25778;14.96;601;107;LULA;PT;15321;73,36;FLAVIO BOLSONARO;PL;4717;22,59;48.37;4717;29.4;51.4;49.6
ce;SANTANA DO CARIRI;Ceará;Nordeste;-7.18957;-39.74012;13899;17.4;358;56;LULA;PT;9167;83,21;FLAVIO BOLSONARO;PL;1495;13,57;66.83;1495;29.1;48.5;49.1
ce;SENADOR POMPEU;Ceará;Nordeste;-5.56907;-39.42643;20302;16.19;694;80;LULA;PT;10688;66,46;FLAVIO BOLSONARO;PL;4812;29,92;34.53;4812;25.5;51.9;47.6
ce;SENADOR SÁ;Ceará;Nordeste;-3.3114;-40.47202;7038;13.61;214;23;LULA;PT;3995;69,01;FLAVIO BOLSONARO;PL;1468;25,36;41.56;1468;31.2;43.9;49.7
ce;SOBRAL;Ceará;Nordeste;-3.71949;-40.34738;153073;15.27;5065;502;LULA;PT;71616;59,66;FLAVIO BOLSONARO;PL;40500;33,74;23.99;40500;29.4;33.3;46.9
ce;SOLONÓPOLE;Ceará;Nordeste;-5.76689;-39.01809;14292;17.86;289;50;LULA;PT;8309;73,34;FLAVIO BOLSONARO;PL;2426;21,41;50.11;2426;25.9;46.0;48.6
ce;SÃO BENEDITO;Ceará;Nordeste;-4.04916;-40.89014;37548;19.26;1452;140;LULA;PT;17707;63,35;FLAVIO BOLSONARO;PL;8885;31,79;29.1;8885;27.9;50.8;48.0
ce;SÃO GONÇALO DO AMARANTE;Ceará;Nordeste;-3.5833;-38.98435;51355;16.26;1433;170;LULA;PT;23120;56,78;FLAVIO BOLSONARO;PL;15175;37,27;18.47;15175;29.9;37.5;48.9
ce;SÃO JOÃO DO JAGUARIBE;Ceará;Nordeste;-5.27989;-38.26502;5965;19.58;163;24;LULA;PT;3586;79,32;FLAVIO BOLSONARO;PL;748;16,55;59.16;748;21.0;52.6;47.4
ce;SÃO LUÍS DO CURU;Ceará;Nordeste;-3.66622;-39.24253;12630;17.43;334;41;LULA;PT;6697;67,54;FLAVIO BOLSONARO;PL;2838;28,62;37.01;2838;26.1;47.4;48.5
ce;TABULEIRO DO NORTE;Ceará;Nordeste;-5.27785;-38.1048;26004;18.38;563;96;LULA;PT;15386;75,80;FLAVIO BOLSONARO;PL;4033;19,87;53.49;4033;25.6;51.1;47.0
ce;TAMBORIL;Ceará;Nordeste;-4.86049;-40.34405;21345;19.13;693;89;LULA;PT;12211;74,77;FLAVIO BOLSONARO;PL;3651;22,36;49.59;3651;25.8;57.6;49.1
ce;TARRAFAS;Ceará;Nordeste;-6.70482;-39.74798;7393;21.09;213;29;LULA;PT;4471;81,16;FLAVIO BOLSONARO;PL;835;15,16;62.32;835;27.0;59.4;49.6
ce;TAUÁ;Ceará;Nordeste;-5.95982;-40.2664;47270;19.6;1508;186;LULA;PT;23351;65,08;FLAVIO BOLSONARO;PL;11128;31,01;32.16;11128;25.7;50.7;47.9
ce;TEJUÇUOCA;Ceará;Nordeste;-3.91852;-39.56358;15973;15.08;434;61;LULA;PT;9096;70,24;FLAVIO BOLSONARO;PL;3289;25,40;42.81;3289;29.3;54.2;50.2
ce;TIANGUÁ;Ceará;Nordeste;-3.72239;-40.9879;59588;14.32;2237;222;LULA;PT;25577;53,92;FLAVIO BOLSONARO;PL;19329;40,75;12.24;19329;30.7;43.0;47.3
ce;TRAIRI;Ceará;Nordeste;-3.29558;-39.33181;49869;15.15;1327;183;LULA;PT;26868;66,60;FLAVIO BOLSONARO;PL;11756;29,14;35.71;11756;29.2;47.0;49.6
ce;TURURU;Ceará;Nordeste;-3.55081;-39.42644;15653;14.02;437;62;LULA;PT;8801;68,68;FLAVIO BOLSONARO;PL;3534;27,58;39.14;3534;29.8;46.3;50.1
ce;UBAJARA;Ceará;Nordeste;-3.85081;-40.93215;27963;16.58;999;95;LULA;PT;13622;62,55;FLAVIO BOLSONARO;PL;7179;32,96;27.62;7179;28.5;44.4;47.6
ce;UMARI;Ceará;Nordeste;-6.63665;-38.73681;6522;17.63;164;26;LULA;PT;3891;75,35;FLAVIO BOLSONARO;PL;1114;21,57;51.69;1114;25.7;54.1;49.6
ce;UMIRIM;Ceará;Nordeste;-3.68669;-39.37642;16067;17.88;392;56;LULA;PT;8829;69,97;FLAVIO BOLSONARO;PL;3337;26,45;41.62;3337;30.1;48.4;49.7
ce;URUBURETAMA;Ceará;Nordeste;-3.62105;-39.51243;18709;16.64;499;65;LULA;PT;10246;69,09;FLAVIO BOLSONARO;PL;4048;27,30;39.74;4048;30.3;44.0;48.9
ce;URUOCA;Ceará;Nordeste;-3.32186;-40.66013;11317;16.8;307;41;LULA;PT;6441;71,69;FLAVIO BOLSONARO;PL;2256;25,11;44.45;2256;29.3;52.0;49.8
ce;VARJOTA;Ceará;Nordeste;-4.19068;-40.48158;15992;15.88;497;59;LULA;PT;7596;59,78;FLAVIO BOLSONARO;PL;4355;34,28;24.09;4355;29.3;49.0;49.2
ce;VIÇOSA DO CEARÁ;Ceará;Nordeste;-3.55636;-41.12169;48288;17.84;1658;181;LULA;PT;25776;69,38;FLAVIO BOLSONARO;PL;9981;26,87;39.81;9981;31.2;53.7;48.9
ce;VÁRZEA ALEGRE;Ceará;Nordeste;-6.78696;-39.29782;32554;18.08;953;116;LULA;PT;18931;74,83;FLAVIO BOLSONARO;PL;5341;21,11;50.96;5341;25.0;48.5;47.6
df;BRASÍLIA;Distrito Federal;Centro-Oeste;-15.82232;-47.97743;2258320;18.9;33226;6969;FLAVIO BOLSONARO;PL;909616;51,31;LULA;PT;675627;38,11;12.78;675627;26.3;20.1;45.9
es;AFONSO CLÁUDIO;Espírito Santo;Sudeste;-20.0909;-41.11219;26254;26.27;543;83;FLAVIO BOLSONARO;PL;10999;59,54;LULA;PT;6192;33,52;24.83;6192;21.3;56.1;48.6
es;ALEGRE;Espírito Santo;Sudeste;-20.74041;-41.52369;23554;23.83;569;93;FLAVIO BOLSONARO;PL;8645;50,62;LULA;PT;7395;43,30;6.97;7395;23.9;39.5;47.9
es;ALFREDO CHAVES;Espírito Santo;Sudeste;-20.60246;-40.78206;12984;22.6;261;49;FLAVIO BOLSONARO;PL;6510;67,79;LULA;PT;2428;25,28;40.62;2428;20.3;46.4;49.6
es;ALTO RIO NOVO;Espírito Santo;Sudeste;-19.04749;-41.0059;6545;22.77;138;24;LULA;PT;2489;51,63;FLAVIO BOLSONARO;PL;2039;42,29;8.9;2039;21.3;57.2;47.7
es;ANCHIETA;Espírito Santo;Sudeste;-20.78135;-40.65561;24797;18.05;497;94;FLAVIO BOLSONARO;PL;11105;57,03;LULA;PT;7084;36,38;19.79;7084;23.3;35.1;48.2
es;APIACÁ;Espírito Santo;Sudeste;-21.12224;-41.57217;6320;22.37;148;25;FLAVIO BOLSONARO;PL;2315;49,40;LULA;PT;2122;45,28;3.93;2122;21.6;48.2;49.5
es;ARACRUZ;Espírito Santo;Sudeste;-19.81277;-40.21611;75118;22.92;1556;240;FLAVIO BOLSONARO;PL;30223;54,74;LULA;PT;20915;37,88;16.08;20915;26.1;38.2;48.6
es;ATÍLIO VIVÁCQUA;Espírito Santo;Sudeste;-20.92769;-41.18968;9255;18.33;146;30;FLAVIO BOLSONARO;PL;4111;56,21;LULA;PT;2859;39,09;16.56;2859;22.1;52.7;49.2
es;BAIXO GUANDU;Espírito Santo;Sudeste;-19.51393;-41.00583;24892;22.69;497;90;FLAVIO BOLSONARO;PL;10475;56,90;LULA;PT;6841;37,16;18.88;6841;23.8;42.6;47.3
es;BARRA DE SÃO FRANCISCO;Espírito Santo;Sudeste;-18.73496;-40.86572;34548;25.88;625;115;FLAVIO BOLSONARO;PL;13193;53,57;LULA;PT;10054;40,83;12.26;10054;22.6;49.6;48.2
es;BOA ESPERANÇA;Espírito Santo;Sudeste;-18.51823;-40.31629;11266;20.17;260;39;LULA;PT;4123;47,83;FLAVIO BOLSONARO;PL;4047;46,94;0.85;4047;24.3;46.1;48.0
es;BOM JESUS DO NORTE;Espírito Santo;Sudeste;-21.12861;-41.67507;8487;20.69;244;33;FLAVIO BOLSONARO;PL;3286;51,44;LULA;PT;2703;42,31;8.66;2703;24.3;36.9;47.3
es;BREJETUBA;Espírito Santo;Sudeste;-20.12674;-41.28858;10987;26.68;231;37;FLAVIO BOLSONARO;PL;4344;56,38;LULA;PT;2919;37,88;17.69;2919;26.0;66.1;51.1
es;CACHOEIRO DE ITAPEMIRIM;Espírito Santo;Sudeste;-20.83359;-41.13283;134177;18.04;2288;480;FLAVIO BOLSONARO;PL;69303;65,71;LULA;PT;28830;27,34;36.8;28830;23.9;35.6;46.5
es;CARIACICA;Espírito Santo;Sudeste;-20.32639;-40.38507;274339;22.07;4845;842;FLAVIO BOLSONARO;PL;106008;51,85;LULA;PT;81394;39,81;11.51;81394;25.7;40.6;46.6
es;CASTELO;Espírito Santo;Sudeste;-20.59292;-41.20271;30033;20.54;577;138;FLAVIO BOLSONARO;PL;16359;71,50;LULA;PT;5019;21,94;47.52;5019;21.6;46.2;48.1
es;COLATINA;Espírito Santo;Sudeste;-19.51978;-40.64847;87109;18.45;1630;319;FLAVIO BOLSONARO;PL;41676;61,18;LULA;PT;20830;30,58;29.35;20830;23.6;36.2;46.7
es;CONCEIÇÃO DA BARRA;Espírito Santo;Sudeste;-18.51428;-39.81656;25964;28.86;636;77;LULA;PT;10532;60,07;FLAVIO BOLSONARO;PL;6160;35,13;23.67;6160;24.5;43.3;48.8
es;CONCEIÇÃO DO CASTELO;Espírito Santo;Sudeste;-20.36831;-41.24349;9986;22.46;295;38;FLAVIO BOLSONARO;PL;4899;67,47;LULA;PT;1857;25,57;39.29;1857;22.7;54.6;48.7
es;DIVINO DE SÃO LOURENÇO;Espírito Santo;Sudeste;-20.61169;-41.70376;4889;19.0;132;16;FLAVIO BOLSONARO;PL;2246;59,61;LULA;PT;1358;36,04;22.42;1358;25.7;53.9;51.5
es;DOMINGOS MARTINS;Espírito Santo;Sudeste;-20.31615;-40.79499;29145;18.78;594;97;FLAVIO BOLSONARO;PL;15389;68,19;LULA;PT;5442;24,11;42.02;5442;22.8;54.0;49.6
es;DORES DO RIO PRETO;Espírito Santo;Sudeste;-20.64752;-41.83328;6285;21.19;194;25;FLAVIO BOLSONARO;PL;2630;56,15;LULA;PT;1771;37,81;17.34;1771;25.4;52.8;49.5
es;ECOPORANGA;Espírito Santo;Sudeste;-18.34441;-40.8208;19065;25.26;326;73;LULA;PT;7063;51,44;FLAVIO BOLSONARO;PL;5927;43,17;7.97;5927;22.7;49.4;49.1
es;FUNDÃO;Espírito Santo;Sudeste;-19.98018;-40.3409;14736;21.67;321;51;FLAVIO BOLSONARO;PL;5417;49,13;LULA;PT;4938;44,79;4.15;4938;22.2;45.5;49.3
es;GOVERNADOR LINDENBERG;Espírito Santo;Sudeste;-19.22253;-40.49567;9107;23.08;196;31;FLAVIO BOLSONARO;PL;3438;51,35;LULA;PT;2763;41,27;9.64;2763;22.1;55.7;50.5
es;GUARAPARI;Espírito Santo;Sudeste;-20.64385;-40.50437;101964;23.98;2023;313;FLAVIO BOLSONARO;PL;44951;60,78;LULA;PT;23362;31,59;27.85;23362;23.9;42.1;47.2
es;GUAÇUÍ;Espírito Santo;Sudeste;-20.76886;-41.68352;22346;24.63;490;73;FLAVIO BOLSONARO;PL;8905;55,52;LULA;PT;6083;37,93;16.75;6083;22.9;45.2;46.5
es;IBATIBA;Espírito Santo;Sudeste;-20.23404;-41.51918;19598;19.55;505;69;FLAVIO BOLSONARO;PL;9995;66,62;LULA;PT;4166;27,77;36.97;4166;26.3;58.2;47.6
es;IBIRAÇU;Espírito Santo;Sudeste;-19.82962;-40.38191;9933;23.22;232;38;FLAVIO BOLSONARO;PL;4043;55,79;LULA;PT;2695;37,19;17.67;2695;23.4;39.3;47.9
es;IBITIRAMA;Espírito Santo;Sudeste;-20.51562;-41.67622;7471;17.75;191;28;FLAVIO BOLSONARO;PL;3733;63,74;LULA;PT;1829;31,23;30.98;1829;25.3;58.1;50.0
es;ICONHA;Espírito Santo;Sudeste;-20.7752;-40.83114;11401;19.52;260;42;FLAVIO BOLSONARO;PL;5485;62,81;LULA;PT;2638;30,21;31.03;2638;21.7;45.1;49.6
es;IRUPI;Espírito Santo;Sudeste;-20.33501;-41.64545;11392;23.99;273;40;FLAVIO BOLSONARO;PL;5719;69,58;LULA;PT;2128;25,89;41.47;2128;25.8;63.1;50.0
es;ITAGUAÇU;Espírito Santo;Sudeste;-19.76055;-40.84869;11742;25.28;221;40;FLAVIO BOLSONARO;PL;4628;55,10;LULA;PT;3242;38,60;15.8;3242;20.3;49.2;49.2
es;ITAPEMIRIM;Espírito Santo;Sudeste;-20.95504;-40.87119;36630;20.09;608;130;FLAVIO BOLSONARO;PL;18531;65,54;LULA;PT;8314;29,41;34.9;8314;25.6;47.9;47.5
es;ITARANA;Espírito Santo;Sudeste;-19.90196;-40.87627;9584;23.18;245;32;FLAVIO BOLSONARO;PL;4502;64,24;LULA;PT;1999;28,52;34.0;1999;22.5;50.7;49.8
es;IÚNA;Espírito Santo;Sudeste;-20.3505;-41.58106;21285;23.86;437;77;FLAVIO BOLSONARO;PL;10234;66,12;LULA;PT;4361;28,18;36.24;4361;23.7;60.7;48.2
es;JAGUARÉ;Espírito Santo;Sudeste;-18.91156;-40.05845;24297;21.65;413;80;LULA;PT;9787;53,57;FLAVIO BOLSONARO;PL;7603;41,62;11.47;7603;26.4;51.0;48.7
es;JERÔNIMO MONTEIRO;Espírito Santo;Sudeste;-20.79242;-41.39071;10071;21.79;290;35;FLAVIO BOLSONARO;PL;3838;51,54;LULA;PT;3034;40,74;10.21;3034;23.3;51.1;48.1
es;JOÃO NEIVA;Espírito Santo;Sudeste;-19.74185;-40.39208;12793;21.39;297;48;FLAVIO BOLSONARO;PL;5474;57,13;LULA;PT;3454;36,05;20.09;3454;20.9;37.3;48.0
es;LARANJA DA TERRA;Espírito Santo;Sudeste;-19.87673;-41.0535;9495;16.76;223;32;FLAVIO BOLSONARO;PL;4748;62,91;LULA;PT;2372;31,43;30.06;2372;21.4;58.2;50.1
es;LINHARES;Espírito Santo;Sudeste;-19.39365;-40.06475;122598;24.05;2927;379;FLAVIO BOLSONARO;PL;52025;59,14;LULA;PT;30016;34,12;23.64;30016;26.3;43.5;47.2
es;MANTENÓPOLIS;Espírito Santo;Sudeste;-18.86903;-41.09852;10402;25.66;207;35;FLAVIO BOLSONARO;PL;4072;54,95;LULA;PT;2994;40,40;13.94;2994;21.2;60.5;47.5
es;MARATAÍZES;Espírito Santo;Sudeste;-21.04919;-40.83987;33342;18.12;555;116;FLAVIO BOLSONARO;PL;17081;64,82;LULA;PT;7868;29,86;33.75;7868;23.7;42.9;47.0
es;MARECHAL FLORIANO;Espírito Santo;Sudeste;-20.42526;-40.71614;14378;20.8;305;51;FLAVIO BOLSONARO;PL;6720;62,12;LULA;PT;3207;29,65;30.85;3207;23.7;47.8;49.8
es;MARILÂNDIA;Espírito Santo;Sudeste;-19.41267;-40.54718;10864;18.02;259;38;FLAVIO BOLSONARO;PL;5309;62,62;LULA;PT;2666;31,45;29.68;2666;22.8;49.3;48.9
es;MIMOSO DO SUL;Espírito Santo;Sudeste;-21.04999;-41.39906;19748;20.49;600;71;FLAVIO BOLSONARO;PL;7119;48,24;LULA;PT;6736;45,65;2.44;6736;21.9;50.3;49.2
es;MONTANHA;Espírito Santo;Sudeste;-18.13727;-40.33783;15424;24.57;351;51;LULA;PT;5650;50,85;FLAVIO BOLSONARO;PL;4965;44,68;5.89;4965;23.3;49.3;47.9
es;MUCURICI;Espírito Santo;Sudeste;-18.01598;-40.53184;5141;21.55;120;20;LULA;PT;2237;57,85;FLAVIO BOLSONARO;PL;1450;37,50;19.51;1450;23.3;49.9;49.5
es;MUNIZ FREIRE;Espírito Santo;Sudeste;-20.41529;-41.40708;14757;22.73;353;58;FLAVIO BOLSONARO;PL;5925;54,83;LULA;PT;4172;38,60;15.37;4172;24.1;52.7;49.2
es;MUQUI;Espírito Santo;Sudeste;-20.94375;-41.33509;11078;19.55;258;38;FLAVIO BOLSONARO;PL;4377;51,58;LULA;PT;3552;41,86;9.26;3552;22.1;49.3;48.9
es;NOVA VENÉCIA;Espírito Santo;Sudeste;-18.70102;-40.44111;41191;23.36;667;155;FLAVIO BOLSONARO;PL;15483;51,02;LULA;PT;12907;42,53;8.16;12907;23.8;45.0;48.1
es;PANCAS;Espírito Santo;Sudeste;-19.16388;-40.83536;15876;27.17;283;53;FLAVIO BOLSONARO;PL;5953;53,52;LULA;PT;4617;41,51;11.55;4617;21.8;52.9;49.4
es;PEDRO CANÁRIO;Espírito Santo;Sudeste;-18.26535;-39.98233;18937;28.67;414;63;LULA;PT;7033;54,53;FLAVIO BOLSONARO;PL;5187;40,22;13.67;5187;26.6;46.4;49.0
es;PINHEIROS;Espírito Santo;Sudeste;-18.4032;-40.22657;18818;22.21;333;72;LULA;PT;7910;56,08;FLAVIO BOLSONARO;PL;5400;38,29;17.15;5400;24.7;46.7;47.5
es;PIÚMA;Espírito Santo;Sudeste;-20.83921;-40.73307;17326;18.84;392;69;FLAVIO BOLSONARO;PL;7769;57,78;LULA;PT;4820;35,85;20.97;4820;24.6;37.6;47.3
es;PONTO BELO;Espírito Santo;Sudeste;-18.15323;-40.53332;6490;23.19;156;24;LULA;PT;2777;58,14;FLAVIO BOLSONARO;PL;1791;37,50;19.78;1791;22.4;46.7;48.8
es;PRESIDENTE KENNEDY;Espírito Santo;Sudeste;-21.13142;-41.03258;13256;21.18;256;51;FLAVIO BOLSONARO;PL;6428;64,02;LULA;PT;3170;31,57;31.18;3170;26.5;48.2;49.0
es;RIO BANANAL;Espírito Santo;Sudeste;-19.23387;-40.32775;15535;22.79;300;54;FLAVIO BOLSONARO;PL;6438;56,26;LULA;PT;4332;37,85;17.56;4332;23.3;57.3;49.9
es;RIO NOVO DO SUL;Espírito Santo;Sudeste;-20.8401;-40.93037;8808;17.42;152;34;FLAVIO BOLSONARO;PL;4864;69,83;LULA;PT;1727;24,80;43.13;1727;21.4;48.2;49.2
es;SANTA LEOPOLDINA;Espírito Santo;Sudeste;-20.13812;-40.54636;10108;20.93;226;40;FLAVIO BOLSONARO;PL;3859;50,82;LULA;PT;3146;41,43;8.92;3146;21.4;55.9;51.4
es;SANTA MARIA DE JETIBÁ;Espírito Santo;Sudeste;-20.05872;-40.77247;31314;18.49;543;94;FLAVIO BOLSONARO;PL;17156;70,07;LULA;PT;5506;22,49;45.65;5506;26.1;63.4;49.0
es;SANTA TERESA;Espírito Santo;Sudeste;-19.91032;-40.63451;20737;25.79;458;64;FLAVIO BOLSONARO;PL;9197;62,87;LULA;PT;4255;29,09;32.11;4255;21.8;43.3;49.5
es;SERRA;Espírito Santo;Sudeste;-20.17132;-40.2519;361737;22.09;7404;1093;FLAVIO BOLSONARO;PL;132177;49,17;LULA;PT;113186;42,10;6.74;113186;26.8;35.4;46.7
es;SOORETAMA;Espírito Santo;Sudeste;-19.164;-40.1176;20980;26.79;450;67;FLAVIO BOLSONARO;PL;7438;50,97;LULA;PT;6248;42,82;7.75;6248;28.4;54.9;48.7
es;SÃO DOMINGOS DO NORTE;Espírito Santo;Sudeste;-19.131;-40.59318;8443;20.19;153;30;FLAVIO BOLSONARO;PL;3271;50,34;LULA;PT;2860;44,01;6.1;2860;24.0;51.2;51.5
es;SÃO GABRIEL DA PALHA;Espírito Santo;Sudeste;-19.0023;-40.52956;26249;21.26;453;88;FLAVIO BOLSONARO;PL;11256;56,69;LULA;PT;7347;37,00;18.91;7347;22.4;47.7;47.1
es;SÃO JOSÉ DO CALÇADO;Espírito Santo;Sudeste;-21.0074;-41.6506;9759;21.62;302;37;LULA;PT;3568;49,40;FLAVIO BOLSONARO;PL;3292;45,58;3.61;3292;22.4;43.5;48.7
es;SÃO MATEUS;Espírito Santo;Sudeste;-18.72337;-39.8916;92268;24.07;1735;295;LULA;PT;32351;48,21;FLAVIO BOLSONARO;PL;30661;45,69;2.41;30661;26.2;41.5;47.5
es;SÃO ROQUE DO CANAÃ;Espírito Santo;Sudeste;-19.73443;-40.66664;9890;21.04;255;33;FLAVIO BOLSONARO;PL;4394;59,73;LULA;PT;2523;34,29;23.96;2523;23.5;49.6;50.5
es;VARGEM ALTA;Espírito Santo;Sudeste;-20.66707;-41.01858;16002;19.88;287;54;FLAVIO BOLSONARO;PL;8436;68,43;LULA;PT;3249;26,35;40.46;3249;23.3;56.7;49.8
es;VENDA NOVA DO IMIGRANTE;Espírito Santo;Sudeste;-20.34561;-41.13597;20198;23.33;394;61;FLAVIO BOLSONARO;PL;10649;72,23;LULA;PT;3095;20,99;48.78;3095;24.2;43.9;48.0
es;VIANA;Espírito Santo;Sudeste;-20.36997;-40.4417;54374;19.24;1004;172;FLAVIO BOLSONARO;PL;21924;52,13;LULA;PT;16824;40,00;11.61;16824;26.9;39.7;47.1
es;VILA PAVÃO;Espírito Santo;Sudeste;-18.61297;-40.61607;7761;15.29;140;28;LULA;PT;2976;46,94;FLAVIO BOLSONARO;PL;2975;46,92;0.02;2975;23.7;54.8;50.1
es;VILA VALÉRIO;Espírito Santo;Sudeste;-18.97802;-40.35104;12919;18.45;255;44;FLAVIO BOLSONARO;PL;4812;47,46;LULA;PT;4691;46,27;1.15;4691;25.7;55.4;51.0
es;VILA VELHA;Espírito Santo;Sudeste;-20.36484;-40.32264;347987;19.22;6067;1119;FLAVIO BOLSONARO;PL;149819;55,48;LULA;PT;95998;35,55;19.15;95998;24.5;20.9;45.5
es;VITÓRIA;Espírito Santo;Sudeste;-20.2902;-40.30972;267102;18.86;4131;799;FLAVIO BOLSONARO;PL;103461;49,44;LULA;PT;87021;41,58;7.59;87021;22.5;17.0;44.9
es;ÁGUA DOCE DO NORTE;Espírito Santo;Sudeste;-18.51854;-41.00102;11111;22.82;273;46;LULA;PT;3930;48,11;FLAVIO BOLSONARO;PL;3834;46,93;1.12;3834;24.1;54.7;49.1
es;ÁGUIA BRANCA;Espírito Santo;Sudeste;-18.96675;-40.74698;8898;19.58;118;32;LULA;PT;3478;50,04;FLAVIO BOLSONARO;PL;3094;44,52;5.37;3094;24.5;49.0;49.8
go;ABADIA DE GOIÁS;Goiás;Centro-Oeste;-16.76634;-49.42913;15631;24.81;299;53;FLAVIO BOLSONARO;PL;5749;50,71;LULA;PT;3480;30,70;19.31;3480;28.6;40.3;48.2
go;ABADIÂNIA;Goiás;Centro-Oeste;-16.17661;-48.73034;12586;21.9;275;38;FLAVIO BOLSONARO;PL;5710;60,48;LULA;PT;2319;24,56;34.5;2319;25.3;41.9;48.9
go;ACREÚNA;Goiás;Centro-Oeste;-17.40696;-50.35777;15970;21.21;304;48;FLAVIO BOLSONARO;PL;7342;60,37;LULA;PT;3772;31,01;28.37;3772;26.0;43.0;49.0
go;ADELÂNDIA;Goiás;Centro-Oeste;-16.41561;-50.16697;2963;20.28;54;8;FLAVIO BOLSONARO;PL;1422;62,07;LULA;PT;523;22,83;38.06;523;22.1;45.5;51.7
go;ALEXÂNIA;Goiás;Centro-Oeste;-16.08514;-48.50728;21974;21.2;429;72;FLAVIO BOLSONARO;PL;9942;59,54;LULA;PT;4114;24,64;33.66;4114;28.0;38.3;48.4
go;ALOÂNDIA;Goiás;Centro-Oeste;-17.72903;-49.48438;2168;20.16;52;6;FLAVIO BOLSONARO;PL;874;52,71;LULA;PT;609;36,73;15.31;609;20.2;47.9;50.6
go;ALTO HORIZONTE;Goiás;Centro-Oeste;-14.19806;-49.33838;6397;26.62;71;19;FLAVIO BOLSONARO;PL;2579;56,33;LULA;PT;1433;31,30;24.41;1433;28.1;35.5;49.9
go;ALTO PARAÍSO DE GOIÁS;Goiás;Centro-Oeste;-14.15201;-47.54451;7682;27.05;106;25;LULA;PT;2874;52,58;FLAVIO BOLSONARO;PL;1853;33,90;18.22;1853;26.6;26.3;45.9
go;ALVORADA DO NORTE;Goiás;Centro-Oeste;-14.48418;-46.50093;6780;23.73;152;24;FLAVIO BOLSONARO;PL;2164;43,66;LULA;PT;2089;42,15;1.45;2089;25.7;42.6;48.8
go;AMARALINA;Goiás;Centro-Oeste;-13.8898;-49.46765;2969;25.46;67;11;LULA;PT;919;43,23;FLAVIO BOLSONARO;PL;865;40,69;2.44;865;21.7;53.8;53.4
go;AMERICANO DO BRASIL;Goiás;Centro-Oeste;-16.2571;-49.98303;5599;19.9;120;17;FLAVIO BOLSONARO;PL;2044;47,23;LULA;PT;1554;35,91;10.93;1554;23.7;48.3;49.8
go;AMORINÓPOLIS;Goiás;Centro-Oeste;-16.60378;-51.09923;3862;20.48;97;17;FLAVIO BOLSONARO;PL;1595;53,99;LULA;PT;982;33,24;19.96;982;20.9;47.7;50.5
go;ANHANGÜERA;Goiás;Centro-Oeste;-18.3368;-48.21832;1738;37.11;31;5;FLAVIO BOLSONARO;PL;475;45,07;LULA;PT;430;40,80;4.12;430;26.0;31.4;52.9
go;ANICUNS;Goiás;Centro-Oeste;-16.45442;-49.9569;15170;19.79;334;49;FLAVIO BOLSONARO;PL;6256;53,41;LULA;PT;3476;29,67;22.85;3476;21.7;41.2;47.8
go;ANÁPOLIS;Goiás;Centro-Oeste;-16.32495;-48.95227;288292;22.28;5519;847;FLAVIO BOLSONARO;PL;135929;63,08;LULA;PT;47059;21,84;39.66;47059;26.7;29.6;46.2
go;APARECIDA DE GOIÂNIA;Goiás;Centro-Oeste;-16.78878;-49.28473;341263;21.28;7150;930;FLAVIO BOLSONARO;PL;130460;50,54;LULA;PT;81517;31,58;18.22;81517;29.8;31.7;46.0
go;APARECIDA DO RIO DOCE;Goiás;Centro-Oeste;-18.29777;-51.1496;3439;26.84;82;11;FLAVIO BOLSONARO;PL;1342;55,43;LULA;PT;844;34,86;19.79;844;25.6;48.0;50.8
go;APORÉ;Goiás;Centro-Oeste;-18.96782;-51.92692;3455;25.96;81;13;FLAVIO BOLSONARO;PL;1310;53,49;LULA;PT;694;28,34;24.08;694;25.3;44.5;49.4
go;ARAGARÇAS;Goiás;Centro-Oeste;-15.9037;-52.24215;13908;23.29;212;49;FLAVIO BOLSONARO;PL;5724;55,30;LULA;PT;3648;35,25;19.46;3648;25.0;37.7;46.9
go;ARAGOIÂNIA;Goiás;Centro-Oeste;-16.9097;-49.44344;10215;20.95;236;34;FLAVIO BOLSONARO;PL;3803;48,95;LULA;PT;2618;33,70;14.67;2618;24.5;44.9;49.5
go;ARAGUAPAZ;Goiás;Centro-Oeste;-15.10384;-50.60858;6011;22.63;109;24;FLAVIO BOLSONARO;PL;2241;49,58;LULA;PT;1642;36,33;12.88;1642;23.1;48.4;50.9
go;ARAÇU;Goiás;Centro-Oeste;-16.35962;-49.67722;4172;16.2;110;15;FLAVIO BOLSONARO;PL;1479;43,99;LULA;PT;1298;38,61;5.18;1298;21.2;43.4;49.2
go;ARENÓPOLIS;Goiás;Centro-Oeste;-16.34469;-51.58477;3626;22.31;48;14;FLAVIO BOLSONARO;PL;1425;51,91;LULA;PT;1019;37,12;14.41;1019;21.0;45.8;50.5
go;ARUANÃ;Goiás;Centro-Oeste;-14.91966;-51.08144;7391;29.59;127;24;FLAVIO BOLSONARO;PL;2378;47,32;LULA;PT;1768;35,18;11.72;1768;24.1;57.7;50.2
go;AURILÂNDIA;Goiás;Centro-Oeste;-16.68299;-50.46572;3295;22.12;62;10;FLAVIO BOLSONARO;PL;1116;44,89;LULA;PT;1090;43,85;1.01;1090;18.5;43.2;49.3
go;AVELINÓPOLIS;Goiás;Centro-Oeste;-16.46613;-49.75815;4465;22.58;66;13;FLAVIO BOLSONARO;PL;1958;58,14;LULA;PT;906;26,90;30.43;906;23.5;38.3;50.4
go;BALIZA;Goiás;Centro-Oeste;-16.30324;-52.51917;3329;25.02;60;15;LULA;PT;1109;45,86;FLAVIO BOLSONARO;PL;1059;43,80;2.0;1059;21.0;50.5;53.2
go;BARRO ALTO;Goiás;Centro-Oeste;-14.99272;-48.92037;10023;24.28;183;31;FLAVIO BOLSONARO;PL;3744;51,03;LULA;PT;2185;29,78;20.54;2185;27.2;36.0;49.5
go;BELA VISTA DE GOIÁS;Goiás;Centro-Oeste;-16.95695;-48.95781;24222;23.25;513;69;FLAVIO BOLSONARO;PL;9205;51,51;LULA;PT;5039;28,19;22.41;5039;25.2;40.6;48.7
go;BOM JARDIM DE GOIÁS;Goiás;Centro-Oeste;-16.20273;-52.1743;7603;22.64;137;24;FLAVIO BOLSONARO;PL;2910;50,93;LULA;PT;2264;39,62;10.98;2264;22.1;50.8;49.9
go;BOM JESUS;Goiás;Centro-Oeste;-18.21782;-49.73545;18138;24.66;395;51;FLAVIO BOLSONARO;PL;7383;56,74;LULA;PT;4306;33,10;22.52;4306;27.9;41.2;49.4
go;BONFINÓPOLIS;Goiás;Centro-Oeste;-16.61894;-48.9668;7873;19.43;209;23;FLAVIO BOLSONARO;PL;2993;49,18;LULA;PT;2049;33,67;14.88;2049;25.4;42.0;47.8
go;BONÓPOLIS;Goiás;Centro-Oeste;-13.61276;-49.80944;3730;27.45;48;13;FLAVIO BOLSONARO;PL;1135;42,96;LULA;PT;1124;42,54;0.41;1124;28.0;40.9;52.5
go;BRAZABRANTES;Goiás;Centro-Oeste;-16.41079;-49.39387;3891;22.87;84;12;FLAVIO BOLSONARO;PL;1374;47,54;LULA;PT;1018;35,22;11.86;1018;25.0;39.6;49.6
go;BRITÂNIA;Goiás;Centro-Oeste;-15.2465;-51.16678;5183;23.92;84;19;FLAVIO BOLSONARO;PL;2187;57,22;LULA;PT;1118;29,25;27.11;1118;22.7;45.1;49.6
go;BURITI ALEGRE;Goiás;Centro-Oeste;-18.13432;-49.04063;8690;28.56;153;29;FLAVIO BOLSONARO;PL;3257;54,52;LULA;PT;1969;32,96;20.75;1969;21.2;45.3;48.3
go;BURITI DE GOIÁS;Goiás;Centro-Oeste;-16.18011;-50.42746;3494;21.61;61;10;FLAVIO BOLSONARO;PL;1500;56,29;LULA;PT;651;24,43;31.0;651;21.8;44.7;50.0
go;BURITINÓPOLIS;Goiás;Centro-Oeste;-14.4436;-46.39502;3507;25.75;106;12;LULA;PT;1113;44,77;FLAVIO BOLSONARO;PL;1058;42,56;2.11;1058;26.3;46.8;50.8
go;CABECEIRAS;Goiás;Centro-Oeste;-15.80408;-46.92809;7447;21.87;177;25;FLAVIO BOLSONARO;PL;2733;49,00;LULA;PT;2192;39,30;9.3;2192;28.8;39.6;50.9
go;CACHOEIRA ALTA;Goiás;Centro-Oeste;-18.75845;-50.94536;7723;25.72;175;27;FLAVIO BOLSONARO;PL;2972;54,29;LULA;PT;1798;32,85;20.46;1798;25.2;44.0;49.3
go;CACHOEIRA DE GOIÁS;Goiás;Centro-Oeste;-16.66723;-50.64548;2065;23.44;51;6;FLAVIO BOLSONARO;PL;778;51,15;LULA;PT;525;34,52;16.0;525;24.4;43.0;51.3
go;CACHOEIRA DOURADA;Goiás;Centro-Oeste;-18.4913;-49.5388;7232;23.44;170;25;FLAVIO BOLSONARO;PL;2635;49,52;LULA;PT;2106;39,58;9.55;2106;21.6;45.8;50.2
go;CAIAPÔNIA;Goiás;Centro-Oeste;-16.96998;-51.79172;13208;23.33;262;42;FLAVIO BOLSONARO;PL;5595;57,19;LULA;PT;3097;31,65;24.67;3097;22.3;46.1;48.4
go;CALDAS NOVAS;Goiás;Centro-Oeste;-17.74777;-48.6192;68138;24.14;1522;210;FLAVIO BOLSONARO;PL;29008;58,67;LULA;PT;13530;27,36;29.94;13530;27.1;33.1;46.9
go;CALDAZINHA;Goiás;Centro-Oeste;-16.7125;-49.00239;4292;23.04;83;13;FLAVIO BOLSONARO;PL;1494;46,94;LULA;PT;957;30,07;16.26;957;24.0;41.9;50.9
go;CAMPESTRE DE GOIÁS;Goiás;Centro-Oeste;-16.76389;-49.69346;4041;24.2;82;13;FLAVIO BOLSONARO;PL;1407;47,58;LULA;PT;1079;36,49;10.71;1079;25.7;45.4;51.2
go;CAMPINAÇU;Goiás;Centro-Oeste;-13.81128;-48.57949;3775;26.78;65;15;FLAVIO BOLSONARO;PL;1303;48,75;LULA;PT;1046;39,13;9.3;1046;24.0;45.7;52.3
go;CAMPINORTE;Goiás;Centro-Oeste;-14.27227;-49.12395;9168;22.33;155;29;FLAVIO BOLSONARO;PL;4071;59,00;LULA;PT;1818;26,35;31.64;1818;25.0;42.3;48.7
go;CAMPO ALEGRE DE GOIÁS;Goiás;Centro-Oeste;-17.63594;-47.77804;5811;19.96;109;20;FLAVIO BOLSONARO;PL;2373;52,71;LULA;PT;1628;36,16;16.02;1628;26.6;44.0;51.1
go;CAMPO LIMPO DE GOIÁS;Goiás;Centro-Oeste;-16.29767;-49.08972;6772;21.06;133;20;FLAVIO BOLSONARO;PL;2930;56,67;LULA;PT;1305;25,24;30.4;1305;27.4;49.5;48.7
go;CAMPOS BELOS;Goiás;Centro-Oeste;-13.0307;-46.74215;14899;25.76;363;47;LULA;PT;5081;47,90;FLAVIO BOLSONARO;PL;3843;36,23;11.19;3843;26.4;39.3;47.5
go;CAMPOS VERDES;Goiás;Centro-Oeste;-14.26559;-49.65622;4498;28.79;100;14;LULA;PT;1678;54,46;FLAVIO BOLSONARO;PL;1043;33,85;19.83;1043;23.5;46.9;50.3
go;CARMO DO RIO VERDE;Goiás;Centro-Oeste;-15.36238;-49.70813;7229;21.46;138;21;FLAVIO BOLSONARO;PL;3092;56,47;LULA;PT;1801;32,89;22.74;1801;23.5;42.7;49.4
go;CASTELÂNDIA;Goiás;Centro-Oeste;-18.08819;-50.22163;3999;27.21;46;17;FLAVIO BOLSONARO;PL;1568;55,00;LULA;PT;1141;40,02;14.67;1141;26.1;49.0;51.3
go;CATALÃO;Goiás;Centro-Oeste;-18.15593;-47.92439;75393;22.16;1452;216;FLAVIO BOLSONARO;PL;27883;49,49;LULA;PT;20371;36,16;12.8;20371;25.1;30.5;47.2
go;CATURAÍ;Goiás;Centro-Oeste;-16.44411;-49.49175;5460;22.42;151;17;FLAVIO BOLSONARO;PL;1819;45,06;LULA;PT;1631;40,40;4.44;1631;23.5;49.0;49.9
go;CAVALCANTE;Goiás;Centro-Oeste;-13.69972;-47.50584;7953;28.68;222;30;LULA;PT;3865;71,43;FLAVIO BOLSONARO;PL;855;15,80;53.07;855;29.6;45.7;50.3
go;CAÇU;Goiás;Centro-Oeste;-18.56378;-51.13439;10792;23.46;206;37;FLAVIO BOLSONARO;PL;5222;65,28;LULA;PT;2012;25,15;38.86;2012;22.7;45.2;48.4
go;CERES;Goiás;Centro-Oeste;-15.30806;-49.60317;16940;19.83;264;57;FLAVIO BOLSONARO;PL;7836;59,51;LULA;PT;3561;27,04;31.48;3561;23.3;30.2;46.7
go;CEZARINA;Goiás;Centro-Oeste;-16.98751;-49.77954;7360;19.05;178;26;FLAVIO BOLSONARO;PL;3033;52,89;LULA;PT;1835;32,00;20.11;1835;23.0;40.3;50.3
go;CHAPADÃO DO CÉU;Goiás;Centro-Oeste;-18.39609;-52.66866;9497;22.85;122;30;FLAVIO BOLSONARO;PL;4928;68,85;LULA;PT;1722;24,06;43.76;1722;30.1;33.6;49.3
go;CIDADE OCIDENTAL;Goiás;Centro-Oeste;-16.09831;-47.91748;49714;21.44;746;144;FLAVIO BOLSONARO;PL;17750;46,93;LULA;PT;14490;38,31;8.35;14490;30.9;29.5;45.1
go;COCALZINHO DE GOIÁS;Goiás;Centro-Oeste;-15.74219;-48.59404;17515;23.52;374;50;FLAVIO BOLSONARO;PL;6745;52,60;LULA;PT;4127;32,19;19.54;4127;26.7;46.6;49.3
go;COLINAS DO SUL;Goiás;Centro-Oeste;-14.09614;-48.076;3848;27.08;81;13;LULA;PT;1453;53,56;FLAVIO BOLSONARO;PL;785;28,93;23.81;785;25.8;42.0;51.3
go;CORUMBAÍBA;Goiás;Centro-Oeste;-18.15905;-48.55561;7145;23.54;166;23;FLAVIO BOLSONARO;PL;2938;55,99;LULA;PT;1613;30,74;24.25;1613;23.5;42.1;49.8
go;CORUMBÁ DE GOIÁS;Goiás;Centro-Oeste;-15.92404;-48.79544;7930;23.13;168;31;FLAVIO BOLSONARO;PL;3006;51,33;LULA;PT;1886;32,21;18.37;1886;23.7;47.3;50.2
go;CRISTALINA;Goiás;Centro-Oeste;-16.64493;-47.5825;38974;22.86;710;115;FLAVIO BOLSONARO;PL;18635;64,41;LULA;PT;7374;25,49;37.46;7374;29.0;40.2;48.2
go;CRISTIANÓPOLIS;Goiás;Centro-Oeste;-17.1976;-48.70404;4023;23.84;69;12;FLAVIO BOLSONARO;PL;1750;58,67;LULA;PT;660;22,13;35.57;660;22.5;41.8;50.0
go;CRIXÁS;Goiás;Centro-Oeste;-14.57791;-49.97277;13017;28.33;259;42;FLAVIO BOLSONARO;PL;3808;42,28;LULA;PT;3783;42,00;0.27;3783;23.0;38.1;50.4
go;CROMÍNIA;Goiás;Centro-Oeste;-17.27291;-49.37195;3970;17.1;76;15;FLAVIO BOLSONARO;PL;1703;53,44;LULA;PT;991;31,10;21.63;991;21.6;37.9;49.0
go;CUMARI;Goiás;Centro-Oeste;-18.26866;-48.14847;2613;23.46;53;12;LULA;PT;953;49,48;FLAVIO BOLSONARO;PL;766;39,77;9.35;766;21.7;36.5;50.1
go;CÓRREGO DO OURO;Goiás;Centro-Oeste;-16.33299;-50.55723;3112;19.28;54;9;FLAVIO BOLSONARO;PL;1582;64,57;LULA;PT;503;20,53;42.95;503;21.5;42.0;50.8
go;DAMIANÓPOLIS;Goiás;Centro-Oeste;-14.54705;-46.18392;4024;24.45;94;13;FLAVIO BOLSONARO;PL;1482;50,82;LULA;PT;1041;35,70;14.51;1041;25.4;42.2;50.7
go;DAMOLÂNDIA;Goiás;Centro-Oeste;-16.25301;-49.36688;3634;18.85;94;12;FLAVIO BOLSONARO;PL;1301;46,04;LULA;PT;830;29,37;15.97;830;22.2;44.2;51.0
go;DAVINÓPOLIS;Goiás;Centro-Oeste;-18.15553;-47.5632;4145;28.85;49;12;FLAVIO BOLSONARO;PL;1263;43,85;LULA;PT;1243;43,16;0.68;1243;25.4;38.5;51.4
go;DIORAMA;Goiás;Centro-Oeste;-16.23546;-51.25881;2503;21.21;29;8;FLAVIO BOLSONARO;PL;1083;56,29;LULA;PT;560;29,11;26.52;560;21.6;42.3;51.0
go;DIVINÓPOLIS DE GOIÁS;Goiás;Centro-Oeste;-13.28086;-46.43381;5110;26.65;163;16;LULA;PT;1821;51,17;FLAVIO BOLSONARO;PL;1217;34,19;16.12;1217;24.8;44.6;51.7
go;DOVERLÂNDIA;Goiás;Centro-Oeste;-16.71079;-52.34159;5670;19.81;106;20;FLAVIO BOLSONARO;PL;2381;53,80;LULA;PT;1359;30,70;22.48;1359;21.8;52.8;51.1
go;EDEALINA;Goiás;Centro-Oeste;-17.42562;-49.66374;4159;23.4;71;13;FLAVIO BOLSONARO;PL;1907;61,68;LULA;PT;807;26,10;34.53;807;22.4;44.7;50.2
go;EDÉIA;Goiás;Centro-Oeste;-17.33977;-49.92499;9541;22.19;223;32;FLAVIO BOLSONARO;PL;4251;59,65;LULA;PT;2001;28,08;30.31;2001;24.7;39.0;47.9
go;ESTRELA DO NORTE;Goiás;Centro-Oeste;-13.86881;-49.07001;3214;22.68;75;12;FLAVIO BOLSONARO;PL;1099;45,93;LULA;PT;858;35,85;9.7;858;25.0;47.1;49.8
go;FAINA;Goiás;Centro-Oeste;-15.45066;-50.35719;6624;25.42;90;21;LULA;PT;2093;43,52;FLAVIO BOLSONARO;PL;2045;42,52;0.97;2045;21.1;48.2;51.4
go;FAZENDA NOVA;Goiás;Centro-Oeste;-16.18723;-50.80297;5536;19.62;126;22;FLAVIO BOLSONARO;PL;2259;52,69;LULA;PT;1413;32,96;19.01;1413;21.6;43.1;49.8
go;FIRMINÓPOLIS;Goiás;Centro-Oeste;-16.59257;-50.30608;8767;19.05;159;30;FLAVIO BOLSONARO;PL;4235;61,62;LULA;PT;1644;23,92;36.51;1644;21.8;38.2;46.6
go;FLORES DE GOIÁS;Goiás;Centro-Oeste;-14.55302;-46.92004;8526;26.6;208;28;LULA;PT;2674;44,43;FLAVIO BOLSONARO;PL;2340;38,88;5.34;2340;24.9;51.0;52.3
go;FORMOSA;Goiás;Centro-Oeste;-15.51931;-47.32134;77711;21.61;1512;243;FLAVIO BOLSONARO;PL;30623;52,19;LULA;PT;18724;31,91;19.53;18724;28.3;30.6;46.4
go;FORMOSO;Goiás;Centro-Oeste;-13.65453;-48.87802;4706;26.03;82;17;FLAVIO BOLSONARO;PL;1579;46,73;LULA;PT;1433;42,41;4.19;1433;23.1;43.1;49.5
go;GAMELEIRA DE GOIÁS;Goiás;Centro-Oeste;-16.45491;-48.65866;3713;19.01;62;13;FLAVIO BOLSONARO;PL;1528;52,51;LULA;PT;905;31,10;20.72;905;23.2;49.2;50.8
go;GOIANDIRA;Goiás;Centro-Oeste;-18.13455;-48.08641;4561;17.78;87;14;LULA;PT;1583;43,64;FLAVIO BOLSONARO;PL;1546;42,62;0.99;1546;22.7;31.2;49.5
go;GOIANIRA;Goiás;Centro-Oeste;-16.52955;-49.41144;47570;24.69;980;137;FLAVIO BOLSONARO;PL;16866;49,07;LULA;PT;11622;33,82;14.64;11622;29.0;39.8;47.2
go;GOIANÁPOLIS;Goiás;Centro-Oeste;-16.50519;-49.01939;10753;19.73;198;42;FLAVIO BOLSONARO;PL;5491;65,77;LULA;PT;1790;21,44;42.88;1790;25.5;45.3;47.8
go;GOIANÉSIA;Goiás;Centro-Oeste;-15.31584;-49.12424;59437;22.85;1130;172;FLAVIO BOLSONARO;PL;24267;55,07;LULA;PT;12943;29,37;24.69;12943;28.0;38.1;46.9
go;GOIATUBA;Goiás;Centro-Oeste;-18.01531;-49.38811;27861;20.32;711;98;FLAVIO BOLSONARO;PL;13135;61,98;LULA;PT;5065;23,90;36.35;5065;24.7;38.6;47.6
go;GOIÁS;Goiás;Centro-Oeste;-15.92867;-50.16166;19216;25.16;393;63;LULA;PT;6377;45,98;FLAVIO BOLSONARO;PL;5630;40,59;5.19;5630;20.6;38.0;47.6
go;GOIÂNIA;Goiás;Centro-Oeste;-16.6777;-49.28755;1019261;19.89;17906;3043;FLAVIO BOLSONARO;PL;432608;54,68;LULA;PT;223219;28,22;25.64;223219;25.2;21.3;44.9
go;GOUVELÂNDIA;Goiás;Centro-Oeste;-18.44321;-50.1358;4011;23.39;98;13;FLAVIO BOLSONARO;PL;1339;45,45;LULA;PT;1317;44,70;0.72;1317;22.5;45.7;49.7
go;GUAPÓ;Goiás;Centro-Oeste;-16.84176;-49.54874;14861;23.3;366;49;FLAVIO BOLSONARO;PL;4939;45,25;LULA;PT;3828;35,07;9.75;3828;26.9;40.3;47.6
go;GUARANI DE GOIÁS;Goiás;Centro-Oeste;-13.91928;-46.48098;4796;17.12;153;17;LULA;PT;1530;40,19;RONALDO CAIADO;PSD;1228;32,26;7.6;1228;25.2;47.6;53.4
go;GUARAÍTA;Goiás;Centro-Oeste;-15.63021;-50.02822;2781;17.44;64;9;FLAVIO BOLSONARO;PL;1091;49,48;LULA;PT;827;37,51;11.5;827;21.2;42.0;50.8
go;GUARINOS;Goiás;Centro-Oeste;-14.69429;-49.71408;3062;29.92;50;10;LULA;PT;974;46,83;FLAVIO BOLSONARO;PL;806;38,75;7.83;806;23.2;47.8;53.6
go;HEITORAÍ;Goiás;Centro-Oeste;-15.72466;-49.8267;4192;21.61;82;13;FLAVIO BOLSONARO;PL;1650;51,95;LULA;PT;1162;36,59;14.85;1162;22.0;45.8;50.2
go;HIDROLINA;Goiás;Centro-Oeste;-14.72568;-49.4399;3869;20.44;60;13;FLAVIO BOLSONARO;PL;1420;47,57;LULA;PT;1307;43,79;3.67;1307;21.5;45.0;51.8
go;HIDROLÂNDIA;Goiás;Centro-Oeste;-16.95711;-49.24831;23574;22.88;485;67;FLAVIO BOLSONARO;PL;7760;44,30;LULA;PT;4838;27,62;16.07;4838;26.7;39.4;48.9
go;IACIARA;Goiás;Centro-Oeste;-14.08073;-46.6297;8526;22.67;209;28;LULA;PT;2553;40,24;FLAVIO BOLSONARO;PL;2363;37,25;2.88;2363;27.9;45.2;48.7
go;INACIOLÂNDIA;Goiás;Centro-Oeste;-18.48709;-49.99207;4809;21.67;129;14;LULA;PT;1574;43,78;FLAVIO BOLSONARO;PL;1564;43,50;0.27;1564;24.0;45.0;49.7
go;INDIARA;Goiás;Centro-Oeste;-17.14484;-49.99711;12731;22.32;261;40;FLAVIO BOLSONARO;PL;4977;52,26;LULA;PT;3387;35,57;16.08;3387;26.6;40.2;49.1
go;INHUMAS;Goiás;Centro-Oeste;-16.36428;-49.49657;40854;21.51;1017;128;FLAVIO BOLSONARO;PL;15356;50,11;LULA;PT;9392;30,65;18.6;9392;24.1;39.1;46.3
go;IPAMERI;Goiás;Centro-Oeste;-17.60732;-48.09881;20506;23.66;435;69;FLAVIO BOLSONARO;PL;7897;52,63;LULA;PT;5004;33,35;18.48;5004;24.4;42.2;47.9
go;IPIRANGA DE GOIÁS;Goiás;Centro-Oeste;-15.14577;-49.66692;3148;20.55;58;10;FLAVIO BOLSONARO;PL;1389;57,33;LULA;PT;790;32,60;23.95;790;21.6;44.8;51.9
go;IPORÁ;Goiás;Centro-Oeste;-16.4372;-51.11707;26609;23.15;467;105;FLAVIO BOLSONARO;PL;11368;57,45;LULA;PT;5561;28,10;28.4;5561;22.5;37.9;46.5
go;ISRAELÂNDIA;Goiás;Centro-Oeste;-16.32054;-50.89514;2989;24.09;67;12;FLAVIO BOLSONARO;PL;1054;48,35;LULA;PT;781;35,83;12.03;781;21.2;42.9;50.8
go;ITABERAÍ;Goiás;Centro-Oeste;-16.0195;-49.7984;33230;23.56;604;99;FLAVIO BOLSONARO;PL;12900;52,77;LULA;PT;8077;33,04;18.99;8077;27.4;41.9;47.2
go;ITAGUARI;Goiás;Centro-Oeste;-15.92395;-49.60533;5166;18.35;95;16;FLAVIO BOLSONARO;PL;1868;45,62;LULA;PT;1494;36,48;8.87;1494;24.7;45.7;49.9
go;ITAGUARU;Goiás;Centro-Oeste;-15.76275;-49.63359;5268;16.44;111;19;FLAVIO BOLSONARO;PL;1956;46,00;LULA;PT;1816;42,71;3.18;1816;20.6;43.5;49.8
go;ITAJÁ;Goiás;Centro-Oeste;-19.10311;-51.4819;3668;21.76;63;16;FLAVIO BOLSONARO;PL;1610;57,71;LULA;PT;717;25,70;31.11;717;22.6;43.7;47.7
go;ITAPACI;Goiás;Centro-Oeste;-14.95688;-49.55635;15697;24.81;289;48;FLAVIO BOLSONARO;PL;5854;51,37;LULA;PT;4226;37,09;13.79;4226;24.8;40.8;48.5
go;ITAPIRAPUÃ;Goiás;Centro-Oeste;-15.79844;-50.64493;6866;23.73;119;23;FLAVIO BOLSONARO;PL;2409;47,34;LULA;PT;1974;38,79;8.31;1974;22.8;47.9;49.2
go;ITAPURANGA;Goiás;Centro-Oeste;-15.54704;-49.94757;21491;17.93;400;76;FLAVIO BOLSONARO;PL;8670;50,85;LULA;PT;5904;34,63;15.68;5904;22.0;43.2;47.0
go;ITARUMÃ;Goiás;Centro-Oeste;-18.76147;-51.34305;4683;24.64;103;17;FLAVIO BOLSONARO;PL;1875;55,21;LULA;PT;1148;33,80;20.6;1148;22.9;52.1;50.7
go;ITAUÇU;Goiás;Centro-Oeste;-16.20576;-49.61643;7690;17.62;159;31;FLAVIO BOLSONARO;PL;3175;51,94;LULA;PT;2066;33,80;17.51;2066;21.7;41.0;48.2
go;ITUMBIARA;Goiás;Centro-Oeste;-18.41185;-49.23049;74876;23.43;1543;219;FLAVIO BOLSONARO;PL;31755;57,76;LULA;PT;15732;28,62;27.95;15732;23.8;33.3;46.2
go;IVOLÂNDIA;Goiás;Centro-Oeste;-16.58886;-50.90396;3148;25.51;59;10;FLAVIO BOLSONARO;PL;1054;46,29;LULA;PT;825;36,23;9.77;825;20.8;42.0;51.8
go;JANDAIA;Goiás;Centro-Oeste;-17.03192;-50.1639;5992;18.56;117;21;FLAVIO BOLSONARO;PL;2723;57,62;LULA;PT;1464;30,98;25.8;1464;20.7;40.4;49.4
go;JARAGUÁ;Goiás;Centro-Oeste;-15.74565;-49.33468;33457;21.68;487;100;FLAVIO BOLSONARO;PL;15948;62,72;LULA;PT;5084;20,00;41.46;5084;26.2;44.0;47.1
go;JATAÍ;Goiás;Centro-Oeste;-17.88382;-51.71879;73593;22.6;1306;256;FLAVIO BOLSONARO;PL;34317;62,49;LULA;PT;14385;26,20;34.99;14385;26.0;34.7;46.8
go;JAUPACI;Goiás;Centro-Oeste;-16.18001;-50.95394;3160;23.99;65;13;FLAVIO BOLSONARO;PL;1068;45,94;LULA;PT;862;37,08;8.58;862;21.9;41.7;49.2
go;JESÚPOLIS;Goiás;Centro-Oeste;-15.95555;-49.37364;2726;25.42;48;8;FLAVIO BOLSONARO;PL;1067;53,94;LULA;PT;539;27,25;25.97;539;22.3;50.2;51.6
go;JOVIÂNIA;Goiás;Centro-Oeste;-17.8073;-49.62177;5772;18.16;152;22;FLAVIO BOLSONARO;PL;2583;57,12;LULA;PT;1455;32,18;23.88;1455;24.3;44.4;49.4
go;JUSSARA;Goiás;Centro-Oeste;-15.86942;-50.89621;14816;22.08;325;52;FLAVIO BOLSONARO;PL;6348;57,10;LULA;PT;3223;28,99;27.07;3223;22.8;39.5;47.2
go;LAGOA SANTA;Goiás;Centro-Oeste;-19.18239;-51.39973;1783;27.76;29;6;FLAVIO BOLSONARO;PL;673;53,88;LULA;PT;408;32,67;20.57;408;26.0;39.0;49.6
go;LEOPOLDO DE BULHÕES;Goiás;Centro-Oeste;-16.59399;-48.78963;7348;21.39;178;25;FLAVIO BOLSONARO;PL;2890;52,33;LULA;PT;1802;32,63;18.84;1802;24.3;50.6;48.6
go;LUZIÂNIA;Goiás;Centro-Oeste;-16.22223;-47.94889;136763;21.8;2696;397;FLAVIO BOLSONARO;PL;52703;51,35;LULA;PT;32036;31,22;19.32;32036;30.9;34.9;46.4
go;MAIRIPOTABA;Goiás;Centro-Oeste;-17.29684;-49.49686;3493;21.59;58;11;FLAVIO BOLSONARO;PL;1387;52,10;LULA;PT;743;27,91;23.51;743;20.1;39.1;50.7
go;MAMBAÍ;Goiás;Centro-Oeste;-14.49155;-46.11682;6519;21.58;117;20;FLAVIO BOLSONARO;PL;3054;61,55;LULA;PT;1546;31,16;29.5;1546;29.6;46.4;50.4
go;MARA ROSA;Goiás;Centro-Oeste;-14.01751;-49.2013;9165;24.38;179;30;FLAVIO BOLSONARO;PL;3267;48,79;LULA;PT;2320;34,65;13.66;2320;23.9;44.2;48.3
go;MARZAGÃO;Goiás;Centro-Oeste;-17.98164;-48.64059;3001;25.19;61;9;FLAVIO BOLSONARO;PL;1079;49,79;LULA;PT;728;33,59;15.63;728;29.1;38.4;49.1
go;MATRINCHÃ;Goiás;Centro-Oeste;-15.46232;-50.69613;3955;23.49;104;13;FLAVIO BOLSONARO;PL;1322;45,46;LULA;PT;1018;35,01;10.05;1018;22.9;48.1;49.1
go;MAURILÂNDIA;Goiás;Centro-Oeste;-17.9755;-50.33818;7553;20.93;156;26;FLAVIO BOLSONARO;PL;2678;46,57;LULA;PT;2527;43,95;2.53;2527;25.4;44.1;49.7
go;MIMOSO DE GOIÁS;Goiás;Centro-Oeste;-15.05793;-48.16035;3345;19.7;86;11;FLAVIO BOLSONARO;PL;1167;45,22;LULA;PT;943;36,54;8.34;943;26.4;45.4;52.2
go;MINAÇU;Goiás;Centro-Oeste;-13.52106;-48.23056;22408;26.12;351;79;FLAVIO BOLSONARO;PL;8307;51,83;LULA;PT;5796;36,17;15.17;5796;23.4;39.1;48.7
go;MINEIROS;Goiás;Centro-Oeste;-17.56402;-52.55202;51739;23.82;1040;141;FLAVIO BOLSONARO;PL;22904;60,45;LULA;PT;10358;27,34;31.83;10358;28.8;37.4;47.5
go;MOIPORÁ;Goiás;Centro-Oeste;-16.52146;-50.75061;2507;25.61;35;9;FLAVIO BOLSONARO;PL;950;52,14;LULA;PT;541;29,69;21.93;541;21.8;36.2;50.5
go;MONTE ALEGRE DE GOIÁS;Goiás;Centro-Oeste;-13.27988;-46.91381;5622;26.75;144;22;LULA;PT;2178;55,08;FLAVIO BOLSONARO;PL;1002;25,34;28.56;1002;25.5;47.2;50.4
go;MONTES CLAROS DE GOIÁS;Goiás;Centro-Oeste;-15.97843;-51.45315;7109;22.32;109;24;FLAVIO BOLSONARO;PL;3027;56,38;LULA;PT;1693;31,53;24.16;1693;23.4;41.1;49.9
go;MONTIVIDIU;Goiás;Centro-Oeste;-17.44892;-51.17724;9826;20.52;161;31;FLAVIO BOLSONARO;PL;5303;70,15;LULA;PT;1787;23,64;45.02;1787;28.0;44.1;50.8
go;MONTIVIDIU DO NORTE;Goiás;Centro-Oeste;-13.22309;-48.6965;3716;25.03;55;13;FLAVIO BOLSONARO;PL;1334;48,92;LULA;PT;1055;38,69;10.01;1055;23.7;50.8;51.4
go;MORRINHOS;Goiás;Centro-Oeste;-17.73302;-49.11078;37180;22.08;703;126;FLAVIO BOLSONARO;PL;15720;56,36;LULA;PT;7784;27,91;27.39;7784;24.5;37.2;47.4
go;MORRO AGUDO DE GOIÁS;Goiás;Centro-Oeste;-15.31444;-50.05797;3067;17.64;58;10;FLAVIO BOLSONARO;PL;1326;54,06;LULA;PT;701;28,58;24.74;701;22.4;44.0;50.2
go;MOSSÂMEDES;Goiás;Centro-Oeste;-16.11977;-50.2017;4636;22.41;87;13;LULA;PT;1561;44,88;FLAVIO BOLSONARO;PL;1370;39,39;5.31;1370;20.8;44.2;49.2
go;MOZARLÂNDIA;Goiás;Centro-Oeste;-14.75157;-50.56997;12318;28.0;216;42;FLAVIO BOLSONARO;PL;4454;51,98;LULA;PT;2768;32,30;19.01;2768;27.2;45.7;49.2
go;MUNDO NOVO;Goiás;Centro-Oeste;-13.79741;-50.25316;5366;25.74;108;21;FLAVIO BOLSONARO;PL;2041;52,96;LULA;PT;1418;36,79;15.63;1418;23.9;53.9;50.8
go;MUTUNÓPOLIS;Goiás;Centro-Oeste;-13.73095;-49.27344;3622;20.04;58;14;FLAVIO BOLSONARO;PL;1393;49,36;LULA;PT;825;29,23;19.61;825;23.4;53.4;50.5
go;NAZÁRIO;Goiás;Centro-Oeste;-16.58383;-49.86458;7694;21.58;146;24;FLAVIO BOLSONARO;PL;3359;57,44;LULA;PT;1744;29,82;26.76;1744;23.4;44.4;49.4
go;NERÓPOLIS;Goiás;Centro-Oeste;-16.4072;-49.22231;25856;25.19;535;74;FLAVIO BOLSONARO;PL;9804;52,75;LULA;PT;5675;30,53;21.35;5675;26.1;38.7;47.0
go;NIQUELÂNDIA;Goiás;Centro-Oeste;-14.49906;-48.46314;28256;26.46;609;98;FLAVIO BOLSONARO;PL;9529;47,65;LULA;PT;6557;32,79;14.3;6557;22.2;42.8;49.1
go;NOVA AMÉRICA;Goiás;Centro-Oeste;-15.02215;-49.8953;2769;17.01;73;10;FLAVIO BOLSONARO;PL;1033;46,87;LULA;PT;627;28,45;17.67;627;21.7;43.6;49.4
go;NOVA AURORA;Goiás;Centro-Oeste;-18.05801;-48.25512;2328;18.38;57;10;FLAVIO BOLSONARO;PL;816;45,11;LULA;PT;751;41,51;3.42;751;22.0;34.3;51.2
go;NOVA CRIXÁS;Goiás;Centro-Oeste;-14.02816;-50.42112;9335;23.41;171;31;FLAVIO BOLSONARO;PL;3346;48,24;LULA;PT;2727;39,32;8.66;2727;24.9;52.9;50.6
go;NOVA GLÓRIA;Goiás;Centro-Oeste;-15.1284;-49.54022;6881;19.92;134;25;FLAVIO BOLSONARO;PL;2672;50,42;LULA;PT;1891;35,68;14.17;1891;22.9;43.1;48.9
go;NOVA IGUAÇU DE GOIÁS;Goiás;Centro-Oeste;-14.28519;-49.39193;2680;21.64;44;8;FLAVIO BOLSONARO;PL;1036;50,73;LULA;PT;724;35,46;14.86;724;23.8;45.0;51.6
go;NOVA ROMA;Goiás;Centro-Oeste;-13.78656;-46.91352;3006;26.55;79;11;LULA;PT;979;46,24;FLAVIO BOLSONARO;PL;585;27,63;17.84;585;22.9;42.6;51.4
go;NOVA VENEZA;Goiás;Centro-Oeste;-16.37276;-49.31749;8553;22.71;156;23;FLAVIO BOLSONARO;PL;3206;50,14;LULA;PT;2106;32,94;16.64;2106;24.2;35.3;49.3
go;NOVO BRASIL;Goiás;Centro-Oeste;-16.05481;-50.69477;3599;20.98;64;15;FLAVIO BOLSONARO;PL;1447;52,68;LULA;PT;951;34,62;17.44;951;20.5;41.7;50.0
go;NOVO GAMA;Goiás;Centro-Oeste;-16.0749;-48.04844;58615;20.55;1107;184;FLAVIO BOLSONARO;PL;21705;48,59;LULA;PT;16994;38,05;10.12;16994;33.0;37.1;45.6
go;NOVO PLANALTO;Goiás;Centro-Oeste;-13.246;-49.53016;4131;23.82;71;13;FLAVIO BOLSONARO;PL;1547;50,72;LULA;PT;1125;36,89;13.41;1125;23.1;46.7;51.0
go;ORIZONA;Goiás;Centro-Oeste;-17.01976;-48.25562;12089;19.6;271;43;FLAVIO BOLSONARO;PL;5123;54,89;LULA;PT;2357;25,25;28.46;2357;22.2;44.6;49.8
go;OURO VERDE DE GOIÁS;Goiás;Centro-Oeste;-16.21693;-49.1973;3766;18.06;97;15;FLAVIO BOLSONARO;PL;1605;54,19;LULA;PT;766;25,86;27.19;766;23.6;45.6;49.6
go;OUVIDOR;Goiás;Centro-Oeste;-18.2311;-47.83596;10501;22.46;249;28;FLAVIO BOLSONARO;PL;3828;49,26;LULA;PT;2890;37,19;11.52;2890;25.7;31.7;50.1
go;PADRE BERNARDO;Goiás;Centro-Oeste;-15.2853;-48.27839;20391;22.71;497;68;FLAVIO BOLSONARO;PL;7779;51,58;LULA;PT;5003;33,17;17.61;5003;27.4;47.4;48.8
go;PALESTINA DE GOIÁS;Goiás;Centro-Oeste;-16.74219;-51.52622;3576;23.32;65;12;FLAVIO BOLSONARO;PL;1543;57,99;LULA;PT;791;29,73;27.43;791;22.3;49.7;50.6
go;PALMEIRAS DE GOIÁS;Goiás;Centro-Oeste;-16.80819;-49.92394;23454;22.64;434;73;FLAVIO BOLSONARO;PL;10656;60,79;LULA;PT;4912;28,02;31.66;4912;27.2;36.9;47.2
go;PALMELO;Goiás;Centro-Oeste;-17.32755;-48.42896;2406;23.65;59;8;FLAVIO BOLSONARO;PL;902;51,19;LULA;PT;576;32,69;17.75;576;24.1;37.1;47.2
go;PALMINÓPOLIS;Goiás;Centro-Oeste;-16.79513;-50.16113;4428;21.48;62;13;FLAVIO BOLSONARO;PL;2068;60,95;LULA;PT;813;23,96;36.09;813;23.3;42.0;49.4
go;PANAMÁ;Goiás;Centro-Oeste;-18.17979;-49.35293;3038;22.09;66;14;FLAVIO BOLSONARO;PL;1108;48,81;LULA;PT;793;34,93;13.31;793;20.1;44.9;50.0
go;PARANAIGUARA;Goiás;Centro-Oeste;-18.9124;-50.65667;7170;22.37;177;25;FLAVIO BOLSONARO;PL;2422;45,55;LULA;PT;2196;41,30;4.06;2196;21.8;45.8;47.9
go;PARAÚNA;Goiás;Centro-Oeste;-16.97284;-50.46533;9273;23.0;234;31;FLAVIO BOLSONARO;PL;4290;62,59;LULA;PT;1848;26,96;34.2;1848;23.6;44.3;48.1
go;PEROLÂNDIA;Goiás;Centro-Oeste;-17.52578;-52.06816;3152;25.38;56;9;FLAVIO BOLSONARO;PL;1258;55,22;LULA;PT;686;30,11;24.32;686;26.8;46.1;51.3
go;PETROLINA DE GOIÁS;Goiás;Centro-Oeste;-16.10045;-49.33523;7530;18.63;194;29;FLAVIO BOLSONARO;PL;3414;58,34;LULA;PT;1604;27,41;29.54;1604;21.0;45.5;48.3
go;PILAR DE GOIÁS;Goiás;Centro-Oeste;-14.68383;-49.55252;3938;29.89;59;14;FLAVIO BOLSONARO;PL;1229;46,03;LULA;PT;1097;41,09;4.78;1097;26.8;39.6;54.1
go;PIRACANJUBA;Goiás;Centro-Oeste;-17.30092;-49.03219;18846;23.96;374;63;FLAVIO BOLSONARO;PL;7002;50,78;LULA;PT;4435;32,16;17.91;4435;21.5;43.5;48.2
go;PIRANHAS;Goiás;Centro-Oeste;-16.43064;-51.81958;9094;20.76;218;32;FLAVIO BOLSONARO;PL;3853;55,48;LULA;PT;2115;30,45;24.12;2115;22.1;43.7;48.3
go;PIRENÓPOLIS;Goiás;Centro-Oeste;-15.86454;-48.98957;20745;21.16;469;76;FLAVIO BOLSONARO;PL;8072;51,68;LULA;PT;5246;33,59;17.28;5246;23.8;40.0;48.7
go;PIRES DO RIO;Goiás;Centro-Oeste;-17.30164;-48.28056;22071;23.58;541;72;FLAVIO BOLSONARO;PL;9848;61,39;LULA;PT;4155;25,90;33.75;4155;24.9;38.3;46.8
go;PLANALTINA;Goiás;Centro-Oeste;-15.44659;-47.60753;66587;23.43;1288;206;FLAVIO BOLSONARO;PL;22566;46,18;LULA;PT;19605;40,12;5.81;19605;31.9;40.8;46.5
go;PONTALINA;Goiás;Centro-Oeste;-17.51705;-49.44874;14364;19.56;332;53;FLAVIO BOLSONARO;PL;6199;55,88;LULA;PT;3283;29,60;25.24;3283;22.6;43.8;47.6
go;PORANGATU;Goiás;Centro-Oeste;-13.42301;-49.14247;30959;23.18;573;109;FLAVIO BOLSONARO;PL;12662;55,18;LULA;PT;7786;33,93;20.5;7786;24.7;38.3;47.2
go;PORTEIRÃO;Goiás;Centro-Oeste;-17.81219;-50.16416;3963;28.21;50;11;FLAVIO BOLSONARO;PL;1474;53,04;LULA;PT;992;35,70;16.94;992;28.8;41.6;52.1
go;PORTELÂNDIA;Goiás;Centro-Oeste;-17.35522;-52.67905;3416;22.42;79;11;FLAVIO BOLSONARO;PL;1451;57,10;LULA;PT;838;32,98;23.13;838;22.9;53.3;51.8
go;POSSE;Goiás;Centro-Oeste;-14.11775;-46.373;25339;20.53;509;86;FLAVIO BOLSONARO;PL;9593;49,41;LULA;PT;7175;36,96;12.01;7175;28.6;39.9;48.3
go;PROFESSOR JAMIL;Goiás;Centro-Oeste;-17.25402;-49.24498;3597;21.46;69;11;FLAVIO BOLSONARO;PL;1199;43,76;LULA;PT;1075;39,23;4.39;1075;22.1;41.9;50.5
go;QUIRINÓPOLIS;Goiás;Centro-Oeste;-18.44992;-50.4497;35296;22.63;728;106;FLAVIO BOLSONARO;PL;14886;56,82;LULA;PT;8125;31,02;24.76;8125;23.8;39.1;46.9
go;RIALMA;Goiás;Centro-Oeste;-15.31503;-49.581;9232;19.65;147;32;FLAVIO BOLSONARO;PL;4437;61,73;LULA;PT;1921;26,73;33.92;1921;25.5;35.7;46.8
go;RIANÁPOLIS;Goiás;Centro-Oeste;-15.44999;-49.51031;3946;20.55;98;13;FLAVIO BOLSONARO;PL;1738;57,95;LULA;PT;808;26,94;29.67;808;23.8;46.3;48.8
go;RIO QUENTE;Goiás;Centro-Oeste;-17.80851;-48.76663;4413;22.62;102;14;FLAVIO BOLSONARO;PL;1779;54,20;LULA;PT;902;27,48;25.68;902;27.3;32.5;50.0
go;RIO VERDE;Goiás;Centro-Oeste;-17.79687;-50.91253;153307;20.85;2573;471;FLAVIO BOLSONARO;PL;74548;63,69;LULA;PT;31329;26,77;35.62;31329;28.3;31.6;47.2
go;RUBIATABA;Goiás;Centro-Oeste;-15.17301;-49.81436;15629;23.07;313;52;FLAVIO BOLSONARO;PL;6987;60,36;LULA;PT;2690;23,24;35.74;2690;23.3;42.5;47.7
go;SANCLERLÂNDIA;Goiás;Centro-Oeste;-16.20669;-50.31966;7135;18.67;144;24;FLAVIO BOLSONARO;PL;3053;54,43;LULA;PT;1872;33,37;20.35;1872;22.5;39.7;48.4
go;SANTA BÁRBARA DE GOIÁS;Goiás;Centro-Oeste;-16.57853;-49.69599;5600;18.89;79;18;FLAVIO BOLSONARO;PL;2300;52,10;LULA;PT;1368;30,99;20.52;1368;23.0;42.4;48.1
go;SANTA CRUZ DE GOIÁS;Goiás;Centro-Oeste;-17.29994;-48.51031;3504;21.43;85;11;FLAVIO BOLSONARO;PL;1430;54,17;LULA;PT;820;31,06;22.16;820;20.8;42.8;51.1
go;SANTA FÉ DE GOIÁS;Goiás;Centro-Oeste;-15.77096;-51.1033;4208;25.14;68;16;FLAVIO BOLSONARO;PL;1543;50,33;LULA;PT;1005;32,78;17.08;1005;27.0;44.3;49.8
go;SANTA HELENA DE GOIÁS;Goiás;Centro-Oeste;-17.8146;-50.59718;30181;20.64;693;95;FLAVIO BOLSONARO;PL;12658;55,31;LULA;PT;7501;32,77;21.53;7501;23.8;41.4;47.3
go;SANTA ISABEL;Goiás;Centro-Oeste;-15.31596;-49.40042;3820;22.15;77;14;FLAVIO BOLSONARO;PL;1576;54,76;LULA;PT;978;33,98;20.11;978;19.7;47.9;50.4
go;SANTA RITA DO ARAGUAIA;Goiás;Centro-Oeste;-17.32598;-53.2028;4460;25.9;83;15;FLAVIO BOLSONARO;PL;1669;52,32;LULA;PT;1132;35,49;16.25;1132;25.4;43.6;50.1
go;SANTA RITA DO NOVO DESTINO;Goiás;Centro-Oeste;-15.0211;-49.08798;3048;21.82;52;10;FLAVIO BOLSONARO;PL;1069;46,22;LULA;PT;873;37,74;8.22;873;20.4;53.1;53.9
go;SANTA ROSA DE GOIÁS;Goiás;Centro-Oeste;-16.08385;-49.49472;3527;17.41;78;12;FLAVIO BOLSONARO;PL;1395;49,66;LULA;PT;936;33,32;15.76;936;22.4;46.7;49.6
go;SANTA TEREZA DE GOIÁS;Goiás;Centro-Oeste;-13.69598;-49.01799;3838;28.48;75;13;FLAVIO BOLSONARO;PL;1320;49,94;LULA;PT;1097;41,51;8.12;1097;22.0;48.5;50.0
go;SANTA TEREZINHA DE GOIÁS;Goiás;Centro-Oeste;-14.42763;-49.70005;8524;26.56;175;32;FLAVIO BOLSONARO;PL;2672;44,23;LULA;PT;2639;43,68;0.53;2639;22.4;43.3;48.6
go;SANTO ANTÔNIO DA BARRA;Goiás;Centro-Oeste;-17.56147;-50.64149;4303;21.68;117;15;FLAVIO BOLSONARO;PL;1632;50,95;LULA;PT;1239;38,68;11.66;1239;26.7;45.6;52.3
go;SANTO ANTÔNIO DE GOIÁS;Goiás;Centro-Oeste;-16.48697;-49.31;7976;21.51;147;23;FLAVIO BOLSONARO;PL;3167;52,18;LULA;PT;2035;33,53;18.08;2035;27.2;36.5;49.0
go;SANTO ANTÔNIO DO DESCOBERTO;Goiás;Centro-Oeste;-15.95764;-48.27361;46706;22.08;955;142;FLAVIO BOLSONARO;PL;17257;49,56;LULA;PT;12739;36,58;12.41;12739;32.3;39.6;47.3
go;SENADOR CANEDO;Goiás;Centro-Oeste;-16.69157;-49.12066;95243;21.36;1981;263;FLAVIO BOLSONARO;PL;34865;48,40;LULA;PT;24600;34,15;13.71;24600;30.8;32.4;46.5
go;SERRANÓPOLIS;Goiás;Centro-Oeste;-18.30844;-51.9608;6621;26.19;109;21;FLAVIO BOLSONARO;PL;2535;53,62;LULA;PT;1681;35,55;17.47;1681;24.9;48.3;52.0
go;SILVÂNIA;Goiás;Centro-Oeste;-16.64588;-48.60117;16325;19.39;312;56;FLAVIO BOLSONARO;PL;7333;57,75;LULA;PT;3466;27,30;29.39;3466;24.4;39.5;48.2
go;SIMOLÂNDIA;Goiás;Centro-Oeste;-14.46989;-46.48318;5580;23.64;166;22;LULA;PT;1784;44,02;FLAVIO BOLSONARO;PL;1703;42,02;1.9;1703;26.8;46.1;49.7
go;SÃO DOMINGOS;Goiás;Centro-Oeste;-13.45724;-46.37466;7284;26.88;236;29;LULA;PT;2322;46,05;FLAVIO BOLSONARO;PL;1537;30,48;14.74;1537;23.6;51.6;51.7
go;SÃO FRANCISCO DE GOIÁS;Goiás;Centro-Oeste;-15.93499;-49.26005;5392;22.2;137;18;FLAVIO BOLSONARO;PL;2249;56,28;LULA;PT;1073;26,85;28.03;1073;24.3;45.5;49.8
go;SÃO JOÃO D'ALIANÇA;Goiás;Centro-Oeste;-14.67157;-47.48379;7763;21.56;185;24;FLAVIO BOLSONARO;PL;2736;46,69;LULA;PT;2116;36,11;10.18;2116;28.8;41.6;49.3
go;SÃO JOÃO DA PARAÚNA;Goiás;Centro-Oeste;-16.82044;-50.41138;2198;24.93;51;6;FLAVIO BOLSONARO;PL;920;57,93;LULA;PT;402;25,31;31.39;402;23.9;40.9;49.8
go;SÃO LUIZ DO NORTE;Goiás;Centro-Oeste;-14.8743;-49.32758;5107;24.24;80;16;LULA;PT;1635;43,59;FLAVIO BOLSONARO;PL;1464;39,03;4.42;1464;24.7;45.7;51.1
go;SÃO LUÍS DE MONTES BELOS;Goiás;Centro-Oeste;-16.51542;-50.37665;24563;20.6;478;80;FLAVIO BOLSONARO;PL;12796;67,96;LULA;PT;3785;20,10;46.2;3785;23.3;35.6;45.7
go;SÃO MIGUEL DO ARAGUAIA;Goiás;Centro-Oeste;-13.26796;-50.17654;18389;25.56;341;59;FLAVIO BOLSONARO;PL;7941;59,97;LULA;PT;3798;28,68;30.27;3798;23.4;45.9;48.8
go;SÃO MIGUEL DO PASSA QUATRO;Goiás;Centro-Oeste;-17.05573;-48.66498;4211;16.48;100;13;FLAVIO BOLSONARO;PL;1740;51,28;LULA;PT;973;28,68;21.81;973;20.4;43.6;50.8
go;SÃO PATRÍCIO;Goiás;Centro-Oeste;-15.34929;-49.81745;2457;19.09;63;9;FLAVIO BOLSONARO;PL;1124;59,13;LULA;PT;479;25,20;32.44;479;23.2;40.2;50.6
go;SÃO SIMÃO;Goiás;Centro-Oeste;-18.99639;-50.55796;13332;25.83;258;48;FLAVIO BOLSONARO;PL;4407;46,45;LULA;PT;4172;43,98;2.38;4172;23.0;42.6;48.2
go;SÍTIO D'ABADIA;Goiás;Centro-Oeste;-14.71637;-46.25866;3498;32.25;96;11;LULA;PT;972;43,03;FLAVIO BOLSONARO;PL;877;38,82;4.01;877;26.9;43.7;53.0
go;TAQUARAL DE GOIÁS;Goiás;Centro-Oeste;-16.05558;-49.6017;4447;20.78;89;17;FLAVIO BOLSONARO;PL;1899;55,92;LULA;PT;1032;30,39;24.61;1032;22.1;46.0;49.0
go;TERESINA DE GOIÁS;Goiás;Centro-Oeste;-13.71084;-47.25145;3252;29.21;84;12;LULA;PT;1223;55,46;FLAVIO BOLSONARO;PL;640;29,02;25.33;640;28.9;40.6;50.8
go;TEREZÓPOLIS DE GOIÁS;Goiás;Centro-Oeste;-16.47983;-49.09201;6829;19.45;164;21;FLAVIO BOLSONARO;PL;2576;48,69;LULA;PT;1796;33,94;14.18;1796;26.8;42.6;48.2
go;TRINDADE;Goiás;Centro-Oeste;-16.64324;-49.45931;95914;21.92;1839;304;FLAVIO BOLSONARO;PL;35469;49,16;LULA;PT;22580;31,29;17.21;22580;27.5;35.0;46.1
go;TROMBAS;Goiás;Centro-Oeste;-13.51156;-48.74438;3059;25.43;69;10;FLAVIO BOLSONARO;PL;1026;46,66;LULA;PT;874;39,75;6.66;874;22.2;47.2;51.2
go;TRÊS RANCHOS;Goiás;Centro-Oeste;-18.3578;-47.78194;3894;24.29;92;12;FLAVIO BOLSONARO;PL;1226;43,44;LULA;PT;1139;40,36;2.95;1139;20.4;36.9;52.4
go;TURVELÂNDIA;Goiás;Centro-Oeste;-17.8523;-50.30633;4210;20.74;68;15;FLAVIO BOLSONARO;PL;1585;48,97;LULA;PT;1390;42,94;5.84;1390;27.2;45.5;51.6
go;TURVÂNIA;Goiás;Centro-Oeste;-16.61051;-50.131;4582;20.69;81;15;FLAVIO BOLSONARO;PL;2108;59,94;LULA;PT;988;28,09;30.82;988;20.4;41.6;49.7
go;UIRAPURU;Goiás;Centro-Oeste;-14.23145;-49.93801;3080;26.92;50;10;LULA;PT;930;42,50;FLAVIO BOLSONARO;PL;854;39,03;3.38;854;23.3;46.2;51.7
go;URUANA;Goiás;Centro-Oeste;-15.52357;-49.67717;10812;19.51;273;38;FLAVIO BOLSONARO;PL;4380;52,54;LULA;PT;2818;33,81;17.95;2818;22.7;42.2;48.1
go;URUAÇU;Goiás;Centro-Oeste;-14.52855;-49.13902;30439;24.18;569;97;FLAVIO BOLSONARO;PL;12136;54,54;LULA;PT;7283;32,73;21.03;7283;25.2;36.4;46.7
go;URUTAÍ;Goiás;Centro-Oeste;-17.46026;-48.20467;3949;22.59;79;14;FLAVIO BOLSONARO;PL;1334;45,25;LULA;PT;1060;35,96;8.96;1060;30.5;30.9;51.9
go;VALPARAÍSO DE GOIÁS;Goiás;Centro-Oeste;-16.06862;-47.99191;99112;20.09;1537;302;FLAVIO BOLSONARO;PL;37361;48,77;LULA;PT;27783;36,27;12.09;27783;31.5;24.8;45.6
go;VARJÃO;Goiás;Centro-Oeste;-17.04693;-49.63389;4454;22.59;115;15;FLAVIO BOLSONARO;PL;1775;53,80;LULA;PT;858;26,01;26.6;858;21.0;43.9;50.5
go;VIANÓPOLIS;Goiás;Centro-Oeste;-16.76058;-48.50106;11287;20.15;223;34;FLAVIO BOLSONARO;PL;5501;63,16;LULA;PT;1942;22,30;39.49;1942;25.3;43.3;47.6
go;VICENTINÓPOLIS;Goiás;Centro-Oeste;-17.73347;-49.80428;7110;19.02;159;25;FLAVIO BOLSONARO;PL;3054;55,12;LULA;PT;1928;34,80;19.56;1928;27.3;45.2;50.2
go;VILA BOA;Goiás;Centro-Oeste;-15.04076;-47.04969;4021;27.8;75;13;LULA;PT;1372;48,84;FLAVIO BOLSONARO;PL;936;33,32;15.02;936;27.3;45.6;50.9
go;VILA PROPÍCIO;Goiás;Centro-Oeste;-15.34051;-48.79531;6026;22.07;82;19;FLAVIO BOLSONARO;PL;1919;41,85;LULA;PT;1508;32,89;8.75;1508;24.7;54.9;52.1
go;ÁGUA FRIA DE GOIÁS;Goiás;Centro-Oeste;-14.97676;-47.80616;5099;23.89;96;17;FLAVIO BOLSONARO;PL;1906;50,77;LULA;PT;1024;27,28;22.73;1024;25.2;44.6;53.4
go;ÁGUA LIMPA;Goiás;Centro-Oeste;-18.07504;-48.76259;2635;23.38;35;9;FLAVIO BOLSONARO;PL;1073;54,69;LULA;PT;602;30,68;23.33;602;24.4;47.9;51.1
go;ÁGUAS LINDAS DE GOIÁS;Goiás;Centro-Oeste;-15.74562;-48.28093;125210;21.34;2101;322;FLAVIO BOLSONARO;PL;44175;46,62;LULA;PT;37004;39,05;7.28;37004;34.3;37.0;46.2
ma;AFONSO CUNHA;Maranhão;Nordeste;-4.15014;-43.26998;7467;19.18;139;30;LULA;PT;4920;83,90;FLAVIO BOLSONARO;PL;793;13,52;68.38;793;34.8;60.0;52.5
ma;ALCÂNTARA;Maranhão;Nordeste;-2.39468;-44.53681;17613;18.32;257;77;LULA;PT;10696;76,71;FLAVIO BOLSONARO;PL;2724;19,54;55.41;2724;27.8;51.3;51.6
ma;ALDEIAS ALTAS;Maranhão;Nordeste;-4.59201;-43.44931;18506;23.71;654;73;LULA;PT;10166;76,21;FLAVIO BOLSONARO;PL;2651;19,87;53.23;2651;30.5;59.3;50.0
ma;ALTAMIRA DO MARANHÃO;Maranhão;Nordeste;-4.17404;-45.49167;5758;22.06;172;25;LULA;PT;2890;67,41;FLAVIO BOLSONARO;PL;1234;28,78;36.9;1234;29.8;53.1;50.0
ma;ALTO ALEGRE DO MARANHÃO;Maranhão;Nordeste;-4.2123;-44.45054;18076;20.35;430;61;LULA;PT;9952;71,74;FLAVIO BOLSONARO;PL;3495;25,19;44.85;3495;30.2;55.9;47.8
ma;ALTO ALEGRE DO PINDARÉ;Maranhão;Nordeste;-3.75542;-45.95619;20251;22.62;489;82;LULA;PT;11178;74,18;FLAVIO BOLSONARO;PL;3285;21,80;50.37;3285;30.3;49.1;49.8
ma;ALTO PARNAÍBA;Maranhão;Nordeste;-9.23807;-46.01411;8142;22.07;223;29;LULA;PT;3531;58,10;FLAVIO BOLSONARO;PL;2257;37,14;20.08;2257;29.8;51.2;52.0
ma;AMAPÁ DO MARANHÃO;Maranhão;Nordeste;-1.66943;-46.01253;4953;11.41;140;22;LULA;PT;2816;66,86;FLAVIO BOLSONARO;PL;1209;28,70;36.62;1209;31.4;51.1;49.0
ma;AMARANTE DO MARANHÃO;Maranhão;Nordeste;-5.44817;-46.73075;28108;19.38;611;108;LULA;PT;10878;49,65;FLAVIO BOLSONARO;PL;10256;46,81;2.74;10256;32.2;57.0;50.8
ma;ANAJATUBA;Maranhão;Nordeste;-3.26991;-44.58663;20568;19.45;408;87;LULA;PT;12395;77,45;FLAVIO BOLSONARO;PL;2995;18,71;56.74;2995;26.8;50.2;49.6
ma;ANAPURUS;Maranhão;Nordeste;-3.58963;-43.09383;14136;17.44;358;48;LULA;PT;8150;72,87;FLAVIO BOLSONARO;PL;2663;23,81;47.02;2663;32.5;53.7;50.0
ma;APICUM-AÇU;Maranhão;Nordeste;-1.54837;-45.08435;13470;19.33;144;49;LULA;PT;7164;67,33;FLAVIO BOLSONARO;PL;2991;28,11;38.4;2991;32.4;53.9;50.0
ma;ARAGUANÃ;Maranhão;Nordeste;-2.9899;-45.70082;8007;22.67;101;29;LULA;PT;4443;73,35;FLAVIO BOLSONARO;PL;1383;22,83;49.42;1383;30.9;53.7;50.1
ma;ARAIOSES;Maranhão;Nordeste;-2.95664;-41.9769;32649;20.48;1132;129;LULA;PT;19509;79,96;FLAVIO BOLSONARO;PL;4020;16,48;59.66;4020;28.4;62.1;49.9
ma;ARAME;Maranhão;Nordeste;-4.96792;-45.99611;20826;19.54;343;81;LULA;PT;10385;63,59;FLAVIO BOLSONARO;PL;5520;33,80;29.03;5520;32.6;61.5;51.3
ma;ARARI;Maranhão;Nordeste;-3.47934;-44.7643;24000;23.18;402;89;LULA;PT;12643;71,16;FLAVIO BOLSONARO;PL;4280;24,09;45.36;4280;27.9;46.4;48.3
ma;AXIXÁ;Maranhão;Nordeste;-2.84542;-44.07485;11529;16.36;262;41;LULA;PT;6913;74,53;FLAVIO BOLSONARO;PL;1987;21,42;51.08;1987;30.3;36.5;48.3
ma;AÇAILÂNDIA;Maranhão;Nordeste;-4.92779;-47.45716;78000;18.99;1170;262;FLAVIO BOLSONARO;PL;34351;55,92;LULA;PT;23910;38,92;16.52;23910;30.1;42.2;48.3
ma;BACABAL;Maranhão;Nordeste;-4.21102;-44.79042;71838;17.73;1587;253;LULA;PT;34459;60,66;FLAVIO BOLSONARO;PL;19904;35,04;24.63;19904;28.4;41.2;46.1
ma;BACABEIRA;Maranhão;Nordeste;-2.9711;-44.32938;16057;17.75;294;54;LULA;PT;9140;71,83;FLAVIO BOLSONARO;PL;2955;23,22;46.83;2955;29.6;41.1;47.1
ma;BACURI;Maranhão;Nordeste;-1.69999;-45.13151;13893;21.68;257;56;LULA;PT;8219;77,97;FLAVIO BOLSONARO;PL;1972;18,71;57.41;1972;29.2;49.1;48.7
ma;BACURITUBA;Maranhão;Nordeste;-2.72979;-44.7259;5647;27.78;103;20;LULA;PT;3283;83,41;FLAVIO BOLSONARO;PL;521;13,24;67.73;521;25.5;51.2;51.8
ma;BALSAS;Maranhão;Nordeste;-7.57414;-46.07015;71213;20.12;992;223;FLAVIO BOLSONARO;PL;30716;55,46;LULA;PT;21256;38,38;16.63;21256;33.4;39.6;47.6
ma;BARRA DO CORDA;Maranhão;Nordeste;-5.46342;-45.20099;63831;19.83;1199;241;LULA;PT;30259;61,13;FLAVIO BOLSONARO;PL;17483;35,32;24.97;17483;29.0;52.4;48.3
ma;BARREIRINHAS;Maranhão;Nordeste;-2.83696;-42.88864;52533;16.61;1081;197;LULA;PT;30786;72,69;FLAVIO BOLSONARO;PL;9885;23,34;47.71;9885;33.3;47.8;49.5
ma;BARÃO DE GRAJAÚ;Maranhão;Nordeste;-6.65924;-43.10513;16130;20.3;423;54;LULA;PT;9666;78,70;FLAVIO BOLSONARO;PL;2003;16,31;59.61;2003;27.7;49.3;49.3
ma;BELA VISTA DO MARANHÃO;Maranhão;Nordeste;-3.74741;-45.25698;10096;19.6;264;38;LULA;PT;5466;70,23;FLAVIO BOLSONARO;PL;2095;26,92;41.53;2095;32.0;52.7;48.4
ma;BELÁGUA;Maranhão;Nordeste;-3.12264;-43.50202;8091;18.58;213;27;LULA;PT;5424;85,61;FLAVIO BOLSONARO;PL;782;12,34;70.46;782;37.5;49.4;51.7
ma;BENEDITO LEITE;Maranhão;Nordeste;-7.11365;-44.51883;4638;19.0;105;15;LULA;PT;2541;69,96;FLAVIO BOLSONARO;PL;961;26,46;42.05;961;27.5;61.0;51.7
ma;BEQUIMÃO;Maranhão;Nordeste;-2.4739;-44.7821;18606;21.24;393;64;LULA;PT;10825;77,32;FLAVIO BOLSONARO;PL;2619;18,71;55.99;2619;26.0;47.2;50.2
ma;BERNARDO DO MEARIM;Maranhão;Nordeste;-4.64791;-44.74044;5015;16.29;117;23;LULA;PT;2773;68,54;FLAVIO BOLSONARO;PL;1132;27,98;39.09;1132;26.0;51.8;49.3
ma;BOA VISTA DO GURUPI;Maranhão;Nordeste;-1.7903;-46.28211;6551;20.52;110;25;LULA;PT;3395;67,13;FLAVIO BOLSONARO;PL;1469;29,05;36.99;1469;35.0;51.2;49.5
ma;BOM JARDIM;Maranhão;Nordeste;-3.68096;-45.91538;26888;22.25;610;115;LULA;PT;13949;69,26;FLAVIO BOLSONARO;PL;5407;26,85;40.86;5407;30.2;56.2;49.7
ma;BOM JESUS DAS SELVAS;Maranhão;Nordeste;-4.53294;-46.74473;19650;21.82;366;76;LULA;PT;8298;55,67;FLAVIO BOLSONARO;PL;6061;40,66;14.56;6061;31.2;57.2;50.3
ma;BOM LUGAR;Maranhão;Nordeste;-4.34412;-45.01931;11468;18.8;105;45;LULA;PT;6419;70,11;FLAVIO BOLSONARO;PL;2528;27,61;41.78;2528;29.6;58.6;51.5
ma;BREJO;Maranhão;Nordeste;-3.68706;-42.77479;25937;20.2;511;88;LULA;PT;14728;73,61;FLAVIO BOLSONARO;PL;4593;22,96;48.97;4593;28.3;52.4;48.3
ma;BREJO DE AREIA;Maranhão;Nordeste;-4.31874;-45.62627;8475;26.14;202;34;LULA;PT;3797;63,14;FLAVIO BOLSONARO;PL;2037;33,87;28.12;2037;33.7;62.8;53.1
ma;BURITI;Maranhão;Nordeste;-3.9145;-42.94573;22995;22.3;611;79;LULA;PT;14151;82,81;FLAVIO BOLSONARO;PL;2468;14,44;65.39;2468;32.1;53.2;50.0
ma;BURITI BRAVO;Maranhão;Nordeste;-5.8399;-43.84108;17755;22.62;707;67;LULA;PT;9932;76,98;FLAVIO BOLSONARO;PL;2540;19,69;53.8;2540;28.9;52.4;48.6
ma;BURITICUPU;Maranhão;Nordeste;-4.33834;-46.41147;42732;22.83;738;154;LULA;PT;18151;56,63;FLAVIO BOLSONARO;PL;12440;38,81;17.32;12440;32.5;52.7;49.6
ma;BURITIRANA;Maranhão;Nordeste;-5.56542;-47.04244;10837;18.37;277;43;LULA;PT;4432;52,25;FLAVIO BOLSONARO;PL;3637;42,87;8.99;3637;29.0;54.4;49.8
ma;CACHOEIRA GRANDE;Maranhão;Nordeste;-2.99171;-44.01005;9001;22.12;147;37;LULA;PT;5206;76,28;FLAVIO BOLSONARO;PL;1417;20,76;54.05;1417;34.9;44.0;51.2
ma;CAJAPIÓ;Maranhão;Nordeste;-2.86998;-44.71513;10224;25.61;257;32;LULA;PT;6114;83,96;FLAVIO BOLSONARO;PL;957;13,14;67.8;957;27.4;55.2;49.1
ma;CAJARI;Maranhão;Nordeste;-3.37681;-45.05898;16136;22.63;249;61;LULA;PT;9996;82,30;FLAVIO BOLSONARO;PL;1796;14,79;65.68;1796;32.1;54.9;50.3
ma;CAMPESTRE DO MARANHÃO;Maranhão;Nordeste;-6.16656;-47.36183;9948;21.68;133;34;LULA;PT;4390;57,77;FLAVIO BOLSONARO;PL;2975;39,15;18.16;2975;30.4;47.1;51.0
ma;CANTANHEDE;Maranhão;Nordeste;-3.63346;-44.34885;14177;21.02;344;54;LULA;PT;8211;76,45;FLAVIO BOLSONARO;PL;2177;20,27;53.89;2177;30.7;48.6;49.1
ma;CAPINZAL DO NORTE;Maranhão;Nordeste;-4.70191;-44.32926;8689;18.21;276;35;LULA;PT;4549;67,31;FLAVIO BOLSONARO;PL;1917;28,37;37.03;1917;27.3;51.9;48.7
ma;CAROLINA;Maranhão;Nordeste;-7.35436;-47.38573;18310;21.14;328;72;LULA;PT;7629;54,55;FLAVIO BOLSONARO;PL;5545;39,65;14.43;5545;27.8;48.9;50.3
ma;CARUTAPERA;Maranhão;Nordeste;-1.25608;-46.02978;19093;22.0;410;73;LULA;PT;9499;66,01;FLAVIO BOLSONARO;PL;4184;29,08;35.69;4184;31.6;48.9;49.9
ma;CAXIAS;Maranhão;Nordeste;-4.88565;-43.33758;113420;20.23;2703;406;LULA;PT;58914;68,03;FLAVIO BOLSONARO;PL;22555;26,04;40.19;22555;28.8;43.7;46.2
ma;CEDRAL;Maranhão;Nordeste;-1.98293;-44.5612;9329;18.82;225;37;LULA;PT;5405;74,65;FLAVIO BOLSONARO;PL;1497;20,68;51.6;1497;26.5;44.8;50.0
ma;CENTRAL DO MARANHÃO;Maranhão;Nordeste;-2.2025;-44.84982;7808;25.85;213;29;LULA;PT;4630;83,82;FLAVIO BOLSONARO;PL;701;12,69;67.86;701;30.2;49.0;50.3
ma;CENTRO DO GUILHERME;Maranhão;Nordeste;-2.44496;-46.07469;7966;16.16;135;36;LULA;PT;4607;70,86;FLAVIO BOLSONARO;PL;1614;24,82;44.81;1614;35.9;61.0;51.1
ma;CENTRO NOVO DO MARANHÃO;Maranhão;Nordeste;-2.23705;-46.20205;11932;19.59;231;47;LULA;PT;6297;67,60;FLAVIO BOLSONARO;PL;2573;27,62;38.82;2573;35.2;52.9;51.5
ma;CHAPADINHA;Maranhão;Nordeste;-3.78069;-43.39636;60242;20.24;1045;182;LULA;PT;31922;68,73;FLAVIO BOLSONARO;PL;12515;26,95;40.39;12515;30.7;49.1;47.4
ma;CIDELÂNDIA;Maranhão;Nordeste;-5.16888;-47.78868;10660;19.17;217;36;LULA;PT;5207;62,47;FLAVIO BOLSONARO;PL;2700;32,39;29.09;2700;30.1;53.7;50.7
ma;CODÓ;Maranhão;Nordeste;-4.49054;-43.88616;82435;24.85;2246;273;LULA;PT;42197;71,48;FLAVIO BOLSONARO;PL;14191;24,04;45.21;14191;28.5;51.3;46.7
ma;COELHO NETO;Maranhão;Nordeste;-4.25877;-43.0268;33370;22.66;771;116;LULA;PT;19424;78,27;FLAVIO BOLSONARO;PL;4492;18,10;57.86;4492;28.7;52.2;48.1
ma;COLINAS;Maranhão;Nordeste;-6.0327;-44.24279;28426;20.89;917;90;LULA;PT;14991;70,12;FLAVIO BOLSONARO;PL;5491;25,68;42.25;5491;30.3;49.3;46.8
ma;CONCEIÇÃO DO LAGO-AÇU;Maranhão;Nordeste;-3.8118;-44.85526;11878;21.35;229;47;LULA;PT;6422;70,88;FLAVIO BOLSONARO;PL;2320;25,61;43.91;2320;32.7;61.2;51.0
ma;COROATÁ;Maranhão;Nordeste;-4.10262;-44.11977;46886;26.13;1393;160;LULA;PT;22485;68,39;FLAVIO BOLSONARO;PL;9126;27,76;38.57;9126;28.3;52.1;47.7
ma;CURURUPU;Maranhão;Nordeste;-1.7577;-44.84444;26322;23.39;440;105;LULA;PT;15051;77,41;FLAVIO BOLSONARO;PL;3666;18,86;56.46;3666;26.1;52.6;48.5
ma;CÂNDIDO MENDES;Maranhão;Nordeste;-1.49233;-45.68757;14853;13.34;325;56;LULA;PT;8785;70,42;FLAVIO BOLSONARO;PL;3165;25,37;43.66;3165;28.6;48.9;50.5
ma;DAVINÓPOLIS;Maranhão;Nordeste;-5.53592;-47.38062;12223;19.3;135;37;LULA;PT;5232;54,21;FLAVIO BOLSONARO;PL;3840;39,79;14.11;3840;31.4;43.8;49.2
ma;DOM PEDRO;Maranhão;Nordeste;-5.0322;-44.42758;17803;17.9;407;68;LULA;PT;8464;60,22;FLAVIO BOLSONARO;PL;5025;35,75;23.53;5025;27.3;49.0;46.7
ma;DUQUE BACELAR;Maranhão;Nordeste;-4.1318;-42.97781;9654;17.94;162;36;LULA;PT;6461;83,79;FLAVIO BOLSONARO;PL;1029;13,34;68.57;1029;32.8;50.5;50.2
ma;ESPERANTINÓPOLIS;Maranhão;Nordeste;-4.89083;-44.88392;14795;20.74;425;59;LULA;PT;7640;68,24;FLAVIO BOLSONARO;PL;3135;28,00;38.42;3135;27.5;52.4;47.9
ma;ESTREITO;Maranhão;Nordeste;-6.59834;-47.39608;24146;21.3;341;77;FLAVIO BOLSONARO;PL;8837;47,67;LULA;PT;8519;45,95;1.67;8519;29.0;47.4;49.4
ma;FEIRA NOVA DO MARANHÃO;Maranhão;Nordeste;-6.98548;-46.64139;6389;18.44;144;21;LULA;PT;2786;55,50;FLAVIO BOLSONARO;PL;1908;38,01;16.85;1908;30.3;58.0;53.7
ma;FERNANDO FALCÃO;Maranhão;Nordeste;-6.07959;-45.08366;9487;16.1;183;36;LULA;PT;5426;70,09;FLAVIO BOLSONARO;PL;2134;27,56;41.36;2134;35.0;66.9;53.4
ma;FORMOSA DA SERRA NEGRA;Maranhão;Nordeste;-6.47573;-46.18936;14076;16.77;320;53;LULA;PT;5562;49,23;FLAVIO BOLSONARO;PL;5141;45,50;3.59;5141;32.0;49.6;52.6
ma;FORTALEZA DOS NOGUEIRAS;Maranhão;Nordeste;-6.94529;-46.16809;10569;16.55;199;36;LULA;PT;5243;61,46;FLAVIO BOLSONARO;PL;2988;35,03;25.57;2988;30.4;51.0;50.8
ma;FORTUNA;Maranhão;Nordeste;-5.67564;-44.07525;13022;22.5;421;49;LULA;PT;7200;75,24;FLAVIO BOLSONARO;PL;2023;21,14;51.3;2023;28.3;54.9;49.2
ma;GODOFREDO VIANA;Maranhão;Nordeste;-1.39153;-45.77246;7329;13.78;167;34;LULA;PT;3803;62,52;FLAVIO BOLSONARO;PL;1995;32,80;28.61;1995;28.1;44.6;49.8
ma;GONÇALVES DIAS;Maranhão;Nordeste;-5.1603;-44.26609;13629;22.79;325;52;LULA;PT;7073;70,05;FLAVIO BOLSONARO;PL;2746;27,20;41.12;2746;27.7;59.8;48.6
ma;GOVERNADOR ARCHER;Maranhão;Nordeste;-5.0199;-44.26737;8077;20.66;209;36;LULA;PT;4545;74,02;FLAVIO BOLSONARO;PL;1374;22,38;49.49;1374;26.2;58.3;47.2
ma;GOVERNADOR EDISON LOBÃO;Maranhão;Nordeste;-5.71738;-47.37192;15378;19.18;218;44;LULA;PT;6192;51,20;FLAVIO BOLSONARO;PL;5060;41,84;9.11;5060;31.2;49.7;50.4
ma;GOVERNADOR EUGÊNIO BARROS;Maranhão;Nordeste;-5.35243;-44.11861;10692;20.42;224;43;LULA;PT;5965;72,64;FLAVIO BOLSONARO;PL;1991;24,25;46.7;1991;27.3;61.0;48.6
ma;GOVERNADOR LUIZ ROCHA;Maranhão;Nordeste;-5.48013;-44.09689;6417;20.01;207;22;LULA;PT;3196;65,63;FLAVIO BOLSONARO;PL;1493;30,66;33.18;1493;28.0;56.4;50.4
ma;GOVERNADOR NEWTON BELLO;Maranhão;Nordeste;-3.4198;-45.85605;7695;19.68;161;33;LULA;PT;4307;71,89;FLAVIO BOLSONARO;PL;1494;24,94;45.51;1494;30.2;62.0;50.3
ma;GOVERNADOR NUNES FREIRE;Maranhão;Nordeste;-2.09498;-45.85493;17561;21.23;228;68;LULA;PT;8240;60,91;FLAVIO BOLSONARO;PL;4747;35,09;25.25;4747;31.2;55.1;49.0
ma;GRAJAÚ;Maranhão;Nordeste;-5.78967;-46.08651;52273;19.26;831;181;LULA;PT;23002;55,95;FLAVIO BOLSONARO;PL;16331;39,72;15.81;16331;32.4;51.9;49.4
ma;GRAÇA ARANHA;Maranhão;Nordeste;-5.40668;-44.33764;6274;18.2;101;23;LULA;PT;3624;72,52;FLAVIO BOLSONARO;PL;1235;24,71;46.55;1235;26.2;57.8;49.5
ma;GUIMARÃES;Maranhão;Nordeste;-2.11453;-44.61721;9820;23.42;325;40;LULA;PT;5705;80,56;FLAVIO BOLSONARO;PL;1113;15,72;61.06;1113;24.2;52.4;49.3
ma;HUMBERTO DE CAMPOS;Maranhão;Nordeste;-2.64262;-43.53051;23439;20.77;573;91;LULA;PT;13787;77,27;FLAVIO BOLSONARO;PL;3292;18,45;56.52;3292;32.8;51.4;51.0
ma;ICATU;Maranhão;Nordeste;-2.69933;-43.95231;23106;16.61;409;96;LULA;PT;14496;77,54;FLAVIO BOLSONARO;PL;3547;18,97;56.82;3547;32.6;42.9;50.1
ma;IGARAPÉ DO MEIO;Maranhão;Nordeste;-3.64351;-45.14236;10867;20.98;221;45;LULA;PT;6350;76,66;FLAVIO BOLSONARO;PL;1646;19,87;54.78;1646;31.2;51.6;48.8
ma;IGARAPÉ GRANDE;Maranhão;Nordeste;-4.65898;-44.85152;8484;16.14;221;33;LULA;PT;4053;59,32;FLAVIO BOLSONARO;PL;2571;37,63;20.83;2571;26.4;52.3;48.3
ma;IMPERATRIZ;Maranhão;Nordeste;-5.51009;-47.47793;195325;18.91;2734;600;FLAVIO BOLSONARO;PL;81738;53,16;LULA;PT;60008;39,03;13.72;60008;28.5;31.2;46.5
ma;ITAIPAVA DO GRAJAÚ;Maranhão;Nordeste;-5.1919;-45.75643;11234;24.31;121;42;LULA;PT;5629;67,48;FLAVIO BOLSONARO;PL;2454;29,42;37.34;2454;32.1;60.6;51.5
ma;ITAPECURU MIRIM;Maranhão;Nordeste;-3.37969;-44.33372;47851;22.18;862;177;LULA;PT;25994;72,21;FLAVIO BOLSONARO;PL;8120;22,56;48.0;8120;30.0;44.6;47.6
ma;ITINGA DO MARANHÃO;Maranhão;Nordeste;-4.40504;-47.46995;17555;18.99;340;67;FLAVIO BOLSONARO;PL;7048;51,16;LULA;PT;6167;44,77;6.19;6167;28.7;52.6;49.1
ma;JATOBÁ;Maranhão;Nordeste;-5.84903;-44.28679;7205;21.82;231;27;LULA;PT;3987;74,54;FLAVIO BOLSONARO;PL;1219;22,79;49.14;1219;31.3;53.0;50.2
ma;JENIPAPO DOS VIEIRAS;Maranhão;Nordeste;-5.34463;-45.59348;13237;19.81;343;52;LULA;PT;7398;72,46;FLAVIO BOLSONARO;PL;2548;24,96;45.69;2548;33.1;63.5;51.8
ma;JOSELÂNDIA;Maranhão;Nordeste;-4.985;-44.72246;12529;21.03;207;51;LULA;PT;6750;70,33;FLAVIO BOLSONARO;PL;2503;26,08;42.93;2503;28.3;57.7;50.0
ma;JOÃO LISBOA;Maranhão;Nordeste;-5.39336;-47.32712;21876;17.58;385;81;LULA;PT;9489;54,34;FLAVIO BOLSONARO;PL;6924;39,65;14.23;6924;30.7;46.4;48.9
ma;JUNCO DO MARANHÃO;Maranhão;Nordeste;-1.865;-46.08044;5092;23.61;72;21;LULA;PT;2795;73,69;FLAVIO BOLSONARO;PL;873;23,02;49.41;873;31.0;56.4;50.3
ma;LAGO DA PEDRA;Maranhão;Nordeste;-4.60665;-45.15049;34283;20.17;634;114;LULA;PT;14008;52,85;FLAVIO BOLSONARO;PL;11613;43,82;8.75;11613;29.2;53.3;47.8
ma;LAGO DO JUNCO;Maranhão;Nordeste;-4.55437;-45.01356;8447;15.93;132;35;LULA;PT;4831;69,80;FLAVIO BOLSONARO;PL;1936;27,97;40.77;1936;28.8;53.1;49.4
ma;LAGO DOS RODRIGUES;Maranhão;Nordeste;-4.60245;-44.95998;8271;15.16;156;33;LULA;PT;4759;69,83;FLAVIO BOLSONARO;PL;1860;27,29;41.31;1860;26.6;52.6;50.0
ma;LAGO VERDE;Maranhão;Nordeste;-4.01957;-44.90809;12196;21.07;134;47;LULA;PT;7269;77,03;FLAVIO BOLSONARO;PL;1896;20,09;55.82;1896;30.5;55.6;49.6
ma;LAGOA DO MATO;Maranhão;Nordeste;-6.04646;-43.51319;8284;20.38;350;34;LULA;PT;4934;79,57;FLAVIO BOLSONARO;PL;1123;18,11;57.78;1123;27.5;57.8;49.7
ma;LAGOA GRANDE DO MARANHÃO;Maranhão;Nordeste;-4.97749;-45.38149;9997;21.8;161;30;LULA;PT;5113;67,28;FLAVIO BOLSONARO;PL;2246;29,55;36.67;2246;32.1;62.0;51.2
ma;LAJEADO NOVO;Maranhão;Nordeste;-6.16602;-46.98834;6682;17.38;84;22;LULA;PT;2658;49,12;FLAVIO BOLSONARO;PL;2513;46,44;2.63;2513;27.9;50.3;52.0
ma;LIMA CAMPOS;Maranhão;Nordeste;-4.54257;-44.46918;11183;20.02;295;42;LULA;PT;5377;62,93;FLAVIO BOLSONARO;PL;2824;33,05;28.54;2824;26.6;55.1;47.8
ma;LORETO;Maranhão;Nordeste;-7.10749;-45.16017;8569;18.12;284;34;LULA;PT;4513;67,64;FLAVIO BOLSONARO;PL;1894;28,39;37.33;1894;30.0;49.4;51.6
ma;LUÍS DOMINGUES;Maranhão;Nordeste;-1.34021;-45.90058;6072;21.54;134;20;LULA;PT;2796;61,14;FLAVIO BOLSONARO;PL;1552;33,94;26.11;1552;30.2;49.7;50.4
ma;MAGALHÃES DE ALMEIDA;Maranhão;Nordeste;-3.33866;-42.20631;12195;19.18;307;51;LULA;PT;6787;72,02;FLAVIO BOLSONARO;PL;2179;23,12;46.75;2179;28.1;49.7;50.0
ma;MARACAÇUMÉ;Maranhão;Nordeste;-2.04228;-45.97002;15698;26.06;305;52;LULA;PT;6625;59,16;FLAVIO BOLSONARO;PL;4102;36,63;21.74;4102;31.9;51.0;49.4
ma;MARAJÁ DO SENA;Maranhão;Nordeste;-4.66789;-45.53681;6771;23.13;150;26;LULA;PT;3150;62,75;FLAVIO BOLSONARO;PL;1693;33,73;27.99;1693;33.8;73.8;55.4
ma;MARANHÃOZINHO;Maranhão;Nordeste;-2.33162;-45.89802;8133;19.62;95;31;LULA;PT;4596;72,02;FLAVIO BOLSONARO;PL;1560;24,44;46.44;1560;31.3;58.5;49.6
ma;MATA ROMA;Maranhão;Nordeste;-3.62167;-43.17346;16271;18.38;417;50;LULA;PT;9424;74,22;FLAVIO BOLSONARO;PL;2877;22,66;49.3;2877;32.5;48.7;50.1
ma;MATINHA;Maranhão;Nordeste;-3.08141;-45.02755;20053;18.12;402;73;LULA;PT;11163;70,63;FLAVIO BOLSONARO;PL;4061;25,69;43.25;4061;27.4;43.9;48.6
ma;MATÕES;Maranhão;Nordeste;-5.4305;-43.27363;27285;23.33;650;101;LULA;PT;15815;78,57;FLAVIO BOLSONARO;PL;3771;18,73;57.57;3771;29.7;65.5;49.9
ma;MATÕES DO NORTE;Maranhão;Nordeste;-3.68522;-44.5278;7654;25.11;146;30;LULA;PT;4248;76,72;FLAVIO BOLSONARO;PL;1098;19,83;54.95;1098;33.3;51.9;51.3
ma;MILAGRES DO MARANHÃO;Maranhão;Nordeste;-3.53493;-42.70629;6650;18.62;159;24;LULA;PT;4133;79,09;FLAVIO BOLSONARO;PL;940;17,99;59.0;940;31.7;52.6;52.3
ma;MIRADOR;Maranhão;Nordeste;-6.34443;-44.45796;16373;17.95;456;54;LULA;PT;9313;72,14;FLAVIO BOLSONARO;PL;3187;24,69;45.6;3187;30.5;54.9;50.2
ma;MIRANDA DO NORTE;Maranhão;Nordeste;-3.54976;-44.57214;16991;20.95;280;61;LULA;PT;8792;67,44;FLAVIO BOLSONARO;PL;3649;27,99;38.29;3649;30.1;46.4;48.5
ma;MIRINZAL;Maranhão;Nordeste;-2.04219;-44.77446;12016;21.88;275;45;LULA;PT;6686;74,29;FLAVIO BOLSONARO;PL;1942;21,58;50.54;1942;28.9;44.4;49.1
ma;MONTES ALTOS;Maranhão;Nordeste;-5.82969;-47.05629;7514;19.07;123;26;LULA;PT;3408;57,71;FLAVIO BOLSONARO;PL;2195;37,17;19.95;2195;28.5;54.1;50.8
ma;MONÇÃO;Maranhão;Nordeste;-3.50048;-45.28095;21263;23.69;436;87;LULA;PT;11953;76,26;FLAVIO BOLSONARO;PL;3245;20,70;53.67;3245;31.3;54.7;48.7
ma;MORROS;Maranhão;Nordeste;-2.89029;-43.94886;16701;16.31;292;66;LULA;PT;10072;74,06;FLAVIO BOLSONARO;PL;3083;22,67;50.0;3083;33.7;45.3;50.0
ma;NINA RODRIGUES;Maranhão;Nordeste;-3.44947;-43.85732;10518;21.23;262;40;LULA;PT;6043;75,69;FLAVIO BOLSONARO;PL;1705;21,36;52.36;1705;33.5;44.4;50.6
ma;NOVA COLINAS;Maranhão;Nordeste;-7.10973;-46.27883;4514;18.34;151;17;LULA;PT;2215;63,12;FLAVIO BOLSONARO;PL;1115;31,78;29.84;1115;31.2;54.5;52.9
ma;NOVA IORQUE;Maranhão;Nordeste;-6.69669;-43.99868;4134;20.54;77;15;LULA;PT;2365;74,09;FLAVIO BOLSONARO;PL;742;23,25;49.41;742;26.3;59.2;50.7
ma;NOVA OLINDA DO MARANHÃO;Maranhão;Nordeste;-2.79348;-45.72365;13507;23.2;302;49;LULA;PT;7088;71,03;FLAVIO BOLSONARO;PL;2449;24,54;44.72;2449;30.1;55.1;49.7
ma;OLHO D'ÁGUA DAS CUNHÃS;Maranhão;Nordeste;-4.09687;-45.10953;14387;19.35;464;53;LULA;PT;7830;71,08;FLAVIO BOLSONARO;PL;2692;24,44;44.28;2692;27.2;55.4;48.4
ma;OLINDA NOVA DO MARANHÃO;Maranhão;Nordeste;-2.99639;-44.9914;11175;23.54;242;34;LULA;PT;6298;76,63;FLAVIO BOLSONARO;PL;1573;19,14;55.3;1573;30.2;46.9;48.8
ma;PALMEIRÂNDIA;Maranhão;Nordeste;-2.66871;-44.97955;17179;25.82;303;61;LULA;PT;9975;80,96;FLAVIO BOLSONARO;PL;1949;15,82;62.98;1949;27.0;52.1;48.4
ma;PARAIBANO;Maranhão;Nordeste;-6.43231;-43.98162;14960;25.46;466;46;LULA;PT;8082;76,05;FLAVIO BOLSONARO;PL;2263;21,29;52.18;2263;26.9;61.5;47.9
ma;PARNARAMA;Maranhão;Nordeste;-5.67093;-43.30238;26242;23.9;927;99;LULA;PT;15317;81,06;FLAVIO BOLSONARO;PL;2921;15,46;62.07;2921;27.6;57.4;49.7
ma;PASSAGEM FRANCA;Maranhão;Nordeste;-6.17176;-43.79337;14692;21.84;613;58;LULA;PT;7791;72,37;FLAVIO BOLSONARO;PL;2538;23,57;45.75;2538;28.3;59.6;48.0
ma;PASTOS BONS;Maranhão;Nordeste;-6.60561;-44.10919;15148;20.99;362;54;LULA;PT;8003;69,54;FLAVIO BOLSONARO;PL;3103;26,96;40.94;3103;28.4;50.4;49.9
ma;PAULINO NEVES;Maranhão;Nordeste;-2.82979;-42.59865;15080;17.73;248;62;LULA;PT;9352;77,46;FLAVIO BOLSONARO;PL;2204;18,25;57.61;2204;33.5;47.0;50.7
ma;PAULO RAMOS;Maranhão;Nordeste;-4.4578;-45.27099;16850;23.0;445;61;LULA;PT;7966;64,03;FLAVIO BOLSONARO;PL;4106;33,00;29.75;4106;30.2;63.1;48.5
ma;PAÇO DO LUMIAR;Maranhão;Nordeste;-2.528;-44.15316;90287;14.64;1368;290;LULA;PT;42191;56,81;FLAVIO BOLSONARO;PL;26083;35,12;20.9;26083;28.5;24.4;45.3
ma;PEDREIRAS;Maranhão;Nordeste;-4.60435;-44.5963;28040;17.74;442;110;LULA;PT;13363;59,66;FLAVIO BOLSONARO;PL;7977;35,61;23.35;7977;25.3;44.3;46.2
ma;PEDRO DO ROSÁRIO;Maranhão;Nordeste;-2.99353;-45.3789;18241;24.62;383;72;LULA;PT;10516;79,25;FLAVIO BOLSONARO;PL;2319;17,48;59.61;2319;31.1;56.4;49.5
ma;PENALVA;Maranhão;Nordeste;-3.26456;-45.21854;26013;25.78;550;102;LULA;PT;15251;81,83;FLAVIO BOLSONARO;PL;2746;14,73;64.77;2746;30.4;52.3;47.7
ma;PERI MIRIM;Maranhão;Nordeste;-2.5694;-44.88367;11291;19.8;248;36;LULA;PT;6900;79,26;FLAVIO BOLSONARO;PL;1564;17,97;58.93;1564;26.0;45.3;49.7
ma;PERITORÓ;Maranhão;Nordeste;-4.36623;-44.31514;16364;22.97;483;56;LULA;PT;8907;74,08;FLAVIO BOLSONARO;PL;2690;22,37;49.32;2690;29.5;54.1;48.3
ma;PINDARÉ-MIRIM;Maranhão;Nordeste;-3.64247;-45.38409;25951;23.49;495;85;LULA;PT;13575;70,92;FLAVIO BOLSONARO;PL;4802;25,09;44.19;4802;29.9;48.9;47.8
ma;PINHEIRO;Maranhão;Nordeste;-2.53338;-45.11625;62812;23.32;1056;211;LULA;PT;31826;68,39;FLAVIO BOLSONARO;PL;12115;26,03;40.92;12115;28.4;45.8;46.9
ma;PIO XII;Maranhão;Nordeste;-3.87307;-45.14923;18787;19.8;479;70;LULA;PT;10313;71,27;FLAVIO BOLSONARO;PL;3667;25,34;44.11;3667;29.6;57.4;48.5
ma;PIRAPEMAS;Maranhão;Nordeste;-3.73438;-44.22357;12904;25.97;317;43;LULA;PT;7017;76,62;FLAVIO BOLSONARO;PL;1827;19,95;54.33;1827;29.5;51.9;49.4
ma;PORTO FRANCO;Maranhão;Nordeste;-6.35047;-47.37732;18862;19.37;234;66;LULA;PT;7812;52,60;FLAVIO BOLSONARO;PL;6221;41,89;10.46;6221;28.4;39.4;48.5
ma;PORTO RICO DO MARANHÃO;Maranhão;Nordeste;-1.90319;-44.63171;7200;26.04;87;29;LULA;PT;3587;69,14;FLAVIO BOLSONARO;PL;1362;26,25;41.78;1362;26.2;45.6;51.3
ma;POÇÃO DE PEDRAS;Maranhão;Nordeste;-4.77338;-44.89758;14763;20.67;408;66;LULA;PT;7691;68,72;FLAVIO BOLSONARO;PL;3189;28,50;38.44;3189;24.5;56.1;49.1
ma;PRESIDENTE DUTRA;Maranhão;Nordeste;-5.28935;-44.48013;32781;17.12;741;115;LULA;PT;15452;59,07;FLAVIO BOLSONARO;PL;9559;36,54;21.69;9559;28.1;45.7;46.9
ma;PRESIDENTE JUSCELINO;Maranhão;Nordeste;-2.97936;-44.06187;10017;21.86;171;41;LULA;PT;5992;78,80;FLAVIO BOLSONARO;PL;1356;17,83;59.23;1356;32.9;44.7;50.3
ma;PRESIDENTE MÉDICI;Maranhão;Nordeste;-2.3473;-45.76688;5728;19.83;118;22;LULA;PT;3182;71,52;FLAVIO BOLSONARO;PL;1076;24,19;45.86;1076;31.8;47.1;50.8
ma;PRESIDENTE SARNEY;Maranhão;Nordeste;-2.58195;-45.35779;15655;26.07;229;60;LULA;PT;8815;78,29;FLAVIO BOLSONARO;PL;1887;16,76;59.86;1887;31.7;54.1;49.5
ma;PRESIDENTE VARGAS;Maranhão;Nordeste;-3.38216;-44.01528;10343;20.8;189;40;LULA;PT;6488;81,65;FLAVIO BOLSONARO;PL;1179;14,84;64.81;1179;32.3;46.5;50.7
ma;PRIMEIRA CRUZ;Maranhão;Nordeste;-2.63169;-43.38208;11110;17.01;275;46;LULA;PT;7136;80,62;FLAVIO BOLSONARO;PL;1408;15,91;62.13;1408;32.3;51.2;52.5
ma;RAPOSA;Maranhão;Nordeste;-2.44193;-44.11713;24288;15.74;401;83;LULA;PT;11674;59,06;FLAVIO BOLSONARO;PL;6856;34,68;23.54;6856;31.6;39.1;46.5
ma;RIACHÃO;Maranhão;Nordeste;-7.36819;-46.64525;16914;21.38;405;58;LULA;PT;7981;62,40;FLAVIO BOLSONARO;PL;4283;33,48;27.81;4283;28.7;53.9;51.1
ma;RIBAMAR FIQUENE;Maranhão;Nordeste;-5.95947;-47.38549;6276;20.01;77;23;LULA;PT;2865;58,36;FLAVIO BOLSONARO;PL;1786;36,38;21.49;1786;27.6;50.9;51.1
ma;ROSÁRIO;Maranhão;Nordeste;-2.94764;-44.23175;32344;19.39;506;108;LULA;PT;17853;70,76;FLAVIO BOLSONARO;PL;5916;23,45;45.78;5916;28.7;38.1;46.8
ma;SAMBAÍBA;Maranhão;Nordeste;-7.25797;-45.44659;5411;18.65;119;20;LULA;PT;2482;58,37;FLAVIO BOLSONARO;PL;1624;38,19;19.49;1624;29.7;55.2;53.0
ma;SANTA FILOMENA DO MARANHÃO;Maranhão;Nordeste;-5.49387;-44.57338;6119;18.04;115;24;LULA;PT;3503;71,97;FLAVIO BOLSONARO;PL;1242;25,52;45.08;1242;31.9;57.9;53.1
ma;SANTA HELENA;Maranhão;Nordeste;-2.26061;-45.3024;24651;26.1;454;98;LULA;PT;12149;68,99;FLAVIO BOLSONARO;PL;4631;26,30;41.27;4631;28.7;49.8;47.5
ma;SANTA INÊS;Maranhão;Nordeste;-3.70486;-45.3886;63447;19.57;981;218;LULA;PT;29154;58,99;FLAVIO BOLSONARO;PL;17834;36,08;22.18;17834;29.2;39.9;46.0
ma;SANTA LUZIA;Maranhão;Nordeste;-4.11706;-45.81789;45122;22.24;974;173;LULA;PT;22466;66,39;FLAVIO BOLSONARO;PL;10041;29,67;35.41;10041;29.8;54.6;48.8
ma;SANTA LUZIA DO PARUÁ;Maranhão;Nordeste;-2.53746;-45.77208;17081;21.6;315;61;LULA;PT;8146;62,94;FLAVIO BOLSONARO;PL;4219;32,60;29.33;4219;29.3;50.0;48.1
ma;SANTA QUITÉRIA DO MARANHÃO;Maranhão;Nordeste;-3.44687;-42.65026;21175;20.78;548;72;LULA;PT;12320;76,66;FLAVIO BOLSONARO;PL;3215;20,00;54.28;3215;30.7;52.0;48.4
ma;SANTA RITA;Maranhão;Nordeste;-3.15332;-44.31958;28000;23.29;521;93;LULA;PT;15361;74,33;FLAVIO BOLSONARO;PL;4539;21,96;50.39;4539;30.3;45.6;48.0
ma;SANTANA DO MARANHÃO;Maranhão;Nordeste;-3.1435;-42.46314;8165;23.45;154;34;LULA;PT;4555;75,21;FLAVIO BOLSONARO;PL;1309;21,61;51.94;1309;30.6;57.1;50.6
ma;SANTO AMARO DO MARANHÃO;Maranhão;Nordeste;-2.63554;-43.20332;13330;18.08;298;49;LULA;PT;8084;76,77;FLAVIO BOLSONARO;PL;1987;18,87;55.83;1987;32.3;49.3;52.1
ma;SANTO ANTÔNIO DOS LOPES;Maranhão;Nordeste;-4.85948;-44.43325;15375;17.28;368;53;LULA;PT;8069;65,83;FLAVIO BOLSONARO;PL;3736;30,48;34.07;3736;30.1;50.2;49.3
ma;SATUBINHA;Maranhão;Nordeste;-3.99279;-45.24556;7469;18.36;185;31;LULA;PT;4078;69,57;FLAVIO BOLSONARO;PL;1559;26,60;41.31;1559;31.4;54.9;49.6
ma;SENADOR ALEXANDRE COSTA;Maranhão;Nordeste;-5.25876;-43.99046;8450;23.98;168;32;LULA;PT;4446;71,71;FLAVIO BOLSONARO;PL;1587;25,60;44.5;1587;31.6;55.3;49.1
ma;SENADOR LA ROCQUE;Maranhão;Nordeste;-5.44585;-47.2738;12262;19.25;238;49;LULA;PT;5633;58,80;FLAVIO BOLSONARO;PL;3366;35,14;22.9;3366;29.8;50.6;48.7
ma;SERRANO DO MARANHÃO;Maranhão;Nordeste;-1.81538;-45.0386;9228;23.48;174;40;LULA;PT;5912;86,72;FLAVIO BOLSONARO;PL;743;10,90;73.2;743;30.2;53.5;50.5
ma;SUCUPIRA DO NORTE;Maranhão;Nordeste;-6.4884;-44.23582;8257;15.67;218;31;LULA;PT;4731;70,60;FLAVIO BOLSONARO;PL;1795;26,79;42.17;1795;27.9;52.8;50.0
ma;SUCUPIRA DO RIACHÃO;Maranhão;Nordeste;-6.41443;-43.51595;4707;21.88;211;17;LULA;PT;2696;78,58;FLAVIO BOLSONARO;PL;610;17,78;56.73;610;28.0;57.1;51.3
ma;SÃO BENEDITO DO RIO PRETO;Maranhão;Nordeste;-3.34168;-43.56495;16310;18.65;333;60;LULA;PT;10179;79,31;FLAVIO BOLSONARO;PL;2271;17,70;59.6;2271;33.8;45.9;50.2
ma;SÃO BENTO;Maranhão;Nordeste;-2.74116;-44.89566;29322;26.13;611;104;LULA;PT;15522;74,78;FLAVIO BOLSONARO;PL;4479;21,58;50.98;4479;25.8;49.1;47.5
ma;SÃO BERNARDO;Maranhão;Nordeste;-3.33877;-42.41192;21808;21.41;591;85;LULA;PT;11932;72,84;FLAVIO BOLSONARO;PL;3867;23,61;47.06;3867;29.7;47.3;48.7
ma;SÃO DOMINGOS DO AZEITÃO;Maranhão;Nordeste;-6.80926;-44.6563;6763;16.68;182;25;LULA;PT;3578;65,98;FLAVIO BOLSONARO;PL;1623;29,93;34.69;1623;32.2;54.4;51.4
ma;SÃO DOMINGOS DO MARANHÃO;Maranhão;Nordeste;-5.6233;-44.38166;28537;18.9;970;103;LULA;PT;13306;60,69;FLAVIO BOLSONARO;PL;7793;35,54;23.82;7793;29.0;53.1;48.9
ma;SÃO FRANCISCO DO BREJÃO;Maranhão;Nordeste;-5.11899;-47.42821;8123;20.2;137;29;LULA;PT;3230;51,25;FLAVIO BOLSONARO;PL;2839;45,05;6.03;2839;30.5;54.8;50.2
ma;SÃO FRANCISCO DO MARANHÃO;Maranhão;Nordeste;-6.24612;-43.00398;9159;20.89;265;36;LULA;PT;5660;82,09;FLAVIO BOLSONARO;PL;1033;14,98;63.86;1033;26.1;64.3;50.3
ma;SÃO FÉLIX DE BALSAS;Maranhão;Nordeste;-7.03927;-44.84362;4224;21.95;132;17;LULA;PT;1987;63,32;FLAVIO BOLSONARO;PL;1005;32,03;29.78;1005;26.7;56.7;53.3
ma;SÃO JOSÉ DE RIBAMAR;Maranhão;Nordeste;-2.54864;-44.14124;131324;16.47;2138;403;LULA;PT;61232;58,02;FLAVIO BOLSONARO;PL;36443;34,53;22.6;36443;30.8;27.9;45.9
ma;SÃO JOSÉ DOS BASÍLIOS;Maranhão;Nordeste;-5.05221;-44.56735;6388;18.8;116;26;LULA;PT;3950;78,54;FLAVIO BOLSONARO;PL;920;18,29;58.42;920;27.6;59.4;51.0
ma;SÃO JOÃO BATISTA;Maranhão;Nordeste;-2.97531;-44.82304;20103;24.95;341;80;LULA;PT;12009;82,06;FLAVIO BOLSONARO;PL;2214;15,13;64.92;2214;25.9;55.9;48.6
ma;SÃO JOÃO DO CARÚ;Maranhão;Nordeste;-3.51909;-46.26792;10141;26.66;179;42;LULA;PT;4808;66,68;FLAVIO BOLSONARO;PL;2140;29,68;35.87;2140;33.8;58.9;51.6
ma;SÃO JOÃO DO PARAÍSO;Maranhão;Nordeste;-6.45725;-46.98348;8599;15.75;125;33;LULA;PT;3697;52,27;FLAVIO BOLSONARO;PL;3013;42,60;9.44;3013;28.3;51.5;52.7
ma;SÃO JOÃO DO SOTER;Maranhão;Nordeste;-5.07017;-43.76556;14327;23.45;309;52;LULA;PT;8738;82,38;FLAVIO BOLSONARO;PL;1565;14,75;65.4;1565;30.5;57.7;49.5
ma;SÃO JOÃO DOS PATOS;Maranhão;Nordeste;-6.51296;-43.69654;19533;20.38;533;72;LULA;PT;10402;70,28;FLAVIO BOLSONARO;PL;3700;25,00;43.09;3700;26.8;48.5;47.1
ma;SÃO LUÍS;Maranhão;Nordeste;-2.55428;-44.25592;761443;15.69;11450;2273;LULA;PT;337598;54,51;FLAVIO BOLSONARO;PL;229253;37,02;16.88;229253;26.7;20.5;45.3
ma;SÃO LUÍS GONZAGA DO MARANHÃO;Maranhão;Nordeste;-4.37734;-44.66815;17211;24.26;375;62;LULA;PT;10117;80,49;FLAVIO BOLSONARO;PL;2181;17,35;60.88;2181;26.6;57.2;48.6
ma;SÃO MATEUS DO MARANHÃO;Maranhão;Nordeste;-4.03054;-44.46522;30147;24.52;700;105;LULA;PT;15258;69,76;FLAVIO BOLSONARO;PL;5836;26,68;41.41;5836;29.3;49.8;47.0
ma;SÃO PEDRO DA ÁGUA BRANCA;Maranhão;Nordeste;-5.09198;-48.43921;9693;26.07;149;30;LULA;PT;3683;52,75;FLAVIO BOLSONARO;PL;3052;43,71;8.81;3052;30.2;52.6;50.9
ma;SÃO PEDRO DOS CRENTES;Maranhão;Nordeste;-6.83275;-46.58107;4689;16.83;72;15;FLAVIO BOLSONARO;PL;2477;65,15;LULA;PT;1195;31,43;32.87;1195;32.8;57.1;53.3
ma;SÃO RAIMUNDO DAS MANGABEIRAS;Maranhão;Nordeste;-7.04157;-45.51956;15701;19.34;366;51;LULA;PT;7163;58,82;FLAVIO BOLSONARO;PL;4486;36,84;21.14;4486;30.1;49.3;50.2
ma;SÃO RAIMUNDO DO DOCA BEZERRA;Maranhão;Nordeste;-5.10688;-45.12842;5160;22.02;128;22;LULA;PT;2738;71,02;FLAVIO BOLSONARO;PL;978;25,37;43.74;978;31.5;58.8;52.5
ma;SÃO ROBERTO;Maranhão;Nordeste;-5.01277;-45.01697;4547;21.6;103;19;LULA;PT;2521;73,24;FLAVIO BOLSONARO;PL;811;23,56;47.97;811;30.2;60.8;51.5
ma;SÃO VICENTE FERRER;Maranhão;Nordeste;-2.88922;-44.90672;16729;26.47;464;61;LULA;PT;9148;78,58;FLAVIO BOLSONARO;PL;2069;17,77;57.55;2069;26.8;57.9;48.5
ma;SÍTIO NOVO;Maranhão;Nordeste;-6.06686;-46.64073;13984;14.71;225;55;LULA;PT;6635;57,16;FLAVIO BOLSONARO;PL;4420;38,08;18.57;4420;29.0;53.4;52.0
ma;TASSO FRAGOSO;Maranhão;Nordeste;-8.36531;-45.74668;6854;18.38;162;24;LULA;PT;2715;50,30;FLAVIO BOLSONARO;PL;2390;44,28;5.81;2390;33.4;46.4;51.9
ma;TIMBIRAS;Maranhão;Nordeste;-4.24099;-43.91425;21254;27.15;568;65;LULA;PT;11441;77,25;FLAVIO BOLSONARO;PL;2776;18,74;55.96;2776;29.9;58.4;48.3
ma;TIMON;Maranhão;Nordeste;-5.10726;-42.85888;124767;15.56;3146;402;LULA;PT;67010;66,39;FLAVIO BOLSONARO;PL;28444;28,18;36.6;28444;29.4;38.9;46.3
ma;TRIZIDELA DO VALE;Maranhão;Nordeste;-4.56922;-44.63244;16878;17.67;314;56;LULA;PT;8059;60,01;FLAVIO BOLSONARO;PL;4744;35,33;23.86;4744;26.5;48.3;46.3
ma;TUFILÂNDIA;Maranhão;Nordeste;-3.73421;-45.60278;6051;25.48;157;22;LULA;PT;3161;72,97;FLAVIO BOLSONARO;PL;1024;23,64;47.39;1024;30.9;56.3;51.1
ma;TUNTUM;Maranhão;Nordeste;-5.41963;-44.68123;28443;20.64;698;97;LULA;PT;13758;63,60;FLAVIO BOLSONARO;PL;7114;32,88;29.44;7114;27.9;55.6;49.6
ma;TURIAÇU;Maranhão;Nordeste;-1.67479;-45.43601;28166;19.19;505;118;LULA;PT;16792;76,00;FLAVIO BOLSONARO;PL;4502;20,37;54.0;4502;31.4;56.1;50.3
ma;TURILÂNDIA;Maranhão;Nordeste;-2.19523;-45.38274;15977;26.61;258;66;LULA;PT;8018;70,58;FLAVIO BOLSONARO;PL;2773;24,41;44.73;2773;31.6;55.4;47.8
ma;TUTÓIA;Maranhão;Nordeste;-2.85824;-42.35643;43215;21.52;1034;158;LULA;PT;23022;70,99;FLAVIO BOLSONARO;PL;7838;24,17;44.77;7838;32.8;50.7;48.7
ma;URBANO SANTOS;Maranhão;Nordeste;-3.22803;-43.33371;25803;21.18;667;82;LULA;PT;15137;77,66;FLAVIO BOLSONARO;PL;3826;19,63;55.62;3826;34.7;47.5;49.3
ma;VARGEM GRANDE;Maranhão;Nordeste;-3.59524;-43.89927;32648;21.97;873;112;LULA;PT;17844;73,13;FLAVIO BOLSONARO;PL;5599;22,95;48.06;5599;31.1;51.3;48.4
ma;VIANA;Maranhão;Nordeste;-3.17292;-45.05324;39769;21.94;626;151;LULA;PT;19880;66,05;FLAVIO BOLSONARO;PL;8910;29,60;35.34;8910;29.1;44.6;47.6
ma;VILA NOVA DOS MARTÍRIOS;Maranhão;Nordeste;-5.18935;-48.08712;8903;25.07;129;27;LULA;PT;3534;54,49;FLAVIO BOLSONARO;PL;2666;41,11;13.01;2666;32.2;50.0;51.4
ma;VITORINO FREIRE;Maranhão;Nordeste;-4.25932;-45.26928;22898;19.34;490;84;LULA;PT;11621;65,32;FLAVIO BOLSONARO;PL;5446;30,61;33.43;5446;27.4;58.8;48.5
ma;VITÓRIA DO MEARIM;Maranhão;Nordeste;-3.53126;-44.89777;24683;21.65;355;94;LULA;PT;12723;67,75;FLAVIO BOLSONARO;PL;5409;28,80;37.82;5409;28.6;48.6;48.6
ma;ZÉ DOCA;Maranhão;Nordeste;-3.27067;-45.75044;33014;21.55;536;107;LULA;PT;16901;67,26;FLAVIO BOLSONARO;PL;7316;29,11;37.01;7316;28.4;52.5;48.2
ma;ÁGUA DOCE DO MARANHÃO;Maranhão;Nordeste;-2.95383;-42.16454;11520;24.35;269;42;LULA;PT;6572;78,79;FLAVIO BOLSONARO;PL;1493;17,90;58.28;1493;28.1;60.4;49.7
mt;ACORIZAL;Mato Grosso;Centro-Oeste;-15.17588;-56.34137;7353;17.24;129;26;FLAVIO BOLSONARO;PL;2864;48,35;LULA;PT;2776;46,87;1.45;2776;22.9;40.1;53.0
mt;ALTA FLORESTA;Mato Grosso;Centro-Oeste;-9.89442;-56.09209;43203;23.03;561;125;FLAVIO BOLSONARO;PL;23270;71,83;LULA;PT;7677;23,70;46.89;7677;27.2;37.8;48.4
mt;ALTO ARAGUAIA;Mato Grosso;Centro-Oeste;-17.33958;-53.2336;11527;23.48;228;44;FLAVIO BOLSONARO;PL;5403;63,54;LULA;PT;2478;29,14;33.16;2478;23.8;35.0;48.4
mt;ALTO BOA VISTA;Mato Grosso;Centro-Oeste;-11.6865;-51.39645;4151;22.04;55;16;FLAVIO BOLSONARO;PL;2349;74,22;LULA;PT;681;21,52;51.55;681;30.8;39.2;51.4
mt;ALTO GARÇAS;Mato Grosso;Centro-Oeste;-16.95355;-53.52606;8774;22.09;170;31;FLAVIO BOLSONARO;PL;4272;64,80;LULA;PT;2012;30,52;33.06;2012;27.1;42.9;50.9
mt;ALTO PARAGUAI;Mato Grosso;Centro-Oeste;-14.60256;-56.553;6195;23.12;135;24;LULA;PT;2427;53,06;FLAVIO BOLSONARO;PL;1956;42,76;9.89;1956;23.1;44.3;52.9
mt;ALTO TAQUARI;Mato Grosso;Centro-Oeste;-17.83426;-53.28158;7979;24.68;121;26;FLAVIO BOLSONARO;PL;3951;67,83;LULA;PT;1552;26,64;39.92;1552;30.8;37.3;50.8
mt;APIACÁS;Mato Grosso;Centro-Oeste;-9.55684;-57.3935;6340;24.32;98;22;FLAVIO BOLSONARO;PL;3244;69,45;LULA;PT;1266;27,10;41.23;1266;26.7;48.8;52.8
mt;ARAGUAIANA;Mato Grosso;Centro-Oeste;-15.73165;-51.83388;3259;25.01;54;10;FLAVIO BOLSONARO;PL;1295;54,78;LULA;PT;849;35,91;18.25;849;23.7;42.1;51.7
mt;ARAGUAINHA;Mato Grosso;Centro-Oeste;-16.85507;-53.03416;1233;21.9;21;5;FLAVIO BOLSONARO;PL;498;53,21;LULA;PT;400;42,74;10.18;400;24.1;37.0;53.7
mt;ARAPUTANGA;Mato Grosso;Centro-Oeste;-15.42858;-58.37413;11533;21.81;214;34;FLAVIO BOLSONARO;PL;6325;72,52;LULA;PT;2005;22,99;47.9;2005;24.8;37.0;48.0
mt;ARENÁPOLIS;Mato Grosso;Centro-Oeste;-14.46162;-56.8428;7881;20.4;160;31;FLAVIO BOLSONARO;PL;3621;59,83;LULA;PT;2101;34,72;24.23;2101;25.5;36.6;48.7
mt;ARIPUANÃ;Mato Grosso;Centro-Oeste;-10.14298;-59.53526;17103;31.19;183;54;FLAVIO BOLSONARO;PL;8794;76,58;LULA;PT;2192;19,09;56.1;2192;29.7;44.4;51.4
mt;BARRA DO BUGRES;Mato Grosso;Centro-Oeste;-15.06277;-57.20792;22360;21.73;418;81;FLAVIO BOLSONARO;PL;8893;52,63;LULA;PT;7085;41,93;10.33;7085;27.4;38.9;50.4
mt;BARRA DO GARÇAS;Mato Grosso;Centro-Oeste;-15.83986;-52.3003;47123;23.31;639;157;FLAVIO BOLSONARO;PL;21019;59,85;LULA;PT;11720;33,37;25.73;11720;26.1;29.0;46.6
mt;BARÃO DE MELGAÇO;Mato Grosso;Centro-Oeste;-16.33767;-56.02175;6862;17.95;108;25;LULA;PT;3158;57,59;FLAVIO BOLSONARO;PL;2064;37,64;19.43;2064;22.6;43.2;53.4
mt;BOA ESPERANÇA DO NORTE;Mato Grosso;Centro-Oeste;-13.49875;-55.04007;4326;24.99;35;13;FLAVIO BOLSONARO;PL;2243;70,34;LULA;PT;764;23,96;45.58;764;31.4;41.0;53.4
mt;BOM JESUS DO ARAGUAIA;Mato Grosso;Centro-Oeste;-12.19588;-51.54458;5661;26.51;89;19;FLAVIO BOLSONARO;PL;2638;65,09;LULA;PT;1161;28,65;35.5;1161;28.0;46.0;52.0
mt;BRASNORTE;Mato Grosso;Centro-Oeste;-12.12655;-58.05878;12659;27.28;182;39;FLAVIO BOLSONARO;PL;6575;73,33;LULA;PT;2108;23,51;48.53;2108;30.0;42.7;51.5
mt;CAMPINÁPOLIS;Mato Grosso;Centro-Oeste;-14.42775;-52.94508;11507;27.2;151;38;LULA;PT;4457;54,45;FLAVIO BOLSONARO;PL;3471;42,41;11.77;3471;29.6;68.6;50.7
mt;CAMPO NOVO DO PARECIS;Mato Grosso;Centro-Oeste;-13.67231;-57.90938;31126;23.64;357;88;FLAVIO BOLSONARO;PL;16547;71,46;LULA;PT;5529;23,88;46.36;5529;33.2;31.8;50.9
mt;CAMPO VERDE;Mato Grosso;Centro-Oeste;-15.54756;-55.15985;33977;22.42;383;96;FLAVIO BOLSONARO;PL;18026;70,15;LULA;PT;6202;24,14;44.85;6202;28.6;35.6;49.4
mt;CAMPOS DE JÚLIO;Mato Grosso;Centro-Oeste;-13.72015;-59.25999;6787;26.59;78;18;FLAVIO BOLSONARO;PL;3554;73,17;LULA;PT;1115;22,96;48.96;1115;31.6;35.7;51.9
mt;CANABRAVA DO NORTE;Mato Grosso;Centro-Oeste;-11.0932;-51.84251;4167;27.62;44;14;FLAVIO BOLSONARO;PL;2090;70,70;LULA;PT;749;25,34;44.46;749;25.0;49.4;54.0
mt;CANARANA;Mato Grosso;Centro-Oeste;-13.55515;-52.28096;17766;23.31;176;52;FLAVIO BOLSONARO;PL;10515;78,73;LULA;PT;2339;17,51;60.01;2339;29.3;37.6;50.1
mt;CARLINDA;Mato Grosso;Centro-Oeste;-9.98176;-55.8121;8400;25.35;129;24;FLAVIO BOLSONARO;PL;3707;61,15;LULA;PT;2064;34,05;26.2;2064;24.5;54.0;51.4
mt;CASTANHEIRA;Mato Grosso;Centro-Oeste;-11.04764;-58.5845;6035;24.28;120;28;FLAVIO BOLSONARO;PL;3050;69,21;LULA;PT;1174;26,64;41.05;1174;24.0;52.2;51.4
mt;CHAPADA DOS GUIMARÃES;Mato Grosso;Centro-Oeste;-15.33112;-55.71983;17941;22.65;292;66;FLAVIO BOLSONARO;PL;6773;50,26;LULA;PT;5968;44,29;5.8;5968;22.1;37.3;50.0
mt;CLÁUDIA;Mato Grosso;Centro-Oeste;-11.48137;-54.9142;8579;20.06;110;28;FLAVIO BOLSONARO;PL;5097;76,27;LULA;PT;1351;20,22;54.62;1351;25.3;46.1;50.9
mt;COCALINHO;Mato Grosso;Centro-Oeste;-14.39204;-51.005;5454;30.38;76;21;FLAVIO BOLSONARO;PL;2233;60,51;LULA;PT;1171;31,73;27.97;1171;25.6;48.1;54.8
mt;COLNIZA;Mato Grosso;Centro-Oeste;-9.45999;-59.39794;19479;27.15;229;67;FLAVIO BOLSONARO;PL;10609;76,70;LULA;PT;2679;19,37;55.88;2679;27.4;51.8;51.2
mt;COLÍDER;Mato Grosso;Centro-Oeste;-10.74926;-55.46244;23598;22.07;307;82;FLAVIO BOLSONARO;PL;14305;79,86;LULA;PT;2786;15,55;62.64;2786;25.1;41.9;48.7
mt;COMODORO;Mato Grosso;Centro-Oeste;-13.60282;-59.82256;14317;26.67;264;47;FLAVIO BOLSONARO;PL;7003;68,96;LULA;PT;2733;26,91;40.67;2733;27.2;48.2;50.2
mt;CONFRESA;Mato Grosso;Centro-Oeste;-10.59389;-51.598;26068;23.49;328;80;FLAVIO BOLSONARO;PL;14321;73,59;LULA;PT;4262;21,90;50.43;4262;31.5;39.7;50.2
mt;CONQUISTA D'OESTE;Mato Grosso;Centro-Oeste;-14.5376;-59.54338;3426;28.84;51;10;FLAVIO BOLSONARO;PL;1751;73,63;LULA;PT;539;22,67;49.71;539;28.0;49.2;49.7
mt;COTRIGUAÇU;Mato Grosso;Centro-Oeste;-9.71609;-58.71565;7706;22.51;132;30;FLAVIO BOLSONARO;PL;4146;71,51;LULA;PT;1419;24,47;45.67;1419;25.7;54.4;52.5
mt;CUIABÁ;Mato Grosso;Centro-Oeste;-15.59591;-56.05938;456517;18.23;7189;1338;FLAVIO BOLSONARO;PL;208637;57,70;LULA;PT;123207;34,07;22.88;123207;26.1;20.3;45.9
mt;CURVELÂNDIA;Mato Grosso;Centro-Oeste;-15.61089;-57.91695;4408;18.76;74;16;FLAVIO BOLSONARO;PL;2214;63,75;LULA;PT;1113;32,05;30.75;1113;23.9;45.7;50.5
mt;CÁCERES;Mato Grosso;Centro-Oeste;-16.06401;-57.69088;62205;23.97;914;209;FLAVIO BOLSONARO;PL;24018;52,38;LULA;PT;19130;41,72;10.34;19130;26.2;32.4;47.9
mt;DENISE;Mato Grosso;Centro-Oeste;-14.7262;-57.04887;5710;18.65;125;21;FLAVIO BOLSONARO;PL;2523;56,49;LULA;PT;1757;39,34;16.49;1757;27.4;39.5;49.6
mt;DIAMANTINO;Mato Grosso;Centro-Oeste;-14.38074;-56.48066;16562;23.75;226;56;FLAVIO BOLSONARO;PL;8095;65,89;LULA;PT;3667;29,85;35.06;3667;27.9;32.9;49.8
mt;DOM AQUINO;Mato Grosso;Centro-Oeste;-15.81871;-54.91708;6230;19.79;120;21;FLAVIO BOLSONARO;PL;2999;61,96;LULA;PT;1582;32,69;28.36;1582;22.1;43.0;49.3
mt;FELIZ NATAL;Mato Grosso;Centro-Oeste;-12.31185;-54.76422;7181;24.76;65;23;FLAVIO BOLSONARO;PL;3675;69,30;LULA;PT;1449;27,32;41.2;1449;30.0;49.6;51.5
mt;FIGUEIRÓPOLIS D'OESTE;Mato Grosso;Centro-Oeste;-15.44701;-58.73933;2866;18.88;56;12;FLAVIO BOLSONARO;PL;1758;78,17;LULA;PT;416;18,50;57.72;416;22.4;49.6;50.4
mt;GAÚCHA DO NORTE;Mato Grosso;Centro-Oeste;-13.12301;-53.30299;6795;25.75;78;21;FLAVIO BOLSONARO;PL;3271;66,19;LULA;PT;1509;30,53;34.93;1509;31.2;43.6;50.7
mt;GENERAL CARNEIRO;Mato Grosso;Centro-Oeste;-15.68135;-52.93223;4719;27.38;70;16;FLAVIO BOLSONARO;PL;1742;52,11;LULA;PT;1440;43,08;8.81;1440;27.3;42.7;53.0
mt;GLÓRIA D'OESTE;Mato Grosso;Centro-Oeste;-15.78008;-58.31876;2685;20.56;33;9;FLAVIO BOLSONARO;PL;1447;69,63;LULA;PT;556;26,76;41.77;556;21.4;47.2;49.1
mt;GUARANTÃ DO NORTE;Mato Grosso;Centro-Oeste;-9.92446;-54.8879;22729;22.43;266;78;FLAVIO BOLSONARO;PL;13975;81,09;LULA;PT;2696;15,64;63.97;2696;28.7;41.8;49.3
mt;GUIRATINGA;Mato Grosso;Centro-Oeste;-16.34969;-53.78102;8175;21.82;172;27;FLAVIO BOLSONARO;PL;3448;55,88;LULA;PT;2322;37,63;17.62;2322;20.1;44.0;49.3
mt;INDIAVAÍ;Mato Grosso;Centro-Oeste;-15.49599;-58.57827;2028;18.0;42;9;FLAVIO BOLSONARO;PL;1031;63,96;LULA;PT;508;31,51;31.45;508;22.0;47.8;48.6
mt;IPIRANGA DO NORTE;Mato Grosso;Centro-Oeste;-12.23971;-56.15071;5997;20.39;46;17;FLAVIO BOLSONARO;PL;3454;73,44;LULA;PT;1043;22,18;50.5;1043;32.8;37.1;52.7
mt;ITANHANGÁ;Mato Grosso;Centro-Oeste;-12.20204;-56.64778;5239;20.84;34;17;FLAVIO BOLSONARO;PL;3373;82,61;LULA;PT;618;15,14;66.43;618;26.1;44.1;52.5
mt;ITAÚBA;Mato Grosso;Centro-Oeste;-11.00942;-55.24406;4349;24.4;70;13;FLAVIO BOLSONARO;PL;2389;74,70;LULA;PT;696;21,76;51.49;696;28.4;41.3;51.0
mt;ITIQUIRA;Mato Grosso;Centro-Oeste;-17.27335;-54.37396;9345;25.35;147;27;FLAVIO BOLSONARO;PL;4240;62,92;LULA;PT;2111;31,33;30.52;2111;26.4;41.5;51.3
mt;JACIARA;Mato Grosso;Centro-Oeste;-15.94959;-54.97163;20547;22.2;330;62;FLAVIO BOLSONARO;PL;10618;68,46;LULA;PT;4059;26,17;41.03;4059;24.8;38.1;47.6
mt;JANGADA;Mato Grosso;Centro-Oeste;-15.27253;-56.54015;7473;18.55;128;27;LULA;PT;2967;50,17;FLAVIO BOLSONARO;PL;2682;45,35;4.68;2682;28.8;42.0;52.8
mt;JAURU;Mato Grosso;Centro-Oeste;-15.30655;-58.86692;7115;25.73;120;37;FLAVIO BOLSONARO;PL;3775;73,66;LULA;PT;1155;22,54;49.58;1155;22.4;46.9;48.4
mt;JUARA;Mato Grosso;Centro-Oeste;-11.20272;-57.53578;25464;24.21;371;85;FLAVIO BOLSONARO;PL;14232;76,02;LULA;PT;3717;19,85;54.49;3717;25.3;45.5;49.1
mt;JURUENA;Mato Grosso;Centro-Oeste;-10.33654;-58.51301;7692;26.96;107;27;FLAVIO BOLSONARO;PL;3965;72,66;LULA;PT;1295;23,73;47.53;1295;27.3;49.0;51.6
mt;JUSCIMEIRA;Mato Grosso;Centro-Oeste;-16.10435;-54.86577;8751;17.91;142;34;FLAVIO BOLSONARO;PL;4261;61,08;LULA;PT;2434;34,89;25.43;2434;21.7;40.7;49.7
mt;JUÍNA;Mato Grosso;Centro-Oeste;-11.40674;-58.79375;34218;26.76;498;109;FLAVIO BOLSONARO;PL;17325;71,38;LULA;PT;5871;24,19;45.7;5871;26.1;43.8;49.0
mt;LAMBARI D'OESTE;Mato Grosso;Centro-Oeste;-15.32614;-57.94673;4215;21.02;89;16;FLAVIO BOLSONARO;PL;1746;54,48;LULA;PT;1294;40,37;13.58;1294;26.7;47.3;51.9
mt;LUCAS DO RIO VERDE;Mato Grosso;Centro-Oeste;-13.07732;-55.92155;54792;22.55;598;153;FLAVIO BOLSONARO;PL;30711;74,18;LULA;PT;8636;20,86;52.02;8636;30.9;27.5;48.6
mt;LUCIARA;Mato Grosso;Centro-Oeste;-11.20447;-50.71679;2406;21.53;36;9;FLAVIO BOLSONARO;PL;1017;55,12;LULA;PT;748;40,54;14.25;748;27.7;44.4;52.4
mt;MARCELÂNDIA;Mato Grosso;Centro-Oeste;-11.09556;-54.40553;9499;27.0;176;34;FLAVIO BOLSONARO;PL;5292;78,86;LULA;PT;1265;18,85;58.08;1265;28.8;48.7;51.5
mt;MATUPÁ;Mato Grosso;Centro-Oeste;-10.15924;-54.85232;15134;23.19;154;47;FLAVIO BOLSONARO;PL;8825;77,58;LULA;PT;2114;18,58;57.73;2114;29.6;35.7;49.5
mt;MIRASSOL D'OESTE;Mato Grosso;Centro-Oeste;-15.67622;-58.08798;19682;21.87;402;65;FLAVIO BOLSONARO;PL;10277;69,55;LULA;PT;3781;25,59;42.24;3781;24.9;40.8;48.2
mt;NOBRES;Mato Grosso;Centro-Oeste;-14.68373;-56.25568;12502;20.55;198;40;FLAVIO BOLSONARO;PL;6602;68,49;LULA;PT;2637;27,36;39.92;2637;25.8;38.8;49.7
mt;NORTELÂNDIA;Mato Grosso;Centro-Oeste;-14.45231;-56.80343;4871;20.22;127;22;FLAVIO BOLSONARO;PL;1798;48,54;LULA;PT;1663;44,90;3.47;1663;24.2;35.5;49.8
mt;NOSSA SENHORA DO LIVRAMENTO;Mato Grosso;Centro-Oeste;-15.79691;-56.44702;13537;17.79;282;50;LULA;PT;6530;60,58;FLAVIO BOLSONARO;PL;3739;34,69;25.08;3739;21.6;45.9;52.9
mt;NOVA BANDEIRANTES;Mato Grosso;Centro-Oeste;-9.94668;-57.8753;10127;25.26;140;31;FLAVIO BOLSONARO;PL;6062;82,12;LULA;PT;1120;15,17;65.29;1120;25.4;49.1;53.4
mt;NOVA BRASILÂNDIA;Mato Grosso;Centro-Oeste;-14.91342;-54.97356;3832;22.08;73;14;FLAVIO BOLSONARO;PL;1500;51,89;LULA;PT;1210;41,85;9.71;1210;23.6;51.4;52.6
mt;NOVA CANAÃ DO NORTE;Mato Grosso;Centro-Oeste;-10.61031;-55.79964;10256;24.07;177;34;FLAVIO BOLSONARO;PL;5758;76,44;LULA;PT;1499;19,90;54.69;1499;25.4;45.8;52.0
mt;NOVA GUARITA;Mato Grosso;Centro-Oeste;-10.35611;-55.35515;4119;22.72;57;12;FLAVIO BOLSONARO;PL;2075;67,13;LULA;PT;900;29,12;36.91;900;25.3;53.3;52.0
mt;NOVA LACERDA;Mato Grosso;Centro-Oeste;-14.48379;-59.63335;4972;30.45;82;15;FLAVIO BOLSONARO;PL;2201;65,60;LULA;PT;978;29,15;35.37;978;25.5;53.0;52.2
mt;NOVA MARILÂNDIA;Mato Grosso;Centro-Oeste;-14.36519;-56.97652;3030;23.66;40;10;FLAVIO BOLSONARO;PL;1392;62,06;LULA;PT;758;33,79;27.41;758;26.5;38.6;50.7
mt;NOVA MARINGÁ;Mato Grosso;Centro-Oeste;-12.88211;-57.14355;4626;27.65;68;15;FLAVIO BOLSONARO;PL;2432;74,67;LULA;PT;741;22,75;50.52;741;31.0;51.1;53.2
mt;NOVA MONTE VERDE;Mato Grosso;Centro-Oeste;-9.95009;-57.40169;6036;21.8;81;20;FLAVIO BOLSONARO;PL;3339;72,78;LULA;PT;1041;22,69;48.69;1041;25.5;43.9;51.6
mt;NOVA MUTUM;Mato Grosso;Centro-Oeste;-13.81;-56.084;37953;21.07;377;115;FLAVIO BOLSONARO;PL;22032;75,39;LULA;PT;5669;19,40;54.62;5669;32.0;26.5;49.1
mt;NOVA NAZARÉ;Mato Grosso;Centro-Oeste;-14.07248;-51.88322;3521;31.7;81;14;FLAVIO BOLSONARO;PL;1191;51,42;LULA;PT;1011;43,65;7.48;1011;32.9;55.3;51.7
mt;NOVA OLÍMPIA;Mato Grosso;Centro-Oeste;-14.78516;-57.30111;12967;21.49;277;45;FLAVIO BOLSONARO;PL;4935;50,59;LULA;PT;4303;44,12;6.21;4303;28.7;39.7;50.7
mt;NOVA SANTA HELENA;Mato Grosso;Centro-Oeste;-10.888;-55.11541;3384;23.49;62;10;FLAVIO BOLSONARO;PL;1830;72,76;LULA;PT;587;23,34;48.01;587;27.1;46.9;51.8
mt;NOVA UBIRATÃ;Mato Grosso;Centro-Oeste;-12.88871;-55.00897;7592;25.61;73;23;FLAVIO BOLSONARO;PL;4121;74,43;LULA;PT;1186;21,42;51.97;1186;31.2;40.2;52.7
mt;NOVA XAVANTINA;Mato Grosso;Centro-Oeste;-14.64506;-52.36241;16249;25.91;243;51;FLAVIO BOLSONARO;PL;8243;70,48;LULA;PT;2868;24,52;44.65;2868;24.8;39.2;49.2
mt;NOVO HORIZONTE DO NORTE;Mato Grosso;Centro-Oeste;-11.38841;-57.31603;3305;21.21;42;12;FLAVIO BOLSONARO;PL;1779;69,87;LULA;PT;648;25,45;43.43;648;24.2;54.4;52.2
mt;NOVO MUNDO;Mato Grosso;Centro-Oeste;-9.92869;-55.26466;6075;24.95;65;17;FLAVIO BOLSONARO;PL;3294;73,77;LULA;PT;1043;23,36;49.37;1043;25.6;49.9;53.6
mt;NOVO SANTO ANTÔNIO;Mato Grosso;Centro-Oeste;-12.27879;-51.00746;2039;29.38;30;6;FLAVIO BOLSONARO;PL;950;67,76;LULA;PT;376;26,82;39.86;376;23.6;45.6;53.1
mt;NOVO SÃO JOAQUIM;Mato Grosso;Centro-Oeste;-14.96049;-53.04066;5505;24.6;99;19;FLAVIO BOLSONARO;PL;2796;69,38;LULA;PT;1035;25,68;42.42;1035;23.0;64.0;52.2
mt;PARANATINGA;Mato Grosso;Centro-Oeste;-14.27338;-54.08806;16917;25.4;215;55;FLAVIO BOLSONARO;PL;8745;70,94;LULA;PT;3087;25,04;44.83;3087;27.7;44.8;51.1
mt;PARANAÍTA;Mato Grosso;Centro-Oeste;-9.71366;-56.53251;9406;22.94;135;29;FLAVIO BOLSONARO;PL;5150;73,08;LULA;PT;1630;23,13;48.57;1630;24.7;47.2;51.7
mt;PEDRA PRETA;Mato Grosso;Centro-Oeste;-16.65909;-54.44564;14477;23.77;269;42;FLAVIO BOLSONARO;PL;6283;59,10;LULA;PT;3751;35,28;22.94;3751;26.0;43.5;50.3
mt;PEIXOTO DE AZEVEDO;Mato Grosso;Centro-Oeste;-10.26914;-54.80809;23802;25.72;306;80;FLAVIO BOLSONARO;PL;10882;63,29;LULA;PT;5506;32,02;30.41;5506;29.3;45.1;50.4
mt;PLANALTO DA SERRA;Mato Grosso;Centro-Oeste;-14.65823;-54.75076;3110;24.24;58;11;FLAVIO BOLSONARO;PL;1193;52,32;LULA;PT;953;41,80;10.19;953;25.6;44.6;52.0
mt;POCONÉ;Mato Grosso;Centro-Oeste;-16.22435;-56.64629;25545;23.86;416;89;LULA;PT;10514;55,85;FLAVIO BOLSONARO;PL;7486;39,76;15.57;7486;24.8;42.1;49.6
mt;PONTAL DO ARAGUAIA;Mato Grosso;Centro-Oeste;-15.91073;-52.26051;5354;18.96;79;18;FLAVIO BOLSONARO;PL;2495;59,03;LULA;PT;1408;33,31;25.05;1408;25.5;31.1;48.8
mt;PONTE BRANCA;Mato Grosso;Centro-Oeste;-16.76451;-52.83778;2037;24.01;44;9;LULA;PT;704;47,44;FLAVIO BOLSONARO;PL;680;45,82;1.55;680;22.7;47.5;53.3
mt;PONTES E LACERDA;Mato Grosso;Centro-Oeste;-15.26359;-59.34497;34620;25.3;484;130;FLAVIO BOLSONARO;PL;19351;77,06;LULA;PT;4594;18,29;57.06;4594;27.0;40.4;48.4
mt;PORTO ALEGRE DO NORTE;Mato Grosso;Centro-Oeste;-10.85015;-51.68599;7904;23.52;119;33;FLAVIO BOLSONARO;PL;3863;65,73;LULA;PT;1779;30,27;34.47;1779;27.5;40.1;51.6
mt;PORTO DOS GAÚCHOS;Mato Grosso;Centro-Oeste;-11.53313;-57.32981;4455;22.99;58;14;FLAVIO BOLSONARO;PL;2583;77,24;LULA;PT;640;19,14;56.63;640;26.9;39.4;50.4
mt;PORTO ESPERIDIÃO;Mato Grosso;Centro-Oeste;-15.86937;-58.69703;8053;26.19;173;26;FLAVIO BOLSONARO;PL;3488;60,78;LULA;PT;2055;35,81;24.11;2055;25.9;48.4;51.4
mt;PORTO ESTRELA;Mato Grosso;Centro-Oeste;-15.41692;-57.20802;3328;19.92;73;13;LULA;PT;1443;55,97;FLAVIO BOLSONARO;PL;1048;40,65;14.82;1048;22.5;48.4;53.0
mt;POXORÉU;Mato Grosso;Centro-Oeste;-15.87923;-54.3318;14509;25.56;255;53;FLAVIO BOLSONARO;PL;5778;55,42;LULA;PT;4058;38,92;15.92;4058;22.1;44.8;51.8
mt;PRIMAVERA DO LESTE;Mato Grosso;Centro-Oeste;-15.54681;-54.30214;57120;22.43;680;159;FLAVIO BOLSONARO;PL;32776;75,84;LULA;PT;8209;18,99;55.44;8209;29.4;28.8;48.1
mt;QUERÊNCIA;Mato Grosso;Centro-Oeste;-12.49723;-52.29747;18997;25.0;182;54;FLAVIO BOLSONARO;PL;10420;74,51;LULA;PT;2992;21,39;52.14;2992;33.4;32.8;51.4
mt;RESERVA DO CABAÇAL;Mato Grosso;Centro-Oeste;-15.12054;-58.38461;1838;20.29;36;6;FLAVIO BOLSONARO;PL;812;57,39;LULA;PT;524;37,03;19.66;524;22.6;43.7;50.3
mt;RIBEIRÃO CASCALHEIRA;Mato Grosso;Centro-Oeste;-12.8847;-51.78664;7618;23.63;129;27;FLAVIO BOLSONARO;PL;3961;70,09;LULA;PT;1483;26,24;42.59;1483;26.9;46.6;51.3
mt;RIBEIRÃOZINHO;Mato Grosso;Centro-Oeste;-16.49963;-52.71188;2466;19.75;37;8;FLAVIO BOLSONARO;PL;1064;55,24;LULA;PT;706;36,66;18.09;706;26.3;40.3;51.3
mt;RIO BRANCO;Mato Grosso;Centro-Oeste;-15.24356;-58.1139;3897;21.71;81;13;FLAVIO BOLSONARO;PL;1732;58,99;LULA;PT;1035;35,25;22.84;1035;22.2;42.6;47.7
mt;RONDOLÂNDIA;Mato Grosso;Centro-Oeste;-10.80846;-61.37087;3084;25.49;55;12;FLAVIO BOLSONARO;PL;1295;57,99;LULA;PT;861;38,56;18.89;861;27.8;51.1;54.3
mt;RONDONÓPOLIS;Mato Grosso;Centro-Oeste;-16.45673;-54.62604;177622;22.91;2706;547;FLAVIO BOLSONARO;PL;85901;64,77;LULA;PT;38046;28,69;34.95;38046;26.8;29.5;47.2
mt;ROSÁRIO OESTE;Mato Grosso;Centro-Oeste;-14.87782;-56.38402;13155;22.58;243;45;FLAVIO BOLSONARO;PL;5223;52,99;LULA;PT;4253;43,15;9.52;4253;21.8;43.1;52.2
mt;SALTO DO CÉU;Mato Grosso;Centro-Oeste;-15.10914;-58.13938;3076;21.72;52;10;FLAVIO BOLSONARO;PL;1566;67,33;LULA;PT;680;29,23;36.79;680;23.1;44.0;50.8
mt;SANTA CARMEM;Mato Grosso;Centro-Oeste;-11.97954;-55.27973;4178;17.26;44;12;FLAVIO BOLSONARO;PL;2624;77,73;LULA;PT;612;18,13;58.2;612;29.6;45.0;50.3
mt;SANTA CRUZ DO XINGU;Mato Grosso;Centro-Oeste;-10.11463;-52.37466;2268;27.2;34;7;FLAVIO BOLSONARO;PL;1175;72,98;LULA;PT;370;22,98;48.76;370;29.1;46.5;55.5
mt;SANTA RITA DO TRIVELATO;Mato Grosso;Centro-Oeste;-13.8852;-55.30741;2606;22.22;29;9;FLAVIO BOLSONARO;PL;1373;69,31;LULA;PT;478;24,13;44.15;478;28.7;36.0;51.9
mt;SANTA TEREZINHA;Mato Grosso;Centro-Oeste;-10.42933;-50.57056;5358;26.86;114;23;FLAVIO BOLSONARO;PL;1909;50,40;LULA;PT;1693;44,69;5.51;1693;25.0;54.4;53.3
mt;SANTO AFONSO;Mato Grosso;Centro-Oeste;-14.48757;-57.06002;2661;22.1;40;12;FLAVIO BOLSONARO;PL;1251;62,21;LULA;PT;652;32,42;28.9;652;25.6;38.0;52.7
mt;SANTO ANTÔNIO DO LESTE;Mato Grosso;Centro-Oeste;-14.80271;-53.60771;2731;25.74;55;10;FLAVIO BOLSONARO;PL;1219;61,97;LULA;PT;660;33,55;27.56;660;30.5;48.1;50.5
mt;SANTO ANTÔNIO DO LEVERGER;Mato Grosso;Centro-Oeste;-15.94867;-55.84986;17145;20.03;273;55;LULA;PT;6337;47,56;FLAVIO BOLSONARO;PL;6285;47,17;0.38;6285;22.2;38.0;51.9
mt;SAPEZAL;Mato Grosso;Centro-Oeste;-13.54385;-58.82291;20539;26.75;234;55;FLAVIO BOLSONARO;PL;10477;71,51;LULA;PT;3520;24,02;46.24;3520;34.1;32.1;51.4
mt;SERRA NOVA DOURADA;Mato Grosso;Centro-Oeste;-12.08872;-51.39751;1725;31.42;24;5;FLAVIO BOLSONARO;PL;836;72,32;LULA;PT;271;23,44;47.76;271;25.6;51.0;56.6
mt;SINOP;Mato Grosso;Centro-Oeste;-11.85647;-55.50899;127167;22.67;1380;346;FLAVIO BOLSONARO;PL;73701;76,66;LULA;PT;17568;18,27;57.08;17568;30.8;28.5;47.2
mt;SORRISO;Mato Grosso;Centro-Oeste;-12.56262;-55.72479;76028;21.46;769;206;FLAVIO BOLSONARO;PL;43990;75,25;LULA;PT;11829;20,24;53.86;11829;31.4;31.8;48.0
mt;SÃO FÉLIX DO ARAGUAIA;Mato Grosso;Centro-Oeste;-11.53048;-51.25625;8490;30.18;135;31;FLAVIO BOLSONARO;PL;3600;62,40;LULA;PT;1921;33,30;28.32;1921;26.7;40.0;53.1
mt;SÃO JOSÉ DO POVO;Mato Grosso;Centro-Oeste;-16.48468;-54.2648;3000;20.8;65;10;FLAVIO BOLSONARO;PL;1307;57,02;LULA;PT;852;37,17;19.15;852;17.5;44.9;53.9
mt;SÃO JOSÉ DO RIO CLARO;Mato Grosso;Centro-Oeste;-13.45055;-56.72238;11217;21.17;172;39;FLAVIO BOLSONARO;PL;6570;76,43;LULA;PT;1741;20,25;54.61;1741;26.0;47.4;50.4
mt;SÃO JOSÉ DO XINGU;Mato Grosso;Centro-Oeste;-10.70865;-52.55219;5340;30.88;74;17;FLAVIO BOLSONARO;PL;2293;63,94;LULA;PT;1153;32,15;30.89;1153;30.5;50.2;53.7
mt;SÃO JOSÉ DOS QUATRO MARCOS;Mato Grosso;Centro-Oeste;-15.61366;-58.20198;13117;21.83;242;56;FLAVIO BOLSONARO;PL;6871;69,61;LULA;PT;2640;26,75;41.27;2640;22.6;43.9;47.6
mt;SÃO PEDRO DA CIPA;Mato Grosso;Centro-Oeste;-16.00155;-54.91964;3891;19.84;42;12;FLAVIO BOLSONARO;PL;1736;56,94;LULA;PT;1213;39,78;16.77;1213;24.9;41.7;51.0
mt;TABAPORÃ;Mato Grosso;Centro-Oeste;-11.35731;-56.55733;8039;26.32;81;23;FLAVIO BOLSONARO;PL;4500;77,64;LULA;PT;1093;18,86;57.52;1093;29.2;41.2;51.9
mt;TANGARÁ DA SERRA;Mato Grosso;Centro-Oeste;-14.62555;-57.51776;70136;22.65;909;220;FLAVIO BOLSONARO;PL;38028;72,08;LULA;PT;11800;22,37;48.35;11800;27.9;33.9;47.4
mt;TAPURAH;Mato Grosso;Centro-Oeste;-12.72293;-56.51365;9694;21.17;108;27;FLAVIO BOLSONARO;PL;5887;78,65;LULA;PT;1351;18,05;59.36;1351;30.2;37.1;50.7
mt;TERRA NOVA DO NORTE;Mato Grosso;Centro-Oeste;-10.54638;-55.10102;9125;23.61;115;32;FLAVIO BOLSONARO;PL;4591;67,78;LULA;PT;1873;27,65;38.99;1873;24.7;46.7;50.5
mt;TESOURO;Mato Grosso;Centro-Oeste;-16.04187;-53.54558;2759;23.85;53;10;FLAVIO BOLSONARO;PL;1024;50,32;LULA;PT;879;43,19;6.9;879;21.6;41.1;53.6
mt;TORIXORÉU;Mato Grosso;Centro-Oeste;-16.21406;-52.58748;3727;19.72;69;13;FLAVIO BOLSONARO;PL;1663;57,17;LULA;PT;1057;36,34;20.25;1057;22.4;41.3;50.5
mt;UNIÃO DO SUL;Mato Grosso;Centro-Oeste;-11.53318;-54.37007;3630;26.14;26;10;FLAVIO BOLSONARO;PL;1918;72,65;LULA;PT;663;25,11;46.81;663;28.5;48.5;54.1
mt;VALE DE SÃO DOMINGOS;Mato Grosso;Centro-Oeste;-15.33436;-59.08368;2721;21.13;48;10;FLAVIO BOLSONARO;PL;1610;77,11;LULA;PT;415;19,88;55.68;415;21.2;52.7;51.7
mt;VERA;Mato Grosso;Centro-Oeste;-12.284;-55.29563;7850;21.35;115;23;FLAVIO BOLSONARO;PL;4397;73,32;LULA;PT;1337;22,29;49.56;1337;29.0;42.2;50.3
mt;VILA BELA DA SANTÍSSIMA TRINDADE;Mato Grosso;Centro-Oeste;-15.19201;-59.97825;11198;25.72;187;43;FLAVIO BOLSONARO;PL;4975;61,56;LULA;PT;2791;34,54;26.26;2791;26.5;49.8;51.3
mt;VILA RICA;Mato Grosso;Centro-Oeste;-10.0183;-51.12824;13846;25.5;196;49;FLAVIO BOLSONARO;PL;7421;74,03;LULA;PT;2213;22,08;50.49;2213;27.5;46.5;51.3
mt;VÁRZEA GRANDE;Mato Grosso;Centro-Oeste;-15.65347;-56.13908;194985;19.62;2945;581;FLAVIO BOLSONARO;PL;85581;56,42;LULA;PT;55331;36,48;19.3;55331;27.5;27.9;45.9
mt;ÁGUA BOA;Mato Grosso;Centro-Oeste;-14.05626;-52.20056;21159;23.85;247;77;FLAVIO BOLSONARO;PL;12438;79,02;LULA;PT;2549;16,19;61.37;2549;27.6;35.6;49.6
ms;ALCINÓPOLIS;Mato Grosso Do Sul;Centro-Oeste;-18.32256;-53.73673;3809;23.47;57;13;FLAVIO BOLSONARO;PL;1510;53,24;LULA;PT;1092;38,50;14.34;1092;23.3;51.5;51.1
ms;AMAMBAI;Mato Grosso Do Sul;Centro-Oeste;-23.105;-55.2227;27203;30.6;313;96;FLAVIO BOLSONARO;PL;10701;58,09;LULA;PT;6943;37,69;19.9;6943;28.2;49.6;46.9
ms;ANASTÁCIO;Mato Grosso Do Sul;Centro-Oeste;-20.51472;-55.79233;18203;26.87;208;79;FLAVIO BOLSONARO;PL;7224;55,77;LULA;PT;5052;39,00;16.32;5052;24.3;51.4;48.1
ms;ANAURILÂNDIA;Mato Grosso Do Sul;Centro-Oeste;-22.15963;-52.68962;6297;24.14;111;22;FLAVIO BOLSONARO;PL;2396;51,77;LULA;PT;1933;41,77;9.69;1933;25.3;50.5;49.6
ms;ANGÉLICA;Mato Grosso Do Sul;Centro-Oeste;-22.14372;-53.81221;8695;27.2;134;30;FLAVIO BOLSONARO;PL;3246;53,09;LULA;PT;2453;40,12;12.53;2453;25.0;44.9;49.8
ms;ANTÔNIO JOÃO;Mato Grosso Do Sul;Centro-Oeste;-22.19136;-55.95559;7911;23.84;135;28;FLAVIO BOLSONARO;PL;3542;60,84;LULA;PT;2031;34,88;25.08;2031;29.4;48.9;48.3
ms;APARECIDA DO TABOADO;Mato Grosso Do Sul;Centro-Oeste;-20.08574;-51.10018;19558;27.29;401;61;FLAVIO BOLSONARO;PL;8093;59,63;LULA;PT;4599;33,89;24.57;4599;27.6;44.4;48.0
ms;AQUIDAUANA;Mato Grosso Do Sul;Centro-Oeste;-20.43068;-55.8024;36393;29.07;347;143;FLAVIO BOLSONARO;PL;12723;50,63;LULA;PT;11058;44,01;6.45;11058;25.1;45.2;48.1
ms;ARAL MOREIRA;Mato Grosso Do Sul;Centro-Oeste;-22.92804;-55.58113;8273;22.64;124;31;FLAVIO BOLSONARO;PL;3563;57,15;LULA;PT;2504;40,16;16.55;2504;33.4;50.5;49.2
ms;BANDEIRANTES;Mato Grosso Do Sul;Centro-Oeste;-19.90624;-54.36958;6799;25.67;114;24;FLAVIO BOLSONARO;PL;2842;58,13;LULA;PT;1734;35,47;21.92;1734;25.3;49.4;51.0
ms;BATAGUASSU;Mato Grosso Do Sul;Centro-Oeste;-21.72042;-52.43044;19771;27.86;310;69;FLAVIO BOLSONARO;PL;7765;56,61;LULA;PT;5075;37,00;18.86;5075;26.2;39.9;49.0
ms;BATAYPORÃ;Mato Grosso Do Sul;Centro-Oeste;-22.29939;-53.26687;8414;27.15;130;30;FLAVIO BOLSONARO;PL;3307;55,67;LULA;PT;2360;39,73;15.45;2360;25.4;53.8;48.7
ms;BELA VISTA;Mato Grosso Do Sul;Centro-Oeste;-22.10043;-56.53793;16420;27.12;180;67;FLAVIO BOLSONARO;PL;6983;59,77;LULA;PT;4235;36,25;22.96;4235;25.9;46.2;48.8
ms;BODOQUENA;Mato Grosso Do Sul;Centro-Oeste;-20.53818;-56.69732;6487;23.99;84;28;FLAVIO BOLSONARO;PL;2574;53,69;LULA;PT;1943;40,53;12.8;1943;25.2;48.3;49.6
ms;BONITO;Mato Grosso Do Sul;Centro-Oeste;-21.10757;-56.48788;19254;26.35;193;64;FLAVIO BOLSONARO;PL;8663;62,50;LULA;PT;4388;31,66;30.15;4388;26.1;44.1;48.2
ms;BRASILÂNDIA;Mato Grosso Do Sul;Centro-Oeste;-21.24239;-52.09897;9576;31.71;151;34;FLAVIO BOLSONARO;PL;3941;62,52;LULA;PT;2019;32,03;29.39;2019;24.9;51.2;49.8
ms;CAARAPÓ;Mato Grosso Do Sul;Centro-Oeste;-22.61322;-54.8467;22152;26.67;249;73;FLAVIO BOLSONARO;PL;10049;63,42;LULA;PT;5160;32,57;30.1;5160;28.9;45.1;47.8
ms;CAMAPUÃ;Mato Grosso Do Sul;Centro-Oeste;-19.51521;-54.03564;10948;24.74;154;44;FLAVIO BOLSONARO;PL;4886;61,05;LULA;PT;2725;34,05;26.23;2725;22.5;46.7;50.7
ms;CAMPO GRANDE;Mato Grosso Do Sul;Centro-Oeste;-20.47853;-54.62088;641185;20.11;10435;2189;FLAVIO BOLSONARO;PL;289672;58,68;LULA;PT;159856;32,38;25.34;159856;25.6;24.8;45.5
ms;CARACOL;Mato Grosso Do Sul;Centro-Oeste;-21.97909;-57.00925;4723;23.02;41;22;FLAVIO BOLSONARO;PL;2214;61,86;LULA;PT;1241;34,67;26.76;1241;27.9;54.3;50.3
ms;CASSILÂNDIA;Mato Grosso Do Sul;Centro-Oeste;-19.11153;-51.7462;15301;27.03;315;55;FLAVIO BOLSONARO;PL;6951;64,96;LULA;PT;2961;27,67;35.74;2961;22.1;44.0;47.8
ms;CHAPADÃO DO SUL;Mato Grosso Do Sul;Centro-Oeste;-18.7953;-52.62257;23000;24.31;260;76;FLAVIO BOLSONARO;PL;12182;71,78;LULA;PT;3860;22,74;47.8;3860;30.2;32.6;49.2
ms;CORGUINHO;Mato Grosso Do Sul;Centro-Oeste;-19.7937;-54.9366;4479;25.14;71;17;FLAVIO BOLSONARO;PL;1750;53,86;LULA;PT;1287;39,61;13.81;1287;21.4;50.5;51.4
ms;CORONEL SAPUCAIA;Mato Grosso Do Sul;Centro-Oeste;-23.26221;-55.51592;12105;18.27;230;49;FLAVIO BOLSONARO;PL;4988;52,07;LULA;PT;4295;44,84;7.0;4295;36.8;57.9;46.5
ms;CORUMBÁ;Mato Grosso Do Sul;Centro-Oeste;-19.02998;-57.6471;67548;24.04;875;249;FLAVIO BOLSONARO;PL;24513;49,38;LULA;PT;22332;44,98;4.25;22332;28.1;34.6;47.7
ms;COSTA RICA;Mato Grosso Do Sul;Centro-Oeste;-18.53434;-53.13297;22355;28.15;307;76;FLAVIO BOLSONARO;PL;10033;64,46;LULA;PT;4613;29,64;33.75;4613;28.6;43.8;49.7
ms;COXIM;Mato Grosso Do Sul;Centro-Oeste;-18.50657;-54.73907;26464;26.87;350;105;FLAVIO BOLSONARO;PL;10656;56,78;LULA;PT;7119;37,93;18.28;7119;23.3;47.2;48.6
ms;DEODÁPOLIS;Mato Grosso Do Sul;Centro-Oeste;-22.24092;-54.17275;10690;23.66;167;42;FLAVIO BOLSONARO;PL;4411;55,96;LULA;PT;3048;38,67;16.7;3048;24.7;42.5;48.6
ms;DOIS IRMÃOS DO BURITI;Mato Grosso Do Sul;Centro-Oeste;-20.69693;-55.29395;8601;24.29;98;34;LULA;PT;3579;56,40;FLAVIO BOLSONARO;PL;2509;39,54;16.43;2509;26.3;50.9;50.1
ms;DOURADINA;Mato Grosso Do Sul;Centro-Oeste;-22.03637;-54.60904;4920;16.04;92;18;FLAVIO BOLSONARO;PL;2506;62,34;LULA;PT;1358;33,78;27.79;1358;25.6;44.9;49.8
ms;DOURADOS;Mato Grosso Do Sul;Centro-Oeste;-22.22483;-54.79988;166869;20.22;2498;583;FLAVIO BOLSONARO;PL;79483;61,70;LULA;PT;40477;31,42;29.3;40477;27.7;33.3;46.1
ms;ELDORADO;Mato Grosso Do Sul;Centro-Oeste;-23.77276;-54.28113;8988;29.88;136;35;FLAVIO BOLSONARO;PL;3759;61,75;LULA;PT;2021;33,20;27.58;2021;25.7;54.0;46.6
ms;FIGUEIRÃO;Mato Grosso Do Sul;Centro-Oeste;-18.71292;-53.64627;2805;23.28;37;10;FLAVIO BOLSONARO;PL;1151;55,12;LULA;PT;792;37,93;16.68;792;23.2;49.5;52.8
ms;FÁTIMA DO SUL;Mato Grosso Do Sul;Centro-Oeste;-22.36866;-54.48293;16886;21.78;258;62;FLAVIO BOLSONARO;PL;7072;55,35;LULA;PT;4939;38,66;16.15;4939;22.7;45.1;46.5
ms;GLÓRIA DE DOURADOS;Mato Grosso Do Sul;Centro-Oeste;-22.42244;-54.22656;8125;23.38;134;31;FLAVIO BOLSONARO;PL;3427;57,01;LULA;PT;2278;37,90;18.46;2278;22.8;43.2;47.7
ms;GUIA LOPES DA LAGUNA;Mato Grosso Do Sul;Centro-Oeste;-21.46646;-56.0979;7950;27.08;136;30;FLAVIO BOLSONARO;PL;3255;58,08;LULA;PT;2092;37,33;20.06;2092;24.6;52.6;48.4
ms;IGUATEMI;Mato Grosso Do Sul;Centro-Oeste;-23.63255;-54.56007;10722;29.48;133;34;FLAVIO BOLSONARO;PL;4552;61,86;LULA;PT;2452;33,32;27.77;2452;26.1;56.1;47.2
ms;INOCÊNCIA;Mato Grosso Do Sul;Centro-Oeste;-19.74957;-51.92878;7251;35.44;124;23;FLAVIO BOLSONARO;PL;2721;60,59;LULA;PT;1514;33,71;25.79;1514;26.7;51.8;51.1
ms;ITAPORÃ;Mato Grosso Do Sul;Centro-Oeste;-22.06351;-54.77335;14201;18.08;211;47;FLAVIO BOLSONARO;PL;7419;65,72;LULA;PT;3349;29,67;34.99;3349;24.9;39.5;47.9
ms;ITAQUIRAÍ;Mato Grosso Do Sul;Centro-Oeste;-23.4208;-54.12775;14628;30.76;189;52;FLAVIO BOLSONARO;PL;4871;49,48;LULA;PT;4474;45,45;3.92;4474;24.7;59.1;49.0
ms;IVINHEMA;Mato Grosso Do Sul;Centro-Oeste;-22.31361;-53.80595;21196;26.26;270;66;FLAVIO BOLSONARO;PL;9512;62,82;LULA;PT;4696;31,02;30.81;4696;25.4;43.5;48.3
ms;JAPORÃ;Mato Grosso Do Sul;Centro-Oeste;-23.83188;-54.50331;6581;23.22;167;23;LULA;PT;3273;67,26;FLAVIO BOLSONARO;PL;1452;29,84;36.04;1452;34.0;66.6;48.2
ms;JARAGUARI;Mato Grosso Do Sul;Centro-Oeste;-20.12629;-54.45084;6048;25.43;87;20;FLAVIO BOLSONARO;PL;2211;50,40;LULA;PT;1870;42,63;7.56;1870;20.0;49.4;52.4
ms;JARDIM;Mato Grosso Do Sul;Centro-Oeste;-21.48873;-56.15354;18633;27.34;243;69;FLAVIO BOLSONARO;PL;8299;63,11;LULA;PT;4191;31,87;30.34;4191;24.3;45.4;47.6
ms;JATEÍ;Mato Grosso Do Sul;Centro-Oeste;-22.52133;-54.25698;4340;22.42;36;16;FLAVIO BOLSONARO;PL;1822;55,18;LULA;PT;1368;41,43;13.48;1368;24.9;44.8;50.7
ms;JUTI;Mato Grosso Do Sul;Centro-Oeste;-22.8493;-54.61257;5982;27.67;82;21;FLAVIO BOLSONARO;PL;2196;52,09;LULA;PT;1873;44,43;7.46;1873;26.4;57.1;48.7
ms;LADÁRIO;Mato Grosso Do Sul;Centro-Oeste;-19.01106;-57.60584;13609;24.7;192;50;FLAVIO BOLSONARO;PL;4969;50,12;LULA;PT;4451;44,89;5.05;4451;30.4;32.1;48.5
ms;LAGUNA CARAPÃ;Mato Grosso Do Sul;Centro-Oeste;-22.62895;-55.16271;5465;21.77;63;19;FLAVIO BOLSONARO;PL;2667;63,77;LULA;PT;1358;32,47;30.62;1358;29.1;51.7;49.5
ms;MARACAJU;Mato Grosso Do Sul;Centro-Oeste;-21.61229;-55.19562;29813;22.69;317;111;FLAVIO BOLSONARO;PL;16185;71,86;LULA;PT;5356;23,78;46.98;5356;28.0;45.8;48.0
ms;MIRANDA;Mato Grosso Do Sul;Centro-Oeste;-20.26039;-56.35987;20066;27.72;242;76;LULA;PT;7626;54,00;FLAVIO BOLSONARO;PL;5937;42,04;11.65;5937;27.1;56.1;49.6
ms;MUNDO NOVO;Mato Grosso Do Sul;Centro-Oeste;-23.93694;-54.28891;14988;26.81;268;50;FLAVIO BOLSONARO;PL;6593;62,37;LULA;PT;3461;32,74;28.55;3461;23.5;54.3;44.7
ms;NAVIRAÍ;Mato Grosso Do Sul;Centro-Oeste;-23.06036;-54.20371;37528;26.22;502;136;FLAVIO BOLSONARO;PL;17261;64,33;LULA;PT;8020;29,89;33.37;8020;25.3;45.5;47.3
ms;NIOAQUE;Mato Grosso Do Sul;Centro-Oeste;-21.10008;-55.81271;10377;23.21;98;42;FLAVIO BOLSONARO;PL;4238;54,24;LULA;PT;3297;42,20;11.81;3297;26.4;51.6;50.7
ms;NOVA ALVORADA DO SUL;Mato Grosso Do Sul;Centro-Oeste;-21.47603;-54.3194;16244;34.41;163;54;FLAVIO BOLSONARO;PL;5815;56,06;LULA;PT;4003;38,59;17.01;4003;26.9;48.1;48.6
ms;NOVA ANDRADINA;Mato Grosso Do Sul;Centro-Oeste;-22.18197;-53.33715;35629;29.28;393;122;FLAVIO BOLSONARO;PL;14489;59,26;LULA;PT;8442;34,53;24.0;8442;24.1;44.7;47.2
ms;NOVO HORIZONTE DO SUL;Mato Grosso Do Sul;Centro-Oeste;-22.65579;-53.86057;3610;20.89;60;16;FLAVIO BOLSONARO;PL;1442;52,19;LULA;PT;1177;42,60;9.28;1177;25.7;49.6;49.2
ms;PARANAÍBA;Mato Grosso Do Sul;Centro-Oeste;-19.66053;-51.20543;31506;26.0;528;107;FLAVIO BOLSONARO;PL;12815;57,25;LULA;PT;8030;35,87;20.52;8030;23.6;47.2;47.4
ms;PARANHOS;Mato Grosso Do Sul;Centro-Oeste;-23.90038;-55.39598;9433;33.67;262;32;LULA;PT;3192;53,65;FLAVIO BOLSONARO;PL;2600;43,70;9.46;2600;33.8;64.4;47.7
ms;PARAÍSO DAS ÁGUAS;Mato Grosso Do Sul;Centro-Oeste;-19.10134;-53.00139;4335;26.67;57;16;FLAVIO BOLSONARO;PL;2253;72,98;LULA;PT;701;22,71;48.82;701;25.3;47.0;52.7
ms;PEDRO GOMES;Mato Grosso Do Sul;Centro-Oeste;-18.09751;-54.55322;6048;23.76;104;22;FLAVIO BOLSONARO;PL;2508;56,21;LULA;PT;1784;39,98;15.7;1784;22.8;58.6;49.6
ms;PONTA PORÃ;Mato Grosso Do Sul;Centro-Oeste;-22.49314;-55.69349;69957;25.43;1053;249;FLAVIO BOLSONARO;PL;31418;62,67;LULA;PT;15824;31,56;29.89;15824;29.7;40.3;46.1
ms;PORTO MURTINHO;Mato Grosso Do Sul;Centro-Oeste;-21.61165;-57.78525;8647;33.29;88;30;FLAVIO BOLSONARO;PL;2949;52,45;LULA;PT;2441;43,42;8.81;2441;28.9;47.7;50.7
ms;RIBAS DO RIO PARDO;Mato Grosso Do Sul;Centro-Oeste;-20.45439;-53.74978;16370;31.08;207;60;FLAVIO BOLSONARO;PL;6317;57,77;LULA;PT;3970;36,31;20.8;3970;28.5;46.1;50.1
ms;RIO BRILHANTE;Mato Grosso Do Sul;Centro-Oeste;-21.78831;-54.53651;26188;24.66;303;87;FLAVIO BOLSONARO;PL;11885;61,92;LULA;PT;6397;33,33;27.82;6397;27.7;48.5;48.7
ms;RIO NEGRO;Mato Grosso Do Sul;Centro-Oeste;-19.4495;-54.99056;4176;22.22;66;16;FLAVIO BOLSONARO;PL;1775;56,46;LULA;PT;1215;38,65;17.24;1215;21.5;52.4;51.0
ms;RIO VERDE DE MATO GROSSO;Mato Grosso Do Sul;Centro-Oeste;-18.9166;-54.84432;13917;25.08;177;56;FLAVIO BOLSONARO;PL;6090;59,93;LULA;PT;3583;35,26;24.04;3583;23.7;50.2;47.9
ms;ROCHEDO;Mato Grosso Do Sul;Centro-Oeste;-19.9526;-54.89181;4984;25.66;78;16;FLAVIO BOLSONARO;PL;2125;59,39;LULA;PT;1229;34,35;24.18;1229;24.0;52.3;51.1
ms;SANTA RITA DO PARDO;Mato Grosso Do Sul;Centro-Oeste;-21.2385;-52.85652;5541;33.75;85;18;FLAVIO BOLSONARO;PL;2061;58,32;LULA;PT;1219;34,49;22.94;1219;25.5;54.0;50.8
ms;SELVÍRIA;Mato Grosso Do Sul;Centro-Oeste;-20.36601;-51.42273;7236;27.57;166;22;FLAVIO BOLSONARO;PL;2363;47,58;LULA;PT;2305;46,42;1.11;2305;28.0;45.0;48.7
ms;SETE QUEDAS;Mato Grosso Do Sul;Centro-Oeste;-23.97776;-55.0451;7773;26.03;150;34;FLAVIO BOLSONARO;PL;3659;66,00;LULA;PT;1694;30,56;34.17;1694;25.6;60.1;47.3
ms;SIDROLÂNDIA;Mato Grosso Do Sul;Centro-Oeste;-20.9647;-54.92871;35153;27.44;402;118;FLAVIO BOLSONARO;PL;13860;55,93;LULA;PT;9542;38,50;16.93;9542;27.0;46.6;48.3
ms;SONORA;Mato Grosso Do Sul;Centro-Oeste;-17.60127;-54.75804;11254;23.26;135;40;FLAVIO BOLSONARO;PL;4947;58,89;LULA;PT;3066;36,50;21.78;3066;27.7;46.6;50.1
ms;SÃO GABRIEL DO OESTE;Mato Grosso Do Sul;Centro-Oeste;-19.38353;-54.57202;23080;24.77;231;73;FLAVIO BOLSONARO;PL;11840;69,89;LULA;PT;4130;24,38;44.4;4130;27.4;43.5;47.7
ms;TACURU;Mato Grosso Do Sul;Centro-Oeste;-23.63664;-55.01584;7003;33.41;120;22;LULA;PT;2596;57,82;FLAVIO BOLSONARO;PL;1695;37,75;19.32;1695;28.8;63.8;48.9
ms;TAQUARUSSU;Mato Grosso Do Sul;Centro-Oeste;-22.48573;-53.35274;3942;25.27;35;13;FLAVIO BOLSONARO;PL;1413;48,81;LULA;PT;1381;47,70;1.09;1381;26.2;52.9;49.5
ms;TERENOS;Mato Grosso Do Sul;Centro-Oeste;-20.48616;-54.90271;13850;22.39;221;48;FLAVIO BOLSONARO;PL;5363;51,53;LULA;PT;4404;42,32;8.92;4404;23.8;45.2;50.1
ms;TRÊS LAGOAS;Mato Grosso Do Sul;Centro-Oeste;-20.78914;-51.70968;88506;26.42;1301;297;FLAVIO BOLSONARO;PL;36690;58,63;LULA;PT;21347;34,11;23.56;21347;26.4;31.3;46.8
ms;VICENTINA;Mato Grosso Do Sul;Centro-Oeste;-22.4402;-54.44147;5998;19.69;74;21;LULA;PT;2237;47,86;FLAVIO BOLSONARO;PL;2164;46,30;1.52;2164;23.2;46.8;49.3
ms;ÁGUA CLARA;Mato Grosso Do Sul;Centro-Oeste;-20.4269;-52.88704;13465;33.49;154;43;FLAVIO BOLSONARO;PL;5370;61,76;LULA;PT;2865;32,95;27.97;2865;29.8;47.3;50.5
mg;ABADIA DOS DOURADOS;Minas Gerais;Sudeste;-18.43592;-47.41262;5720;19.63;157;21;FLAVIO BOLSONARO;PL;2285;52,24;LULA;PT;1742;39,83;11.81;1742;20.1;57.2;50.3
mg;ABAETÉ;Minas Gerais;Sudeste;-19.15738;-45.44746;17445;19.93;340;62;FLAVIO BOLSONARO;PL;7518;56,25;LULA;PT;4853;36,31;19.08;4853;22.0;51.2;47.7
mg;ABRE CAMPO;Minas Gerais;Sudeste;-20.28654;-42.46715;12103;21.65;366;40;LULA;PT;4657;52,21;FLAVIO BOLSONARO;PL;3728;41,79;9.8;3728;24.2;53.6;48.4
mg;ACAIACA;Minas Gerais;Sudeste;-20.3788;-43.12268;3518;23.74;129;13;LULA;PT;1577;62,70;FLAVIO BOLSONARO;PL;776;30,85;29.85;776;23.4;48.8;49.4
mg;AGUANIL;Minas Gerais;Sudeste;-20.9531;-45.41003;4331;23.69;123;13;FLAVIO BOLSONARO;PL;1443;46,61;LULA;PT;1367;44,15;2.3;1367;22.0;57.1;51.0
mg;AIMORÉS;Minas Gerais;Sudeste;-19.57064;-41.16697;19149;26.39;277;64;FLAVIO BOLSONARO;PL;7590;55,88;LULA;PT;5379;39,60;15.69;5379;22.2;49.9;47.4
mg;AIURUOCA;Minas Gerais;Sudeste;-22.01075;-44.60839;4838;21.62;182;20;FLAVIO BOLSONARO;PL;1634;46,35;LULA;PT;1603;45,48;0.82;1603;21.7;48.0;50.8
mg;ALAGOA;Minas Gerais;Sudeste;-22.16959;-44.64151;2619;21.88;40;9;FLAVIO BOLSONARO;PL;1240;63,10;LULA;PT;573;29,16;32.6;573;22.6;55.2;50.8
mg;ALBERTINA;Minas Gerais;Sudeste;-22.20069;-46.62553;3575;21.96;75;10;FLAVIO BOLSONARO;PL;1776;66,42;LULA;PT;748;27,97;36.85;748;26.2;56.2;51.3
mg;ALFENAS;Minas Gerais;Sudeste;-21.41917;-45.95086;61027;24.86;1080;177;FLAVIO BOLSONARO;PL;25475;58,37;LULA;PT;15031;34,44;22.78;15031;24.1;36.5;46.7
mg;ALFREDO VASCONCELOS;Minas Gerais;Sudeste;-21.09379;-43.69507;6138;17.94;224;18;LULA;PT;2215;47,12;FLAVIO BOLSONARO;PL;1993;42,40;4.41;1993;24.8;50.7;49.8
mg;ALMENARA;Minas Gerais;Sudeste;-16.16661;-40.70214;31120;27.99;783;108;LULA;PT;14005;65,59;FLAVIO BOLSONARO;PL;6331;29,65;34.24;6331;21.9;51.9;47.6
mg;ALPERCATA;Minas Gerais;Sudeste;-18.98196;-41.9809;6064;22.48;110;23;LULA;PT;2182;48,49;FLAVIO BOLSONARO;PL;2117;47,04;1.38;2117;23.6;52.6;49.3
mg;ALPINÓPOLIS;Minas Gerais;Sudeste;-20.86137;-46.38741;16047;21.88;329;47;FLAVIO BOLSONARO;PL;6537;54,47;LULA;PT;4443;37,02;16.7;4443;25.2;49.2;49.9
mg;ALTEROSA;Minas Gerais;Sudeste;-21.24111;-46.1368;12246;20.59;236;42;FLAVIO BOLSONARO;PL;5080;54,71;LULA;PT;3615;38,93;15.06;3615;22.6;55.4;49.6
mg;ALTO CAPARAÓ;Minas Gerais;Sudeste;-20.44096;-41.86971;4564;16.83;62;13;FLAVIO BOLSONARO;PL;2512;67,93;LULA;PT;1010;27,31;39.57;1010;24.8;59.2;47.5
mg;ALTO JEQUITIBÁ;Minas Gerais;Sudeste;-20.42613;-41.95814;7177;19.52;160;28;FLAVIO BOLSONARO;PL;3473;62,91;LULA;PT;1767;32,01;29.54;1767;22.7;56.8;49.5
mg;ALTO RIO DOCE;Minas Gerais;Sudeste;-21.02465;-43.4166;10053;28.67;277;34;LULA;PT;4069;60,49;FLAVIO BOLSONARO;PL;2205;32,78;25.99;2205;22.2;57.2;49.7
mg;ALVARENGA;Minas Gerais;Sudeste;-19.42188;-41.71987;4518;20.94;72;19;LULA;PT;1710;49,39;FLAVIO BOLSONARO;PL;1586;45,81;3.47;1586;21.8;58.4;50.7
mg;ALVINÓPOLIS;Minas Gerais;Sudeste;-20.10693;-43.09364;13098;24.59;449;42;LULA;PT;5519;59,98;FLAVIO BOLSONARO;PL;3095;33,63;24.54;3095;21.9;50.1;49.1
mg;ALVORADA DE MINAS;Minas Gerais;Sudeste;-18.90678;-43.23386;4946;32.55;170;16;LULA;PT;1913;61,53;FLAVIO BOLSONARO;PL;981;31,55;27.94;981;30.7;51.6;50.1
mg;ALÉM PARAÍBA;Minas Gerais;Sudeste;-21.86946;-42.69595;27004;24.74;487;106;LULA;PT;9703;49,89;FLAVIO BOLSONARO;PL;8346;42,91;6.68;8346;21.8;42.8;46.9
mg;AMPARO DO SERRA;Minas Gerais;Sudeste;-20.51778;-42.80299;4531;22.58;100;18;LULA;PT;2298;68,39;FLAVIO BOLSONARO;PL;854;25,42;41.16;854;23.3;55.4;49.1
mg;ANDRADAS;Minas Gerais;Sudeste;-22.07615;-46.57184;30179;24.28;775;100;FLAVIO BOLSONARO;PL;13467;62,75;LULA;PT;6054;28,21;32.44;6054;22.9;47.5;48.0
mg;ANDRELÂNDIA;Minas Gerais;Sudeste;-21.73924;-44.30946;9886;27.01;256;37;LULA;PT;3190;47,27;FLAVIO BOLSONARO;PL;3036;44,99;2.13;3036;21.3;50.5;48.8
mg;ANGELÂNDIA;Minas Gerais;Sudeste;-17.72216;-42.27652;6879;27.79;209;21;FLAVIO BOLSONARO;PL;2302;49,06;LULA;PT;2069;44,10;4.69;2069;29.8;56.2;48.3
mg;ANTÔNIO CARLOS;Minas Gerais;Sudeste;-21.34384;-43.75686;9889;21.37;300;33;LULA;PT;4036;55,68;FLAVIO BOLSONARO;PL;2599;35,86;18.48;2599;22.5;50.5;49.1
mg;ANTÔNIO DIAS;Minas Gerais;Sudeste;-19.60641;-42.8913;9101;25.39;250;35;LULA;PT;3172;49,52;FLAVIO BOLSONARO;PL;2883;45,00;4.26;2883;24.5;54.2;51.9
mg;ANTÔNIO PRADO DE MINAS;Minas Gerais;Sudeste;-21.01878;-42.11001;1915;19.01;39;9;LULA;PT;711;47,62;FLAVIO BOLSONARO;PL;661;44,27;3.22;661;19.9;44.4;50.8
mg;ARACITABA;Minas Gerais;Sudeste;-21.34075;-43.37885;2839;24.97;95;9;LULA;PT;1061;53,40;FLAVIO BOLSONARO;PL;796;40,06;12.44;796;23.7;53.2;50.3
mg;ARAGUARI;Minas Gerais;Sudeste;-18.63898;-48.18175;90272;22.75;1670;286;FLAVIO BOLSONARO;PL;40252;60,09;LULA;PT;20925;31,24;27.71;20925;22.5;38.3;47.0
mg;ARANTINA;Minas Gerais;Sudeste;-21.91349;-44.25465;2872;22.01;81;9;LULA;PT;1167;55,70;FLAVIO BOLSONARO;PL;751;35,85;18.57;751;23.2;44.6;50.2
mg;ARAPONGA;Minas Gerais;Sudeste;-20.64696;-42.51714;6500;17.65;284;24;LULA;PT;3282;66,79;FLAVIO BOLSONARO;PL;1333;27,13;36.41;1333;26.4;63.0;51.1
mg;ARAPORÃ;Minas Gerais;Sudeste;-18.43131;-49.18452;7006;21.58;120;19;FLAVIO BOLSONARO;PL;2786;52,54;LULA;PT;2044;38,54;13.51;2044;26.8;37.0;48.8
mg;ARAPUÁ;Minas Gerais;Sudeste;-19.03568;-46.15561;3487;22.25;101;11;FLAVIO BOLSONARO;PL;1704;66,88;LULA;PT;703;27,59;36.92;703;20.6;46.7;50.9
mg;ARAXÁ;Minas Gerais;Sudeste;-19.59001;-46.94099;81839;23.01;1802;248;FLAVIO BOLSONARO;PL;31626;52,82;LULA;PT;21347;35,65;16.31;21347;23.8;36.0;47.0
mg;ARAÇAÍ;Minas Gerais;Sudeste;-19.20201;-44.24844;2834;22.09;65;10;LULA;PT;998;47,46;FLAVIO BOLSONARO;PL;944;44,89;2.45;944;22.9;41.7;49.5
mg;ARAÇUAÍ;Minas Gerais;Sudeste;-16.89222;-42.05732;28297;30.26;572;90;LULA;PT;11299;59,95;FLAVIO BOLSONARO;PL;6666;35,37;23.48;6666;23.9;49.8;48.0
mg;ARAÚJOS;Minas Gerais;Sudeste;-19.93257;-45.16892;6636;16.35;150;21;FLAVIO BOLSONARO;PL;3338;62,83;LULA;PT;1557;29,31;32.08;1557;23.6;53.4;48.2
mg;ARCEBURGO;Minas Gerais;Sudeste;-21.3668;-46.9413;7685;21.37;236;21;FLAVIO BOLSONARO;PL;3193;56,33;LULA;PT;1988;35,07;19.94;1988;23.2;48.4;50.0
mg;ARCOS;Minas Gerais;Sudeste;-20.28521;-45.54179;33540;21.58;756;109;FLAVIO BOLSONARO;PL;14028;56,49;LULA;PT;8408;33,86;21.37;8408;21.8;40.6;48.3
mg;AREADO;Minas Gerais;Sudeste;-21.35838;-46.14426;11770;23.13;245;39;FLAVIO BOLSONARO;PL;4959;57,77;LULA;PT;2900;33,78;22.76;2900;22.7;46.1;48.9
mg;ARGIRITA;Minas Gerais;Sudeste;-21.61085;-42.83587;3035;19.67;49;12;LULA;PT;1434;60,76;FLAVIO BOLSONARO;PL;807;34,19;25.72;807;21.3;56.6;51.0
mg;ARICANDUVA;Minas Gerais;Sudeste;-17.8658;-42.59215;5172;26.88;130;15;LULA;PT;2016;56,57;FLAVIO BOLSONARO;PL;1263;35,44;19.91;1263;27.7;57.0;51.1
mg;ARINOS;Minas Gerais;Sudeste;-15.91144;-46.08084;14460;28.62;317;48;LULA;PT;5115;51,69;FLAVIO BOLSONARO;PL;4172;42,16;9.14;4172;25.8;45.2;50.3
mg;ASTOLFO DUTRA;Minas Gerais;Sudeste;-21.30847;-42.87269;10808;19.92;222;36;FLAVIO BOLSONARO;PL;4028;48,74;LULA;PT;3703;44,80;3.76;3703;20.9;53.6;48.9
mg;ATALÉIA;Minas Gerais;Sudeste;-18.1235;-41.15562;11033;30.59;261;38;LULA;PT;4475;61,16;FLAVIO BOLSONARO;PL;2507;34,26;25.7;2507;21.2;64.3;49.2
mg;AUGUSTO DE LIMA;Minas Gerais;Sudeste;-18.11366;-44.25554;4467;30.58;99;19;LULA;PT;1501;50,93;FLAVIO BOLSONARO;PL;1234;41,87;8.61;1234;22.5;52.0;51.3
mg;AÇUCENA;Minas Gerais;Sudeste;-19.06879;-42.49808;8227;34.22;225;34;LULA;PT;2771;54,62;FLAVIO BOLSONARO;PL;2061;40,63;13.12;2061;23.0;58.3;50.9
mg;BAEPENDI;Minas Gerais;Sudeste;-21.97647;-44.8771;15621;21.03;363;53;FLAVIO BOLSONARO;PL;6905;58,84;LULA;PT;3846;32,77;24.8;3846;22.3;52.3;48.8
mg;BALDIM;Minas Gerais;Sudeste;-19.30665;-43.91506;7093;19.85;157;27;FLAVIO BOLSONARO;PL;2492;46,11;LULA;PT;2375;43,94;2.06;2375;21.9;43.5;49.0
mg;BAMBUÍ;Minas Gerais;Sudeste;-20.02047;-45.97877;19001;26.01;420;65;FLAVIO BOLSONARO;PL;6202;46,74;LULA;PT;5851;44,09;2.5;5851;21.0;46.6;48.0
mg;BANDEIRA;Minas Gerais;Sudeste;-15.8937;-40.55604;4576;29.68;185;16;LULA;PT;2237;75,02;FLAVIO BOLSONARO;PL;630;21,13;49.94;630;21.3;60.9;52.3
mg;BANDEIRA DO SUL;Minas Gerais;Sudeste;-21.72786;-46.38477;5237;21.02;103;18;FLAVIO BOLSONARO;PL;2242;56,85;LULA;PT;1359;34,46;21.35;1359;22.3;56.6;49.1
mg;BARBACENA;Minas Gerais;Sudeste;-21.22459;-43.76174;99361;21.1;3090;322;LULA;PT;35266;48,10;FLAVIO BOLSONARO;PL;31062;42,36;5.36;31062;23.5;38.7;46.5
mg;BARRA LONGA;Minas Gerais;Sudeste;-20.29248;-43.05207;5500;24.85;178;24;LULA;PT;2513;65,02;FLAVIO BOLSONARO;PL;1145;29,62;33.1;1145;20.3;55.4;50.5
mg;BARROSO;Minas Gerais;Sudeste;-21.19109;-43.97405;17476;21.09;610;54;LULA;PT;6454;51,00;FLAVIO BOLSONARO;PL;5110;40,38;9.75;5110;23.7;44.3;47.9
mg;BARÃO DE COCAIS;Minas Gerais;Sudeste;-19.9304;-43.47956;24133;20.53;826;76;LULA;PT;7920;44,71;FLAVIO BOLSONARO;PL;7794;44,00;0.66;7794;25.9;34.2;48.6
mg;BARÃO DE MONTE ALTO;Minas Gerais;Sudeste;-21.81841;-44.34937;5613;23.93;105;19;LULA;PT;2394;58,16;FLAVIO BOLSONARO;PL;1535;37,29;20.12;1535;22.9;52.0;49.6
mg;BELA VISTA DE MINAS;Minas Gerais;Sudeste;-19.82574;-43.08772;8231;19.84;196;33;LULA;PT;3508;56,22;FLAVIO BOLSONARO;PL;2305;36,94;18.23;2305;24.1;42.7;47.1
mg;BELMIRO BRAGA;Minas Gerais;Sudeste;-21.97151;-43.43402;3228;19.67;61;12;LULA;PT;1470;58,87;FLAVIO BOLSONARO;PL;876;35,08;22.91;876;20.8;51.6;50.7
mg;BELO HORIZONTE;Minas Gerais;Sudeste;-19.90172;-43.95966;1966966;23.61;41661;4927;FLAVIO BOLSONARO;PL;690960;48,30;LULA;PT;592037;41,39;6.58;592037;22.3;27.1;45.3
mg;BELO ORIENTE;Minas Gerais;Sudeste;-19.26276;-42.43888;20697;25.78;454;70;FLAVIO BOLSONARO;PL;7209;49,29;LULA;PT;6621;45,27;3.83;6621;25.0;49.7;48.4
mg;BELO VALE;Minas Gerais;Sudeste;-20.41175;-44.06272;8588;20.49;213;31;LULA;PT;3205;49,65;FLAVIO BOLSONARO;PL;2728;42,26;6.99;2728;21.7;48.9;50.5
mg;BERILO;Minas Gerais;Sudeste;-16.88949;-42.48313;8995;33.07;272;38;LULA;PT;3957;70,28;FLAVIO BOLSONARO;PL;1369;24,32;42.99;1369;23.9;54.4;49.8
mg;BERIZAL;Minas Gerais;Sudeste;-15.63383;-41.75243;4307;22.08;117;13;LULA;PT;1952;61,02;FLAVIO BOLSONARO;PL;1009;31,54;28.1;1009;24.8;52.1;50.5
mg;BERTÓPOLIS;Minas Gerais;Sudeste;-17.00885;-40.55356;4066;23.91;92;17;LULA;PT;1961;65,92;FLAVIO BOLSONARO;PL;912;30,66;33.9;912;25.3;58.4;51.5
mg;BETIM;Minas Gerais;Sudeste;-19.95364;-44.16555;301594;18.01;8890;1008;FLAVIO BOLSONARO;PL;113009;48,72;LULA;PT;95603;41,21;7.04;95603;28.2;29.8;46.9
mg;BIAS FORTES;Minas Gerais;Sudeste;-21.4461;-43.69091;3816;25.89;103;12;LULA;PT;1690;63,53;FLAVIO BOLSONARO;PL;817;30,71;30.87;817;22.3;56.8;51.5
mg;BICAS;Minas Gerais;Sudeste;-21.71925;-43.06472;11578;23.47;278;47;LULA;PT;3949;46,73;FLAVIO BOLSONARO;PL;3887;45,99;0.7;3887;21.1;42.6;47.1
mg;BIQUINHAS;Minas Gerais;Sudeste;-18.78419;-45.50564;2682;24.57;70;10;FLAVIO BOLSONARO;PL;982;51,23;LULA;PT;836;43,61;7.22;836;19.0;52.1;50.2
mg;BOA ESPERANÇA;Minas Gerais;Sudeste;-21.09146;-45.56639;32515;25.33;564;89;FLAVIO BOLSONARO;PL;12418;53,72;LULA;PT;9021;39,03;13.99;9021;24.2;46.6;48.4
mg;BOCAINA DE MINAS;Minas Gerais;Sudeste;-22.20383;-44.4433;4428;23.46;129;14;FLAVIO BOLSONARO;PL;1534;48,00;LULA;PT;1360;42,55;5.13;1360;20.4;60.8;52.4
mg;BOCAIÚVA;Minas Gerais;Sudeste;-17.16108;-43.83509;35646;21.52;773;116;LULA;PT;16819;63,04;FLAVIO BOLSONARO;PL;8117;30,42;31.11;8117;26.3;36.2;48.3
mg;BOM DESPACHO;Minas Gerais;Sudeste;-19.72888;-45.26033;39052;23.34;789;125;FLAVIO BOLSONARO;PL;18173;64,01;LULA;PT;7553;26,61;35.47;7553;23.3;43.0;47.2
mg;BOM JARDIM DE MINAS;Minas Gerais;Sudeste;-21.95304;-44.17787;6321;21.12;157;23;LULA;PT;2288;48,40;FLAVIO BOLSONARO;PL;2016;42,65;5.46;2016;22.8;49.3;49.7
mg;BOM JESUS DA PENHA;Minas Gerais;Sudeste;-21.01645;-46.52012;3674;20.11;80;11;FLAVIO BOLSONARO;PL;1661;59,17;LULA;PT;882;31,42;26.54;882;23.7;51.8;50.8
mg;BOM JESUS DO AMPARO;Minas Gerais;Sudeste;-19.71126;-43.47595;5181;24.05;164;19;LULA;PT;1900;51,73;FLAVIO BOLSONARO;PL;1377;37,49;13.29;1377;24.0;49.2;49.4
mg;BOM JESUS DO GALHO;Minas Gerais;Sudeste;-19.77583;-42.33315;12062;21.62;372;41;LULA;PT;4319;48,52;FLAVIO BOLSONARO;PL;4199;47,17;1.27;4199;22.7;54.6;50.0
mg;BOM REPOUSO;Minas Gerais;Sudeste;-22.46615;-46.16224;10209;19.05;251;29;FLAVIO BOLSONARO;PL;4238;54,17;LULA;PT;3018;38,57;14.76;3018;25.6;57.0;50.2
mg;BOM SUCESSO;Minas Gerais;Sudeste;-21.03371;-44.75919;15102;26.74;412;51;LULA;PT;4823;46,83;FLAVIO BOLSONARO;PL;4687;45,51;1.23;4687;22.9;46.6;48.6
mg;BONFIM;Minas Gerais;Sudeste;-20.30804;-44.21206;7317;23.52;201;25;LULA;PT;2302;44,18;FLAVIO BOLSONARO;PL;2255;43,27;0.84;2255;18.2;57.6;50.5
mg;BONFINÓPOLIS DE MINAS;Minas Gerais;Sudeste;-16.56564;-45.98948;5046;27.41;66;22;LULA;PT;1722;48,67;FLAVIO BOLSONARO;PL;1493;42,20;6.25;1493;23.3;47.4;50.4
mg;BONITO DE MINAS;Minas Gerais;Sudeste;-15.0603;-44.84088;8624;29.7;266;38;LULA;PT;4263;74,41;FLAVIO BOLSONARO;PL;1086;18,96;52.4;1086;29.4;53.9;51.3
mg;BORDA DA MATA;Minas Gerais;Sudeste;-22.26887;-46.15923;13454;20.86;340;45;FLAVIO BOLSONARO;PL;5900;58,48;LULA;PT;3275;32,46;24.65;3275;21.0;51.0;49.3
mg;BOTELHOS;Minas Gerais;Sudeste;-21.64441;-46.41293;12776;24.75;245;40;LULA;PT;4353;47,42;FLAVIO BOLSONARO;PL;4117;44,85;2.45;4117;20.9;53.4;48.7
mg;BOTUMIRIM;Minas Gerais;Sudeste;-16.85157;-43.0271;5656;28.61;206;19;LULA;PT;2656;70,62;FLAVIO BOLSONARO;PL;919;24,43;43.02;919;26.8;47.8;51.6
mg;BRASILÂNDIA DE MINAS;Minas Gerais;Sudeste;-17.0067;-46.00873;12436;23.95;199;38;LULA;PT;4395;47,90;FLAVIO BOLSONARO;PL;4073;44,39;3.4;4073;28.4;46.7;50.7
mg;BRASÍLIA DE MINAS;Minas Gerais;Sudeste;-16.3969;-44.35349;27089;27.46;532;95;LULA;PT;12141;64,59;FLAVIO BOLSONARO;PL;5653;30,07;33.02;5653;24.7;51.4;49.1
mg;BRAZÓPOLIS;Minas Gerais;Sudeste;-22.48908;-45.61615;12541;25.24;316;41;FLAVIO BOLSONARO;PL;4663;52,90;LULA;PT;3305;37,50;14.48;3305;22.3;48.2;50.1
mg;BRAÚNAS;Minas Gerais;Sudeste;-19.03744;-42.70913;4386;31.4;142;20;LULA;PT;1494;53,19;FLAVIO BOLSONARO;PL;1171;41,69;10.73;1171;22.6;58.6;49.7
mg;BRUMADINHO;Minas Gerais;Sudeste;-20.15887;-44.14974;35366;21.33;917;107;FLAVIO BOLSONARO;PL;12959;49,28;LULA;PT;10586;40,26;8.53;10586;24.2;39.9;49.1
mg;BRÁS PIRES;Minas Gerais;Sudeste;-20.86553;-43.24666;4684;29.74;120;15;LULA;PT;1651;53,12;FLAVIO BOLSONARO;PL;1243;39,99;12.4;1243;23.0;51.6;50.5
mg;BUENO BRANDÃO;Minas Gerais;Sudeste;-22.44268;-46.34796;8694;24.32;177;25;FLAVIO BOLSONARO;PL;4040;64,43;LULA;PT;1663;26,52;36.12;1663;19.9;59.2;49.7
mg;BUENÓPOLIS;Minas Gerais;Sudeste;-17.86812;-44.12295;8547;36.13;200;30;LULA;PT;2762;53,44;FLAVIO BOLSONARO;PL;1985;38,41;14.23;1985;22.8;49.9;49.1
mg;BUGRE;Minas Gerais;Sudeste;-19.39783;-42.26601;4366;24.97;83;16;FLAVIO BOLSONARO;PL;1671;53,28;LULA;PT;1297;41,36;11.42;1297;23.1;58.2;49.7
mg;BURITIS;Minas Gerais;Sudeste;-15.58645;-46.4652;20584;25.78;301;66;FLAVIO BOLSONARO;PL;8399;56,64;LULA;PT;5572;37,58;18.5;5572;26.3;45.7;49.6
mg;BURITIZEIRO;Minas Gerais;Sudeste;-17.47985;-44.95541;20491;26.08;682;75;LULA;PT;6943;49,14;FLAVIO BOLSONARO;PL;6277;44,42;4.4;6277;26.4;49.5;49.0
mg;CABECEIRA GRANDE;Minas Gerais;Sudeste;-16.07167;-47.17875;5891;25.17;97;18;FLAVIO BOLSONARO;PL;2234;52,49;LULA;PT;1680;39,47;12.57;1680;23.4;51.1;50.9
mg;CABO VERDE;Minas Gerais;Sudeste;-21.46321;-46.38509;9574;22.2;181;31;FLAVIO BOLSONARO;PL;3393;47,70;LULA;PT;3220;45,27;2.32;3220;21.3;54.7;50.4
mg;CACHOEIRA DA PRATA;Minas Gerais;Sudeste;-19.52367;-44.45553;3473;18.05;76;13;FLAVIO BOLSONARO;PL;1267;46,80;LULA;PT;1154;42,63;3.97;1154;19.8;36.1;47.8
mg;CACHOEIRA DE MINAS;Minas Gerais;Sudeste;-22.35641;-45.79213;10111;20.39;261;33;FLAVIO BOLSONARO;PL;4410;57,94;LULA;PT;2419;31,78;24.74;2419;21.9;44.2;50.9
mg;CACHOEIRA DE PAJEÚ;Minas Gerais;Sudeste;-15.96682;-41.48762;6975;28.97;176;30;LULA;PT;2984;63,57;FLAVIO BOLSONARO;PL;1503;32,02;29.9;1503;26.1;57.9;49.2
mg;CACHOEIRA DOURADA;Minas Gerais;Sudeste;-18.51645;-49.50112;2798;27.95;34;9;LULA;PT;989;50,25;FLAVIO BOLSONARO;PL;801;40,70;9.33;801;23.9;36.7;50.7
mg;CAETANÓPOLIS;Minas Gerais;Sudeste;-19.30188;-44.40784;8761;18.08;285;31;FLAVIO BOLSONARO;PL;3638;54,07;LULA;PT;2479;36,85;16.15;2479;23.0;41.9;48.5
mg;CAETÉ;Minas Gerais;Sudeste;-19.87993;-43.66155;34347;23.96;950;106;LULA;PT;11032;45,15;FLAVIO BOLSONARO;PL;10061;41,18;3.72;10061;22.6;38.5;47.9
mg;CAIANA;Minas Gerais;Sudeste;-20.69588;-41.91981;4437;20.4;126;16;LULA;PT;1635;48,91;FLAVIO BOLSONARO;PL;1486;44,45;4.22;1486;26.7;55.3;50.5
mg;CAJURI;Minas Gerais;Sudeste;-20.78502;-42.78167;4769;18.91;132;17;LULA;PT;2310;63,53;FLAVIO BOLSONARO;PL;1102;30,31;31.24;1102;23.8;55.1;51.4
mg;CALDAS;Minas Gerais;Sudeste;-21.89381;-46.36343;10805;22.55;268;40;FLAVIO BOLSONARO;PL;4607;57,99;LULA;PT;2671;33,62;23.13;2671;19.8;55.7;49.5
mg;CAMACHO;Minas Gerais;Sudeste;-20.62594;-45.14605;3110;17.59;76;15;LULA;PT;1181;49,35;FLAVIO BOLSONARO;PL;1096;45,80;3.32;1096;20.8;50.4;54.0
mg;CAMANDUCAIA;Minas Gerais;Sudeste;-22.76547;-46.10617;18995;26.73;425;51;FLAVIO BOLSONARO;PL;7679;58,54;LULA;PT;4556;34,73;22.44;4556;25.7;49.5;49.9
mg;CAMBUQUIRA;Minas Gerais;Sudeste;-21.85223;-45.29119;10157;26.63;282;32;FLAVIO BOLSONARO;PL;3437;49,13;LULA;PT;3008;43,00;5.76;3008;23.0;50.4;48.2
mg;CAMBUÍ;Minas Gerais;Sudeste;-22.60504;-46.05886;22533;24.9;576;65;FLAVIO BOLSONARO;PL;8860;55,41;LULA;PT;5482;34,29;19.96;5482;22.4;42.9;47.9
mg;CAMPANHA;Minas Gerais;Sudeste;-21.83463;-45.40094;12729;25.52;283;36;FLAVIO BOLSONARO;PL;5606;62,49;LULA;PT;2706;30,16;30.59;2706;24.9;43.6;48.4
mg;CAMPANÁRIO;Minas Gerais;Sudeste;-18.23968;-41.7275;3378;29.31;89;14;LULA;PT;1392;61,32;FLAVIO BOLSONARO;PL;796;35,07;24.96;796;25.9;50.2;49.3
mg;CAMPESTRE;Minas Gerais;Sudeste;-21.71133;-46.24569;16477;21.12;358;58;FLAVIO BOLSONARO;PL;7199;58,87;LULA;PT;3891;31,82;25.45;3891;22.1;57.3;50.3
mg;CAMPINA VERDE;Minas Gerais;Sudeste;-19.53857;-49.53859;14505;24.08;256;69;FLAVIO BOLSONARO;PL;5723;53,98;LULA;PT;4202;39,63;13.81;4202;19.7;51.0;48.8
mg;CAMPO AZUL;Minas Gerais;Sudeste;-16.50239;-44.78722;4494;31.24;66;17;LULA;PT;2083;69,64;FLAVIO BOLSONARO;PL;760;25,41;42.82;760;28.4;48.2;52.2
mg;CAMPO BELO;Minas Gerais;Sudeste;-20.89204;-45.27388;39354;25.73;912;120;FLAVIO BOLSONARO;PL;15633;56,87;LULA;PT;9729;35,39;20.2;9729;21.2;50.3;46.5
mg;CAMPO DO MEIO;Minas Gerais;Sudeste;-21.10911;-45.83143;10449;23.92;195;33;LULA;PT;3889;51,41;FLAVIO BOLSONARO;PL;3261;43,11;7.9;3261;22.6;51.1;49.1
mg;CAMPO FLORIDO;Minas Gerais;Sudeste;-19.76642;-48.57448;6473;21.44;106;25;FLAVIO BOLSONARO;PL;2540;51,73;LULA;PT;2096;42,69;8.73;2096;27.9;45.7;50.9
mg;CAMPOS ALTOS;Minas Gerais;Sudeste;-19.69351;-46.17375;10084;30.42;173;34;FLAVIO BOLSONARO;PL;3890;58,30;LULA;PT;2237;33,53;23.56;2237;24.4;52.2;48.9
mg;CAMPOS GERAIS;Minas Gerais;Sudeste;-21.2544;-45.76254;20481;25.03;451;62;FLAVIO BOLSONARO;PL;7710;53,21;LULA;PT;5690;39,27;13.16;5690;24.2;50.7;49.0
mg;CANA VERDE;Minas Gerais;Sudeste;-21.02884;-45.18018;4983;19.95;100;17;FLAVIO BOLSONARO;PL;1829;48,19;LULA;PT;1695;44,66;3.36;1695;22.0;54.1;50.1
mg;CANAÃ;Minas Gerais;Sudeste;-20.68422;-42.62379;4403;16.19;134;18;LULA;PT;2262;65,07;FLAVIO BOLSONARO;PL;986;28,37;34.58;986;21.9;55.4;49.6
mg;CANDEIAS;Minas Gerais;Sudeste;-20.76724;-45.28212;11511;20.94;385;42;FLAVIO BOLSONARO;PL;4266;51,22;LULA;PT;3411;40,95;9.39;3411;21.6;55.1;50.6
mg;CANTAGALO;Minas Gerais;Sudeste;-18.52301;-42.62971;3858;30.04;129;11;LULA;PT;1534;60,63;FLAVIO BOLSONARO;PL;832;32,89;26.01;832;24.7;54.4;49.3
mg;CANÁPOLIS;Minas Gerais;Sudeste;-18.72255;-49.20297;8776;26.2;133;27;LULA;PT;3266;52,16;FLAVIO BOLSONARO;PL;2596;41,46;10.34;2596;22.5;53.1;49.2
mg;CAPARAÓ;Minas Gerais;Sudeste;-20.51552;-41.9071;4641;22.24;90;15;FLAVIO BOLSONARO;PL;2024;58,48;LULA;PT;1219;35,22;22.31;1219;27.7;57.1;50.6
mg;CAPELA NOVA;Minas Gerais;Sudeste;-20.92367;-43.62254;4746;20.0;159;18;LULA;PT;1935;55,81;FLAVIO BOLSONARO;PL;1239;35,74;18.33;1239;21.2;54.9;49.7
mg;CAPELINHA;Minas Gerais;Sudeste;-17.68495;-42.51444;31072;25.44;818;94;FLAVIO BOLSONARO;PL;10539;48,20;LULA;PT;9706;44,39;3.6;9706;27.4;49.0;47.7
mg;CAPETINGA;Minas Gerais;Sudeste;-20.63363;-47.04928;5621;26.44;131;18;FLAVIO BOLSONARO;PL;1985;50,81;LULA;PT;1597;40,88;9.38;1597;21.1;60.2;50.2
mg;CAPIM BRANCO;Minas Gerais;Sudeste;-19.54785;-44.13181;8469;19.39;217;26;FLAVIO BOLSONARO;PL;3379;52,53;LULA;PT;2411;37,48;14.18;2411;24.4;44.3;48.8
mg;CAPINÓPOLIS;Minas Gerais;Sudeste;-18.68402;-49.57092;11606;23.14;173;43;FLAVIO BOLSONARO;PL;4129;47,78;LULA;PT;3898;45,11;2.59;3898;23.6;45.0;49.0
mg;CAPITÃO ANDRADE;Minas Gerais;Sudeste;-19.06828;-41.85074;4057;25.91;90;14;FLAVIO BOLSONARO;PL;1485;51,62;LULA;PT;1190;41,36;9.81;1190;21.4;62.4;47.9
mg;CAPITÃO ENÉAS;Minas Gerais;Sudeste;-16.25847;-43.68569;13076;25.09;355;46;LULA;PT;5945;64,02;FLAVIO BOLSONARO;PL;2801;30,16;32.1;2801;28.7;47.2;50.5
mg;CAPITÓLIO;Minas Gerais;Sudeste;-20.61385;-46.04892;8244;24.99;151;22;FLAVIO BOLSONARO;PL;3618;60,97;LULA;PT;1824;30,74;29.01;1824;21.9;49.0;49.5
mg;CAPUTIRA;Minas Gerais;Sudeste;-20.12745;-42.56978;7830;16.49;235;28;LULA;PT;3284;53,56;FLAVIO BOLSONARO;PL;2570;41,92;10.92;2570;26.4;55.1;50.0
mg;CARANAÍBA;Minas Gerais;Sudeste;-19.41809;-43.342;3454;20.3;138;13;LULA;PT;1276;50,34;FLAVIO BOLSONARO;PL;1033;40,75;8.83;1033;22.5;50.2;51.6
mg;CARANDAÍ;Minas Gerais;Sudeste;-20.96283;-43.80462;20681;17.82;611;65;FLAVIO BOLSONARO;PL;7394;47,21;LULA;PT;7083;45,23;1.83;7083;24.6;48.2;49.0
mg;CARANGOLA;Minas Gerais;Sudeste;-20.72683;-42.05495;23082;21.15;524;78;LULA;PT;8137;46,89;FLAVIO BOLSONARO;PL;7936;45,73;1.1;7936;23.3;42.0;46.6
mg;CARATINGA;Minas Gerais;Sudeste;-19.75274;-42.25148;60397;21.81;1358;210;FLAVIO BOLSONARO;PL;23415;51,99;LULA;PT;18714;41,55;9.96;18714;24.5;40.9;46.6
mg;CARAÍ;Minas Gerais;Sudeste;-17.29252;-41.90215;15521;31.45;580;47;LULA;PT;6827;69,03;FLAVIO BOLSONARO;PL;2546;25,74;40.24;2546;24.7;60.8;49.1
mg;CARBONITA;Minas Gerais;Sudeste;-17.51;-43.01356;8159;27.01;243;29;LULA;PT;2789;50,18;FLAVIO BOLSONARO;PL;2273;40,90;8.66;2273;24.2;54.1;51.0
mg;CAREAÇU;Minas Gerais;Sudeste;-22.05106;-45.6904;5368;21.76;111;16;FLAVIO BOLSONARO;PL;2281;56,53;LULA;PT;1509;37,40;18.38;1509;22.7;47.1;51.0
mg;CARLOS CHAGAS;Minas Gerais;Sudeste;-17.72046;-40.79847;16296;31.33;388;54;LULA;PT;5856;55,22;FLAVIO BOLSONARO;PL;4165;39,28;15.11;4165;21.1;54.1;49.0
mg;CARMO DA CACHOEIRA;Minas Gerais;Sudeste;-21.46301;-45.21105;9450;26.02;292;30;LULA;PT;3310;50,99;FLAVIO BOLSONARO;PL;2726;41,99;8.35;2726;24.4;57.2;49.5
mg;CARMO DA MATA;Minas Gerais;Sudeste;-20.55924;-44.87385;9616;20.47;275;36;LULA;PT;3618;50,54;FLAVIO BOLSONARO;PL;2917;40,75;9.17;2917;22.9;48.1;49.0
mg;CARMO DE MINAS;Minas Gerais;Sudeste;-22.12821;-45.12165;9819;21.63;303;32;FLAVIO BOLSONARO;PL;3856;53,53;LULA;PT;2866;39,79;12.87;2866;24.8;50.8;48.2
mg;CARMO DO CAJURU;Minas Gerais;Sudeste;-20.18214;-44.75819;19084;19.08;417;57;FLAVIO BOLSONARO;PL;7916;54,05;LULA;PT;5213;35,60;17.5;5213;24.7;47.8;49.0
mg;CARMO DO PARANAÍBA;Minas Gerais;Sudeste;-18.98449;-46.29145;22245;23.46;475;81;FLAVIO BOLSONARO;PL;10621;65,68;LULA;PT;4509;27,88;35.9;4509;22.1;49.3;48.1
mg;CARMO DO RIO CLARO;Minas Gerais;Sudeste;-20.9715;-46.12506;15908;22.54;314;59;FLAVIO BOLSONARO;PL;6702;56,93;LULA;PT;3987;33,87;22.03;3987;21.3;45.2;49.3
mg;CARMÉSIA;Minas Gerais;Sudeste;-19.07859;-43.14108;2716;28.35;75;10;LULA;PT;1007;54,61;FLAVIO BOLSONARO;PL;670;36,33;17.32;670;24.4;54.1;49.7
mg;CARMÓPOLIS DE MINAS;Minas Gerais;Sudeste;-20.54665;-44.63891;13900;15.22;322;52;FLAVIO BOLSONARO;PL;5807;51,82;LULA;PT;4392;39,19;12.01;4392;25.6;47.2;49.3
mg;CARNEIRINHO;Minas Gerais;Sudeste;-19.76098;-50.76104;7997;23.06;156;26;FLAVIO BOLSONARO;PL;3105;52,25;LULA;PT;2543;42,79;9.13;2543;21.7;48.5;50.4
mg;CARRANCAS;Minas Gerais;Sudeste;-21.49067;-44.64909;3441;22.78;86;12;FLAVIO BOLSONARO;PL;1213;48,25;LULA;PT;1085;43,16;4.82;1085;22.1;41.3;50.4
mg;CARVALHOS;Minas Gerais;Sudeste;-22.00887;-44.48309;3994;18.28;184;15;FLAVIO BOLSONARO;PL;1450;48,66;LULA;PT;1343;45,07;3.28;1343;21.6;53.5;51.1
mg;CARVALHÓPOLIS;Minas Gerais;Sudeste;-21.77918;-45.84212;3407;21.49;85;12;FLAVIO BOLSONARO;PL;1425;56,06;LULA;PT;948;37,29;17.83;948;24.8;44.5;50.9
mg;CASA GRANDE;Minas Gerais;Sudeste;-20.7933;-43.92641;3027;18.67;65;10;FLAVIO BOLSONARO;PL;1273;54,06;LULA;PT;822;34,90;18.32;822;24.3;47.1;50.9
mg;CASCALHO RICO;Minas Gerais;Sudeste;-18.59682;-47.88074;3773;22.63;62;12;FLAVIO BOLSONARO;PL;1602;56,75;LULA;PT;1035;36,66;19.42;1035;21.9;49.0;51.4
mg;CATAGUASES;Minas Gerais;Sudeste;-21.38457;-42.6898;52112;24.19;1160;169;LULA;PT;20582;54,69;FLAVIO BOLSONARO;PL;14298;37,99;15.91;14298;21.3;41.3;46.3
mg;CATAS ALTAS;Minas Gerais;Sudeste;-20.07749;-43.40341;5156;22.28;159;15;LULA;PT;1710;45,76;FLAVIO BOLSONARO;PL;1462;39,12;6.19;1462;24.2;44.9;49.5
mg;CATAS ALTAS DA NORUEGA;Minas Gerais;Sudeste;-20.68207;-43.50048;4149;23.14;132;14;LULA;PT;1675;56,02;FLAVIO BOLSONARO;PL;1077;36,02;18.75;1077;26.7;48.4;51.3
mg;CATUJI;Minas Gerais;Sudeste;-17.53168;-41.65776;8492;27.79;240;27;LULA;PT;3945;67,74;FLAVIO BOLSONARO;PL;1641;28,18;37.57;1641;27.9;60.4;49.1
mg;CATUTI;Minas Gerais;Sudeste;-15.3571;-43.0363;4594;22.44;132;17;LULA;PT;2294;67,49;FLAVIO BOLSONARO;PL;931;27,39;38.25;931;24.6;56.5;50.2
mg;CAXAMBU;Minas Gerais;Sudeste;-21.98127;-44.93355;17661;28.74;360;52;FLAVIO BOLSONARO;PL;5487;45,92;LULA;PT;5437;45,50;0.4;5437;20.9;39.8;46.4
mg;CEDRO DO ABAETÉ;Minas Gerais;Sudeste;-19.14962;-45.70969;1420;27.75;26;4;FLAVIO BOLSONARO;PL;529;53,43;LULA;PT;393;39,70;13.26;393;22.9;48.1;50.9
mg;CENTRAL DE MINAS;Minas Gerais;Sudeste;-18.77807;-41.29314;5637;21.29;121;21;FLAVIO BOLSONARO;PL;2186;51,48;LULA;PT;1874;44,14;7.03;1874;20.9;53.3;47.0
mg;CENTRALINA;Minas Gerais;Sudeste;-18.58532;-49.20089;7672;22.5;114;26;LULA;PT;3107;54,24;FLAVIO BOLSONARO;PL;2226;38,86;14.82;2226;23.0;48.9;48.4
mg;CHALÉ;Minas Gerais;Sudeste;-20.0281;-41.667;5275;17.48;130;17;FLAVIO BOLSONARO;PL;2046;49,17;LULA;PT;1942;46,67;2.39;1942;25.3;47.6;49.2
mg;CHAPADA DO NORTE;Minas Gerais;Sudeste;-17.11923;-42.47766;9254;37.25;263;38;LULA;PT;4207;77,07;FLAVIO BOLSONARO;PL;969;17,75;55.76;969;25.9;58.6;47.8
mg;CHAPADA GAÚCHA;Minas Gerais;Sudeste;-15.38026;-45.50088;9589;25.76;194;34;LULA;PT;3762;54,80;FLAVIO BOLSONARO;PL;2702;39,36;14.89;2702;31.2;48.2;50.5
mg;CHIADOR;Minas Gerais;Sudeste;-22.02113;-43.04581;3296;20.78;104;14;FLAVIO BOLSONARO;PL;1217;49,37;LULA;PT;1046;42,43;6.55;1046;22.6;48.6;48.5
mg;CHÁCARA;Minas Gerais;Sudeste;-21.67276;-43.22208;4371;21.02;80;17;LULA;PT;1532;46,06;FLAVIO BOLSONARO;PL;1494;44,92;1.1;1494;22.3;44.2;50.7
mg;CIPOTÂNEA;Minas Gerais;Sudeste;-20.90759;-43.36701;5815;32.38;146;18;LULA;PT;1985;54,40;FLAVIO BOLSONARO;PL;1365;37,41;15.77;1365;23.0;62.1;50.5
mg;CLARAVAL;Minas Gerais;Sudeste;-20.39987;-47.2856;5081;21.06;69;14;FLAVIO BOLSONARO;PL;2639;67,65;LULA;PT;1004;25,74;40.76;1004;23.8;46.9;50.8
mg;CLARO DOS POÇÕES;Minas Gerais;Sudeste;-17.19571;-44.23462;7507;22.65;197;32;LULA;PT;2890;52,40;FLAVIO BOLSONARO;PL;2229;40,42;11.38;2229;22.9;44.0;50.1
mg;CLÁUDIO;Minas Gerais;Sudeste;-20.43033;-44.76512;22834;19.55;535;71;FLAVIO BOLSONARO;PL;11132;64,18;LULA;PT;4597;26,50;35.58;4597;25.0;45.1;48.5
mg;COIMBRA;Minas Gerais;Sudeste;-20.85693;-42.81245;6598;18.25;245;20;LULA;PT;2754;55,28;FLAVIO BOLSONARO;PL;1779;35,71;18.08;1779;22.5;50.9;49.3
mg;COLUNA;Minas Gerais;Sudeste;-18.2485;-42.84033;6936;30.31;248;25;LULA;PT;2468;55,09;FLAVIO BOLSONARO;PL;1697;37,88;15.95;1697;23.9;64.0;49.2
mg;COMENDADOR GOMES;Minas Gerais;Sudeste;-19.69624;-49.08365;2849;21.76;29;9;FLAVIO BOLSONARO;PL;1216;55,73;LULA;PT;848;38,86;16.51;848;23.6;51.5;52.3
mg;COMERCINHO;Minas Gerais;Sudeste;-16.26991;-41.78384;6685;29.98;176;26;LULA;PT;3327;74,78;FLAVIO BOLSONARO;PL;958;21,53;50.61;958;22.3;62.6;50.8
mg;CONCEIÇÃO DA APARECIDA;Minas Gerais;Sudeste;-21.09654;-46.20531;8307;22.49;158;25;FLAVIO BOLSONARO;PL;3198;51,92;LULA;PT;2425;39,37;12.0;2425;21.2;56.3;50.0
mg;CONCEIÇÃO DA BARRA DE MINAS;Minas Gerais;Sudeste;-21.12149;-44.47612;3677;18.63;106;12;LULA;PT;1299;46,24;FLAVIO BOLSONARO;PL;1253;44,61;1.54;1253;23.6;52.8;50.8
mg;CONCEIÇÃO DAS ALAGOAS;Minas Gerais;Sudeste;-19.92242;-48.37296;20159;23.4;310;61;FLAVIO BOLSONARO;PL;7158;48,10;LULA;PT;6964;46,80;1.26;6964;26.0;48.2;49.2
mg;CONCEIÇÃO DAS PEDRAS;Minas Gerais;Sudeste;-22.15669;-45.44844;2816;21.2;96;11;FLAVIO BOLSONARO;PL;1098;53,04;LULA;PT;778;37,58;14.42;778;22.1;53.6;54.2
mg;CONCEIÇÃO DE IPANEMA;Minas Gerais;Sudeste;-19.92596;-41.67324;4497;23.08;76;16;LULA;PT;1669;49,73;FLAVIO BOLSONARO;PL;1544;46,01;3.61;1544;22.6;59.9;50.1
mg;CONCEIÇÃO DO MATO DENTRO;Minas Gerais;Sudeste;-19.01187;-43.44535;19793;29.27;636;73;LULA;PT;7457;57,18;FLAVIO BOLSONARO;PL;4443;34,07;21.53;4443;27.1;46.6;49.7
mg;CONCEIÇÃO DO PARÁ;Minas Gerais;Sudeste;-19.76881;-44.86929;5489;21.7;121;17;FLAVIO BOLSONARO;PL;2586;63,40;LULA;PT;1147;28,12;33.48;1147;19.8;51.5;51.2
mg;CONCEIÇÃO DO RIO VERDE;Minas Gerais;Sudeste;-21.88129;-45.08658;10403;24.89;266;37;LULA;PT;3796;51,94;FLAVIO BOLSONARO;PL;3035;41,53;9.74;3035;23.8;53.6;49.2
mg;CONCEIÇÃO DOS OUROS;Minas Gerais;Sudeste;-22.41714;-45.79557;9042;16.21;226;34;FLAVIO BOLSONARO;PL;4313;60,02;LULA;PT;2290;31,87;26.7;2290;25.6;44.1;50.2
mg;CONFINS;Minas Gerais;Sudeste;-19.63896;-43.98569;7057;17.85;144;23;FLAVIO BOLSONARO;PL;3021;54,47;LULA;PT;2015;36,33;17.35;2015;24.7;36.0;49.3
mg;CONGONHAL;Minas Gerais;Sudeste;-22.15361;-46.04164;9730;18.84;205;30;FLAVIO BOLSONARO;PL;4684;62,28;LULA;PT;2285;30,38;30.38;2285;22.9;50.8;50.2
mg;CONGONHAS;Minas Gerais;Sudeste;-20.5069;-43.85445;43886;21.01;1248;126;FLAVIO BOLSONARO;PL;14653;45,18;LULA;PT;14236;43,89;1.2;14236;25.1;39.8;48.3
mg;CONGONHAS DO NORTE;Minas Gerais;Sudeste;-18.81849;-43.67906;4429;29.96;237;16;LULA;PT;1792;64,02;FLAVIO BOLSONARO;PL;792;28,30;32.24;792;27.4;55.9;50.2
mg;CONQUISTA;Minas Gerais;Sudeste;-19.90929;-47.60373;5471;19.17;111;20;FLAVIO BOLSONARO;PL;2063;48,69;LULA;PT;1914;45,17;3.37;1914;25.9;41.8;51.0
mg;CONSELHEIRO LAFAIETE;Minas Gerais;Sudeste;-20.6626;-43.78844;94215;16.55;3136;308;LULA;PT;34018;46,31;FLAVIO BOLSONARO;PL;30818;41,95;4.07;30818;23.9;30.8;46.9
mg;CONSELHEIRO PENA;Minas Gerais;Sudeste;-19.18362;-41.49598;15714;23.51;277;63;FLAVIO BOLSONARO;PL;6474;56,07;LULA;PT;4427;38,34;17.03;4427;21.9;47.6;47.2
mg;CONSOLAÇÃO;Minas Gerais;Sudeste;-22.55269;-45.92374;2032;25.1;38;7;FLAVIO BOLSONARO;PL;818;56,49;LULA;PT;516;35,64;19.84;516;22.6;56.5;52.6
mg;CONTAGEM;Minas Gerais;Sudeste;-19.91857;-44.05905;463466;18.99;11955;1359;FLAVIO BOLSONARO;PL;178639;50,28;LULA;PT;139596;39,29;10.4;139596;25.7;27.1;45.9
mg;COQUEIRAL;Minas Gerais;Sudeste;-21.18888;-45.43298;7797;23.52;176;26;FLAVIO BOLSONARO;PL;2888;51,09;LULA;PT;2276;40,26;10.26;2276;23.2;51.3;49.4
mg;CORAÇÃO DE JESUS;Minas Gerais;Sudeste;-16.6072;-44.32671;21928;27.67;480;81;LULA;PT;10327;67,98;FLAVIO BOLSONARO;PL;4008;26,38;39.84;4008;23.3;50.2;49.7
mg;CORDISBURGO;Minas Gerais;Sudeste;-19.12177;-44.29366;6880;20.77;139;24;LULA;PT;2520;48,60;FLAVIO BOLSONARO;PL;2310;44,55;3.85;2310;21.0;46.5;49.7
mg;CORDISLÂNDIA;Minas Gerais;Sudeste;-21.79275;-45.70272;2969;22.9;69;12;LULA;PT;1099;50,27;FLAVIO BOLSONARO;PL;986;45,11;4.94;986;23.7;48.1;51.4
mg;CORINTO;Minas Gerais;Sudeste;-18.35962;-44.47113;19765;29.97;390;71;LULA;PT;6787;51,68;FLAVIO BOLSONARO;PL;5359;40,81;10.32;5359;22.8;49.7;48.0
mg;COROACI;Minas Gerais;Sudeste;-18.63458;-42.27043;7969;23.14;340;30;LULA;PT;3029;53,44;FLAVIO BOLSONARO;PL;2362;41,67;10.89;2362;24.7;52.1;50.4
mg;COROMANDEL;Minas Gerais;Sudeste;-18.48605;-47.1776;24503;22.7;464;72;FLAVIO BOLSONARO;PL;11001;60,58;LULA;PT;5748;31,65;27.73;5748;22.0;48.8;49.3
mg;CORONEL FABRICIANO;Minas Gerais;Sudeste;-19.50585;-42.62205;79951;25.09;1383;262;FLAVIO BOLSONARO;PL;32048;55,80;LULA;PT;21203;36,92;18.11;21203;23.0;38.8;46.3
mg;CORONEL MURTA;Minas Gerais;Sudeste;-16.60434;-42.18542;7295;25.29;175;23;LULA;PT;3450;66,55;FLAVIO BOLSONARO;PL;1530;29,51;35.23;1530;25.1;47.3;50.2
mg;CORONEL PACHECO;Minas Gerais;Sudeste;-21.58802;-43.26418;3068;18.84;87;16;LULA;PT;1194;50,70;FLAVIO BOLSONARO;PL;997;42,34;7.91;997;20.1;51.7;50.0
mg;CORONEL XAVIER CHAVES;Minas Gerais;Sudeste;-21.02313;-44.21152;3179;19.03;100;14;LULA;PT;1237;51,91;FLAVIO BOLSONARO;PL;932;39,11;11.85;932;20.0;50.4;49.4
mg;COUTO DE MAGALHÃES DE MINAS;Minas Gerais;Sudeste;-18.07756;-43.47399;3916;29.03;117;14;LULA;PT;1825;70,03;FLAVIO BOLSONARO;PL;597;22,91;44.19;597;24.9;49.3;47.4
mg;CRISTAIS;Minas Gerais;Sudeste;-20.85532;-45.51577;8667;22.27;255;25;FLAVIO BOLSONARO;PL;3339;53,19;LULA;PT;2463;39,24;13.0;2463;22.1;61.4;49.3
mg;CRISTIANO OTONI;Minas Gerais;Sudeste;-20.8302;-43.81599;4448;17.36;161;16;FLAVIO BOLSONARO;PL;1681;49,59;LULA;PT;1415;41,74;7.24;1415;25.1;44.2;49.5
mg;CRISTINA;Minas Gerais;Sudeste;-22.20052;-45.27646;8297;24.8;292;26;FLAVIO BOLSONARO;PL;3196;55,03;LULA;PT;2076;35,74;17.95;2076;22.5;52.4;50.4
mg;CRISTÁLIA;Minas Gerais;Sudeste;-16.72469;-42.87575;5202;28.45;155;18;LULA;PT;2363;67,51;FLAVIO BOLSONARO;PL;976;27,89;37.26;976;32.1;46.8;49.9
mg;CRISÓLITA;Minas Gerais;Sudeste;-17.2569;-40.99507;4714;30.38;136;19;LULA;PT;1927;61,88;FLAVIO BOLSONARO;PL;1028;33,01;27.39;1028;27.0;57.0;51.4
mg;CRUCILÂNDIA;Minas Gerais;Sudeste;-20.39486;-44.33643;5672;23.77;173;15;FLAVIO BOLSONARO;PL;2088;51,86;LULA;PT;1535;38,13;12.79;1535;20.7;56.2;51.6
mg;CRUZEIRO DA FORTALEZA;Minas Gerais;Sudeste;-18.97156;-46.64547;4351;20.8;56;13;FLAVIO BOLSONARO;PL;2032;60,62;LULA;PT;1055;31,47;28.35;1055;27.9;46.0;51.3
mg;CRUZÍLIA;Minas Gerais;Sudeste;-21.83762;-44.809;12917;23.64;269;37;LULA;PT;4528;48,66;FLAVIO BOLSONARO;PL;4007;43,06;5.28;4007;24.4;53.3;48.5
mg;CUPARAQUE;Minas Gerais;Sudeste;-18.97412;-41.10318;3950;21.85;61;16;FLAVIO BOLSONARO;PL;1826;61,01;LULA;PT;1028;34,35;25.85;1028;23.9;56.6;48.9
mg;CURRAL DE DENTRO;Minas Gerais;Sudeste;-15.91877;-41.80122;6816;26.29;202;19;LULA;PT;2728;57,23;FLAVIO BOLSONARO;PL;1803;37,82;18.41;1803;28.0;54.9;50.0
mg;CURVELO;Minas Gerais;Sudeste;-18.78509;-44.44066;61304;24.78;1277;203;FLAVIO BOLSONARO;PL;20834;47,77;LULA;PT;18959;43,47;4.07;18959;24.8;40.4;46.6
mg;CÁSSIA;Minas Gerais;Sudeste;-20.58232;-46.92092;13923;29.67;315;39;FLAVIO BOLSONARO;PL;4684;50,48;LULA;PT;3791;40,86;9.12;3791;22.6;52.1;48.7
mg;CÓRREGO DANTA;Minas Gerais;Sudeste;-19.79411;-45.94243;3391;29.02;77;14;FLAVIO BOLSONARO;PL;1177;51,33;LULA;PT;965;42,08;8.81;965;20.1;48.1;52.5
mg;CÓRREGO DO BOM JESUS;Minas Gerais;Sudeste;-22.63216;-46.01698;4380;22.69;113;15;FLAVIO BOLSONARO;PL;1774;55,52;LULA;PT;1166;36,49;17.96;1166;17.8;47.8;51.5
mg;CÓRREGO FUNDO;Minas Gerais;Sudeste;-20.45503;-45.54606;5391;17.33;162;19;FLAVIO BOLSONARO;PL;2416;57,72;LULA;PT;1182;28,24;27.69;1182;21.7;55.9;50.8
mg;CÓRREGO NOVO;Minas Gerais;Sudeste;-19.82689;-42.40124;3921;25.78;95;16;LULA;PT;1602;57,79;FLAVIO BOLSONARO;PL;1063;38,35;18.52;1063;23.7;51.2;50.3
mg;CÔNEGO MARINHO;Minas Gerais;Sudeste;-15.24203;-44.47564;6340;25.11;160;28;LULA;PT;3425;75,74;FLAVIO BOLSONARO;PL;786;17,38;55.58;786;25.7;48.1;50.6
mg;DATAS;Minas Gerais;Sudeste;-18.50044;-43.66319;5139;26.99;162;18;LULA;PT;2467;70,51;FLAVIO BOLSONARO;PL;828;23,66;43.68;828;27.0;53.3;48.2
mg;DELFIM MOREIRA;Minas Gerais;Sudeste;-22.47983;-45.27869;6363;19.42;187;22;FLAVIO BOLSONARO;PL;2637;54,60;LULA;PT;1816;37,60;16.01;1816;22.5;47.7;51.2
mg;DELFINÓPOLIS;Minas Gerais;Sudeste;-20.38786;-46.79554;6314;25.67;112;20;FLAVIO BOLSONARO;PL;2458;54,51;LULA;PT;1737;38,52;15.36;1737;22.7;53.3;51.0
mg;DELTA;Minas Gerais;Sudeste;-19.97281;-47.77427;7483;22.52;169;25;LULA;PT;2717;49,58;FLAVIO BOLSONARO;PL;2400;43,80;5.47;2400;29.1;45.2;50.1
mg;DESCOBERTO;Minas Gerais;Sudeste;-21.4588;-42.96886;4548;20.71;118;13;LULA;PT;1698;49,50;FLAVIO BOLSONARO;PL;1406;40,99;8.1;1406;21.2;54.9;50.7
mg;DESTERRO DE ENTRE RIOS;Minas Gerais;Sudeste;-20.63753;-44.28737;6445;20.79;175;22;FLAVIO BOLSONARO;PL;2762;58,72;LULA;PT;1533;32,59;24.07;1533;21.2;58.0;51.2
mg;DESTERRO DO MELO;Minas Gerais;Sudeste;-21.03196;-43.62106;4211;17.48;169;14;FLAVIO BOLSONARO;PL;1552;47,72;LULA;PT;1424;43,79;3.68;1424;23.0;56.4;51.5
mg;DIAMANTINA;Minas Gerais;Sudeste;-18.1561;-43.58291;38586;26.67;785;132;LULA;PT;16583;61,54;FLAVIO BOLSONARO;PL;8152;30,25;29.8;8152;25.3;39.7;46.8
mg;DIOGO DE VASCONCELOS;Minas Gerais;Sudeste;-20.48117;-43.19081;3860;25.03;158;16;LULA;PT;1814;67,71;FLAVIO BOLSONARO;PL;709;26,47;38.18;709;24.3;57.0;51.3
mg;DIONÍSIO;Minas Gerais;Sudeste;-19.8332;-42.74206;6910;30.94;121;29;LULA;PT;2536;55,26;FLAVIO BOLSONARO;PL;1809;39,42;15.23;1809;19.7;50.5;49.2
mg;DIVINO;Minas Gerais;Sudeste;-20.60697;-42.15591;16044;27.37;266;48;LULA;PT;5863;52,47;FLAVIO BOLSONARO;PL;4774;42,72;9.35;4774;25.3;60.3;49.1
mg;DIVINO DAS LARANJEIRAS;Minas Gerais;Sudeste;-18.76382;-41.50432;4710;25.86;110;16;FLAVIO BOLSONARO;PL;1672;50,03;LULA;PT;1477;44,20;5.58;1477;23.5;47.4;48.8
mg;DIVINOLÂNDIA DE MINAS;Minas Gerais;Sudeste;-18.80223;-42.61624;6375;28.44;214;19;LULA;PT;2096;48,96;FLAVIO BOLSONARO;PL;1860;43,45;5.17;1860;25.9;58.2;47.7
mg;DIVINÉSIA;Minas Gerais;Sudeste;-20.99225;-43.00173;5015;20.36;119;17;LULA;PT;2293;60,04;FLAVIO BOLSONARO;PL;1277;33,44;25.44;1277;25.5;51.1;50.5
mg;DIVINÓPOLIS;Minas Gerais;Sudeste;-20.14353;-44.89101;171705;18.64;4216;501;FLAVIO BOLSONARO;PL;71478;53,99;LULA;PT;49403;37,31;15.8;49403;22.9;32.3;46.4
mg;DIVISA ALEGRE;Minas Gerais;Sudeste;-15.72035;-41.34348;5228;25.94;180;15;LULA;PT;2047;56,11;FLAVIO BOLSONARO;PL;1373;37,64;17.41;1373;29.0;55.4;47.9
mg;DIVISA NOVA;Minas Gerais;Sudeste;-21.51024;-46.20148;5108;23.65;110;15;FLAVIO BOLSONARO;PL;1753;47,28;LULA;PT;1712;46,17;1.05;1712;25.1;52.8;50.6
mg;DIVISÓPOLIS;Minas Gerais;Sudeste;-15.72394;-41.00359;7088;25.9;198;19;LULA;PT;2889;58,06;FLAVIO BOLSONARO;PL;1853;37,24;19.73;1853;25.3;60.5;50.4
mg;DOM BOSCO;Minas Gerais;Sudeste;-16.71302;-46.26156;3779;22.81;56;13;FLAVIO BOLSONARO;PL;1656;58,41;LULA;PT;1008;35,56;22.21;1008;24.5;49.4;53.2
mg;DOM CAVATI;Minas Gerais;Sudeste;-19.56649;-42.31507;4341;19.74;129;20;FLAVIO BOLSONARO;PL;1731;52,25;LULA;PT;1380;41,65;10.07;1380;22.9;45.8;47.4
mg;DOM JOAQUIM;Minas Gerais;Sudeste;-18.93939;-43.25959;4274;28.73;166;18;LULA;PT;1630;58,17;FLAVIO BOLSONARO;PL;960;34,26;22.0;960;25.8;50.4;49.4
mg;DOM SILVÉRIO;Minas Gerais;Sudeste;-20.15843;-42.96725;4478;24.43;126;15;LULA;PT;1836;57,45;FLAVIO BOLSONARO;PL;1137;35,58;20.66;1137;19.5;48.4;47.5
mg;DOM VIÇOSO;Minas Gerais;Sudeste;-22.24452;-45.1563;3158;19.35;52;9;FLAVIO BOLSONARO;PL;1271;52,07;LULA;PT;1010;41,38;10.25;1010;21.6;49.7;50.9
mg;DONA EUSÉBIA;Minas Gerais;Sudeste;-21.3215;-42.81692;5779;16.77;101;19;LULA;PT;2184;47,15;FLAVIO BOLSONARO;PL;2154;46,50;0.62;2154;26.3;53.0;49.3
mg;DORES DE CAMPOS;Minas Gerais;Sudeste;-21.40829;-44.29378;8082;14.41;311;27;FLAVIO BOLSONARO;PL;3227;50,91;LULA;PT;2540;40,07;9.93;2540;24.4;54.5;48.3
mg;DORES DE GUANHÃES;Minas Gerais;Sudeste;-19.01604;-42.96147;5278;29.33;169;20;LULA;PT;1962;56,38;FLAVIO BOLSONARO;PL;1336;38,39;16.78;1336;25.3;56.2;51.3
mg;DORES DO INDAIÁ;Minas Gerais;Sudeste;-19.46651;-45.60283;10109;25.15;199;42;FLAVIO BOLSONARO;PL;4269;59,11;LULA;PT;2446;33,87;24.09;2446;20.5;43.3;47.4
mg;DORES DO TURVO;Minas Gerais;Sudeste;-20.97569;-43.19283;5453;24.96;143;19;LULA;PT;2123;54,89;FLAVIO BOLSONARO;PL;1519;39,27;14.76;1519;24.3;51.9;50.0
mg;DORESÓPOLIS;Minas Gerais;Sudeste;-20.28842;-45.90236;2217;30.58;30;7;FLAVIO BOLSONARO;PL;867;58,82;LULA;PT;514;34,87;22.94;514;25.7;46.4;50.5
mg;DOURADOQUARA;Minas Gerais;Sudeste;-18.44248;-47.60466;2127;21.44;30;7;FLAVIO BOLSONARO;PL;763;47,07;LULA;PT;721;44,48;2.51;721;21.4;46.6;50.6
mg;DURANDÉ;Minas Gerais;Sudeste;-20.16783;-41.80038;6586;23.06;177;24;LULA;PT;2470;51,33;FLAVIO BOLSONARO;PL;2114;43,93;7.03;2114;26.8;61.2;50.1
mg;ELÓI MENDES;Minas Gerais;Sudeste;-21.60853;-45.56407;19976;21.72;500;58;FLAVIO BOLSONARO;PL;8279;56,35;LULA;PT;5123;34,87;20.18;5123;24.0;50.6;47.2
mg;ENGENHEIRO CALDAS;Minas Gerais;Sudeste;-19.1719;-42.03834;7790;23.27;200;30;FLAVIO BOLSONARO;PL;2875;50,66;LULA;PT;2560;45,11;5.27;2560;25.2;50.2;47.9
mg;ENGENHEIRO NAVARRO;Minas Gerais;Sudeste;-17.28637;-43.94402;6173;23.73;156;19;LULA;PT;2920;65,28;FLAVIO BOLSONARO;PL;1271;28,41;35.03;1271;24.9;45.3;49.3
mg;ENTRE FOLHAS;Minas Gerais;Sudeste;-19.62559;-42.23148;5891;22.64;117;20;FLAVIO BOLSONARO;PL;2150;49,05;LULA;PT;2073;47,30;1.69;2073;23.7;56.3;49.3
mg;ENTRE RIOS DE MINAS;Minas Gerais;Sudeste;-20.6874;-44.06898;12811;22.23;363;40;LULA;PT;4203;44,73;FLAVIO BOLSONARO;PL;4146;44,12;0.57;4146;23.2;48.9;49.0
mg;ERVÁLIA;Minas Gerais;Sudeste;-20.85105;-42.63565;16479;19.79;564;63;LULA;PT;6779;56,46;FLAVIO BOLSONARO;PL;4244;35,35;19.18;4244;24.3;55.4;48.6
mg;ESMERALDAS;Minas Gerais;Sudeste;-19.76532;-44.22902;56992;23.92;1443;187;LULA;PT;18840;46,35;FLAVIO BOLSONARO;PL;17976;44,23;1.99;17976;26.3;44.5;48.2
mg;ESPERA FELIZ;Minas Gerais;Sudeste;-20.63216;-41.9037;18168;22.46;476;61;FLAVIO BOLSONARO;PL;6308;47,47;LULA;PT;6041;45,46;1.9;6041;25.0;52.2;46.9
mg;ESPINOSA;Minas Gerais;Sudeste;-14.90393;-42.83258;23564;20.62;421;103;LULA;PT;10628;58,99;FLAVIO BOLSONARO;PL;6420;35,63;22.5;6420;24.1;51.4;47.6
mg;ESPÍRITO SANTO DO DOURADO;Minas Gerais;Sudeste;-22.03366;-45.9552;5532;22.2;145;16;FLAVIO BOLSONARO;PL;2178;53,33;LULA;PT;1645;40,28;12.38;1645;26.4;53.3;51.7
mg;ESTIVA;Minas Gerais;Sudeste;-22.45127;-46.02123;9545;18.15;235;34;FLAVIO BOLSONARO;PL;4164;56,45;LULA;PT;2556;34,65;20.58;2556;21.8;55.1;50.2
mg;ESTRELA DALVA;Minas Gerais;Sudeste;-21.7395;-42.46647;2914;25.43;77;10;LULA;PT;1179;57,12;FLAVIO BOLSONARO;PL;761;36,87;19.24;761;22.3;48.8;49.9
mg;ESTRELA DO INDAIÁ;Minas Gerais;Sudeste;-19.53376;-45.78963;2723;25.19;73;11;FLAVIO BOLSONARO;PL;986;51,04;LULA;PT;830;42,96;7.66;830;19.1;48.5;49.0
mg;ESTRELA DO SUL;Minas Gerais;Sudeste;-18.70367;-47.70275;5930;21.65;132;20;LULA;PT;2209;49,72;FLAVIO BOLSONARO;PL;1988;44,74;4.76;1988;22.8;49.0;51.6
mg;EUGENÓPOLIS;Minas Gerais;Sudeste;-21.06243;-42.18978;8752;19.89;195;31;FLAVIO BOLSONARO;PL;3482;51,85;LULA;PT;2877;42,84;8.63;2877;21.3;48.7;49.4
mg;EWBANK DA CÂMARA;Minas Gerais;Sudeste;-21.55435;-43.5123;4497;22.04;92;14;LULA;PT;1967;58,37;FLAVIO BOLSONARO;PL;1239;36,77;20.76;1239;25.5;48.5;50.1
mg;EXTREMA;Minas Gerais;Sudeste;-22.8496;-46.31503;43712;25.89;980;116;FLAVIO BOLSONARO;PL;16484;54,02;LULA;PT;10793;35,37;17.57;10793;28.5;35.5;48.4
mg;FAMA;Minas Gerais;Sudeste;-27.93965;-49.95979;3353;26.69;57;11;FLAVIO BOLSONARO;PL;1328;56,56;LULA;PT;864;36,80;18.88;864;18.6;47.7;50.9
mg;FARIA LEMOS;Minas Gerais;Sudeste;-20.79693;-42.03715;3325;20.21;87;13;LULA;PT;1385;54,76;FLAVIO BOLSONARO;PL;998;39,46;14.59;998;23.6;44.5;49.1
mg;FELISBURGO;Minas Gerais;Sudeste;-16.65008;-40.75512;5960;31.41;179;17;LULA;PT;2471;63,90;FLAVIO BOLSONARO;PL;1180;30,51;31.58;1180;25.3;59.4;49.8
mg;FELIXLÂNDIA;Minas Gerais;Sudeste;-18.74944;-44.93691;12556;26.08;255;39;LULA;PT;4475;51,03;FLAVIO BOLSONARO;PL;3634;41,44;9.06;3634;20.7;55.5;49.5
mg;FELÍCIO DOS SANTOS;Minas Gerais;Sudeste;-18.08451;-43.23737;5047;34.26;154;16;LULA;PT;1818;58,63;FLAVIO BOLSONARO;PL;1015;32,73;24.2;1015;25.0;58.0;48.4
mg;FERNANDES TOURINHO;Minas Gerais;Sudeste;-19.14976;-42.087;2576;22.63;59;11;FLAVIO BOLSONARO;PL;980;51,82;LULA;PT;819;43,31;8.08;819;23.7;54.3;48.8
mg;FERROS;Minas Gerais;Sudeste;-19.2276;-42.97751;8590;30.22;285;35;LULA;PT;3407;60,75;FLAVIO BOLSONARO;PL;1866;33,27;25.71;1866;22.0;59.6;49.4
mg;FERVEDOURO;Minas Gerais;Sudeste;-20.7113;-42.31792;8564;19.03;270;28;LULA;PT;3311;50,51;FLAVIO BOLSONARO;PL;2933;44,74;5.45;2933;26.5;58.1;49.6
mg;FLORESTAL;Minas Gerais;Sudeste;-19.8851;-44.43296;6984;21.96;142;22;FLAVIO BOLSONARO;PL;2412;46,57;LULA;PT;2127;41,07;5.23;2127;23.4;41.6;49.5
mg;FORMIGA;Minas Gerais;Sudeste;-20.47151;-45.44095;54476;22.35;1422;180;FLAVIO BOLSONARO;PL;22936;57,65;LULA;PT;12491;31,39;24.69;12491;21.3;43.9;47.4
mg;FORMOSO;Minas Gerais;Sudeste;-14.96456;-46.26719;6282;22.89;125;23;LULA;PT;2304;49,29;FLAVIO BOLSONARO;PL;2064;44,16;4.95;2064;26.5;50.8;52.0
mg;FORTALEZA DE MINAS;Minas Gerais;Sudeste;-20.84877;-46.71241;3215;26.13;84;11;FLAVIO BOLSONARO;PL;1177;52,85;LULA;PT;835;37,49;14.4;835;21.3;53.7;51.1
mg;FORTUNA DE MINAS;Minas Gerais;Sudeste;-19.56147;-44.45273;3012;17.6;51;11;LULA;PT;1188;49,79;FLAVIO BOLSONARO;PL;978;40,99;8.46;978;21.3;38.1;49.6
mg;FRANCISCO BADARÓ;Minas Gerais;Sudeste;-16.99252;-42.34241;7239;36.12;189;30;LULA;PT;2670;61,56;FLAVIO BOLSONARO;PL;1383;31,89;27.83;1383;21.8;61.4;51.2
mg;FRANCISCO DUMONT;Minas Gerais;Sudeste;-17.31435;-44.2343;4726;29.75;100;17;LULA;PT;1763;55,49;FLAVIO BOLSONARO;PL;1230;38,72;16.05;1230;26.4;45.4;50.6
mg;FRANCISCO SÁ;Minas Gerais;Sudeste;-16.41412;-43.47192;19570;25.34;447;86;LULA;PT;9160;65,63;FLAVIO BOLSONARO;PL;4027;28,85;35.13;4027;25.0;49.5;49.6
mg;FRANCISCÓPOLIS;Minas Gerais;Sudeste;-17.95391;-41.99371;5005;31.79;124;16;LULA;PT;1982;61,12;FLAVIO BOLSONARO;PL;1109;34,20;25.57;1109;24.0;58.3;51.7
mg;FREI GASPAR;Minas Gerais;Sudeste;-18.08711;-41.46888;5965;25.88;260;19;LULA;PT;2408;58,49;FLAVIO BOLSONARO;PL;1525;37,04;19.97;1525;26.8;55.3;50.6
mg;FREI INOCÊNCIO;Minas Gerais;Sudeste;-18.55634;-41.89873;6787;21.69;137;28;LULA;PT;2670;52,22;FLAVIO BOLSONARO;PL;2200;43,03;8.84;2200;25.9;47.2;48.1
mg;FREI LAGONEGRO;Minas Gerais;Sudeste;-18.1491;-42.76354;3669;25.97;116;12;LULA;PT;1482;57,89;FLAVIO BOLSONARO;PL;853;33,32;23.16;853;26.2;59.8;51.0
mg;FRONTEIRA;Minas Gerais;Sudeste;-20.28306;-49.20298;10748;24.66;189;31;FLAVIO BOLSONARO;PL;3750;48,08;LULA;PT;3656;46,87;1.16;3656;23.7;49.7;48.9
mg;FRONTEIRA DOS VALES;Minas Gerais;Sudeste;-16.89184;-40.8791;4372;27.45;107;17;LULA;PT;2145;70,58;FLAVIO BOLSONARO;PL;711;23,40;45.21;711;25.1;50.7;50.9
mg;FRUTA DE LEITE;Minas Gerais;Sudeste;-16.12475;-42.51623;5143;36.11;260;23;LULA;PT;2115;70,90;FLAVIO BOLSONARO;PL;634;21,25;45.07;634;26.1;60.2;51.1
mg;FRUTAL;Minas Gerais;Sudeste;-20.03097;-48.94216;42351;25.88;663;125;FLAVIO BOLSONARO;PL;17384;57,62;LULA;PT;10858;35,99;20.79;10858;22.9;45.8;47.3
mg;FUNILÂNDIA;Minas Gerais;Sudeste;-23.49204;-48.18137;5397;22.35;136;19;FLAVIO BOLSONARO;PL;2088;52,40;LULA;PT;1513;37,97;13.72;1513;23.4;41.7;51.0
mg;GALILÉIA;Minas Gerais;Sudeste;-19.70177;-42.29479;5434;28.54;76;20;FLAVIO BOLSONARO;PL;1839;49,07;LULA;PT;1734;46,26;2.7;1734;24.2;44.8;48.7
mg;GAMELEIRAS;Minas Gerais;Sudeste;-15.03826;-43.12575;4725;20.13;99;20;LULA;PT;2319;63,55;FLAVIO BOLSONARO;PL;1162;31,84;30.66;1162;24.2;50.6;50.9
mg;GLAUCILÂNDIA;Minas Gerais;Sudeste;-16.87513;-43.68586;4010;19.65;60;14;LULA;PT;2014;64,39;FLAVIO BOLSONARO;PL;964;30,82;32.59;964;22.9;39.0;50.6
mg;GOIABEIRA;Minas Gerais;Sudeste;-18.98037;-41.22183;3104;24.16;69;9;FLAVIO BOLSONARO;PL;1344;59,68;LULA;PT;825;36,63;22.05;825;22.0;55.8;48.7
mg;GOIANÁ;Minas Gerais;Sudeste;-21.53843;-43.20163;4491;23.36;106;12;LULA;PT;1536;46,62;FLAVIO BOLSONARO;PL;1479;44,89;1.66;1479;20.2;44.0;49.9
mg;GONZAGA;Minas Gerais;Sudeste;-18.81873;-42.48243;4583;29.26;162;18;LULA;PT;1557;51,97;FLAVIO BOLSONARO;PL;1243;41,49;9.69;1243;24.5;58.3;47.8
mg;GONÇALVES;Minas Gerais;Sudeste;-24.85089;-47.49121;4111;24.69;112;15;FLAVIO BOLSONARO;PL;1747;59,73;LULA;PT;895;30,60;27.52;895;20.7;52.6;52.5
mg;GOUVEIA;Minas Gerais;Sudeste;-18.49123;-43.77871;10625;26.7;331;35;LULA;PT;4310;59,27;FLAVIO BOLSONARO;PL;2437;33,51;24.05;2437;23.0;53.4;48.6
mg;GOVERNADOR VALADARES;Minas Gerais;Sudeste;-18.86056;-41.96603;193573;23.21;3424;661;FLAVIO BOLSONARO;PL;84782;59,59;LULA;PT;48763;34,27;24.23;48763;24.8;32.5;45.2
mg;GRUPIARA;Minas Gerais;Sudeste;-18.49513;-47.72302;1789;20.57;27;7;FLAVIO BOLSONARO;PL;734;53,38;LULA;PT;542;39,42;13.51;542;19.9;41.3;52.4
mg;GRÃO MOGOL;Minas Gerais;Sudeste;-16.45658;-42.94821;12003;31.33;327;42;LULA;PT;5198;66,60;FLAVIO BOLSONARO;PL;2254;28,88;35.72;2254;25.7;51.1;50.1
mg;GUANHÃES;Minas Gerais;Sudeste;-18.78987;-42.90207;25045;31.99;734;88;LULA;PT;7571;47,60;FLAVIO BOLSONARO;PL;7012;44,09;3.28;7012;25.5;48.4;46.9
mg;GUAPÉ;Minas Gerais;Sudeste;-20.76681;-45.92451;10938;25.03;249;37;FLAVIO BOLSONARO;PL;4621;60,18;LULA;PT;2327;30,30;27.98;2327;22.7;52.3;51.1
mg;GUARACIABA;Minas Gerais;Sudeste;-20.5644;-43.02359;8024;23.9;281;32;LULA;PT;3539;62,01;FLAVIO BOLSONARO;PL;1687;29,56;30.33;1687;20.7;59.4;49.7
mg;GUARACIAMA;Minas Gerais;Sudeste;-17.01459;-43.66886;5315;21.66;95;15;LULA;PT;3123;77,71;FLAVIO BOLSONARO;PL;720;17,91;57.71;720;23.3;41.2;51.6
mg;GUARANI;Minas Gerais;Sudeste;-21.389;-43.07155;6718;22.54;185;22;LULA;PT;2893;58,53;FLAVIO BOLSONARO;PL;1718;34,76;22.58;1718;21.6;51.9;49.6
mg;GUARANÉSIA;Minas Gerais;Sudeste;-21.29747;-46.78815;14892;23.45;362;42;LULA;PT;5442;50,57;FLAVIO BOLSONARO;PL;4435;41,21;8.83;4435;23.2;48.8;48.9
mg;GUARARÁ;Minas Gerais;Sudeste;-21.73085;-43.04031;3674;20.79;91;15;LULA;PT;1305;47,15;FLAVIO BOLSONARO;PL;1248;45,09;1.96;1248;22.0;50.4;49.7
mg;GUARDA-MOR;Minas Gerais;Sudeste;-17.7724;-47.10732;6295;25.85;79;20;FLAVIO BOLSONARO;PL;2672;59,05;LULA;PT;1580;34,92;23.39;1580;23.4;52.8;51.5
mg;GUAXUPÉ;Minas Gerais;Sudeste;-21.30915;-46.71502;39360;25.03;931;111;FLAVIO BOLSONARO;PL;13687;49,15;LULA;PT;11785;42,32;6.45;11785;22.2;41.2;47.4
mg;GUIDOVAL;Minas Gerais;Sudeste;-21.15009;-42.7958;6718;18.16;152;27;LULA;PT;2751;52,52;FLAVIO BOLSONARO;PL;2197;41,94;10.08;2197;22.8;54.6;49.1
mg;GUIMARÂNIA;Minas Gerais;Sudeste;-18.83551;-46.79633;6658;19.59;163;24;FLAVIO BOLSONARO;PL;2958;58,06;LULA;PT;1691;33,19;23.66;1691;27.2;44.4;50.3
mg;GUIRICEMA;Minas Gerais;Sudeste;-21.01048;-42.70931;7504;19.83;224;25;LULA;PT;3005;53,23;FLAVIO BOLSONARO;PL;2237;39,63;12.77;2237;21.3;55.6;49.8
mg;GURINHATÃ;Minas Gerais;Sudeste;-19.14864;-49.79995;5083;26.34;78;26;FLAVIO BOLSONARO;PL;1991;54,68;LULA;PT;1402;38,51;15.73;1402;16.8;58.2;53.3
mg;HELIODORA;Minas Gerais;Sudeste;-22.0643;-45.53426;5308;18.33;162;17;FLAVIO BOLSONARO;PL;1836;44,96;LULA;PT;1758;43,05;1.8;1758;22.8;55.4;51.0
mg;IAPU;Minas Gerais;Sudeste;-19.42062;-42.21744;8427;25.56;199;26;FLAVIO BOLSONARO;PL;3122;52,30;LULA;PT;2541;42,57;9.26;2541;23.1;57.4;47.9
mg;IBERTIOGA;Minas Gerais;Sudeste;-20.99486;-43.83156;4944;22.31;90;16;LULA;PT;2191;59,80;FLAVIO BOLSONARO;PL;1206;32,91;25.64;1206;22.8;55.3;49.0
mg;IBIAÍ;Minas Gerais;Sudeste;-16.84917;-44.8802;6806;30.21;158;21;LULA;PT;3120;68,80;FLAVIO BOLSONARO;PL;1192;26,28;40.59;1192;25.8;55.7;50.2
mg;IBIRACATU;Minas Gerais;Sudeste;-15.64439;-44.14728;5860;29.9;108;21;LULA;PT;2971;75,10;FLAVIO BOLSONARO;PL;860;21,74;51.39;860;24.5;59.6;51.4
mg;IBIRACI;Minas Gerais;Sudeste;-20.44924;-47.12369;9469;23.67;173;27;FLAVIO BOLSONARO;PL;3930;56,65;LULA;PT;2573;37,09;18.77;2573;25.5;50.5;49.5
mg;IBIRITÉ;Minas Gerais;Sudeste;-20.00759;-44.06672;122338;19.17;3417;353;FLAVIO BOLSONARO;PL;43183;46,67;LULA;PT;39349;42,53;3.88;39349;29.7;37.1;47.1
mg;IBITIÚRA DE MINAS;Minas Gerais;Sudeste;-22.0648;-46.44167;3709;23.16;85;11;FLAVIO BOLSONARO;PL;1941;71,28;LULA;PT;620;22,77;46.35;620;23.5;53.9;49.8
mg;IBITURUNA;Minas Gerais;Sudeste;-21.15312;-44.74783;2602;22.21;68;9;FLAVIO BOLSONARO;PL;984;51,06;LULA;PT;828;42,97;7.71;828;26.5;43.1;50.9
mg;IBIÁ;Minas Gerais;Sudeste;-19.5035;-46.54907;16840;25.29;303;58;FLAVIO BOLSONARO;PL;6563;54,56;LULA;PT;4647;38,63;15.23;4647;23.2;48.4;49.0
mg;ICARAÍ DE MINAS;Minas Gerais;Sudeste;-16.22091;-44.89986;8823;24.25;131;32;LULA;PT;4311;66,18;FLAVIO BOLSONARO;PL;1990;30,55;34.73;1990;27.5;51.1;50.8
mg;IGARAPÉ;Minas Gerais;Sudeste;-20.06501;-44.3083;35009;22.99;823;100;FLAVIO BOLSONARO;PL;12689;49,77;LULA;PT;9974;39,12;10.07;9974;26.6;41.4;48.3
mg;IGARATINGA;Minas Gerais;Sudeste;-19.93661;-44.71656;8345;19.59;183;25;FLAVIO BOLSONARO;PL;3735;59,01;LULA;PT;2111;33,35;24.2;2111;26.8;59.2;49.9
mg;IGUATAMA;Minas Gerais;Sudeste;-20.17827;-45.72494;6258;24.51;158;25;FLAVIO BOLSONARO;PL;2098;47,27;LULA;PT;2058;46,37;0.85;2058;20.5;48.8;48.8
mg;IJACI;Minas Gerais;Sudeste;-21.17293;-44.92303;5796;18.46;223;16;FLAVIO BOLSONARO;PL;2122;48,66;LULA;PT;1877;43,04;5.18;1877;24.7;47.3;49.2
mg;ILICÍNEA;Minas Gerais;Sudeste;-20.94005;-45.8264;9938;23.07;164;28;FLAVIO BOLSONARO;PL;3635;49,78;LULA;PT;3237;44,33;5.21;3237;24.4;53.1;49.8
mg;IMBÉ DE MINAS;Minas Gerais;Sudeste;-19.30025;-42.81025;5725;21.62;120;20;LULA;PT;2254;52,09;FLAVIO BOLSONARO;PL;1865;43,10;8.67;1865;24.9;61.0;50.8
mg;INCONFIDENTES;Minas Gerais;Sudeste;-22.31318;-46.3304;6559;22.56;128;17;FLAVIO BOLSONARO;PL;2711;55,86;LULA;PT;1802;37,13;17.9;1802;22.5;54.3;50.9
mg;INDAIABIRA;Minas Gerais;Sudeste;-15.51563;-42.1716;6438;28.95;174;21;LULA;PT;2280;52,28;FLAVIO BOLSONARO;PL;1912;43,84;8.05;1912;26.0;56.4;50.4
mg;INDIANÓPOLIS;Minas Gerais;Sudeste;-18.84679;-48.04923;5187;21.01;102;16;FLAVIO BOLSONARO;PL;1855;47,20;LULA;PT;1785;45,42;1.71;1785;23.8;54.0;51.1
mg;INGAÍ;Minas Gerais;Sudeste;-21.40331;-44.9172;2824;17.56;78;11;LULA;PT;1043;47,78;FLAVIO BOLSONARO;PL;991;45,40;2.23;991;23.6;44.5;50.9
mg;INHAPIM;Minas Gerais;Sudeste;-19.53289;-42.0629;19666;24.59;354;74;FLAVIO BOLSONARO;PL;7661;53,70;LULA;PT;5930;41,57;11.67;5930;22.0;55.4;49.0
mg;INHAÚMA;Minas Gerais;Sudeste;-22.1834;-47.38126;5730;21.29;161;18;FLAVIO BOLSONARO;PL;2145;50,40;LULA;PT;1771;41,61;8.29;1771;23.8;41.7;50.0
mg;INIMUTABA;Minas Gerais;Sudeste;-18.71925;-44.33823;6575;26.81;135;22;LULA;PT;2195;48,23;FLAVIO BOLSONARO;PL;1966;43,20;4.76;1966;23.0;53.6;49.8
mg;IPABA;Minas Gerais;Sudeste;-19.42346;-42.37942;13853;24.66;269;42;FLAVIO BOLSONARO;PL;5081;50,99;LULA;PT;4196;42,11;8.48;4196;26.5;52.6;48.0
mg;IPANEMA;Minas Gerais;Sudeste;-19.79791;-41.72022;16009;27.79;335;50;FLAVIO BOLSONARO;PL;5573;50,51;LULA;PT;4884;44,26;5.96;4884;21.9;54.9;46.6
mg;IPATINGA;Minas Gerais;Sudeste;-19.4654;-42.55583;176630;24.37;2956;543;FLAVIO BOLSONARO;PL;78548;61,11;LULA;PT;40448;31,47;28.52;40448;23.0;37.0;46.2
mg;IPIAÇU;Minas Gerais;Sudeste;-18.69243;-49.94401;3926;29.37;51;13;LULA;PT;1331;49,55;FLAVIO BOLSONARO;PL;1205;44,86;4.54;1205;24.5;48.3;51.2
mg;IPUIÚNA;Minas Gerais;Sudeste;-22.08922;-46.18321;7715;20.26;148;24;FLAVIO BOLSONARO;PL;3447;58,66;LULA;PT;1994;33,93;23.62;1994;22.0;61.2;49.6
mg;IRAÍ DE MINAS;Minas Gerais;Sudeste;-18.99435;-47.46159;6872;20.37;142;21;FLAVIO BOLSONARO;PL;3134;59,80;LULA;PT;1801;34,36;24.36;1801;26.7;45.7;50.7
mg;ITABIRA;Minas Gerais;Sudeste;-19.63091;-43.23397;88413;18.05;3024;277;LULA;PT;30883;45,78;FLAVIO BOLSONARO;PL;29588;43,86;1.79;29588;23.6;32.2;46.6
mg;ITABIRINHA;Minas Gerais;Sudeste;-18.55145;-41.24649;8908;20.49;188;37;FLAVIO BOLSONARO;PL;3363;49,56;LULA;PT;3105;45,76;3.64;3105;23.6;49.9;46.9
mg;ITABIRITO;Minas Gerais;Sudeste;-20.25256;-43.80417;45012;21.85;1403;135;FLAVIO BOLSONARO;PL;14845;45,57;LULA;PT;13370;41,04;4.19;13370;24.3;39.1;48.1
mg;ITACAMBIRA;Minas Gerais;Sudeste;-17.00519;-43.23582;4825;24.12;125;25;LULA;PT;2521;72,15;FLAVIO BOLSONARO;PL;796;22,78;47.12;796;24.7;44.9;52.4
mg;ITACARAMBI;Minas Gerais;Sudeste;-15.09877;-44.11223;14164;30.26;336;50;LULA;PT;6033;64,24;FLAVIO BOLSONARO;PL;2908;30,96;31.64;2908;27.6;49.2;48.7
mg;ITAGUARA;Minas Gerais;Sudeste;-20.38737;-44.50071;10982;19.4;367;43;FLAVIO BOLSONARO;PL;4135;50,79;LULA;PT;3019;37,08;12.61;3019;23.0;50.0;49.7
mg;ITAIPÉ;Minas Gerais;Sudeste;-19.8226;-44.60975;9564;30.79;333;30;LULA;PT;3520;56,99;FLAVIO BOLSONARO;PL;2249;36,41;19.2;2249;28.2;59.8;48.2
mg;ITAJUBÁ;Minas Gerais;Sudeste;-22.42772;-45.45352;68385;20.02;1588;221;FLAVIO BOLSONARO;PL;31458;60,56;LULA;PT;15948;30,70;28.36;15948;24.9;26.7;47.5
mg;ITAMARANDIBA;Minas Gerais;Sudeste;-17.8747;-42.86533;26424;24.28;771;85;LULA;PT;8824;47,04;FLAVIO BOLSONARO;PL;7751;41,32;5.36;7751;28.1;52.1;48.3
mg;ITAMARATI DE MINAS;Minas Gerais;Sudeste;-21.41473;-42.82725;3881;20.66;108;14;LULA;PT;1568;53,70;FLAVIO BOLSONARO;PL;1142;39,11;13.84;1142;20.9;51.9;50.6
mg;ITAMBACURI;Minas Gerais;Sudeste;-18.04599;-41.73416;18385;31.9;544;65;LULA;PT;7168;60,80;FLAVIO BOLSONARO;PL;4019;34,09;25.15;4019;24.6;53.5;46.5
mg;ITAMBÉ DO MATO DENTRO;Minas Gerais;Sudeste;-19.40837;-43.32302;2720;24.08;76;10;LULA;PT;1165;59,62;FLAVIO BOLSONARO;PL;648;33,16;25.04;648;22.3;47.6;51.9
mg;ITAMOGI;Minas Gerais;Sudeste;-21.07661;-47.048;9062;24.38;257;27;FLAVIO BOLSONARO;PL;3466;53,72;LULA;PT;2530;39,21;13.66;2530;22.5;52.5;49.2
mg;ITAMONTE;Minas Gerais;Sudeste;-22.28364;-44.84875;12325;22.21;300;36;FLAVIO BOLSONARO;PL;5436;59,87;LULA;PT;2935;32,33;26.08;2935;23.4;47.4;48.9
mg;ITANHANDU;Minas Gerais;Sudeste;-22.30212;-44.93204;12883;22.73;250;36;FLAVIO BOLSONARO;PL;4961;52,27;LULA;PT;3542;37,32;14.25;3542;22.4;40.2;47.1
mg;ITANHOMI;Minas Gerais;Sudeste;-19.17571;-41.83861;9623;27.39;268;33;LULA;PT;3242;48,87;FLAVIO BOLSONARO;PL;3026;45,61;3.09;3026;20.7;56.3;47.4
mg;ITAOBIM;Minas Gerais;Sudeste;-16.5669;-41.50566;16895;29.46;439;54;LULA;PT;6035;53,80;FLAVIO BOLSONARO;PL;4668;41,62;11.47;4668;23.6;54.0;48.0
mg;ITAPAGIPE;Minas Gerais;Sudeste;-19.90306;-49.36993;10384;23.87;161;33;FLAVIO BOLSONARO;PL;4280;55,87;LULA;PT;2767;36,12;19.14;2767;21.1;46.1;49.5
mg;ITAPECERICA;Minas Gerais;Sudeste;-20.45279;-45.1054;17090;16.06;555;72;FLAVIO BOLSONARO;PL;6604;49,23;LULA;PT;5723;42,66;6.14;5723;21.5;41.2;48.6
mg;ITAPEVA;Minas Gerais;Sudeste;-22.7698;-46.22257;9518;26.18;253;26;FLAVIO BOLSONARO;PL;4198;63,51;LULA;PT;1977;29,91;31.61;1977;25.3;43.6;49.4
mg;ITATIAIUÇU;Minas Gerais;Sudeste;-20.2066;-44.41953;12385;22.42;277;38;FLAVIO BOLSONARO;PL;5524;60,96;LULA;PT;2773;30,60;28.63;2773;24.5;47.7;49.5
mg;ITAVERAVA;Minas Gerais;Sudeste;-20.66586;-43.6131;5696;16.94;208;20;LULA;PT;2277;51,48;FLAVIO BOLSONARO;PL;1811;40,95;9.85;1811;25.1;52.9;51.8
mg;ITAÚ DE MINAS;Minas Gerais;Sudeste;-20.74408;-46.75302;12435;24.35;330;35;FLAVIO BOLSONARO;PL;4945;55,82;LULA;PT;2966;33,48;21.04;2966;21.7;40.0;48.6
mg;ITAÚNA;Minas Gerais;Sudeste;-20.08056;-44.58375;70855;20.95;1846;232;FLAVIO BOLSONARO;PL;33311;63,04;LULA;PT;14521;27,48;33.55;14521;23.6;38.5;47.4
mg;ITINGA;Minas Gerais;Sudeste;-16.61026;-41.80404;11490;28.56;293;39;LULA;PT;5602;71,55;FLAVIO BOLSONARO;PL;1991;25,43;43.99;1991;25.2;55.9;50.4
mg;ITUETA;Minas Gerais;Sudeste;-19.38189;-41.16266;5084;21.93;94;19;FLAVIO BOLSONARO;PL;2381;62,26;LULA;PT;1301;34,02;27.21;1301;21.5;56.0;49.2
mg;ITUIUTABA;Minas Gerais;Sudeste;-18.97767;-49.46247;77491;26.31;1026;275;LULA;PT;25289;45,76;FLAVIO BOLSONARO;PL;25059;45,34;0.4;25059;22.5;43.2;46.4
mg;ITUMIRIM;Minas Gerais;Sudeste;-21.29232;-44.82651;5825;19.21;193;22;FLAVIO BOLSONARO;PL;1989;45,46;LULA;PT;1967;44,96;0.47;1967;24.0;42.0;49.5
mg;ITURAMA;Minas Gerais;Sudeste;-19.7286;-50.2117;30000;26.5;485;86;FLAVIO BOLSONARO;PL;10613;49,84;LULA;PT;9402;44,15;5.49;9402;25.8;42.5;48.2
mg;ITUTINGA;Minas Gerais;Sudeste;-21.29973;-44.65741;3559;19.16;138;12;LULA;PT;1254;47,37;FLAVIO BOLSONARO;PL;1198;45,26;1.95;1198;22.5;42.8;51.2
mg;JABOTICATUBAS;Minas Gerais;Sudeste;-19.47861;-43.75922;16254;23.4;404;51;FLAVIO BOLSONARO;PL;5355;45,41;LULA;PT;5241;44,45;0.92;5241;22.0;51.5;49.3
mg;JACINTO;Minas Gerais;Sudeste;-16.15845;-40.32066;9221;31.14;308;32;LULA;PT;3705;62,37;FLAVIO BOLSONARO;PL;2016;33,94;26.6;2016;22.2;56.5;49.5
mg;JACUTINGA;Minas Gerais;Sudeste;-22.28541;-46.61425;19258;23.08;411;52;FLAVIO BOLSONARO;PL;10033;70,83;LULA;PT;3173;22,40;46.31;3173;22.9;49.8;48.3
mg;JACUÍ;Minas Gerais;Sudeste;-21.02464;-46.73428;6410;23.85;177;19;FLAVIO BOLSONARO;PL;3065;66,69;LULA;PT;1091;23,74;40.44;1091;22.6;56.3;49.9
mg;JAGUARAÇU;Minas Gerais;Sudeste;-19.64321;-42.73381;3209;19.23;64;11;FLAVIO BOLSONARO;PL;1311;52,99;LULA;PT;1053;42,56;9.95;1053;21.2;49.1;49.4
mg;JAMPRUCA;Minas Gerais;Sudeste;-18.47573;-41.78952;4243;26.77;104;15;LULA;PT;1844;62,28;FLAVIO BOLSONARO;PL;1014;34,25;26.71;1014;26.1;55.7;51.0
mg;JANAÚBA;Minas Gerais;Sudeste;-15.80506;-43.31361;55304;22.39;1242;197;LULA;PT;20155;49,31;FLAVIO BOLSONARO;PL;18164;44,44;4.64;18164;26.8;40.6;47.4
mg;JANUÁRIA;Minas Gerais;Sudeste;-15.45347;-44.49406;51291;28.73;924;191;LULA;PT;24776;70,65;FLAVIO BOLSONARO;PL;8458;24,12;44.64;8458;25.5;43.9;48.2
mg;JAPARAÍBA;Minas Gerais;Sudeste;-20.13723;-45.51882;3685;16.91;70;11;FLAVIO BOLSONARO;PL;1590;54,14;LULA;PT;1018;34,66;18.68;1018;24.1;45.7;49.2
mg;JAPONVAR;Minas Gerais;Sudeste;-16.17167;-44.27686;8549;25.89;247;29;LULA;PT;4222;70,59;FLAVIO BOLSONARO;PL;1500;25,08;42.96;1500;25.4;56.6;51.2
mg;JAÍBA;Minas Gerais;Sudeste;-15.58564;-44.74875;27130;24.66;652;91;LULA;PT;10039;51,40;FLAVIO BOLSONARO;PL;8580;43,93;7.14;8580;29.4;52.2;49.6
mg;JECEABA;Minas Gerais;Sudeste;-20.54526;-44.01478;5837;18.01;158;23;LULA;PT;2061;45,89;FLAVIO BOLSONARO;PL;1883;41,93;3.72;1883;22.9;46.8;50.6
mg;JENIPAPO DE MINAS;Minas Gerais;Sudeste;-17.10102;-42.24425;6076;37.08;200;18;LULA;PT;2286;64,07;FLAVIO BOLSONARO;PL;1036;29,04;32.7;1036;27.1;57.1;50.2
mg;JEQUERI;Minas Gerais;Sudeste;-20.4581;-42.64315;10390;27.48;377;34;LULA;PT;4313;61,59;FLAVIO BOLSONARO;PL;2287;32,66;26.89;2287;22.7;59.2;49.0
mg;JEQUITAÍ;Minas Gerais;Sudeste;-17.22668;-44.42767;6548;32.07;187;22;LULA;PT;2667;63,65;FLAVIO BOLSONARO;PL;1303;31,10;30.67;1303;21.7;57.7;49.6
mg;JEQUITIBÁ;Minas Gerais;Sudeste;-19.21706;-44.00677;5903;19.55;167;24;FLAVIO BOLSONARO;PL;2148;47,71;LULA;PT;1916;42,56;4.89;1916;22.5;49.2;53.4
mg;JEQUITINHONHA;Minas Gerais;Sudeste;-16.42197;-41.04726;18092;31.91;483;59;LULA;PT;8358;71,44;FLAVIO BOLSONARO;PL;2866;24,50;44.58;2866;23.5;55.4;49.0
mg;JESUÂNIA;Minas Gerais;Sudeste;-22.00351;-45.29197;4445;22.45;138;13;FLAVIO BOLSONARO;PL;1705;52,32;LULA;PT;1242;38,11;13.43;1242;21.7;53.1;49.9
mg;JOANÉSIA;Minas Gerais;Sudeste;-19.18753;-42.68949;5118;29.41;123;23;LULA;PT;1694;49,40;FLAVIO BOLSONARO;PL;1544;45,03;4.15;1544;22.5;60.9;51.2
mg;JOAQUIM FELÍCIO;Minas Gerais;Sudeste;-17.73344;-44.14143;3756;31.2;93;16;LULA;PT;1225;50,23;FLAVIO BOLSONARO;PL;1069;43,83;6.04;1069;23.4;46.4;49.2
mg;JOAÍMA;Minas Gerais;Sudeste;-16.69646;-41.03291;11145;31.36;365;40;LULA;PT;5021;70,33;FLAVIO BOLSONARO;PL;1834;25,69;41.66;1834;23.9;60.7;48.9
mg;JORDÂNIA;Minas Gerais;Sudeste;-16.18912;-40.69648;7734;29.3;282;28;LULA;PT;2913;56,84;FLAVIO BOLSONARO;PL;1962;38,28;17.39;1962;24.3;54.6;50.1
mg;JOSENÓPOLIS;Minas Gerais;Sudeste;-16.54164;-42.51699;3576;33.36;148;13;LULA;PT;1424;64,38;FLAVIO BOLSONARO;PL;697;31,51;30.51;697;27.9;56.2;50.4
mg;JOSÉ GONÇALVES DE MINAS;Minas Gerais;Sudeste;-16.89933;-42.6297;3806;28.77;131;13;LULA;PT;1579;62,17;FLAVIO BOLSONARO;PL;773;30,43;29.73;773;26.1;53.9;50.4
mg;JOSÉ RAYDAN;Minas Gerais;Sudeste;-18.23605;-42.48885;4368;33.17;132;15;LULA;PT;1575;57,17;FLAVIO BOLSONARO;PL;1035;37,57;18.5;1035;24.5;56.5;50.3
mg;JOÃO MONLEVADE;Minas Gerais;Sudeste;-19.82275;-43.17118;61219;23.38;1487;216;FLAVIO BOLSONARO;PL;21256;48,10;LULA;PT;19003;43,00;4.8;19003;22.7;36.4;46.3
mg;JOÃO PINHEIRO;Minas Gerais;Sudeste;-17.72298;-46.0968;38832;26.35;579;129;FLAVIO BOLSONARO;PL;15663;56,95;LULA;PT;10009;36,40;19.77;10009;25.4;46.6;49.5
mg;JUATUBA;Minas Gerais;Sudeste;-19.95971;-44.34121;25040;22.86;709;79;FLAVIO BOLSONARO;PL;8452;46,69;LULA;PT;7798;43,08;3.39;7798;26.2;37.6;48.7
mg;JUIZ DE FORA;Minas Gerais;Sudeste;-21.74991;-43.36608;395457;18.45;10205;1256;LULA;PT;151552;49,58;FLAVIO BOLSONARO;PL;126964;41,53;7.62;126964;23.8;27.8;45.3
mg;JURAMENTO;Minas Gerais;Sudeste;-16.84796;-43.59619;4669;20.82;105;15;LULA;PT;2177;61,62;FLAVIO BOLSONARO;PL;1202;34,02;26.37;1202;24.8;41.1;50.3
mg;JURUAIA;Minas Gerais;Sudeste;-21.24526;-46.57534;9242;18.78;150;24;FLAVIO BOLSONARO;PL;4476;62,05;LULA;PT;2072;28,73;32.03;2072;26.4;54.9;50.0
mg;JUVENÍLIA;Minas Gerais;Sudeste;-14.3376;-44.12952;5569;29.48;130;22;LULA;PT;2241;59,59;FLAVIO BOLSONARO;PL;1327;35,28;23.27;1327;26.7;53.8;51.7
mg;LADAINHA;Minas Gerais;Sudeste;-17.64005;-41.78132;12287;33.88;624;41;LULA;PT;4853;65,55;FLAVIO BOLSONARO;PL;2209;29,84;32.55;2209;25.4;64.5;48.8
mg;LAGAMAR;Minas Gerais;Sudeste;-18.12812;-46.76439;6403;22.47;100;21;FLAVIO BOLSONARO;PL;2754;57,30;LULA;PT;1766;36,75;19.9;1766;19.6;51.4;51.2
mg;LAGOA DA PRATA;Minas Gerais;Sudeste;-20.02486;-45.53486;37445;23.92;744;107;FLAVIO BOLSONARO;PL;16332;60,22;LULA;PT;8554;31,54;27.3;8554;25.1;43.6;46.4
mg;LAGOA DOS PATOS;Minas Gerais;Sudeste;-16.98177;-44.5786;3774;27.4;109;14;LULA;PT;1412;54,29;FLAVIO BOLSONARO;PL;1028;39,52;14.01;1028;25.5;53.5;50.9
mg;LAGOA DOURADA;Minas Gerais;Sudeste;-20.89808;-44.05804;10425;15.89;378;32;FLAVIO BOLSONARO;PL;4044;50,13;LULA;PT;3223;39,95;9.36;3223;25.4;56.5;50.4
mg;LAGOA FORMOSA;Minas Gerais;Sudeste;-18.7739;-46.38308;15873;18.09;265;53;FLAVIO BOLSONARO;PL;7159;57,72;LULA;PT;4301;34,67;21.98;4301;22.9;54.0;49.2
mg;LAGOA GRANDE;Minas Gerais;Sudeste;-17.83653;-46.52127;7611;22.9;115;22;FLAVIO BOLSONARO;PL;2808;49,37;LULA;PT;2480;43,60;5.59;2480;24.4;54.7;51.3
mg;LAGOA SANTA;Minas Gerais;Sudeste;-19.62809;-43.8994;54891;20.52;1169;175;FLAVIO BOLSONARO;PL;23793;57,29;LULA;PT;13679;32,94;23.18;13679;23.6;30.0;46.7
mg;LAJINHA;Minas Gerais;Sudeste;-20.14073;-41.604;16637;21.2;409;52;FLAVIO BOLSONARO;PL;6740;54,00;LULA;PT;5181;41,51;11.89;5181;26.3;48.3;48.1
mg;LAMBARI;Minas Gerais;Sudeste;-21.97827;-45.35595;17336;23.89;454;50;FLAVIO BOLSONARO;PL;7328;58,54;LULA;PT;4210;33,63;23.63;4210;23.1;47.3;48.5
mg;LAMIM;Minas Gerais;Sudeste;-20.78794;-43.47256;3521;21.7;86;11;LULA;PT;1569;60,88;FLAVIO BOLSONARO;PL;770;29,88;28.98;770;22.7;50.3;50.1
mg;LARANJAL;Minas Gerais;Sudeste;-21.34877;-42.46976;5921;21.16;119;20;FLAVIO BOLSONARO;PL;2286;50,87;LULA;PT;1997;44,44;6.19;1997;20.2;50.6;49.0
mg;LASSANCE;Minas Gerais;Sudeste;-17.87727;-44.62313;6216;29.39;160;20;LULA;PT;2284;54,81;FLAVIO BOLSONARO;PL;1542;37,01;16.91;1542;25.3;52.5;49.8
mg;LAVRAS;Minas Gerais;Sudeste;-21.24426;-45.0001;75558;24.22;2336;213;FLAVIO BOLSONARO;PL;26718;50,15;LULA;PT;21474;40,31;9.16;21474;24.4;35.8;46.6
mg;LEANDRO FERREIRA;Minas Gerais;Sudeste;-19.71107;-45.0324;3322;22.49;69;10;FLAVIO BOLSONARO;PL;1462;59,14;LULA;PT;845;34,18;23.96;845;21.9;53.9;50.8
mg;LEME DO PRADO;Minas Gerais;Sudeste;-17.08606;-42.73131;4360;29.7;103;15;LULA;PT;1899;64,90;FLAVIO BOLSONARO;PL;819;27,99;35.24;819;25.5;48.9;49.6
mg;LEOPOLDINA;Minas Gerais;Sudeste;-21.53444;-42.72359;40162;24.19;716;132;LULA;PT;15286;52,62;FLAVIO BOLSONARO;PL;11528;39,69;12.34;11528;22.0;44.9;46.6
mg;LIBERDADE;Minas Gerais;Sudeste;-22.0256;-44.31981;4275;19.39;125;17;LULA;PT;1726;52,86;FLAVIO BOLSONARO;PL;1312;40,18;12.01;1312;20.5;50.7;50.8
mg;LIMA DUARTE;Minas Gerais;Sudeste;-21.82587;-43.81795;14497;24.62;399;46;LULA;PT;6206;60,22;FLAVIO BOLSONARO;PL;3278;31,81;26.79;3278;21.9;48.2;49.3
mg;LIMEIRA DO OESTE;Minas Gerais;Sudeste;-19.55389;-50.57859;6632;20.78;111;19;FLAVIO BOLSONARO;PL;2461;48,43;LULA;PT;2371;46,65;1.71;2371;26.7;48.2;50.6
mg;LONTRA;Minas Gerais;Sudeste;-15.89083;-44.29633;8567;26.74;170;26;LULA;PT;3842;63,60;FLAVIO BOLSONARO;PL;1895;31,37;31.02;1895;26.9;52.5;50.6
mg;LUISBURGO;Minas Gerais;Sudeste;-20.4385;-42.10049;5861;20.75;114;18;FLAVIO BOLSONARO;PL;2491;55,98;LULA;PT;1632;36,67;18.49;1632;25.4;67.1;50.3
mg;LUISLÂNDIA;Minas Gerais;Sudeste;-19.18237;-45.09853;6783;28.41;104;28;LULA;PT;3584;76,13;FLAVIO BOLSONARO;PL;911;19,35;55.05;911;27.5;54.7;51.4
mg;LUMINÁRIAS;Minas Gerais;Sudeste;-21.51094;-44.90265;4351;15.77;159;16;LULA;PT;1621;48,16;FLAVIO BOLSONARO;PL;1470;43,67;4.12;1470;23.7;48.1;50.7
mg;LUZ;Minas Gerais;Sudeste;-19.80207;-45.68396;14672;27.22;311;56;FLAVIO BOLSONARO;PL;5713;56,48;LULA;PT;3641;36,00;19.4;3641;21.7;44.2;48.4
mg;MACHACALIS;Minas Gerais;Sudeste;-17.07619;-40.71911;5799;22.88;136;21;LULA;PT;2419;56,36;FLAVIO BOLSONARO;PL;1629;37,95;17.67;1629;24.3;46.5;50.0
mg;MACHADO;Minas Gerais;Sudeste;-21.6819;-45.91712;30436;23.88;793;92;FLAVIO BOLSONARO;PL;13011;59,78;LULA;PT;7234;33,24;24.93;7234;24.5;47.7;47.9
mg;MADRE DE DEUS DE MINAS;Minas Gerais;Sudeste;-21.4752;-44.34314;4478;18.42;176;16;LULA;PT;1676;49,34;FLAVIO BOLSONARO;PL;1458;42,92;5.97;1458;23.9;42.4;48.4
mg;MALACACHETA;Minas Gerais;Sudeste;-17.844;-42.09207;15507;31.41;428;58;LULA;PT;5763;57,45;FLAVIO BOLSONARO;PL;3776;37,64;18.68;3776;23.1;55.9;47.9
mg;MAMONAS;Minas Gerais;Sudeste;-15.04053;-42.94748;6126;17.92;101;24;LULA;PT;2990;61,15;FLAVIO BOLSONARO;PL;1578;32,27;28.08;1578;21.3;56.6;50.4
mg;MANGA;Minas Gerais;Sudeste;-14.73788;-44.0019;16127;28.49;385;63;LULA;PT;6711;61,01;FLAVIO BOLSONARO;PL;3883;35,30;24.52;3883;27.9;52.4;48.8
mg;MANHUAÇU;Minas Gerais;Sudeste;-20.23386;-42.07686;62011;23.07;1157;181;FLAVIO BOLSONARO;PL;25075;54,88;LULA;PT;17692;38,72;15.48;17692;25.8;49.5;47.2
mg;MANHUMIRIM;Minas Gerais;Sudeste;-20.35358;-41.95104;17013;25.51;369;60;FLAVIO BOLSONARO;PL;5762;47,75;LULA;PT;5574;46,19;1.48;5574;23.9;51.7;47.8
mg;MANTENA;Minas Gerais;Sudeste;-18.75585;-41.00076;19156;22.55;325;73;FLAVIO BOLSONARO;PL;8400;58,68;LULA;PT;5172;36,13;21.76;5172;22.5;47.0;46.5
mg;MAR DE ESPANHA;Minas Gerais;Sudeste;-21.86748;-43.00869;10443;19.38;274;40;FLAVIO BOLSONARO;PL;3980;49,80;LULA;PT;3419;42,78;6.66;3419;22.9;45.9;45.6
mg;MARAVILHAS;Minas Gerais;Sudeste;-19.52421;-44.69134;6311;17.67;126;18;FLAVIO BOLSONARO;PL;2874;57,71;LULA;PT;1616;32,45;24.21;1616;25.0;54.6;49.3
mg;MARIA DA FÉ;Minas Gerais;Sudeste;-22.32026;-45.36006;12214;20.48;258;37;FLAVIO BOLSONARO;PL;5267;56,97;LULA;PT;3222;34,85;21.06;3222;23.8;48.8;50.0
mg;MARIANA;Minas Gerais;Sudeste;-20.34509;-43.40828;52424;23.37;1848;160;LULA;PT;21541;58,21;FLAVIO BOLSONARO;PL;11762;31,78;24.34;11762;26.7;43.0;47.3
mg;MARILAC;Minas Gerais;Sudeste;-18.50632;-42.07885;4681;25.4;132;15;LULA;PT;1798;54,42;FLAVIO BOLSONARO;PL;1303;39,44;14.18;1303;28.0;45.2;48.9
mg;MARIPÁ DE MINAS;Minas Gerais;Sudeste;-21.69899;-42.95879;3150;21.08;85;12;FLAVIO BOLSONARO;PL;1163;49,18;LULA;PT;1026;43,38;5.51;1026;20.5;51.1;50.0
mg;MARLIÉRIA;Minas Gerais;Sudeste;-19.68098;-42.67174;4514;22.73;95;17;FLAVIO BOLSONARO;PL;1591;47,48;LULA;PT;1556;46,43;1.0;1556;22.8;44.9;50.1
mg;MARMELÓPOLIS;Minas Gerais;Sudeste;-22.45061;-45.16452;3077;21.48;81;10;FLAVIO BOLSONARO;PL;1090;47,89;LULA;PT;989;43,45;4.18;989;23.8;51.4;50.2
mg;MARTINHO CAMPOS;Minas Gerais;Sudeste;-19.37971;-45.20574;11161;24.01;183;38;FLAVIO BOLSONARO;PL;5071;62,74;LULA;PT;2379;29,44;31.74;2379;22.9;52.7;49.1
mg;MARTINS SOARES;Minas Gerais;Sudeste;-20.25556;-41.86795;8197;22.86;183;25;LULA;PT;2912;48,27;FLAVIO BOLSONARO;PL;2812;46,61;1.58;2812;27.3;60.4;48.8
mg;MATA VERDE;Minas Gerais;Sudeste;-15.68824;-40.73979;7529;22.83;182;24;LULA;PT;2922;52,61;FLAVIO BOLSONARO;PL;2357;42,44;9.72;2357;26.8;56.4;50.6
mg;MATERLÂNDIA;Minas Gerais;Sudeste;-18.46366;-43.04621;4509;36.33;147;18;LULA;PT;1867;70,19;FLAVIO BOLSONARO;PL;635;23,87;42.91;635;23.1;56.8;49.3
mg;MATEUS LEME;Minas Gerais;Sudeste;-20.00421;-44.43081;29334;26.03;880;93;FLAVIO BOLSONARO;PL;10122;50,25;LULA;PT;7717;38,31;11.08;7717;25.5;42.5;48.2
mg;MATHIAS LOBATO;Minas Gerais;Sudeste;-18.5735;-41.91582;3363;26.4;72;16;LULA;PT;1314;55,35;FLAVIO BOLSONARO;PL;1001;42,17;12.65;1001;29.1;47.2;48.5
mg;MATIAS BARBOSA;Minas Gerais;Sudeste;-21.87169;-43.31799;11981;21.18;296;36;LULA;PT;4471;49,90;FLAVIO BOLSONARO;PL;3810;42,52;7.0;3810;23.1;43.7;48.5
mg;MATIAS CARDOSO;Minas Gerais;Sudeste;-14.87494;-43.82762;7349;24.89;154;28;LULA;PT;3616;67,89;FLAVIO BOLSONARO;PL;1518;28,50;38.01;1518;28.4;53.0;49.9
mg;MATIPÓ;Minas Gerais;Sudeste;-20.29751;-42.34488;15216;21.44;395;43;LULA;PT;5578;49,36;FLAVIO BOLSONARO;PL;5263;46,57;2.64;5263;29.9;48.0;47.4
mg;MATO VERDE;Minas Gerais;Sudeste;-15.39492;-42.86521;10840;17.8;310;41;LULA;PT;5025;59,14;FLAVIO BOLSONARO;PL;3103;36,52;21.57;3103;23.2;51.7;48.0
mg;MATOZINHOS;Minas Gerais;Sudeste;-19.55719;-44.07649;30120;22.2;848;92;FLAVIO BOLSONARO;PL;10341;47,29;LULA;PT;9068;41,47;5.43;9068;25.0;39.2;47.6
mg;MATUTINA;Minas Gerais;Sudeste;-19.22022;-45.99139;3386;22.98;94;12;FLAVIO BOLSONARO;PL;1440;58,44;LULA;PT;848;34,42;22.7;848;21.1;55.0;49.0
mg;MEDEIROS;Minas Gerais;Sudeste;-20.01377;-46.25901;3335;23.33;55;11;FLAVIO BOLSONARO;PL;1454;59,13;LULA;PT;852;34,65;23.54;852;23.5;50.8;51.5
mg;MEDINA;Minas Gerais;Sudeste;-16.24078;-41.4963;16321;26.84;529;54;LULA;PT;7026;62,70;FLAVIO BOLSONARO;PL;3738;33,36;27.54;3738;24.6;55.1;48.9
mg;MENDES PIMENTEL;Minas Gerais;Sudeste;-18.64798;-41.38775;4977;25.96;105;20;LULA;PT;1727;49,15;FLAVIO BOLSONARO;PL;1597;45,45;3.53;1597;20.8;54.8;49.9
mg;MERCÊS;Minas Gerais;Sudeste;-21.19801;-43.34241;8100;20.46;249;27;LULA;PT;3396;56,07;FLAVIO BOLSONARO;PL;2148;35,46;19.37;2148;23.5;50.3;48.3
mg;MESQUITA;Minas Gerais;Sudeste;-19.2293;-42.61847;5447;32.22;105;21;LULA;PT;1678;47,67;FLAVIO BOLSONARO;PL;1643;46,68;0.95;1643;23.0;54.0;49.8
mg;MINAS NOVAS;Minas Gerais;Sudeste;-17.28832;-42.49301;22788;35.17;843;78;LULA;PT;9519;69,58;FLAVIO BOLSONARO;PL;3576;26,14;40.23;3576;26.3;54.4;48.7
mg;MINDURI;Minas Gerais;Sudeste;-20.85745;-44.29043;3240;22.75;91;15;LULA;PT;1115;47,29;FLAVIO BOLSONARO;PL;1107;46,95;0.32;1107;24.3;49.1;49.7
mg;MIRABELA;Minas Gerais;Sudeste;-16.24896;-44.17666;10866;19.85;224;39;LULA;PT;5330;63,57;FLAVIO BOLSONARO;PL;2521;30,07;32.25;2521;25.8;44.4;49.2
mg;MIRADOURO;Minas Gerais;Sudeste;-20.87546;-42.36397;8125;21.01;208;32;LULA;PT;3113;51,26;FLAVIO BOLSONARO;PL;2649;43,62;7.23;2649;22.3;53.7;49.5
mg;MIRAVÂNIA;Minas Gerais;Sudeste;-14.72239;-44.35574;4128;33.91;112;14;LULA;PT;1747;67,50;FLAVIO BOLSONARO;PL;672;25,97;39.41;672;27.5;55.5;50.4
mg;MIRAÍ;Minas Gerais;Sudeste;-21.18202;-42.61272;10695;22.12;309;41;FLAVIO BOLSONARO;PL;4092;51,80;LULA;PT;3298;41,75;9.53;3298;22.5;49.7;48.5
mg;MOEDA;Minas Gerais;Sudeste;-20.32593;-44.03187;5316;19.04;141;19;FLAVIO BOLSONARO;PL;1943;47,65;LULA;PT;1734;42,52;4.86;1734;21.2;45.1;50.2
mg;MOEMA;Minas Gerais;Sudeste;-19.84977;-45.40829;6829;20.63;131;24;FLAVIO BOLSONARO;PL;2900;55,81;LULA;PT;1844;35,49;19.48;1844;22.2;45.6;47.5
mg;MONJOLOS;Minas Gerais;Sudeste;-18.34336;-44.08382;2627;35.48;68;10;LULA;PT;908;56,54;FLAVIO BOLSONARO;PL;601;37,42;18.11;601;24.1;50.7;51.1
mg;MONSENHOR PAULO;Minas Gerais;Sudeste;-21.75823;-45.54012;6960;23.06;194;20;FLAVIO BOLSONARO;PL;2609;51,81;LULA;PT;2146;42,61;8.65;2146;24.1;45.8;49.7
mg;MONTALVÂNIA;Minas Gerais;Sudeste;-14.42985;-44.42503;13202;29.0;372;55;LULA;PT;5627;63,27;FLAVIO BOLSONARO;PL;2836;31,89;29.78;2836;24.6;54.6;48.8
mg;MONTE ALEGRE DE MINAS;Minas Gerais;Sudeste;-18.86127;-48.8841;15409;27.47;284;52;FLAVIO BOLSONARO;PL;5288;49,52;LULA;PT;4677;43,80;5.47;4677;21.4;54.1;48.7
mg;MONTE AZUL;Minas Gerais;Sudeste;-15.18457;-42.91658;17843;19.82;515;75;LULA;PT;7858;57,80;FLAVIO BOLSONARO;PL;5113;37,61;19.19;5113;21.0;51.3;47.8
mg;MONTE BELO;Minas Gerais;Sudeste;-21.31654;-46.35727;10838;22.02;211;32;FLAVIO BOLSONARO;PL;4180;51,99;LULA;PT;3272;40,70;10.74;3272;22.3;53.4;50.5
mg;MONTE CARMELO;Minas Gerais;Sudeste;-18.73733;-47.49034;35703;22.82;677;108;FLAVIO BOLSONARO;PL;13186;50,12;LULA;PT;11046;41,98;7.77;11046;23.1;49.3;48.1
mg;MONTE FORMOSO;Minas Gerais;Sudeste;-16.86699;-41.25557;4603;33.33;165;15;LULA;PT;1968;68,88;FLAVIO BOLSONARO;PL;708;24,78;41.06;708;29.5;59.4;51.9
mg;MONTE SANTO DE MINAS;Minas Gerais;Sudeste;-21.20011;-46.97932;17062;28.24;492;48;FLAVIO BOLSONARO;PL;6241;54,89;LULA;PT;4199;36,93;16.68;4199;21.7;49.2;49.1
mg;MONTE SIÃO;Minas Gerais;Sudeste;-22.42926;-46.56704;18682;21.35;323;53;FLAVIO BOLSONARO;PL;10553;74,66;LULA;PT;2794;19,77;52.81;2794;22.3;51.4;48.3
mg;MONTES CLAROS;Minas Gerais;Sudeste;-16.71408;-43.86115;283875;17.8;7534;921;FLAVIO BOLSONARO;PL;108875;49,25;LULA;PT;94112;42,57;6.33;94112;26.8;26.9;45.8
mg;MONTEZUMA;Minas Gerais;Sudeste;-15.20636;-42.50654;5966;24.71;180;26;LULA;PT;2608;61,44;FLAVIO BOLSONARO;PL;1440;33,92;26.0;1440;26.3;57.3;48.9
mg;MORADA NOVA DE MINAS;Minas Gerais;Sudeste;-18.63187;-45.35568;7207;21.69;167;28;FLAVIO BOLSONARO;PL;3104;57,73;LULA;PT;2002;37,23;19.53;2002;23.3;49.5;50.2
mg;MORRO DA GARÇA;Minas Gerais;Sudeste;-18.56169;-44.61278;3045;27.68;57;10;LULA;PT;1302;61,53;FLAVIO BOLSONARO;PL;668;31,57;28.79;668;23.9;49.2;51.2
mg;MORRO DO PILAR;Minas Gerais;Sudeste;-19.2246;-43.38193;3968;29.39;178;18;LULA;PT;1435;55,56;FLAVIO BOLSONARO;PL;906;35,08;18.88;906;23.3;50.7;49.2
mg;MUNHOZ;Minas Gerais;Sudeste;-22.61856;-46.3495;6066;22.27;119;19;FLAVIO BOLSONARO;PL;2654;59,06;LULA;PT;1587;35,31;22.63;1587;23.3;60.3;51.8
mg;MURIAÉ;Minas Gerais;Sudeste;-21.12719;-42.38152;78840;20.11;1954;273;FLAVIO BOLSONARO;PL;30669;51,28;LULA;PT;25203;42,14;8.68;25203;22.4;44.9;45.9
mg;MUTUM;Minas Gerais;Sudeste;-19.89077;-41.43511;21564;23.53;367;71;FLAVIO BOLSONARO;PL;8657;54,49;LULA;PT;6442;40,55;13.43;6442;23.4;57.2;49.1
mg;MUZAMBINHO;Minas Gerais;Sudeste;-21.37031;-46.52367;17966;23.32;318;51;FLAVIO BOLSONARO;PL;7138;54,26;LULA;PT;5075;38,58;14.97;5075;21.5;43.2;48.6
mg;MÁRIO CAMPOS;Minas Gerais;Sudeste;-20.06174;-44.18108;12178;19.39;350;35;FLAVIO BOLSONARO;PL;4662;50,92;LULA;PT;3583;39,14;10.99;3583;28.1;39.7;48.6
mg;NACIP RAYDAN;Minas Gerais;Sudeste;-18.4645;-42.24353;2825;32.64;102;9;LULA;PT;1046;58,67;FLAVIO BOLSONARO;PL;627;35,17;22.02;627;24.7;52.9;48.2
mg;NANUQUE;Minas Gerais;Sudeste;-17.85342;-40.37588;29314;29.91;613;108;FLAVIO BOLSONARO;PL;9501;48,54;LULA;PT;9175;46,87;1.59;9175;21.4;47.4;46.8
mg;NAQUE;Minas Gerais;Sudeste;-19.2254;-42.33092;5485;26.82;133;15;LULA;PT;2004;52,61;FLAVIO BOLSONARO;PL;1642;43,11;9.02;1642;25.4;52.8;48.3
mg;NATALÂNDIA;Minas Gerais;Sudeste;-16.52072;-46.49342;3571;23.19;42;12;LULA;PT;1319;49,59;FLAVIO BOLSONARO;PL;1154;43,38;6.02;1154;25.7;50.7;52.2
mg;NATÉRCIA;Minas Gerais;Sudeste;-22.12372;-45.51278;4090;20.44;136;17;FLAVIO BOLSONARO;PL;1700;56,20;LULA;PT;990;32,73;21.82;990;19.8;49.5;51.0
mg;NAZARENO;Minas Gerais;Sudeste;-21.22138;-44.61226;6298;16.51;179;22;LULA;PT;2558;52,00;FLAVIO BOLSONARO;PL;1963;39,91;11.32;1963;25.5;43.2;50.2
mg;NEPOMUCENO;Minas Gerais;Sudeste;-21.22632;-45.24238;20890;25.89;576;67;FLAVIO BOLSONARO;PL;7270;50,12;LULA;PT;5909;40,73;8.79;5909;22.9;51.4;48.3
mg;NINHEIRA;Minas Gerais;Sudeste;-15.33785;-41.72565;8803;28.59;347;42;LULA;PT;3440;59,22;FLAVIO BOLSONARO;PL;1904;32,78;24.44;1904;25.4;61.6;50.5
mg;NOVA BELÉM;Minas Gerais;Sudeste;-18.48643;-41.07477;3553;24.63;78;14;LULA;PT;1258;49,16;FLAVIO BOLSONARO;PL;1179;46,07;2.95;1179;23.1;58.4;49.7
mg;NOVA ERA;Minas Gerais;Sudeste;-19.7648;-43.02946;15012;25.5;383;63;LULA;PT;5702;54,24;FLAVIO BOLSONARO;PL;3947;37,54;15.69;3947;22.4;41.3;47.6
mg;NOVA LIMA;Minas Gerais;Sudeste;-20.01226;-43.87946;77107;17.65;1916;227;FLAVIO BOLSONARO;PL;27750;46,08;LULA;PT;25643;42,58;3.32;25643;23.3;24.9;46.9
mg;NOVA MÓDICA;Minas Gerais;Sudeste;-18.44288;-41.50551;3589;24.19;104;14;LULA;PT;1411;54,39;FLAVIO BOLSONARO;PL;1042;40,17;13.56;1042;24.6;49.2;49.2
mg;NOVA PONTE;Minas Gerais;Sudeste;-19.1907;-47.67179;13442;25.23;236;36;FLAVIO BOLSONARO;PL;5375;55,75;LULA;PT;3684;38,21;16.82;3684;28.3;47.7;51.3
mg;NOVA PORTEIRINHA;Minas Gerais;Sudeste;-15.7672;-43.28879;6102;17.57;135;26;LULA;PT;2737;56,78;FLAVIO BOLSONARO;PL;1829;37,95;18.05;1829;27.0;44.2;49.4
mg;NOVA RESENDE;Minas Gerais;Sudeste;-21.11699;-46.41975;13447;19.83;324;38;FLAVIO BOLSONARO;PL;6135;60,22;LULA;PT;3293;32,32;26.36;3293;25.2;58.9;50.5
mg;NOVA SERRANA;Minas Gerais;Sudeste;-19.87261;-44.98237;67377;17.13;931;202;FLAVIO BOLSONARO;PL;38660;71,84;LULA;PT;11437;21,25;48.76;11437;31.4;44.4;47.4
mg;NOVA UNIÃO;Minas Gerais;Sudeste;-19.67876;-43.58023;5802;25.75;124;18;LULA;PT;1914;46,79;FLAVIO BOLSONARO;PL;1723;42,12;4.43;1723;22.0;53.3;50.1
mg;NOVO CRUZEIRO;Minas Gerais;Sudeste;-17.4166;-41.9332;24963;36.46;873;85;LULA;PT;9854;66,90;FLAVIO BOLSONARO;PL;4310;29,26;34.95;4310;26.1;56.3;48.5
mg;NOVO ORIENTE DE MINAS;Minas Gerais;Sudeste;-17.35355;-41.21088;9100;33.71;352;26;LULA;PT;3540;63,46;FLAVIO BOLSONARO;PL;1750;31,37;29.68;1750;23.5;61.0;50.8
mg;NOVORIZONTE;Minas Gerais;Sudeste;-16.63553;-43.15112;4973;25.18;196;15;LULA;PT;1877;54,01;FLAVIO BOLSONARO;PL;1436;41,32;11.85;1436;25.2;54.6;50.8
mg;OLARIA;Minas Gerais;Sudeste;-21.86561;-43.95511;2313;22.18;64;8;LULA;PT;929;54,23;FLAVIO BOLSONARO;PL;624;36,43;16.94;624;21.0;54.3;53.7
mg;OLHOS D'ÁGUA;Minas Gerais;Sudeste;-17.40048;-43.55989;5281;23.61;106;20;LULA;PT;2554;65,89;FLAVIO BOLSONARO;PL;1066;27,50;36.89;1066;27.3;44.7;51.2
mg;OLIVEIRA;Minas Gerais;Sudeste;-20.70493;-44.79754;33504;21.98;937;110;FLAVIO BOLSONARO;PL;11980;49,14;LULA;PT;10180;41,76;6.89;10180;23.0;44.8;47.6
mg;OLIVEIRA FORTES;Minas Gerais;Sudeste;-21.33531;-43.47653;2731;21.13;70;10;LULA;PT;1239;60,88;FLAVIO BOLSONARO;PL;654;32,14;27.16;654;22.5;53.9;50.3
mg;OLÍMPIO NORONHA;Minas Gerais;Sudeste;-22.07044;-45.26379;2869;24.54;101;9;LULA;PT;964;47,51;FLAVIO BOLSONARO;PL;881;43,42;3.83;881;24.2;52.8;50.0
mg;ONÇA DE PITANGUI;Minas Gerais;Sudeste;-19.77149;-44.7006;3368;20.01;54;15;FLAVIO BOLSONARO;PL;1551;59,63;LULA;PT;828;31,83;26.84;828;24.8;50.1;51.9
mg;ORATÓRIOS;Minas Gerais;Sudeste;-20.43263;-42.80367;4326;20.13;123;15;LULA;PT;2241;68,89;FLAVIO BOLSONARO;PL;824;25,33;41.01;824;25.3;53.4;49.5
mg;ORIZÂNIA;Minas Gerais;Sudeste;-20.50831;-42.21172;6817;24.0;107;20;LULA;PT;2489;49,78;FLAVIO BOLSONARO;PL;2247;44,94;4.67;2247;27.4;66.2;50.7
mg;OURO BRANCO;Minas Gerais;Sudeste;-20.80882;-43.88873;30112;17.54;751;91;FLAVIO BOLSONARO;PL;10891;46,38;LULA;PT;10187;43,38;2.84;10187;25.3;29.5;48.6
mg;OURO FINO;Minas Gerais;Sudeste;-22.27932;-46.37595;25443;25.55;574;84;FLAVIO BOLSONARO;PL;11490;64,17;LULA;PT;4826;26,95;35.18;4826;21.1;47.7;48.2
mg;OURO PRETO;Minas Gerais;Sudeste;-20.38706;-43.5528;64302;21.49;1781;203;LULA;PT;28812;60,93;FLAVIO BOLSONARO;PL;14272;30,18;28.8;14272;25.2;39.3;48.2
mg;OURO VERDE DE MINAS;Minas Gerais;Sudeste;-18.06721;-41.26734;7237;27.26;167;25;LULA;PT;2709;53,87;FLAVIO BOLSONARO;PL;2123;42,22;11.13;2123;28.0;59.3;50.3
mg;PADRE CARVALHO;Minas Gerais;Sudeste;-16.33395;-42.53745;5095;35.7;120;19;LULA;PT;1940;62,34;FLAVIO BOLSONARO;PL;983;31,59;29.21;983;30.0;51.0;49.9
mg;PADRE PARAÍSO;Minas Gerais;Sudeste;-17.07101;-41.5029;14207;31.2;418;46;LULA;PT;4904;53,39;FLAVIO BOLSONARO;PL;3819;41,58;11.1;3819;25.1;58.2;48.2
mg;PAI PEDRO;Minas Gerais;Sudeste;-15.4766;-43.11293;5550;24.72;172;18;LULA;PT;2736;68,88;FLAVIO BOLSONARO;PL;1076;27,09;39.73;1076;27.5;54.5;50.3
mg;PAINEIRAS;Minas Gerais;Sudeste;-18.90135;-45.52828;3921;19.15;104;15;LULA;PT;1474;49,22;FLAVIO BOLSONARO;PL;1290;43,07;5.8;1290;19.5;53.0;49.5
mg;PAINS;Minas Gerais;Sudeste;-20.35728;-45.68258;6914;21.94;115;22;FLAVIO BOLSONARO;PL;3007;58,02;LULA;PT;1761;33,98;23.09;1761;21.8;49.7;49.0
mg;PAIVA;Minas Gerais;Sudeste;-21.28447;-43.41727;1859;19.58;50;8;LULA;PT;778;54,83;FLAVIO BOLSONARO;PL;506;35,66;18.19;506;22.1;47.5;49.2
mg;PALMA;Minas Gerais;Sudeste;-21.39742;-42.327;5273;23.91;96;19;LULA;PT;2176;56,40;FLAVIO BOLSONARO;PL;1485;38,49;17.22;1485;21.3;46.8;49.2
mg;PALMÓPOLIS;Minas Gerais;Sudeste;-16.77439;-40.39261;6338;31.26;232;20;LULA;PT;2651;65,38;FLAVIO BOLSONARO;PL;1177;29,03;33.83;1177;22.2;63.4;50.0
mg;PAPAGAIOS;Minas Gerais;Sudeste;-19.44922;-44.75138;11723;17.33;248;33;FLAVIO BOLSONARO;PL;4919;53,22;LULA;PT;3626;39,23;13.34;3626;26.5;55.1;48.3
mg;PARACATU;Minas Gerais;Sudeste;-17.2215;-46.86948;68278;23.11;1082;197;FLAVIO BOLSONARO;PL;30159;60,15;LULA;PT;16165;32,24;26.65;16165;27.4;37.4;48.3
mg;PARAGUAÇU;Minas Gerais;Sudeste;-21.55425;-45.73603;16696;21.98;348;50;FLAVIO BOLSONARO;PL;6695;54,31;LULA;PT;4694;38,08;15.36;4694;22.1;49.4;48.5
mg;PARAISÓPOLIS;Minas Gerais;Sudeste;-22.55848;-45.78892;16472;22.99;462;48;FLAVIO BOLSONARO;PL;6542;54,88;LULA;PT;4167;34,96;18.72;4167;22.7;47.1;48.8
mg;PARAOPEBA;Minas Gerais;Sudeste;-20.28962;-45.03692;19694;18.37;518;63;FLAVIO BOLSONARO;PL;7978;52,66;LULA;PT;5915;39,04;12.83;5915;26.4;40.7;47.8
mg;PARÁ DE MINAS;Minas Gerais;Sudeste;-19.85727;-44.60314;67632;21.33;1929;225;FLAVIO BOLSONARO;PL;31055;62,19;LULA;PT;13618;27,27;32.77;13618;24.7;39.8;47.0
mg;PASSA QUATRO;Minas Gerais;Sudeste;-22.38572;-44.96683;13298;21.18;338;38;FLAVIO BOLSONARO;PL;4713;47,64;LULA;PT;4297;43,44;3.97;4297;22.6;44.1;48.7
mg;PASSA TEMPO;Minas Gerais;Sudeste;-20.64478;-44.50051;7354;19.4;346;28;LULA;PT;2470;45,89;FLAVIO BOLSONARO;PL;2392;44,44;1.32;2392;21.7;46.6;49.7
mg;PASSA VINTE;Minas Gerais;Sudeste;-22.20269;-44.24566;2493;18.93;52;9;FLAVIO BOLSONARO;PL;925;47,56;LULA;PT;849;43,65;3.76;849;21.4;46.6;51.7
mg;PASSABÉM;Minas Gerais;Sudeste;-19.35206;-43.13933;1914;23.67;52;7;LULA;PT;734;52,96;FLAVIO BOLSONARO;PL;543;39,18;13.07;543;21.7;48.4;49.7
mg;PASSOS;Minas Gerais;Sudeste;-20.72091;-46.60983;81108;22.55;1780;284;FLAVIO BOLSONARO;PL;30548;51,36;LULA;PT;23112;38,86;11.84;23112;22.7;40.1;46.6
mg;PATIS;Minas Gerais;Sudeste;-16.06805;-44.1059;5226;24.97;105;25;LULA;PT;2727;72,35;FLAVIO BOLSONARO;PL;843;22,37;48.05;843;27.9;46.5;51.3
mg;PATOS DE MINAS;Minas Gerais;Sudeste;-18.58776;-46.51588;116646;22.44;2211;372;FLAVIO BOLSONARO;PL;54527;62,95;LULA;PT;24655;28,46;33.02;24655;23.7;38.3;46.6
mg;PATROCÍNIO;Minas Gerais;Sudeste;-18.94739;-46.99105;65612;18.72;1361;222;FLAVIO BOLSONARO;PL;31008;61,18;LULA;PT;15427;30,44;29.22;15427;26.1;37.6;48.5
mg;PATROCÍNIO DO MURIAÉ;Minas Gerais;Sudeste;-21.15046;-42.21142;5085;17.27;127;19;LULA;PT;1985;49,34;FLAVIO BOLSONARO;PL;1810;44,99;4.16;1810;22.5;43.9;48.9
mg;PAULA CÂNDIDO;Minas Gerais;Sudeste;-20.85835;-42.97265;7817;22.58;211;30;LULA;PT;3669;64,11;FLAVIO BOLSONARO;PL;1630;28,48;33.69;1630;22.9;56.1;50.4
mg;PAULISTAS;Minas Gerais;Sudeste;-18.43022;-42.86768;4222;32.4;135;18;LULA;PT;1891;70,88;FLAVIO BOLSONARO;PL;636;23,84;43.97;636;24.7;55.2;48.6
mg;PAVÃO;Minas Gerais;Sudeste;-17.72048;-41.74304;6314;29.84;206;19;LULA;PT;2570;61,96;FLAVIO BOLSONARO;PL;1468;35,39;24.88;1468;23.5;60.1;50.3
mg;PEDRA AZUL;Minas Gerais;Sudeste;-15.98714;-41.26738;18355;32.05;588;68;LULA;PT;6480;55,34;FLAVIO BOLSONARO;PL;4639;39,62;14.76;4639;24.3;53.0;47.4
mg;PEDRA BONITA;Minas Gerais;Sudeste;-20.76223;-42.72759;6260;18.21;176;19;FLAVIO BOLSONARO;PL;2435;50,22;LULA;PT;2172;44,79;5.14;2172;29.2;58.2;50.7
mg;PEDRA DO ANTA;Minas Gerais;Sudeste;-20.59871;-42.71379;3516;20.14;110;16;LULA;PT;1669;63,51;FLAVIO BOLSONARO;PL;815;31,01;30.41;815;22.4;56.2;49.7
mg;PEDRA DO INDAIÁ;Minas Gerais;Sudeste;-20.28282;-45.22048;3864;18.66;122;15;FLAVIO BOLSONARO;PL;1741;58,94;LULA;PT;965;32,67;24.69;965;21.2;51.6;51.4
mg;PEDRA DOURADA;Minas Gerais;Sudeste;-20.83004;-42.15641;2730;18.86;86;10;LULA;PT;1097;52,24;FLAVIO BOLSONARO;PL;878;41,81;9.89;878;26.8;54.8;50.6
mg;PEDRALVA;Minas Gerais;Sudeste;-22.24949;-45.46405;9379;22.81;256;30;FLAVIO BOLSONARO;PL;3793;55,79;LULA;PT;2509;36,90;17.73;2509;23.5;51.0;50.2
mg;PEDRAS DE MARIA DA CRUZ;Minas Gerais;Sudeste;-15.60403;-44.35499;8112;29.3;133;30;LULA;PT;4055;73,18;FLAVIO BOLSONARO;PL;1322;23,86;47.65;1322;26.5;52.5;49.9
mg;PEDRINÓPOLIS;Minas Gerais;Sudeste;-19.22976;-47.46675;3421;21.86;52;13;FLAVIO BOLSONARO;PL;1419;55,00;LULA;PT;964;37,36;17.02;964;22.0;43.1;51.4
mg;PEDRO LEOPOLDO;Minas Gerais;Sudeste;-19.61316;-44.03465;49124;20.39;1296;166;FLAVIO BOLSONARO;PL;18757;51,02;LULA;PT;13992;38,06;12.18;13992;23.2;36.8;47.0
mg;PEDRO TEIXEIRA;Minas Gerais;Sudeste;-21.70642;-43.74802;2507;16.63;52;10;LULA;PT;1251;62,68;FLAVIO BOLSONARO;PL;578;28,96;32.2;578;22.4;51.9;51.2
mg;PEQUERI;Minas Gerais;Sudeste;-21.83624;-43.12246;3368;20.64;72;12;LULA;PT;1292;50,63;FLAVIO BOLSONARO;PL;1080;42,32;7.93;1080;22.7;48.1;48.7
mg;PEQUI;Minas Gerais;Sudeste;-20.41491;-45.23083;3981;15.9;82;16;FLAVIO BOLSONARO;PL;1604;49,91;LULA;PT;1253;38,99;10.48;1253;22.0;45.1;49.2
mg;PERDIGÃO;Minas Gerais;Sudeste;-19.9503;-45.07352;8537;18.57;164;28;FLAVIO BOLSONARO;PL;4724;70,93;LULA;PT;1398;20,99;47.84;1398;25.1;52.3;48.9
mg;PERDIZES;Minas Gerais;Sudeste;-19.3634;-47.26367;14146;25.36;241;55;FLAVIO BOLSONARO;PL;6184;60,86;LULA;PT;3221;31,70;28.06;3221;27.7;45.8;51.4
mg;PERDÕES;Minas Gerais;Sudeste;-21.09021;-45.08522;17292;21.55;431;56;FLAVIO BOLSONARO;PL;6915;54,33;LULA;PT;4660;36,62;16.62;4660;23.0;42.4;47.8
mg;PERIQUITO;Minas Gerais;Sudeste;-19.11492;-42.22641;6318;26.08;112;21;FLAVIO BOLSONARO;PL;2159;48,21;LULA;PT;2097;46,83;1.33;2097;28.8;44.8;48.5
mg;PESCADOR;Minas Gerais;Sudeste;-18.35518;-41.59742;3581;30.83;114;14;LULA;PT;1415;60,52;FLAVIO BOLSONARO;PL;816;34,90;24.18;816;24.8;51.9;49.0
mg;PEÇANHA;Minas Gerais;Sudeste;-18.55837;-42.53246;11993;27.41;392;45;LULA;PT;4466;54,82;FLAVIO BOLSONARO;PL;3062;37,59;16.13;3062;25.8;54.1;48.2
mg;PIAU;Minas Gerais;Sudeste;-20.02088;-45.66392;3238;18.5;66;13;LULA;PT;1399;55,27;FLAVIO BOLSONARO;PL;948;37,46;17.09;948;19.5;51.2;52.3
mg;PIEDADE DE CARATINGA;Minas Gerais;Sudeste;-19.76763;-42.09836;7808;23.36;199;26;FLAVIO BOLSONARO;PL;3192;56,14;LULA;PT;2231;39,24;16.06;2231;26.6;61.3;48.4
mg;PIEDADE DE PONTE NOVA;Minas Gerais;Sudeste;-20.24515;-42.73643;3812;23.85;92;13;LULA;PT;1749;63,44;FLAVIO BOLSONARO;PL;852;30,90;30.9;852;26.1;53.8;49.3
mg;PIEDADE DO RIO GRANDE;Minas Gerais;Sudeste;-21.55754;-44.12572;4083;23.61;139;16;LULA;PT;1409;48,52;FLAVIO BOLSONARO;PL;1208;41,60;6.44;1208;20.1;56.6;49.7
mg;PIEDADE DOS GERAIS;Minas Gerais;Sudeste;-20.47596;-44.24334;5270;25.67;122;14;FLAVIO BOLSONARO;PL;1853;50,75;LULA;PT;1448;39,66;10.34;1448;21.5;58.8;51.6
mg;PIMENTA;Minas Gerais;Sudeste;-20.49163;-45.80098;7313;21.37;179;23;FLAVIO BOLSONARO;PL;3252;60,35;LULA;PT;1778;32,99;25.63;1778;20.9;56.4;50.1
mg;PINGO D'ÁGUA;Minas Gerais;Sudeste;-19.72895;-42.4118;4149;24.58;125;14;LULA;PT;1670;56,51;FLAVIO BOLSONARO;PL;1129;38,21;17.29;1129;23.1;48.3;48.2
mg;PINTÓPOLIS;Minas Gerais;Sudeste;-16.01929;-45.10464;6546;30.69;117;28;LULA;PT;2798;64,28;FLAVIO BOLSONARO;PL;1250;28,72;34.12;1250;26.4;56.3;52.4
mg;PIRACEMA;Minas Gerais;Sudeste;-20.51354;-44.46006;6032;14.95;209;22;LULA;PT;2155;45,50;FLAVIO BOLSONARO;PL;2063;43,56;1.79;2063;22.3;48.4;49.3
mg;PIRAJUBA;Minas Gerais;Sudeste;-19.90549;-48.70202;4817;23.13;83;14;FLAVIO BOLSONARO;PL;1856;52,09;LULA;PT;1522;42,72;9.02;1522;27.1;46.5;51.6
mg;PIRANGA;Minas Gerais;Sudeste;-20.64947;-43.29277;14052;32.56;480;48;LULA;PT;4932;56,37;FLAVIO BOLSONARO;PL;3026;34,59;20.11;3026;24.1;61.2;50.9
mg;PIRANGUINHO;Minas Gerais;Sudeste;-22.38431;-45.5467;7298;19.42;169;23;FLAVIO BOLSONARO;PL;2982;53,17;LULA;PT;2130;37,98;14.49;2130;22.9;46.6;50.2
mg;PIRANGUÇU;Minas Gerais;Sudeste;-22.54488;-45.49933;4789;20.46;102;15;FLAVIO BOLSONARO;PL;2074;57,09;LULA;PT;1254;34,52;21.53;1254;20.9;51.8;50.7
mg;PIRAPETINGA;Minas Gerais;Sudeste;-21.66146;-42.35012;9414;18.88;259;37;LULA;PT;3539;48,89;FLAVIO BOLSONARO;PL;3304;45,65;3.08;3304;23.3;46.5;47.7
mg;PIRAPORA;Minas Gerais;Sudeste;-17.34129;-44.93356;41904;25.33;1190;137;FLAVIO BOLSONARO;PL;15504;52,74;LULA;PT;11637;39,59;12.36;11637;24.6;38.0;47.1
mg;PIRAÚBA;Minas Gerais;Sudeste;-21.27429;-43.02726;9664;21.71;206;27;LULA;PT;3680;50,90;FLAVIO BOLSONARO;PL;3064;42,38;8.14;3064;21.0;56.2;47.8
mg;PITANGUI;Minas Gerais;Sudeste;-19.67321;-44.89032;21464;20.05;407;70;FLAVIO BOLSONARO;PL;10412;63,44;LULA;PT;4660;28,39;33.52;4660;25.3;44.6;48.3
mg;PIUMHI;Minas Gerais;Sudeste;-20.47012;-45.96199;26253;25.43;508;75;FLAVIO BOLSONARO;PL;11798;63,21;LULA;PT;5561;29,80;31.86;5561;22.5;44.3;47.0
mg;PLANURA;Minas Gerais;Sudeste;-20.13615;-48.70567;8677;27.18;142;25;FLAVIO BOLSONARO;PL;3121;51,41;LULA;PT;2628;43,29;7.8;2628;24.7;49.4;51.7
mg;POCRANE;Minas Gerais;Sudeste;-19.60126;-41.59575;7548;25.42;165;26;LULA;PT;2621;48,55;FLAVIO BOLSONARO;PL;2601;48,18;0.36;2601;19.4;61.3;49.0
mg;POMPÉU;Minas Gerais;Sudeste;-19.2173;-44.99635;24330;25.19;699;69;FLAVIO BOLSONARO;PL;7984;46,87;LULA;PT;7718;45,31;1.46;7718;25.2;49.6;47.8
mg;PONTE NOVA;Minas Gerais;Sudeste;-20.41203;-42.90059;44494;22.11;923;152;LULA;PT;19696;59,77;FLAVIO BOLSONARO;PL;10611;32,20;26.22;10611;22.8;41.6;45.7
mg;PONTO CHIQUE;Minas Gerais;Sudeste;-16.62513;-45.03109;3901;30.79;97;13;LULA;PT;1871;72,44;FLAVIO BOLSONARO;PL;625;24,20;46.15;625;26.3;56.0;51.8
mg;PONTO DOS VOLANTES;Minas Gerais;Sudeste;-16.84196;-41.45299;9457;30.79;366;31;LULA;PT;3707;60,94;FLAVIO BOLSONARO;PL;2053;33,75;25.27;2053;27.2;57.2;50.3
mg;PORTEIRINHA;Minas Gerais;Sudeste;-15.73534;-43.04981;31682;22.61;809;113;LULA;PT;13656;58,53;FLAVIO BOLSONARO;PL;8563;36,70;20.77;8563;23.4;52.3;48.5
mg;PORTO FIRME;Minas Gerais;Sudeste;-21.59532;-43.88704;9025;26.56;233;30;LULA;PT;3598;57,46;FLAVIO BOLSONARO;PL;2261;36,11;20.17;2261;23.1;59.7;48.8
mg;POTÉ;Minas Gerais;Sudeste;-17.80808;-41.76415;12644;29.52;477;41;LULA;PT;4420;53,11;FLAVIO BOLSONARO;PL;3526;42,37;10.03;3526;23.0;57.0;48.5
mg;POUSO ALEGRE;Minas Gerais;Sudeste;-22.24295;-45.93288;112425;22.12;2754;360;FLAVIO BOLSONARO;PL;46748;56,40;LULA;PT;28345;34,20;21.02;28345;24.9;34.6;47.1
mg;POUSO ALTO;Minas Gerais;Sudeste;-22.20537;-44.96626;5593;19.69;133;18;FLAVIO BOLSONARO;PL;2337;54,87;LULA;PT;1620;38,04;15.96;1620;20.4;56.4;50.6
mg;POÇO FUNDO;Minas Gerais;Sudeste;-21.78925;-45.961;12809;20.19;254;37;FLAVIO BOLSONARO;PL;5067;52,40;LULA;PT;3873;40,05;11.68;3873;20.7;60.9;49.2
mg;POÇOS DE CALDAS;Minas Gerais;Sudeste;-22.2703;-46.83136;122866;26.53;2674;401;FLAVIO BOLSONARO;PL;45922;53,56;LULA;PT;31033;36,20;16.49;31033;22.4;34.1;45.8
mg;PRADOS;Minas Gerais;Sudeste;-21.52689;-44.44643;7485;17.18;302;23;LULA;PT;2913;51,58;FLAVIO BOLSONARO;PL;2223;39,36;11.13;2223;23.0;52.0;49.0
mg;PRATA;Minas Gerais;Sudeste;-19.31132;-48.91851;22334;26.95;276;76;FLAVIO BOLSONARO;PL;7964;50,54;LULA;PT;6185;39,25;10.9;6185;24.9;50.9;49.6
mg;PRATINHA;Minas Gerais;Sudeste;-19.75164;-46.37995;3312;22.46;49;11;FLAVIO BOLSONARO;PL;1569;63,37;LULA;PT;690;27,87;34.23;690;23.1;53.3;51.7
mg;PRATÁPOLIS;Minas Gerais;Sudeste;-20.75304;-46.85548;7457;23.12;242;25;FLAVIO BOLSONARO;PL;2807;52,24;LULA;PT;2133;39,70;11.76;2133;21.4;50.3;49.5
mg;PRESIDENTE BERNARDES;Minas Gerais;Sudeste;-23.43589;-45.48049;5729;29.67;134;23;LULA;PT;2318;60,71;FLAVIO BOLSONARO;PL;1243;32,56;26.68;1243;24.0;56.4;51.6
mg;PRESIDENTE JUSCELINO;Minas Gerais;Sudeste;-18.67738;-44.07039;4089;32.65;101;17;LULA;PT;1485;56,90;FLAVIO BOLSONARO;PL;959;36,74;19.1;959;20.5;55.6;52.7
mg;PRESIDENTE KUBITSCHEK;Minas Gerais;Sudeste;-18.62692;-43.57039;3087;22.64;105;12;LULA;PT;1671;73,91;FLAVIO BOLSONARO;PL;401;17,74;53.18;401;28.8;47.2;50.0
mg;PRESIDENTE OLEGÁRIO;Minas Gerais;Sudeste;-18.36648;-46.40596;16281;25.48;364;51;FLAVIO BOLSONARO;PL;6239;53,89;LULA;PT;4356;37,62;15.52;4356;22.1;52.1;50.8
mg;PRUDENTE DE MORAIS;Minas Gerais;Sudeste;-19.48176;-44.15247;8555;18.6;341;26;FLAVIO BOLSONARO;PL;3238;50,64;LULA;PT;2611;40,84;9.0;2611;26.0;36.7;48.1
mg;QUARTEL GERAL;Minas Gerais;Sudeste;-19.26861;-45.58833;3749;21.85;116;13;LULA;PT;1286;46,75;FLAVIO BOLSONARO;PL;1283;46,64;0.1;1283;24.2;46.7;49.9
mg;QUELUZITO;Minas Gerais;Sudeste;-20.74088;-43.88604;2785;19.14;67;8;LULA;PT;985;45,75;FLAVIO BOLSONARO;PL;935;43,43;2.22;935;20.7;43.0;50.0
mg;RAPOSOS;Minas Gerais;Sudeste;-19.96688;-43.80619;12906;15.85;404;40;LULA;PT;5196;51,12;FLAVIO BOLSONARO;PL;3629;35,70;14.43;3629;25.1;32.6;47.4
mg;RAUL SOARES;Minas Gerais;Sudeste;-20.06329;-42.40906;18357;24.83;510;68;LULA;PT;6994;53,66;FLAVIO BOLSONARO;PL;5220;40,05;12.86;5220;20.9;54.9;48.2
mg;RECREIO;Minas Gerais;Sudeste;-21.55406;-42.46937;7959;26.15;164;26;LULA;PT;3204;57,12;FLAVIO BOLSONARO;PL;2129;37,96;18.29;2129;20.0;50.9;47.1
mg;REDUTO;Minas Gerais;Sudeste;-20.23988;-41.97341;5853;23.39;104;17;FLAVIO BOLSONARO;PL;2116;49,03;LULA;PT;1916;44,39;4.46;1916;25.4;58.6;49.2
mg;RESENDE COSTA;Minas Gerais;Sudeste;-20.89691;-44.25375;9645;19.06;276;33;FLAVIO BOLSONARO;PL;3368;46,08;LULA;PT;3132;42,85;3.02;3132;22.8;47.8;47.7
mg;RESPLENDOR;Minas Gerais;Sudeste;-19.28708;-41.20512;12729;28.56;155;53;FLAVIO BOLSONARO;PL;5450;61,98;LULA;PT;2968;33,75;27.3;2968;20.9;53.9;47.1
mg;RESSAQUINHA;Minas Gerais;Sudeste;-21.06669;-43.73584;4433;15.05;136;18;LULA;PT;1893;53,37;FLAVIO BOLSONARO;PL;1258;35,47;16.86;1258;24.1;48.3;49.7
mg;RIACHINHO;Minas Gerais;Sudeste;-16.24652;-45.9516;6015;24.66;117;20;LULA;PT;2241;51,28;FLAVIO BOLSONARO;PL;1703;38,97;11.87;1703;25.1;49.4;51.1
mg;RIACHO DOS MACHADOS;Minas Gerais;Sudeste;-15.99879;-43.02923;8031;27.07;233;31;LULA;PT;3358;60,64;FLAVIO BOLSONARO;PL;1835;33,13;26.0;1835;27.7;55.2;50.2
mg;RIBEIRÃO DAS NEVES;Minas Gerais;Sudeste;-19.78507;-44.05379;218584;20.79;6195;662;FLAVIO BOLSONARO;PL;75218;46,53;LULA;PT;71008;43,93;2.43;71008;29.7;38.1;46.9
mg;RIBEIRÃO VERMELHO;Minas Gerais;Sudeste;-21.18752;-45.06078;3461;18.9;126;12;LULA;PT;1330;50,78;FLAVIO BOLSONARO;PL;1080;41,24;8.91;1080;21.2;36.3;47.5
mg;RIO ACIMA;Minas Gerais;Sudeste;-20.08949;-43.79069;8371;17.3;243;26;LULA;PT;2964;45,59;FLAVIO BOLSONARO;PL;2825;43,45;2.01;2825;24.6;40.6;47.9
mg;RIO CASCA;Minas Gerais;Sudeste;-20.21058;-42.64966;10834;29.02;310;36;LULA;PT;4258;59,04;FLAVIO BOLSONARO;PL;2429;33,68;23.78;2429;21.6;49.3;47.5
mg;RIO DO PRADO;Minas Gerais;Sudeste;-16.65589;-40.56654;4338;27.41;129;13;LULA;PT;2098;70,26;FLAVIO BOLSONARO;PL;781;26,16;41.82;781;23.8;60.1;51.8
mg;RIO DOCE;Minas Gerais;Sudeste;-20.24684;-42.89616;2624;19.86;106;9;LULA;PT;1224;62,58;FLAVIO BOLSONARO;PL;628;32,11;28.34;628;24.7;46.3;49.4
mg;RIO ESPERA;Minas Gerais;Sudeste;-20.85291;-43.49827;5784;27.63;162;23;LULA;PT;2022;52,07;FLAVIO BOLSONARO;PL;1517;39,07;12.06;1517;23.9;55.9;50.9
mg;RIO MANSO;Minas Gerais;Sudeste;-20.25308;-44.32723;5025;21.17;125;16;LULA;PT;1672;44,42;FLAVIO BOLSONARO;PL;1654;43,94;0.45;1654;20.5;58.5;51.5
mg;RIO NOVO;Minas Gerais;Sudeste;-21.47515;-43.1238;7131;24.11;200;30;LULA;PT;2595;50,68;FLAVIO BOLSONARO;PL;2162;42,23;8.0;2162;22.1;44.9;48.6
mg;RIO PARANAÍBA;Minas Gerais;Sudeste;-19.20141;-46.23627;11055;23.41;243;39;FLAVIO BOLSONARO;PL;4434;55,07;LULA;PT;3107;38,59;15.67;3107;26.2;50.3;49.5
mg;RIO PARDO DE MINAS;Minas Gerais;Sudeste;-15.68055;-42.5407;22281;22.88;691;108;LULA;PT;9138;56,11;FLAVIO BOLSONARO;PL;6231;38,26;16.92;6231;27.0;53.5;49.1
mg;RIO PIRACICABA;Minas Gerais;Sudeste;-19.93971;-43.15658;12444;25.03;337;47;LULA;PT;4544;52,18;FLAVIO BOLSONARO;PL;3402;39,07;12.24;3402;22.0;49.4;48.5
mg;RIO POMBA;Minas Gerais;Sudeste;-21.27093;-43.18017;13402;19.97;325;45;LULA;PT;5195;51,17;FLAVIO BOLSONARO;PL;4244;41,80;8.87;4244;22.2;42.5;47.9
mg;RIO PRETO;Minas Gerais;Sudeste;-22.08506;-43.83356;5409;22.43;98;18;LULA;PT;2242;55,33;FLAVIO BOLSONARO;PL;1543;38,08;16.66;1543;21.7;48.4;49.5
mg;RIO VERMELHO;Minas Gerais;Sudeste;-18.25395;-43.02412;10175;40.09;311;41;LULA;PT;3386;60,07;FLAVIO BOLSONARO;PL;1856;32,93;25.1;1856;24.7;61.6;49.2
mg;RITÁPOLIS;Minas Gerais;Sudeste;-21.01011;-44.31805;4803;21.05;171;19;LULA;PT;1859;52,81;FLAVIO BOLSONARO;PL;1335;37,93;13.82;1335;20.8;53.1;48.7
mg;ROCHEDO DE MINAS;Minas Gerais;Sudeste;-21.62833;-43.01913;2917;24.34;75;8;FLAVIO BOLSONARO;PL;1026;48,88;LULA;PT;926;44,12;4.53;926;25.7;53.2;50.7
mg;RODEIRO;Minas Gerais;Sudeste;-21.2016;-42.86578;6844;19.68;145;21;FLAVIO BOLSONARO;PL;2639;50,30;LULA;PT;2283;43,51;6.48;2283;25.5;57.5;48.3
mg;ROMARIA;Minas Gerais;Sudeste;-18.8856;-47.58463;3430;18.66;75;10;LULA;PT;1402;52,16;FLAVIO BOLSONARO;PL;1110;41,29;10.47;1110;22.3;44.5;51.6
mg;ROSÁRIO DA LIMEIRA;Minas Gerais;Sudeste;-20.9849;-42.51339;5195;19.33;137;16;LULA;PT;2080;52,60;FLAVIO BOLSONARO;PL;1581;39,98;11.91;1581;23.2;58.1;51.2
mg;RUBELITA;Minas Gerais;Sudeste;-16.39097;-42.25056;7524;33.45;293;33;LULA;PT;3363;72,79;FLAVIO BOLSONARO;PL;1030;22,29;46.59;1030;23.7;58.7;52.6
mg;RUBIM;Minas Gerais;Sudeste;-16.40333;-40.52932;7158;28.33;235;25;LULA;PT;3179;66,04;FLAVIO BOLSONARO;PL;1362;28,29;35.42;1362;21.4;59.2;49.5
mg;SABARÁ;Minas Gerais;Sudeste;-19.87759;-43.84227;94323;18.85;2894;295;FLAVIO BOLSONARO;PL;32586;45,81;LULA;PT;31450;44,21;1.48;31450;26.7;30.7;46.7
mg;SABINÓPOLIS;Minas Gerais;Sudeste;-18.66229;-43.08247;12417;34.61;313;44;LULA;PT;4853;63,89;FLAVIO BOLSONARO;PL;2260;29,75;31.94;2260;23.8;51.9;47.9
mg;SACRAMENTO;Minas Gerais;Sudeste;-19.89411;-47.40706;20911;23.66;324;60;FLAVIO BOLSONARO;PL;8728;56,63;LULA;PT;5315;34,48;21.38;5315;23.6;44.6;48.6
mg;SALINAS;Minas Gerais;Sudeste;-16.13118;-42.23884;33019;25.44;880;107;LULA;PT;12741;54,75;FLAVIO BOLSONARO;PL;9122;39,20;14.7;9122;23.8;48.7;48.1
mg;SALTO DA DIVISA;Minas Gerais;Sudeste;-15.9951;-39.95037;4987;28.53;163;18;LULA;PT;2008;59,96;FLAVIO BOLSONARO;PL;1212;36,19;22.33;1212;23.6;54.6;49.8
mg;SANTA BÁRBARA;Minas Gerais;Sudeste;-19.96773;-43.41257;24261;23.29;669;81;LULA;PT;9234;52,97;FLAVIO BOLSONARO;PL;6288;36,07;15.83;6288;24.4;40.2;48.1
mg;SANTA BÁRBARA DO LESTE;Minas Gerais;Sudeste;-19.34153;-42.65396;6925;19.78;235;24;FLAVIO BOLSONARO;PL;2623;50,38;LULA;PT;2273;43,66;6.3;2273;24.8;56.3;50.1
mg;SANTA BÁRBARA DO MONTE VERDE;Minas Gerais;Sudeste;-22.04244;-43.8975;3595;22.39;80;11;LULA;PT;1422;53,28;FLAVIO BOLSONARO;PL;1083;40,58;12.15;1083;21.7;53.6;51.3
mg;SANTA BÁRBARA DO TUGÚRIO;Minas Gerais;Sudeste;-21.09315;-43.58626;4340;20.44;170;18;LULA;PT;2017;62,99;FLAVIO BOLSONARO;PL;978;30,54;30.09;978;23.0;57.4;50.6
mg;SANTA CRUZ DE MINAS;Minas Gerais;Sudeste;-21.12029;-44.22563;6469;18.41;165;19;FLAVIO BOLSONARO;PL;2608;52,51;LULA;PT;1881;37,87;13.77;1881;25.2;42.9;45.8
mg;SANTA CRUZ DE SALINAS;Minas Gerais;Sudeste;-16.0982;-41.82162;4496;29.83;147;15;LULA;PT;2175;73,60;FLAVIO BOLSONARO;PL;574;19,42;50.74;574;25.1;59.4;51.5
mg;SANTA CRUZ DO ESCALVADO;Minas Gerais;Sudeste;-20.23693;-42.82171;4879;20.8;138;17;LULA;PT;2393;65,28;FLAVIO BOLSONARO;PL;1089;29,71;33.75;1089;22.0;53.9;50.7
mg;SANTA EFIGÊNIA DE MINAS;Minas Gerais;Sudeste;-18.82564;-42.43894;3985;27.85;158;13;LULA;PT;1437;54,62;FLAVIO BOLSONARO;PL;1008;38,31;14.92;1008;25.2;56.5;48.6
mg;SANTA FÉ DE MINAS;Minas Gerais;Sudeste;-16.70252;-45.40751;3706;33.7;61;14;LULA;PT;1626;68,43;FLAVIO BOLSONARO;PL;627;26,39;40.66;627;28.3;51.0;52.5
mg;SANTA HELENA DE MINAS;Minas Gerais;Sudeste;-16.91486;-40.66671;5344;24.74;168;18;LULA;PT;2539;66,50;FLAVIO BOLSONARO;PL;1127;29,52;35.11;1127;27.5;54.4;50.0
mg;SANTA JULIANA;Minas Gerais;Sudeste;-19.32624;-47.5238;11819;22.37;192;32;FLAVIO BOLSONARO;PL;5141;58,20;LULA;PT;3259;36,89;20.51;3259;29.6;50.5;48.9
mg;SANTA LUZIA;Minas Gerais;Sudeste;-19.77878;-43.90123;164668;19.26;4572;479;FLAVIO BOLSONARO;PL;59701;47,94;LULA;PT;51624;41,45;6.07;51624;27.6;34.1;46.2
mg;SANTA MARGARIDA;Minas Gerais;Sudeste;-20.42292;-42.26132;12910;16.09;285;38;FLAVIO BOLSONARO;PL;4913;47,55;LULA;PT;4888;47,30;0.23;4888;26.7;57.6;49.6
mg;SANTA MARIA DE ITABIRA;Minas Gerais;Sudeste;-19.4459;-43.09649;8798;23.63;268;28;LULA;PT;3692;58,63;FLAVIO BOLSONARO;PL;2143;34,03;23.05;2143;26.2;52.3;49.0
mg;SANTA MARIA DO SALTO;Minas Gerais;Sudeste;-16.24848;-40.14817;4598;32.01;185;16;LULA;PT;1625;56,33;FLAVIO BOLSONARO;PL;1115;38,65;16.31;1115;22.6;55.5;50.5
mg;SANTA MARIA DO SUAÇUÍ;Minas Gerais;Sudeste;-18.20122;-42.39207;12134;37.72;279;43;LULA;PT;4151;57,65;FLAVIO BOLSONARO;PL;2651;36,82;19.85;2651;25.0;55.9;48.3
mg;SANTA RITA DE CALDAS;Minas Gerais;Sudeste;-22.05041;-46.33762;7062;21.41;152;23;FLAVIO BOLSONARO;PL;3341;62,65;LULA;PT;1532;28,73;32.59;1532;19.0;56.1;49.4
mg;SANTA RITA DE IBITIPOCA;Minas Gerais;Sudeste;-21.5445;-43.88666;3384;24.7;121;14;LULA;PT;1404;58,92;FLAVIO BOLSONARO;PL;724;30,38;26.69;724;22.6;58.3;51.8
mg;SANTA RITA DE JACUTINGA;Minas Gerais;Sudeste;-22.15002;-44.09589;4360;18.74;100;20;LULA;PT;1734;51,24;FLAVIO BOLSONARO;PL;1426;42,14;8.69;1426;20.4;46.9;50.7
mg;SANTA RITA DE MINAS;Minas Gerais;Sudeste;-19.82279;-42.14277;5935;20.25;194;20;FLAVIO BOLSONARO;PL;2256;50,75;LULA;PT;1949;43,85;6.49;1949;26.0;56.0;48.9
mg;SANTA RITA DO ITUETO;Minas Gerais;Sudeste;-19.37472;-41.39629;5151;23.82;90;24;FLAVIO BOLSONARO;PL;2283;60,38;LULA;PT;1341;35,47;24.01;1341;23.5;59.4;50.4
mg;SANTA RITA DO SAPUCAÍ;Minas Gerais;Sudeste;-22.2437;-45.70234;31737;22.43;660;93;FLAVIO BOLSONARO;PL;14359;61,68;LULA;PT;6239;26,80;32.98;6239;24.6;42.4;47.8
mg;SANTA ROSA DA SERRA;Minas Gerais;Sudeste;-19.5517;-45.97261;3513;27.75;68;12;FLAVIO BOLSONARO;PL;1268;52,66;LULA;PT;1002;41,61;10.48;1002;26.2;53.1;51.7
mg;SANTA VITÓRIA;Minas Gerais;Sudeste;-18.86073;-50.16353;17312;24.59;256;65;LULA;PT;6187;49,00;FLAVIO BOLSONARO;PL;5586;44,24;4.6;5586;21.8;52.2;50.0
mg;SANTANA DA VARGEM;Minas Gerais;Sudeste;-21.25028;-45.5065;5973;17.5;149;20;FLAVIO BOLSONARO;PL;2273;49,16;LULA;PT;1941;41,98;6.74;1941;23.6;49.8;49.8
mg;SANTANA DE CATAGUASES;Minas Gerais;Sudeste;-21.2876;-42.55475;3385;17.87;70;14;FLAVIO BOLSONARO;PL;1331;49,87;LULA;PT;1178;44,14;5.5;1178;21.2;44.1;50.2
mg;SANTANA DE PIRAPAMA;Minas Gerais;Sudeste;-18.98457;-43.98888;7165;21.72;178;26;LULA;PT;2431;45,62;FLAVIO BOLSONARO;PL;2418;45,37;0.23;2418;21.1;57.6;52.0
mg;SANTANA DO DESERTO;Minas Gerais;Sudeste;-21.97609;-43.17855;3542;18.77;76;13;LULA;PT;1550;55,98;FLAVIO BOLSONARO;PL;1052;37,99;17.31;1052;22.9;58.0;50.5
mg;SANTANA DO GARAMBÉU;Minas Gerais;Sudeste;-21.60144;-44.11105;2352;20.92;102;7;LULA;PT;1034;60,33;FLAVIO BOLSONARO;PL;563;32,85;25.32;563;24.4;54.9;51.9
mg;SANTANA DO JACARÉ;Minas Gerais;Sudeste;-20.90237;-45.12746;3915;18.88;130;13;LULA;PT;1359;46,46;FLAVIO BOLSONARO;PL;1355;46,32;0.13;1355;23.8;50.3;49.2
mg;SANTANA DO MANHUAÇU;Minas Gerais;Sudeste;-20.08147;-41.89939;7807;23.39;131;26;LULA;PT;2934;50,94;FLAVIO BOLSONARO;PL;2529;43,91;6.77;2529;25.3;62.4;51.0
mg;SANTANA DO PARAÍSO;Minas Gerais;Sudeste;-19.41317;-42.53297;25815;22.9;370;77;FLAVIO BOLSONARO;PL;11146;58,02;LULA;PT;6686;34,81;22.41;6686;26.1;39.7;47.1
mg;SANTANA DO RIACHO;Minas Gerais;Sudeste;-19.22616;-43.67504;6031;26.23;104;20;LULA;PT;2289;53,48;FLAVIO BOLSONARO;PL;1645;38,43;14.48;1645;20.7;48.6;49.8
mg;SANTANA DOS MONTES;Minas Gerais;Sudeste;-20.80561;-43.76074;3869;20.47;119;12;LULA;PT;1457;51,19;FLAVIO BOLSONARO;PL;1181;41,50;8.97;1181;24.8;48.2;51.2
mg;SANTO ANTÔNIO DO AMPARO;Minas Gerais;Sudeste;-20.95662;-44.94011;14255;22.4;422;47;LULA;PT;5854;57,22;FLAVIO BOLSONARO;PL;3683;36,00;19.63;3683;24.3;49.5;48.4
mg;SANTO ANTÔNIO DO AVENTUREIRO;Minas Gerais;Sudeste;-21.73305;-42.8057;3747;17.93;103;15;LULA;PT;1382;47,49;FLAVIO BOLSONARO;PL;1287;44,23;3.09;1287;23.0;49.8;49.5
mg;SANTO ANTÔNIO DO GRAMA;Minas Gerais;Sudeste;-20.31407;-42.60949;3941;24.26;107;12;LULA;PT;1756;62,45;FLAVIO BOLSONARO;PL;874;31,08;29.55;874;24.3;52.9;49.5
mg;SANTO ANTÔNIO DO ITAMBÉ;Minas Gerais;Sudeste;-18.46732;-43.30523;3863;39.55;141;11;LULA;PT;1452;67,79;FLAVIO BOLSONARO;PL;538;25,12;39.14;538;27.7;62.9;49.8
mg;SANTO ANTÔNIO DO JACINTO;Minas Gerais;Sudeste;-16.43663;-40.29311;9461;31.7;414;30;LULA;PT;3158;53,24;FLAVIO BOLSONARO;PL;2550;42,99;9.41;2550;23.0;63.8;50.0
mg;SANTO ANTÔNIO DO MONTE;Minas Gerais;Sudeste;-20.09474;-45.28514;21033;20.7;341;79;FLAVIO BOLSONARO;PL;11398;70,95;LULA;PT;3696;23,01;46.18;3696;24.6;47.4;47.4
mg;SANTO ANTÔNIO DO RETIRO;Minas Gerais;Sudeste;-15.3127;-42.64875;6670;25.35;189;26;LULA;PT;3076;64,91;FLAVIO BOLSONARO;PL;1406;29,67;33.54;1406;26.8;55.8;50.2
mg;SANTO ANTÔNIO DO RIO ABAIXO;Minas Gerais;Sudeste;-19.22954;-43.25113;2393;32.55;60;9;LULA;PT;837;54,81;FLAVIO BOLSONARO;PL;579;37,92;15.99;579;23.1;44.3;51.2
mg;SANTO HIPÓLITO;Minas Gerais;Sudeste;-18.35319;-44.19488;3387;34.57;89;11;LULA;PT;1282;61,28;FLAVIO BOLSONARO;PL;621;29,68;29.83;621;24.2;52.5;50.1
mg;SANTOS DUMONT;Minas Gerais;Sudeste;-21.45894;-43.55028;37567;23.36;895;130;LULA;PT;15053;55,39;FLAVIO BOLSONARO;PL;9912;36,47;17.86;9912;22.6;41.1;47.3
mg;SAPUCAÍ-MIRIM;Minas Gerais;Sudeste;-22.75003;-45.74775;6091;24.0;155;18;FLAVIO BOLSONARO;PL;2425;55,49;LULA;PT;1604;36,70;17.74;1604;25.1;52.9;50.6
mg;SARDOÁ;Minas Gerais;Sudeste;-18.78254;-42.36674;4955;26.16;227;16;LULA;PT;1629;48,66;FLAVIO BOLSONARO;PL;1479;44,18;4.1;1479;26.9;55.1;49.5
mg;SARZEDO;Minas Gerais;Sudeste;-20.03973;-44.13914;26228;18.31;704;75;FLAVIO BOLSONARO;PL;10834;53,76;LULA;PT;7093;35,19;17.46;7093;28.2;33.3;47.7
mg;SEM PEIXE;Minas Gerais;Sudeste;-20.09315;-42.8341;3765;29.54;77;12;LULA;PT;1534;60,70;FLAVIO BOLSONARO;PL;803;31,78;27.55;803;19.7;50.9;49.0
mg;SENADOR AMARAL;Minas Gerais;Sudeste;-22.55929;-46.21119;6008;20.47;117;16;FLAVIO BOLSONARO;PL;2898;63,15;LULA;PT;1372;29,90;31.94;1372;29.4;54.3;50.8
mg;SENADOR CORTES;Minas Gerais;Sudeste;-21.78926;-42.93216;2545;20.94;61;9;LULA;PT;1020;53,18;FLAVIO BOLSONARO;PL;765;39,89;12.67;765;24.9;49.3;49.9
mg;SENADOR FIRMINO;Minas Gerais;Sudeste;-20.91324;-43.0956;7117;22.93;177;24;LULA;PT;3028;58,44;FLAVIO BOLSONARO;PL;1729;33,37;23.68;1729;23.5;46.7;48.4
mg;SENADOR JOSÉ BENTO;Minas Gerais;Sudeste;-22.16452;-46.17945;2481;20.31;60;8;FLAVIO BOLSONARO;PL;1116;59,42;LULA;PT;646;34,40;23.77;646;21.1;50.2;52.8
mg;SENADOR MODESTINO GONÇALVES;Minas Gerais;Sudeste;-17.95063;-43.21005;4784;34.2;133;17;LULA;PT;1784;59,99;FLAVIO BOLSONARO;PL;985;33,12;25.38;985;25.5;54.9;51.4
mg;SENHORA DE OLIVEIRA;Minas Gerais;Sudeste;-20.79418;-43.35566;5747;24.45;118;17;LULA;PT;2466;60,04;FLAVIO BOLSONARO;PL;1306;31,80;26.72;1306;25.6;50.1;49.0
mg;SENHORA DO PORTO;Minas Gerais;Sudeste;-18.89589;-43.08364;3323;31.72;111;14;LULA;PT;1159;54,98;FLAVIO BOLSONARO;PL;770;36,53;17.14;770;24.2;61.2;49.6
mg;SENHORA DOS REMÉDIOS;Minas Gerais;Sudeste;-21.02143;-43.60499;8367;19.51;367;29;LULA;PT;3325;53,23;FLAVIO BOLSONARO;PL;2390;38,26;13.88;2390;23.9;56.1;49.6
mg;SERICITA;Minas Gerais;Sudeste;-20.4813;-42.48053;7087;19.77;156;22;FLAVIO BOLSONARO;PL;2758;50,78;LULA;PT;2427;44,69;5.82;2427;26.4;63.0;50.5
mg;SERITINGA;Minas Gerais;Sudeste;-21.9107;-44.51842;2045;22.1;60;7;LULA;PT;722;47,85;FLAVIO BOLSONARO;PL;689;45,66;2.07;689;23.5;44.7;50.7
mg;SERRA AZUL DE MINAS;Minas Gerais;Sudeste;-18.36247;-43.16957;3725;38.71;155;11;LULA;PT;1258;60,60;FLAVIO BOLSONARO;PL;647;31,17;26.76;647;27.7;62.1;48.5
mg;SERRA DA SAUDADE;Minas Gerais;Sudeste;-19.43959;-45.793;1281;22.79;21;4;FLAVIO BOLSONARO;PL;531;55,14;LULA;PT;360;37,38;17.29;360;21.1;41.3;51.4
mg;SERRA DO SALITRE;Minas Gerais;Sudeste;-19.11283;-46.66862;9396;19.64;141;31;FLAVIO BOLSONARO;PL;4358;59,87;LULA;PT;2516;34,57;24.39;2516;28.2;47.5;50.2
mg;SERRA DOS AIMORÉS;Minas Gerais;Sudeste;-17.78844;-40.24015;6251;26.57;116;26;LULA;PT;2562;58,10;FLAVIO BOLSONARO;PL;1648;37,37;19.91;1648;24.0;47.7;48.0
mg;SERRANIA;Minas Gerais;Sudeste;-21.54829;-46.04029;6378;24.16;161;18;FLAVIO BOLSONARO;PL;2194;48,09;LULA;PT;2041;44,74;3.16;2041;23.8;50.0;48.3
mg;SERRANOS;Minas Gerais;Sudeste;-21.89053;-44.50621;2075;19.9;61;10;LULA;PT;803;51,31;FLAVIO BOLSONARO;PL;656;41,92;8.84;656;24.0;56.1;50.6
mg;SERRANÓPOLIS DE MINAS;Minas Gerais;Sudeste;-15.8275;-42.86689;4136;21.98;100;16;LULA;PT;1967;63,86;FLAVIO BOLSONARO;PL;971;31,53;30.86;971;25.0;56.0;49.7
mg;SERRO;Minas Gerais;Sudeste;-17.49068;-42.62374;17103;33.37;559;56;LULA;PT;6898;65,38;FLAVIO BOLSONARO;PL;2952;27,98;34.63;2952;27.2;51.6;49.4
mg;SETE LAGOAS;Minas Gerais;Sudeste;-19.44934;-44.23717;167416;17.9;5338;535;FLAVIO BOLSONARO;PL;70304;54,89;LULA;PT;44239;34,54;18.96;44239;25.0;30.4;46.4
mg;SETUBINHA;Minas Gerais;Sudeste;-17.61308;-42.12995;9306;33.17;372;29;LULA;PT;3959;68,47;FLAVIO BOLSONARO;PL;1563;27,03;38.53;1563;30.3;57.1;49.0
mg;SILVEIRÂNIA;Minas Gerais;Sudeste;-21.14385;-43.21404;2977;16.53;66;10;LULA;PT;1333;55,70;FLAVIO BOLSONARO;PL;854;35,69;19.28;854;23.6;47.5;51.6
mg;SILVIANÓPOLIS;Minas Gerais;Sudeste;-22.03019;-45.83581;4859;22.76;116;21;FLAVIO BOLSONARO;PL;2020;56,41;LULA;PT;1247;34,82;20.6;1247;20.4;47.7;51.3
mg;SIMONÉSIA;Minas Gerais;Sudeste;-20.22116;-42.47543;16466;22.45;453;57;FLAVIO BOLSONARO;PL;5855;48,89;LULA;PT;5363;44,78;3.85;5363;25.4;62.3;49.5
mg;SIMÃO PEREIRA;Minas Gerais;Sudeste;-21.96117;-43.31064;3145;17.46;70;10;LULA;PT;1220;48,82;FLAVIO BOLSONARO;PL;1099;43,98;4.66;1099;19.2;47.5;50.5
mg;SOBRÁLIA;Minas Gerais;Sudeste;-19.22229;-42.10955;4076;20.93;139;18;LULA;PT;1472;48,53;FLAVIO BOLSONARO;PL;1407;46,39;2.02;1407;20.9;54.3;47.8
mg;SOLEDADE DE MINAS;Minas Gerais;Sudeste;-22.05852;-45.04022;5000;21.58;111;17;FLAVIO BOLSONARO;PL;1896;51,04;LULA;PT;1533;41,27;9.26;1533;20.2;51.1;49.7
mg;SÃO BENTO ABADE;Minas Gerais;Sudeste;-21.58358;-45.07439;4193;23.63;105;12;FLAVIO BOLSONARO;PL;1390;46,30;LULA;PT;1276;42,50;3.56;1276;28.2;50.2;50.3
mg;SÃO BRÁS DO SUAÇUÍ;Minas Gerais;Sudeste;-20.6258;-43.95013;3755;23.44;126;12;LULA;PT;1383;51,47;FLAVIO BOLSONARO;PL;1060;39,45;11.23;1060;21.9;44.9;49.0
mg;SÃO DOMINGOS DAS DORES;Minas Gerais;Sudeste;-19.52986;-42.01875;5911;19.62;129;20;FLAVIO BOLSONARO;PL;2382;52,25;LULA;PT;1929;42,31;9.53;1929;26.2;54.6;50.4
mg;SÃO DOMINGOS DO PRATA;Minas Gerais;Sudeste;-19.88463;-42.94515;14284;26.02;350;44;LULA;PT;5369;53,56;FLAVIO BOLSONARO;PL;3879;38,69;14.1;3879;21.3;49.2;49.1
mg;SÃO FRANCISCO;Minas Gerais;Sudeste;-15.95128;-44.84168;41950;29.73;572;152;LULA;PT;17831;62,37;FLAVIO BOLSONARO;PL;9161;32,05;29.41;9161;28.0;49.4;49.1
mg;SÃO FRANCISCO DE PAULA;Minas Gerais;Sudeste;-20.70105;-44.98791;5996;19.26;151;23;LULA;PT;2468;53,79;FLAVIO BOLSONARO;PL;1756;38,27;14.71;1756;22.1;55.2;50.8
mg;SÃO FRANCISCO DE SALES;Minas Gerais;Sudeste;-19.8609;-49.76762;4637;19.84;93;23;LULA;PT;1865;52,17;FLAVIO BOLSONARO;PL;1481;41,43;10.33;1481;21.2;53.6;50.5
mg;SÃO FRANCISCO DO GLÓRIA;Minas Gerais;Sudeste;-20.78862;-42.26876;4163;18.64;118;13;LULA;PT;1808;55,99;FLAVIO BOLSONARO;PL;1257;38,93;16.27;1257;23.6;51.2;50.0
mg;SÃO FÉLIX DE MINAS;Minas Gerais;Sudeste;-18.58983;-41.48827;3799;27.3;73;13;FLAVIO BOLSONARO;PL;1366;51,31;LULA;PT;1177;44,21;6.84;1177;25.3;49.6;49.5
mg;SÃO GERALDO;Minas Gerais;Sudeste;-20.91626;-42.84192;7348;22.52;150;20;LULA;PT;3199;59,20;FLAVIO BOLSONARO;PL;1861;34,44;23.5;1861;23.8;55.7;48.3
mg;SÃO GERALDO DA PIEDADE;Minas Gerais;Sudeste;-18.84367;-42.28779;3667;29.72;102;13;LULA;PT;1394;57,41;FLAVIO BOLSONARO;PL;898;36,99;19.25;898;22.5;58.1;48.5
mg;SÃO GERALDO DO BAIXIO;Minas Gerais;Sudeste;-16.88178;-40.91878;3221;24.62;101;12;FLAVIO BOLSONARO;PL;1155;50,35;LULA;PT;1024;44,64;5.4;1024;22.7;55.0;48.4
mg;SÃO GONÇALO DO ABAETÉ;Minas Gerais;Sudeste;-18.33147;-45.70197;5648;24.27;95;21;FLAVIO BOLSONARO;PL;2118;51,70;LULA;PT;1728;42,18;9.12;1728;24.8;48.4;50.9
mg;SÃO GONÇALO DO PARÁ;Minas Gerais;Sudeste;-19.98748;-44.84724;8689;15.94;268;32;FLAVIO BOLSONARO;PL;3850;56,28;LULA;PT;2351;34,37;20.52;2351;23.0;47.9;49.2
mg;SÃO GONÇALO DO RIO ABAIXO;Minas Gerais;Sudeste;-19.80656;-43.29328;11721;17.39;380;38;FLAVIO BOLSONARO;PL;4113;45,62;LULA;PT;4108;45,57;0.05;4108;25.6;39.6;48.6
mg;SÃO GONÇALO DO RIO PRETO;Minas Gerais;Sudeste;-18.01095;-43.37952;3128;29.99;104;12;LULA;PT;1416;69,55;FLAVIO BOLSONARO;PL;482;23,67;42.65;482;23.8;50.7;48.7
mg;SÃO GONÇALO DO SAPUCAÍ;Minas Gerais;Sudeste;-21.90085;-45.59425;19134;26.74;438;58;FLAVIO BOLSONARO;PL;6699;50,72;LULA;PT;5411;40,97;9.19;5411;24.1;47.0;48.7
mg;SÃO GOTARDO;Minas Gerais;Sudeste;-19.32258;-46.05943;28579;21.72;588;98;FLAVIO BOLSONARO;PL;14127;66,26;LULA;PT;5818;27,29;37.14;5818;29.2;44.4;48.2
mg;SÃO JOAQUIM DE BICAS;Minas Gerais;Sudeste;-20.06137;-44.26033;25074;23.77;694;70;FLAVIO BOLSONARO;PL;8139;45,34;LULA;PT;8138;45,33;0.01;8138;26.9;46.4;48.6
mg;SÃO JOSÉ DA BARRA;Minas Gerais;Sudeste;-20.72057;-46.30548;6753;22.3;130;26;FLAVIO BOLSONARO;PL;2668;53,06;LULA;PT;1951;38,80;13.66;1951;23.3;46.9;50.8
mg;SÃO JOSÉ DA LAPA;Minas Gerais;Sudeste;-19.70515;-43.97888;19738;17.13;486;68;FLAVIO BOLSONARO;PL;8081;52,13;LULA;PT;5944;38,34;13.07;5944;26.7;34.6;47.7
mg;SÃO JOSÉ DA SAFIRA;Minas Gerais;Sudeste;-18.32338;-42.14126;4189;28.69;98;15;LULA;PT;1639;57,33;FLAVIO BOLSONARO;PL;1098;38,41;18.11;1098;27.8;55.9;49.7
mg;SÃO JOSÉ DA VARGINHA;Minas Gerais;Sudeste;-19.9651;-44.68439;3988;20.91;92;14;FLAVIO BOLSONARO;PL;1581;52,77;LULA;PT;1171;39,09;13.0;1171;25.0;50.3;50.5
mg;SÃO JOSÉ DO ALEGRE;Minas Gerais;Sudeste;-22.32877;-45.52486;3727;20.9;109;11;FLAVIO BOLSONARO;PL;1707;61,85;LULA;PT;854;30,94;28.93;854;22.2;48.2;49.1
mg;SÃO JOSÉ DO DIVINO;Minas Gerais;Sudeste;-19.47282;-41.73962;3170;21.8;90;12;FLAVIO BOLSONARO;PL;1279;54,13;LULA;PT;1002;42,40;11.17;1002;23.4;47.4;48.5
mg;SÃO JOSÉ DO GOIABAL;Minas Gerais;Sudeste;-19.92685;-42.70755;4897;25.79;122;16;LULA;PT;2082;60,24;FLAVIO BOLSONARO;PL;1148;33,22;25.7;1148;20.7;48.3;48.6
mg;SÃO JOSÉ DO JACURI;Minas Gerais;Sudeste;-18.25623;-42.66599;5252;24.75;223;21;LULA;PT;2200;60,34;FLAVIO BOLSONARO;PL;1233;33,82;24.47;1233;25.4;56.7;50.8
mg;SÃO JOSÉ DO MANTIMENTO;Minas Gerais;Sudeste;-20.00441;-41.74534;3068;22.13;59;10;LULA;PT;1221;53,74;FLAVIO BOLSONARO;PL;963;42,39;10.8;963;26.7;50.6;50.8
mg;SÃO JOÃO BATISTA DO GLÓRIA;Minas Gerais;Sudeste;-20.63774;-46.5063;6432;20.49;137;21;FLAVIO BOLSONARO;PL;2890;59,33;LULA;PT;1620;33,26;24.83;1620;22.7;49.1;49.3
mg;SÃO JOÃO DA LAGOA;Minas Gerais;Sudeste;-16.83098;-44.30713;5131;23.5;110;18;LULA;PT;2405;63,76;FLAVIO BOLSONARO;PL;1059;28,08;34.29;1059;24.4;51.0;51.2
mg;SÃO JOÃO DA MATA;Minas Gerais;Sudeste;-21.93287;-45.92983;3192;21.71;81;11;FLAVIO BOLSONARO;PL;1477;62,40;LULA;PT;731;30,88;29.85;731;21.7;55.2;51.5
mg;SÃO JOÃO DA PONTE;Minas Gerais;Sudeste;-15.90332;-43.98516;22992;30.61;476;83;LULA;PT;11436;74,70;FLAVIO BOLSONARO;PL;3219;21,03;51.5;3219;25.0;60.5;50.5
mg;SÃO JOÃO DAS MISSÕES;Minas Gerais;Sudeste;-14.85994;-44.17857;9981;24.9;301;36;LULA;PT;4897;68,78;FLAVIO BOLSONARO;PL;2041;28,67;38.1;2041;35.0;57.7;50.0
mg;SÃO JOÃO DEL REI;Minas Gerais;Sudeste;-21.14447;-44.26178;70117;20.89;1719;218;FLAVIO BOLSONARO;PL;25618;48,95;LULA;PT;21946;41,94;6.62;21946;22.7;35.0;46.6
mg;SÃO JOÃO DO MANHUAÇU;Minas Gerais;Sudeste;-20.39123;-42.14758;9811;20.8;196;27;FLAVIO BOLSONARO;PL;4078;54,47;LULA;PT;3126;41,75;12.25;3126;27.9;59.6;49.0
mg;SÃO JOÃO DO MANTENINHA;Minas Gerais;Sudeste;-18.7199;-41.16645;5242;19.57;70;19;FLAVIO BOLSONARO;PL;2019;49,28;LULA;PT;1875;45,77;3.42;1875;23.3;53.2;48.4
mg;SÃO JOÃO DO ORIENTE;Minas Gerais;Sudeste;-19.3402;-42.15952;6955;22.07;158;22;LULA;PT;2506;48,32;FLAVIO BOLSONARO;PL;2444;47,13;1.14;2444;22.7;55.7;48.5
mg;SÃO JOÃO DO PACUÍ;Minas Gerais;Sudeste;-16.54292;-44.51073;4046;27.76;75;16;LULA;PT;1986;70,23;FLAVIO BOLSONARO;PL;674;23,83;44.89;674;24.6;52.1;51.2
mg;SÃO JOÃO DO PARAÍSO;Minas Gerais;Sudeste;-15.31386;-41.99417;18054;23.34;804;82;FLAVIO BOLSONARO;PL;5958;46,77;LULA;PT;5914;46,42;0.32;5914;24.3;57.1;48.6
mg;SÃO JOÃO EVANGELISTA;Minas Gerais;Sudeste;-18.52484;-42.76696;12840;28.85;298;38;LULA;PT;5385;61,99;FLAVIO BOLSONARO;PL;2739;31,53;28.96;2739;25.7;49.2;47.4
mg;SÃO JOÃO NEPOMUCENO;Minas Gerais;Sudeste;-21.54313;-43.00764;20106;22.41;430;66;FLAVIO BOLSONARO;PL;6904;46,39;LULA;PT;6580;44,21;2.08;6580;21.4;48.4;46.5
mg;SÃO LOURENÇO;Minas Gerais;Sudeste;-22.11732;-45.05249;34836;23.73;792;116;FLAVIO BOLSONARO;PL;15030;59,59;LULA;PT;8155;32,33;25.87;8155;21.8;36.5;45.4
mg;SÃO MIGUEL DO ANTA;Minas Gerais;Sudeste;-20.71478;-42.7157;6021;16.64;175;23;LULA;PT;2867;60,95;FLAVIO BOLSONARO;PL;1524;32,40;26.76;1524;23.0;52.1;50.1
mg;SÃO PEDRO DA UNIÃO;Minas Gerais;Sudeste;-21.13251;-46.63303;4328;22.69;110;14;FLAVIO BOLSONARO;PL;1815;57,38;LULA;PT;1127;35,63;20.56;1127;20.0;57.7;51.0
mg;SÃO PEDRO DO SUAÇUÍ;Minas Gerais;Sudeste;-18.35406;-42.59759;4666;27.75;140;15;LULA;PT;1806;56,58;FLAVIO BOLSONARO;PL;1193;37,37;18.18;1193;24.4;54.5;48.9
mg;SÃO PEDRO DOS FERROS;Minas Gerais;Sudeste;-20.16429;-42.53927;6402;27.65;175;24;LULA;PT;2860;65,34;FLAVIO BOLSONARO;PL;1213;27,71;35.56;1213;22.1;50.6;48.5
mg;SÃO ROMÃO;Minas Gerais;Sudeste;-16.36723;-45.1504;7275;33.66;162;26;LULA;PT;2763;60,04;FLAVIO BOLSONARO;PL;1649;35,83;23.08;1649;28.1;49.0;50.2
mg;SÃO ROQUE DE MINAS;Minas Gerais;Sudeste;-20.22934;-46.45283;5891;23.53;92;18;FLAVIO BOLSONARO;PL;3085;70,95;LULA;PT;979;22,52;46.75;979;22.2;56.5;50.4
mg;SÃO SEBASTIÃO DA BELA VISTA;Minas Gerais;Sudeste;-22.16564;-45.76306;6472;23.67;113;18;FLAVIO BOLSONARO;PL;2627;55,53;LULA;PT;1754;37,07;17.67;1754;24.3;51.1;52.3
mg;SÃO SEBASTIÃO DA VARGEM ALEGRE;Minas Gerais;Sudeste;-21.06703;-42.64463;3045;19.64;75;9;LULA;PT;1104;47,71;FLAVIO BOLSONARO;PL;1018;43,99;3.51;1018;25.1;50.9;50.8
mg;SÃO SEBASTIÃO DO ANTA;Minas Gerais;Sudeste;-19.4989;-41.98548;5604;24.38;164;17;FLAVIO BOLSONARO;PL;2202;54,63;LULA;PT;1644;40,78;13.17;1644;25.9;62.3;48.8
mg;SÃO SEBASTIÃO DO MARANHÃO;Minas Gerais;Sudeste;-18.07262;-42.55531;8934;35.82;250;34;LULA;PT;3061;56,70;FLAVIO BOLSONARO;PL;2048;37,93;17.67;2048;24.7;59.0;51.1
mg;SÃO SEBASTIÃO DO OESTE;Minas Gerais;Sudeste;-20.26411;-45.02804;7573;17.97;183;29;FLAVIO BOLSONARO;PL;3047;51,57;LULA;PT;2501;42,33;8.79;2501;27.8;45.9;51.0
mg;SÃO SEBASTIÃO DO PARAÍSO;Minas Gerais;Sudeste;-20.78675;-47.05351;51162;25.95;1174;147;FLAVIO BOLSONARO;PL;19067;53,16;LULA;PT;12696;35,40;16.82;12696;23.1;45.3;46.8
mg;SÃO SEBASTIÃO DO RIO PRETO;Minas Gerais;Sudeste;-19.28907;-43.17606;2043;31.77;41;9;FLAVIO BOLSONARO;PL;619;46,61;LULA;PT;607;45,71;0.86;607;22.5;50.9;49.3
mg;SÃO SEBASTIÃO DO RIO VERDE;Minas Gerais;Sudeste;-22.21598;-44.97866;2163;17.85;56;7;FLAVIO BOLSONARO;PL;969;57,47;LULA;PT;572;33,93;22.34;572;20.8;48.8;49.7
mg;SÃO THOMÉ DAS LETRAS;Minas Gerais;Sudeste;-21.40399;-44.85687;5182;21.94;105;19;LULA;PT;2318;60,15;FLAVIO BOLSONARO;PL;1261;32,72;26.13;1261;24.6;46.4;51.0
mg;SÃO TIAGO;Minas Gerais;Sudeste;-20.94364;-44.53327;9396;19.13;312;32;FLAVIO BOLSONARO;PL;3273;46,39;LULA;PT;2913;41,29;4.74;2913;22.8;49.7;48.9
mg;SÃO TOMÁS DE AQUINO;Minas Gerais;Sudeste;-20.782;-47.09945;5951;24.47;125;17;FLAVIO BOLSONARO;PL;2178;50,88;LULA;PT;1654;38,64;11.66;1654;23.6;51.9;49.2
mg;SÃO VICENTE DE MINAS;Minas Gerais;Sudeste;-21.70215;-44.44428;5681;25.05;170;22;LULA;PT;1940;48,48;FLAVIO BOLSONARO;PL;1806;45,13;3.15;1806;24.6;44.0;48.3
mg;TABULEIRO;Minas Gerais;Sudeste;-21.35247;-43.25136;4006;20.99;130;13;LULA;PT;1579;52,93;FLAVIO BOLSONARO;PL;1211;40,60;11.63;1211;21.5;50.1;49.8
mg;TAIOBEIRAS;Minas Gerais;Sudeste;-15.81515;-42.20476;27594;23.79;791;84;FLAVIO BOLSONARO;PL;11580;58,02;LULA;PT;7283;36,49;20.43;7283;25.0;49.0;47.2
mg;TAPARUBA;Minas Gerais;Sudeste;-20.50413;-42.5391;4088;25.98;78;13;LULA;PT;1544;53,11;FLAVIO BOLSONARO;PL;1243;42,76;9.95;1243;22.7;60.3;49.4
mg;TAPIRA;Minas Gerais;Sudeste;-19.921;-46.83603;4968;19.81;48;15;FLAVIO BOLSONARO;PL;2754;70,63;LULA;PT;871;22,34;47.26;871;24.5;45.4;52.7
mg;TAPIRAÍ;Minas Gerais;Sudeste;-19.9251;-46.82333;1974;21.02;31;8;FLAVIO BOLSONARO;PL;718;47,39;LULA;PT;676;44,62;2.69;676;21.6;53.1;52.2
mg;TAQUARAÇU DE MINAS;Minas Gerais;Sudeste;-19.6736;-43.70762;5759;25.66;176;19;FLAVIO BOLSONARO;PL;2110;52,42;LULA;PT;1557;38,68;12.92;1557;18.1;51.3;53.5
mg;TARUMIRIM;Minas Gerais;Sudeste;-19.29831;-41.96172;10127;22.23;242;44;FLAVIO BOLSONARO;PL;3744;49,67;LULA;PT;3462;45,93;3.58;3462;21.4;51.3;47.8
mg;TEIXEIRAS;Minas Gerais;Sudeste;-20.6515;-42.85748;10098;19.56;342;45;LULA;PT;4307;56,70;FLAVIO BOLSONARO;PL;2702;35,57;19.76;2702;23.0;49.5;47.7
mg;TEÓFILO OTONI;Minas Gerais;Sudeste;-17.84257;-41.4913;106567;27.54;2385;335;LULA;PT;34828;47,46;FLAVIO BOLSONARO;PL;34422;46,90;0.53;34422;23.3;44.1;45.8
mg;TIMÓTEO;Minas Gerais;Sudeste;-19.55437;-42.64164;59600;23.21;1069;175;FLAVIO BOLSONARO;PL;24867;56,69;LULA;PT;15867;36,17;19.67;15867;22.5;33.3;46.4
mg;TIRADENTES;Minas Gerais;Sudeste;-21.11211;-44.17446;6892;18.63;154;22;FLAVIO BOLSONARO;PL;2556;47,90;LULA;PT;2399;44,96;2.8;2399;22.8;41.1;47.9
mg;TIROS;Minas Gerais;Sudeste;-18.99915;-45.94875;6214;23.93;124;25;FLAVIO BOLSONARO;PL;3195;70,64;LULA;PT;1080;23,88;44.74;1080;22.0;53.0;50.6
mg;TOCANTINS;Minas Gerais;Sudeste;-21.17461;-43.02354;12649;16.73;335;47;FLAVIO BOLSONARO;PL;4696;47,22;LULA;PT;4550;45,75;1.39;4550;22.4;48.9;48.3
mg;TOCOS DO MOJI;Minas Gerais;Sudeste;-22.3711;-46.11511;4159;16.28;99;13;FLAVIO BOLSONARO;PL;1513;45,96;LULA;PT;1430;43,44;2.38;1430;20.2;56.4;53.0
mg;TOLEDO;Minas Gerais;Sudeste;-22.73771;-46.37955;7507;23.8;150;21;FLAVIO BOLSONARO;PL;3420;62,45;LULA;PT;1673;30,55;30.54;1673;24.3;50.9;51.6
mg;TOMBOS;Minas Gerais;Sudeste;-21.09472;-42.97886;6714;19.05;125;26;LULA;PT;2516;48,08;FLAVIO BOLSONARO;PL;2487;47,53;0.53;2487;20.1;49.0;48.4
mg;TRÊS CORAÇÕES;Minas Gerais;Sudeste;-21.67474;-45.24909;56588;25.73;1493;173;FLAVIO BOLSONARO;PL;21745;55,49;LULA;PT;13698;34,96;19.15;13698;25.4;42.3;47.4
mg;TRÊS MARIAS;Minas Gerais;Sudeste;-18.21046;-45.21639;24921;27.37;564;82;FLAVIO BOLSONARO;PL;8632;50,44;LULA;PT;7107;41,52;8.42;7107;24.1;45.9;48.7
mg;TRÊS PONTAS;Minas Gerais;Sudeste;-21.37051;-45.51558;45341;21.82;934;153;FLAVIO BOLSONARO;PL;15431;46,22;LULA;PT;14545;43,56;2.5;14545;24.9;45.7;47.9
mg;TUMIRITINGA;Minas Gerais;Sudeste;-18.97946;-41.68952;5517;28.46;111;17;LULA;PT;1898;50,08;FLAVIO BOLSONARO;PL;1745;46,04;3.88;1745;24.3;56.1;49.1
mg;TUPACIGUARA;Minas Gerais;Sudeste;-18.59427;-48.70544;20966;24.07;403;65;FLAVIO BOLSONARO;PL;7260;47,58;LULA;PT;7105;46,56;0.97;7105;21.9;48.4;48.1
mg;TURMALINA;Minas Gerais;Sudeste;-17.29504;-42.745;16553;21.91;356;56;LULA;PT;7373;59,77;FLAVIO BOLSONARO;PL;4187;33,94;24.65;4187;26.7;49.5;49.6
mg;TURVOLÂNDIA;Minas Gerais;Sudeste;-21.87574;-45.79123;4957;21.5;139;17;FLAVIO BOLSONARO;PL;1952;53,28;LULA;PT;1444;39,41;13.06;1444;26.2;53.2;50.2
mg;UBAPORANGA;Minas Gerais;Sudeste;-19.64106;-42.09181;10135;18.79;239;41;FLAVIO BOLSONARO;PL;4333;54,83;LULA;PT;3185;40,31;13.95;3185;23.4;56.0;48.7
mg;UBAÍ;Minas Gerais;Sudeste;-17.6465;-44.37659;9797;27.47;206;43;LULA;PT;4902;71,67;FLAVIO BOLSONARO;PL;1682;24,59;45.31;1682;28.5;52.9;50.1
mg;UBERABA;Minas Gerais;Sudeste;-19.7554;-47.93353;236838;21.44;4530;795;FLAVIO BOLSONARO;PL;91107;51,11;LULA;PT;68891;38,65;11.94;68891;23.7;30.1;45.6
mg;UBERLÂNDIA;Minas Gerais;Sudeste;-18.92164;-48.2766;540033;20.46;11832;1703;FLAVIO BOLSONARO;PL;206793;50,45;LULA;PT;163879;39,98;9.99;163879;25.7;27.0;46.0
mg;UBÁ;Minas Gerais;Sudeste;-21.11799;-42.944;71547;22.53;1580;239;FLAVIO BOLSONARO;PL;25035;47,54;LULA;PT;23492;44,61;2.78;23492;23.1;47.1;46.3
mg;UMBURATIBA;Minas Gerais;Sudeste;-17.25275;-40.57298;2736;28.18;57;13;LULA;PT;1120;60,12;FLAVIO BOLSONARO;PL;657;35,27;23.56;657;25.0;53.0;52.5
mg;UNAÍ;Minas Gerais;Sudeste;-16.35694;-46.87691;64172;22.99;921;191;FLAVIO BOLSONARO;PL;30244;63,26;LULA;PT;13714;28,68;33.45;13714;24.8;42.3;48.2
mg;UNIÃO DE MINAS;Minas Gerais;Sudeste;-19.52902;-50.33295;3158;23.02;40;12;LULA;PT;1185;49,89;FLAVIO BOLSONARO;PL;1088;45,81;3.99;1088;22.4;54.7;51.9
mg;URUANA DE MINAS;Minas Gerais;Sudeste;-16.09575;-46.25753;3686;26.18;72;11;FLAVIO BOLSONARO;PL;1338;51,09;LULA;PT;1099;41,96;8.78;1099;23.8;44.5;49.8
mg;URUCUIA;Minas Gerais;Sudeste;-16.10995;-45.68204;7988;27.79;171;27;LULA;PT;3034;54,63;FLAVIO BOLSONARO;PL;2148;38,67;15.36;2148;28.3;49.1;50.6
mg;URUCÂNIA;Minas Gerais;Sudeste;-20.34923;-42.74634;8712;24.21;336;27;LULA;PT;3550;58,22;FLAVIO BOLSONARO;PL;2210;36,24;20.29;2210;24.7;56.2;48.6
mg;VARGEM ALEGRE;Minas Gerais;Sudeste;-19.60447;-42.29781;5430;22.74;145;21;LULA;PT;1956;49,02;FLAVIO BOLSONARO;PL;1881;47,14;1.79;1881;23.6;54.2;49.8
mg;VARGEM BONITA;Minas Gerais;Sudeste;-20.3536;-46.3129;2601;28.76;32;8;FLAVIO BOLSONARO;PL;1079;60,01;LULA;PT;611;33,98;25.26;611;20.6;49.9;52.7
mg;VARGEM GRANDE DO RIO PARDO;Minas Gerais;Sudeste;-15.38598;-42.30707;4199;22.24;115;18;FLAVIO BOLSONARO;PL;1501;47,85;LULA;PT;1399;44,60;3.12;1399;27.9;50.4;50.9
mg;VARGINHA;Minas Gerais;Sudeste;-21.5612;-45.43718;104607;23.03;2233;305;FLAVIO BOLSONARO;PL;42950;56,36;LULA;PT;25551;33,53;21.61;25551;23.7;34.9;47.0
mg;VARJÃO DE MINAS;Minas Gerais;Sudeste;-18.38546;-46.01786;6717;22.55;125;20;FLAVIO BOLSONARO;PL;2610;52,27;LULA;PT;1998;40,02;11.76;1998;28.1;50.6;51.4
mg;VARZELÂNDIA;Minas Gerais;Sudeste;-15.67506;-44.0059;17159;29.83;306;54;LULA;PT;8365;72,05;FLAVIO BOLSONARO;PL;2895;24,94;45.43;2895;26.1;55.6;49.9
mg;VAZANTE;Minas Gerais;Sudeste;-17.9526;-46.89503;16950;24.78;270;53;FLAVIO BOLSONARO;PL;6165;50,28;LULA;PT;4982;40,63;9.28;4982;23.6;43.7;49.0
mg;VERDELÂNDIA;Minas Gerais;Sudeste;-15.63688;-43.61169;6974;26.76;156;27;LULA;PT;3283;67,23;FLAVIO BOLSONARO;PL;1414;28,96;36.59;1414;32.5;52.0;50.9
mg;VEREDINHA;Minas Gerais;Sudeste;-17.46068;-42.72802;5268;24.77;141;18;LULA;PT;2210;58,70;FLAVIO BOLSONARO;PL;1228;32,62;24.78;1228;25.9;53.1;50.8
mg;VERMELHO NOVO;Minas Gerais;Sudeste;-20.03909;-42.26653;5097;23.6;141;17;LULA;PT;1851;50,62;FLAVIO BOLSONARO;PL;1569;42,90;7.24;1569;24.4;58.7;51.0
mg;VERÍSSIMO;Minas Gerais;Sudeste;-19.67726;-48.32095;3223;25.75;52;11;LULA;PT;1104;47,85;FLAVIO BOLSONARO;PL;1041;45,12;2.63;1041;21.0;49.7;51.8
mg;VESPASIANO;Minas Gerais;Sudeste;-19.74113;-43.94634;87691;19.14;2405;301;FLAVIO BOLSONARO;PL;32456;48,86;LULA;PT;27581;41,52;6.88;27581;28.9;34.8;46.4
mg;VIEIRAS;Minas Gerais;Sudeste;-20.89123;-42.2571;4007;18.79;92;12;LULA;PT;1602;51,26;FLAVIO BOLSONARO;PL;1371;43,87;7.1;1371;22.2;49.9;49.7
mg;VIRGEM DA LAPA;Minas Gerais;Sudeste;-16.76664;-42.34622;10159;32.25;326;31;LULA;PT;4174;64,70;FLAVIO BOLSONARO;PL;2009;31,14;31.45;2009;22.0;53.5;46.9
mg;VIRGINÓPOLIS;Minas Gerais;Sudeste;-18.80981;-42.6971;8530;30.21;290;28;LULA;PT;2913;52,64;FLAVIO BOLSONARO;PL;1988;35,92;15.54;1988;24.1;52.8;48.0
mg;VIRGOLÂNDIA;Minas Gerais;Sudeste;-18.45967;-42.30516;4613;28.96;135;17;LULA;PT;2006;64,84;FLAVIO BOLSONARO;PL;911;29,44;33.41;911;23.7;56.3;48.2
mg;VIRGÍNIA;Minas Gerais;Sudeste;-22.35253;-45.09198;7521;20.26;128;23;LULA;PT;2687;46,64;FLAVIO BOLSONARO;PL;2645;45,91;0.7;2645;21.2;55.8;49.8
mg;VISCONDE DO RIO BRANCO;Minas Gerais;Sudeste;-21.00949;-42.84042;30721;20.7;756;102;LULA;PT;11462;49,86;FLAVIO BOLSONARO;PL;9901;43,07;6.41;9901;23.3;50.4;47.0
mg;VIÇOSA;Minas Gerais;Sudeste;-20.75285;-42.87821;61609;22.32;1365;193;LULA;PT;27070;59,71;FLAVIO BOLSONARO;PL;14071;31,04;27.16;14071;25.2;37.8;45.8
mg;VOLTA GRANDE;Minas Gerais;Sudeste;-21.76838;-42.55469;4431;29.07;90;20;LULA;PT;1691;56,46;FLAVIO BOLSONARO;PL;1122;37,46;18.1;1122;22.6;48.4;49.2
mg;VÁRZEA DA PALMA;Minas Gerais;Sudeste;-17.55788;-44.73968;27190;25.94;744;85;FLAVIO BOLSONARO;PL;9205;48,43;LULA;PT;8491;44,67;3.55;8491;24.5;48.9;48.9
mg;WENCESLAU BRAZ;Minas Gerais;Sudeste;-22.54691;-45.38415;2695;19.93;77;11;FLAVIO BOLSONARO;PL;1084;53,22;LULA;PT;778;38,19;14.18;778;22.9;43.6;50.8
mg;ÁGUA BOA;Minas Gerais;Sudeste;-17.97465;-42.36276;11836;31.99;321;38;LULA;PT;4211;55,18;FLAVIO BOLSONARO;PL;3057;40,06;14.34;3057;25.7;61.8;49.9
mg;ÁGUA COMPRIDA;Minas Gerais;Sudeste;-20.05921;-48.10993;2699;22.12;56;10;FLAVIO BOLSONARO;PL;1176;58,13;LULA;PT;753;37,22;20.12;753;21.1;46.0;50.4
mg;ÁGUAS FORMOSAS;Minas Gerais;Sudeste;-17.07531;-40.95565;14491;23.81;387;49;LULA;PT;5334;50,66;FLAVIO BOLSONARO;PL;4605;43,74;6.6;4605;26.3;44.5;49.4
mg;ÁGUAS VERMELHAS;Minas Gerais;Sudeste;-15.62483;-41.4747;10868;30.45;309;31;LULA;PT;4486;62,75;FLAVIO BOLSONARO;PL;2268;31,72;29.34;2268;25.4;59.8;49.5
pr;ABATIÁ;Paraná;Sul;-23.30506;-50.31316;5976;25.5;77;18;FLAVIO BOLSONARO;PL;2635;61,19;LULA;PT;1444;33,53;26.75;1444;22.2;49.4;49.1
pr;ADRIANÓPOLIS;Paraná;Sul;-24.68698;-48.90569;5781;24.74;83;23;LULA;PT;2225;52,96;FLAVIO BOLSONARO;PL;1726;41,09;11.47;1726;25.8;41.7;51.6
pr;AGUDOS DO SUL;Paraná;Sul;-26.00055;-49.33011;8981;19.14;149;26;FLAVIO BOLSONARO;PL;4544;65,50;LULA;PT;2002;28,86;35.0;2002;26.5;48.7;50.3
pr;ALMIRANTE TAMANDARÉ;Paraná;Sul;-25.32589;-49.28535;77677;22.93;1423;211;FLAVIO BOLSONARO;PL;31191;54,87;LULA;PT;19638;34,55;19.3;19638;29.8;39.1;47.4
pr;ALTAMIRA DO PARANÁ;Paraná;Sul;-24.8023;-52.71641;3441;22.84;52;11;FLAVIO BOLSONARO;PL;1260;49,07;LULA;PT;1129;43,96;4.93;1129;25.2;48.4;49.8
pr;ALTO PARANÁ;Paraná;Sul;-23.12696;-52.31543;10406;23.95;148;33;FLAVIO BOLSONARO;PL;4457;58,31;LULA;PT;2704;35,38;22.15;2704;24.3;47.8;47.5
pr;ALTO PARAÍSO;Paraná;Sul;-23.49939;-53.73834;3269;28.54;27;11;FLAVIO BOLSONARO;PL;1321;57,94;LULA;PT;830;36,40;21.02;830;23.8;46.5;50.1
pr;ALTO PIQUIRI;Paraná;Sul;-24.04521;-53.42922;7426;24.28;104;25;FLAVIO BOLSONARO;PL;2713;49,98;LULA;PT;2395;44,12;5.66;2395;22.9;48.7;48.2
pr;ALTÔNIA;Paraná;Sul;-23.87761;-53.89106;14510;22.08;184;50;FLAVIO BOLSONARO;PL;7311;66,72;LULA;PT;2893;26,40;39.08;2893;20.7;45.9;46.7
pr;ALVORADA DO SUL;Paraná;Sul;-22.78174;-51.22922;7430;21.53;108;25;FLAVIO BOLSONARO;PL;3473;61,45;LULA;PT;1930;34,15;26.47;1930;21.8;41.5;48.2
pr;AMAPORÃ;Paraná;Sul;-23.10311;-52.79124;4058;22.52;66;13;FLAVIO BOLSONARO;PL;1547;50,82;LULA;PT;1309;43,00;7.57;1309;25.7;42.9;47.8
pr;AMPÉRE;Paraná;Sul;-25.9232;-53.47257;14532;16.27;252;48;FLAVIO BOLSONARO;PL;5616;47,84;LULA;PT;5365;45,70;2.06;5365;25.2;41.0;47.5
pr;ANAHY;Paraná;Sul;-24.64782;-53.13702;2828;16.69;42;9;FLAVIO BOLSONARO;PL;1200;52,40;LULA;PT;927;40,48;11.59;927;25.5;42.2;49.9
pr;ANDIRÁ;Paraná;Sul;-23.04433;-50.22963;16359;23.83;382;55;FLAVIO BOLSONARO;PL;6892;58,03;LULA;PT;4223;35,56;21.42;4223;21.1;37.7;47.1
pr;ANTONINA;Paraná;Sul;-25.42023;-48.71803;15653;25.73;163;53;FLAVIO BOLSONARO;PL;6940;61,62;LULA;PT;3624;32,18;28.52;3624;24.3;40.6;48.9
pr;ANTÔNIO OLINTO;Paraná;Sul;-25.93936;-50.1545;6911;20.19;148;25;FLAVIO BOLSONARO;PL;2894;55,38;LULA;PT;1832;35,06;19.25;1832;24.0;53.7;51.8
pr;APUCARANA;Paraná;Sul;-23.55458;-51.45537;94187;21.66;1841;295;FLAVIO BOLSONARO;PL;47060;66,78;LULA;PT;16907;23,99;40.86;16907;23.4;35.0;46.0
pr;ARAPONGAS;Paraná;Sul;-23.41095;-51.43401;84444;20.55;1505;247;FLAVIO BOLSONARO;PL;46270;71,91;LULA;PT;12880;20,02;49.77;12880;23.0;33.7;46.4
pr;ARAPOTI;Paraná;Sul;-24.1289;-49.82674;19003;24.63;247;66;FLAVIO BOLSONARO;PL;9426;68,54;LULA;PT;3483;25,33;41.49;3483;26.7;39.6;48.4
pr;ARAPUÃ;Paraná;Sul;-24.32118;-51.79078;3263;16.21;55;13;FLAVIO BOLSONARO;PL;1278;48,21;LULA;PT;1215;45,83;2.3;1215;23.7;49.3;49.6
pr;ARARUNA;Paraná;Sul;-23.93462;-52.49802;10853;18.43;195;36;FLAVIO BOLSONARO;PL;5079;59,65;LULA;PT;2827;33,20;25.44;2827;23.4;40.9;48.6
pr;ARAUCÁRIA;Paraná;Sul;-25.58686;-49.39265;112066;20.22;2334;341;FLAVIO BOLSONARO;PL;44601;52,59;LULA;PT;30847;36,37;15.38;30847;28.3;31.2;48.2
pr;ARIRANHA DO IVAÍ;Paraná;Sul;-24.38259;-51.57867;2527;19.91;39;8;LULA;PT;935;47,75;FLAVIO BOLSONARO;PL;907;46,32;1.38;907;19.8;48.9;49.7
pr;ASSAÍ;Paraná;Sul;-23.38109;-50.84684;12321;24.76;149;44;FLAVIO BOLSONARO;PL;6168;68,68;LULA;PT;2240;24,94;42.37;2240;20.9;36.0;46.9
pr;ASSIS CHATEAUBRIAND;Paraná;Sul;-24.40938;-53.53308;27256;20.27;379;87;FLAVIO BOLSONARO;PL;13775;65,45;LULA;PT;5958;28,31;35.97;5958;23.3;38.7;47.2
pr;ASTORGA;Paraná;Sul;-23.23198;-51.67193;19627;20.19;261;63;FLAVIO BOLSONARO;PL;10863;71,46;LULA;PT;3530;23,22;46.81;3530;21.3;38.2;47.2
pr;ATALAIA;Paraná;Sul;-23.1513;-52.0539;3479;17.99;36;12;FLAVIO BOLSONARO;PL;1687;60,71;LULA;PT;932;33,54;26.46;932;21.7;40.9;50.3
pr;BALSA NOVA;Paraná;Sul;-25.51498;-49.62309;12129;18.1;233;40;FLAVIO BOLSONARO;PL;5851;61,73;LULA;PT;2840;29,96;30.31;2840;24.5;42.6;50.1
pr;BANDEIRANTES;Paraná;Sul;-23.10974;-50.36909;24411;23.76;284;82;FLAVIO BOLSONARO;PL;12532;69,32;LULA;PT;4584;25,36;42.71;4584;22.7;35.5;46.7
pr;BARBOSA FERRAZ;Paraná;Sul;-24.04768;-52.02883;8859;24.78;184;35;FLAVIO BOLSONARO;PL;3460;54,26;LULA;PT;2458;38,54;15.04;2458;21.0;45.3;48.1
pr;BARRA DO JACARÉ;Paraná;Sul;-23.11466;-50.18083;2805;20.18;48;9;FLAVIO BOLSONARO;PL;1135;52,69;LULA;PT;874;40,58;11.66;874;20.4;35.6;50.1
pr;BARRACÃO;Paraná;Sul;-26.25068;-53.58964;7600;19.62;85;28;FLAVIO BOLSONARO;PL;3262;54,81;LULA;PT;2329;39,14;15.27;2329;25.4;45.0;48.3
pr;BELA VISTA DA CAROBA;Paraná;Sul;-25.88303;-53.66579;2988;16.9;43;9;LULA;PT;1210;50,27;FLAVIO BOLSONARO;PL;1049;43,58;6.48;1049;22.9;53.4;51.2
pr;BELA VISTA DO PARAÍSO;Paraná;Sul;-22.98927;-51.19598;12282;24.52;202;43;FLAVIO BOLSONARO;PL;5574;62,60;LULA;PT;2779;31,21;30.15;2779;22.7;43.2;46.1
pr;BITURUNA;Paraná;Sul;-26.16532;-51.51516;12808;18.91;225;45;FLAVIO BOLSONARO;PL;5048;50,73;LULA;PT;4349;43,71;6.73;4349;28.0;51.8;49.8
pr;BOA ESPERANÇA;Paraná;Sul;-24.24436;-52.77086;3974;18.92;52;13;FLAVIO BOLSONARO;PL;2240;71,73;LULA;PT;744;23,82;46.43;744;23.1;39.7;48.3
pr;BOA ESPERANÇA DO IGUAÇU;Paraná;Sul;-25.63213;-53.21366;2309;15.89;26;8;LULA;PT;895;47,20;FLAVIO BOLSONARO;PL;854;45,04;2.11;854;24.8;47.8;51.4
pr;BOA VENTURA DE SÃO ROQUE;Paraná;Sul;-24.86707;-51.55666;5080;17.64;73;22;LULA;PT;1876;46,31;FLAVIO BOLSONARO;PL;1872;46,21;0.1;1872;26.8;47.6;50.8
pr;BOA VISTA DA APARECIDA;Paraná;Sul;-25.43965;-53.407;7107;20.99;110;20;FLAVIO BOLSONARO;PL;2910;53,60;LULA;PT;2189;40,32;12.84;2189;24.8;47.4;48.6
pr;BOCAIÚVA DO SUL;Paraná;Sul;-25.20663;-49.09907;10205;25.05;171;33;FLAVIO BOLSONARO;PL;4328;59,46;LULA;PT;2318;31,85;26.28;2318;28.0;49.8;49.5
pr;BOM JESUS DO SUL;Paraná;Sul;-26.16506;-53.56179;3699;17.03;53;14;LULA;PT;1423;47,59;FLAVIO BOLSONARO;PL;1403;46,92;0.65;1403;24.1;50.6;50.6
pr;BOM SUCESSO;Paraná;Sul;-23.71116;-51.76792;5316;20.64;94;18;FLAVIO BOLSONARO;PL;1916;47,32;LULA;PT;1840;45,44;1.8;1840;25.2;45.3;48.1
pr;BOM SUCESSO DO SUL;Paraná;Sul;-26.07349;-52.83385;3020;15.17;21;11;FLAVIO BOLSONARO;PL;1769;70,37;LULA;PT;619;24,62;44.89;619;23.4;44.3;49.4
pr;BORRAZÓPOLIS;Paraná;Sul;-23.93897;-51.58995;6279;17.68;92;27;FLAVIO BOLSONARO;PL;3013;60,21;LULA;PT;1720;34,37;25.01;1720;20.6;44.9;48.8
pr;BRAGANEY;Paraná;Sul;-24.80572;-53.10136;4330;19.28;63;16;FLAVIO BOLSONARO;PL;1953;57,85;LULA;PT;1225;36,29;20.83;1225;23.7;43.6;49.9
pr;BRASILÂNDIA DO SUL;Paraná;Sul;-24.19951;-53.54902;3350;20.66;47;11;FLAVIO BOLSONARO;PL;1258;48,76;LULA;PT;1174;45,50;3.16;1174;25.8;48.6;47.8
pr;CAFEARA;Paraná;Sul;-22.78722;-51.71088;2223;17.36;53;7;LULA;PT;861;48,84;FLAVIO BOLSONARO;PL;821;46,57;2.18;821;24.0;42.1;49.1
pr;CAFELÂNDIA;Paraná;Sul;-24.62524;-53.32704;13247;17.42;164;41;FLAVIO BOLSONARO;PL;7110;66,83;LULA;PT;2768;26,02;39.69;2768;26.6;33.3;48.5
pr;CAFEZAL DO SUL;Paraná;Sul;-23.92683;-53.53032;4161;21.22;45;15;FLAVIO BOLSONARO;PL;1970;61,66;LULA;PT;1020;31,92;28.98;1020;23.5;45.9;48.0
pr;CALIFÓRNIA;Paraná;Sul;-23.66599;-51.355;6940;19.05;129;25;FLAVIO BOLSONARO;PL;3498;65,15;LULA;PT;1487;27,70;35.8;1487;24.1;43.2;47.7
pr;CAMBARÁ;Paraná;Sul;-23.04093;-50.07715;17864;25.82;422;60;FLAVIO BOLSONARO;PL;7552;60,16;LULA;PT;4130;32,90;25.82;4130;21.9;37.5;47.0
pr;CAMBIRA;Paraná;Sul;-23.60056;-51.58008;6442;19.4;117;19;FLAVIO BOLSONARO;PL;3314;66,49;LULA;PT;1376;27,61;37.33;1376;22.9;40.9;48.6
pr;CAMBÉ;Paraná;Sul;-23.28663;-51.25537;76178;21.65;1518;224;FLAVIO BOLSONARO;PL;36772;64,53;LULA;PT;14688;25,78;37.0;14688;24.1;34.4;46.5
pr;CAMPINA DA LAGOA;Paraná;Sul;-24.60296;-52.79858;12371;22.71;169;42;FLAVIO BOLSONARO;PL;5520;59,70;LULA;PT;3125;33,79;25.05;3125;24.3;44.7;47.3
pr;CAMPINA DO SIMÃO;Paraná;Sul;-25.11092;-51.81625;3735;21.23;71;14;LULA;PT;1308;46,86;FLAVIO BOLSONARO;PL;1228;44,00;2.72;1228;28.9;56.3;51.5
pr;CAMPINA GRANDE DO SUL;Paraná;Sul;-25.31505;-49.05293;35488;21.68;556;103;FLAVIO BOLSONARO;PL;15901;59,67;LULA;PT;8274;31,05;27.44;8274;28.5;34.6;47.9
pr;CAMPO BONITO;Paraná;Sul;-25.01997;-52.99935;3695;21.84;44;12;FLAVIO BOLSONARO;PL;1515;53,88;LULA;PT;1135;40,36;13.16;1135;26.9;46.9;49.6
pr;CAMPO DO TENENTE;Paraná;Sul;-25.97733;-49.67526;6393;18.08;75;20;FLAVIO BOLSONARO;PL;3167;62,47;LULA;PT;1515;29,88;31.54;1515;29.7;48.1;49.7
pr;CAMPO LARGO;Paraná;Sul;-25.43973;-49.52097;94798;19.32;1649;296;FLAVIO BOLSONARO;PL;44882;61,45;LULA;PT;20761;28,43;31.54;20761;25.8;35.2;47.6
pr;CAMPO MAGRO;Paraná;Sul;-25.36322;-49.40328;21484;20.14;387;66;FLAVIO BOLSONARO;PL;9079;55,46;LULA;PT;5501;33,60;20.85;5501;27.5;39.8;48.5
pr;CAMPO MOURÃO;Paraná;Sul;-24.0375;-52.38074;70262;20.05;988;216;FLAVIO BOLSONARO;PL;32846;60,51;LULA;PT;16646;30,67;28.84;16646;24.8;31.5;46.0
pr;CANDÓI;Paraná;Sul;-25.58111;-52.08748;12050;19.16;169;43;FLAVIO BOLSONARO;PL;4740;50,37;LULA;PT;4025;42,77;7.34;4025;26.7;51.3;49.7
pr;CANTAGALO;Paraná;Sul;-25.35504;-52.11986;9118;24.48;184;35;FLAVIO BOLSONARO;PL;3142;47,61;LULA;PT;3054;46,27;1.28;3054;26.4;51.8;49.4
pr;CAPANEMA;Paraná;Sul;-25.65069;-53.79447;15204;19.89;185;54;FLAVIO BOLSONARO;PL;6496;54,91;LULA;PT;4468;37,77;16.65;4468;22.9;46.0;48.2
pr;CAPITÃO LEÔNIDAS MARQUES;Paraná;Sul;-25.48554;-53.60104;11861;21.7;152;34;FLAVIO BOLSONARO;PL;5165;57,31;LULA;PT;3336;37,01;19.69;3336;24.3;41.5;48.0
pr;CARAMBEÍ;Paraná;Sul;-24.95435;-50.10866;17446;17.95;315;51;FLAVIO BOLSONARO;PL;9238;67,58;LULA;PT;3192;23,35;42.24;3192;28.5;38.6;48.5
pr;CARLÓPOLIS;Paraná;Sul;-23.42716;-49.71899;12148;24.15;223;38;FLAVIO BOLSONARO;PL;5552;62,82;LULA;PT;2722;30,80;30.71;2722;23.4;40.9;48.2
pr;CASCAVEL;Paraná;Sul;-24.96028;-53.45154;239954;19.01;3041;707;FLAVIO BOLSONARO;PL;121234;64,32;LULA;PT;51045;27,08;36.12;51045;26.1;26.9;46.5
pr;CASTRO;Paraná;Sul;-24.80249;-49.94988;55971;20.54;903;188;FLAVIO BOLSONARO;PL;27057;63,97;LULA;PT;11474;27,13;35.04;11474;28.7;40.6;48.6
pr;CATANDUVAS;Paraná;Sul;-25.21999;-53.16683;7097;22.4;115;27;FLAVIO BOLSONARO;PL;3183;59,94;LULA;PT;1798;33,86;25.15;1798;25.5;46.7;49.2
pr;CENTENÁRIO DO SUL;Paraná;Sul;-22.82331;-51.59748;8551;23.59;163;32;LULA;PT;3172;50,44;FLAVIO BOLSONARO;PL;2800;44,52;5.69;2800;22.4;47.7;47.6
pr;CERRO AZUL;Paraná;Sul;-24.83256;-49.30967;13491;22.21;259;48;LULA;PT;4665;46,85;FLAVIO BOLSONARO;PL;4661;46,81;0.04;4661;28.3;59.0;51.0
pr;CHOPINZINHO;Paraná;Sul;-25.84408;-52.50763;16864;20.08;242;53;FLAVIO BOLSONARO;PL;7713;59,20;LULA;PT;4482;34,40;23.97;4482;25.3;42.0;47.8
pr;CIANORTE;Paraná;Sul;-23.67046;-52.60992;58478;21.58;732;189;FLAVIO BOLSONARO;PL;30549;68,79;LULA;PT;10283;23,15;44.19;10283;23.1;35.9;46.1
pr;CIDADE GAÚCHA;Paraná;Sul;-23.382;-52.94419;8899;23.41;126;32;FLAVIO BOLSONARO;PL;3676;55,60;LULA;PT;2559;38,71;16.39;2559;25.9;42.5;48.7
pr;CLEVELÂNDIA;Paraná;Sul;-26.40102;-52.35831;13247;23.69;185;50;FLAVIO BOLSONARO;PL;5539;56,57;LULA;PT;3826;39,07;16.95;3826;27.3;45.1;47.0
pr;COLOMBO;Paraná;Sul;-25.34984;-49.187;161954;20.27;2796;486;FLAVIO BOLSONARO;PL;69990;56,88;LULA;PT;39734;32,29;23.43;39734;28.7;36.6;46.7
pr;COLORADO;Paraná;Sul;-22.844;-51.96311;17627;20.9;352;59;FLAVIO BOLSONARO;PL;7552;56,60;LULA;PT;4883;36,60;19.14;4883;22.3;39.4;47.6
pr;CONGONHINHAS;Paraná;Sul;-23.55629;-50.52899;6609;25.34;111;21;LULA;PT;2378;49,96;FLAVIO BOLSONARO;PL;2129;44,73;5.05;2129;23.2;50.1;48.6
pr;CONSELHEIRO MAIRINCK;Paraná;Sul;-23.62489;-50.17136;3221;23.35;62;10;FLAVIO BOLSONARO;PL;1260;53,21;LULA;PT;956;40,37;12.31;956;24.3;41.0;48.6
pr;CONTENDA;Paraná;Sul;-25.68145;-49.52849;13638;17.85;221;42;FLAVIO BOLSONARO;PL;6403;60,12;LULA;PT;3327;31,24;27.46;3327;25.9;46.7;49.1
pr;CORBÉLIA;Paraná;Sul;-24.78333;-53.2846;13858;17.88;139;45;FLAVIO BOLSONARO;PL;7590;68,50;LULA;PT;2774;25,03;42.32;2774;24.2;36.8;47.3
pr;CORNÉLIO PROCÓPIO;Paraná;Sul;-23.18118;-50.65262;35102;23.23;548;121;FLAVIO BOLSONARO;PL;16058;61,87;LULA;PT;7747;29,85;30.84;7747;21.7;27.8;46.3
pr;CORONEL DOMINGOS SOARES;Paraná;Sul;-26.19678;-51.99111;5280;23.26;63;18;LULA;PT;1877;47,71;FLAVIO BOLSONARO;PL;1864;47,38;0.32;1864;27.0;50.2;52.8
pr;CORONEL VIVIDA;Paraná;Sul;-25.99036;-52.57041;17708;18.45;249;59;FLAVIO BOLSONARO;PL;7845;56,25;LULA;PT;5245;37,61;18.01;5245;24.7;41.9;47.5
pr;CORUMBATAÍ DO SUL;Paraná;Sul;-24.10012;-52.11502;3757;23.58;67;12;FLAVIO BOLSONARO;PL;1295;47,04;LULA;PT;1250;45,41;1.57;1250;22.4;50.0;50.1
pr;CRUZ MACHADO;Paraná;Sul;-25.9785;-51.28664;13735;18.28;293;50;FLAVIO BOLSONARO;PL;6358;59,68;LULA;PT;3203;30,06;28.11;3203;26.8;53.1;51.5
pr;CRUZEIRO DO IGUAÇU;Paraná;Sul;-25.60371;-53.12421;3622;19.66;40;13;FLAVIO BOLSONARO;PL;1464;51,55;LULA;PT;1185;41,73;9.59;1185;24.8;43.2;49.2
pr;CRUZEIRO DO OESTE;Paraná;Sul;-23.7761;-53.07319;16510;23.79;241;56;FLAVIO BOLSONARO;PL;7335;60,35;LULA;PT;4065;33,45;25.99;4065;23.1;39.4;47.6
pr;CRUZEIRO DO SUL;Paraná;Sul;-22.95943;-52.1647;3922;22.95;68;12;LULA;PT;1449;49,74;FLAVIO BOLSONARO;PL;1298;44,56;5.0;1298;20.7;44.1;47.9
pr;CRUZMALTINA;Paraná;Sul;-24.00595;-51.47287;2730;20.44;45;11;FLAVIO BOLSONARO;PL;1227;58,40;LULA;PT;728;34,65;22.97;728;21.7;47.0;50.5
pr;CURITIBA;Paraná;Sul;-25.46739;-49.27606;1415148;19.72;23414;4056;FLAVIO BOLSONARO;PL;628721;57,50;LULA;PT;332099;30,37;26.11;332099;23.4;18.7;45.9
pr;CURIÚVA;Paraná;Sul;-24.03884;-50.45865;10807;26.24;216;35;FLAVIO BOLSONARO;PL;4476;59,21;LULA;PT;2615;34,59;23.35;2615;24.8;50.7;49.8
pr;CÂNDIDO DE ABREU;Paraná;Sul;-24.6226;-51.29698;11738;22.69;201;51;FLAVIO BOLSONARO;PL;4879;56,05;LULA;PT;3243;37,26;18.03;3243;24.1;53.5;50.3
pr;CÉU AZUL;Paraná;Sul;-25.14269;-53.84466;8788;18.23;114;27;FLAVIO BOLSONARO;PL;5247;75,12;LULA;PT;1389;19,89;53.69;1389;23.1;41.3;47.8
pr;DIAMANTE D'OESTE;Paraná;Sul;-24.94593;-54.10417;3758;19.16;47;17;LULA;PT;1555;52,62;FLAVIO BOLSONARO;PL;1266;42,84;9.51;1266;25.4;53.2;50.1
pr;DIAMANTE DO NORTE;Paraná;Sul;-22.65637;-52.85988;4379;23.32;60;13;FLAVIO BOLSONARO;PL;1902;58,43;LULA;PT;1170;35,94;21.8;1170;22.5;40.0;48.4
pr;DIAMANTE DO SUL;Paraná;Sul;-25.05473;-52.6935;3479;24.2;32;12;FLAVIO BOLSONARO;PL;1401;54,47;LULA;PT;1082;42,07;12.1;1082;28.4;52.5;51.2
pr;DOIS VIZINHOS;Paraná;Sul;-25.75232;-53.06583;33146;16.94;384;104;FLAVIO BOLSONARO;PL;15013;56,13;LULA;PT;10056;37,60;18.01;10056;26.4;34.3;47.9
pr;DOURADINA;Paraná;Sul;-23.387;-53.29719;6988;19.82;64;22;FLAVIO BOLSONARO;PL;3589;65,67;LULA;PT;1545;28,27;36.48;1545;22.4;35.1;48.5
pr;DOUTOR CAMARGO;Paraná;Sul;-23.55576;-52.21672;5175;19.5;75;17;FLAVIO BOLSONARO;PL;2659;65,85;LULA;PT;1152;28,53;36.17;1152;20.9;40.4;47.3
pr;DOUTOR ULYSSES;Paraná;Sul;-24.67339;-49.39597;5209;21.5;96;20;FLAVIO BOLSONARO;PL;1851;47,60;LULA;PT;1796;46,18;1.35;1796;28.9;62.5;51.8
pr;ENGENHEIRO BELTRÃO;Paraná;Sul;-23.79173;-52.25676;10063;21.55;151;33;FLAVIO BOLSONARO;PL;4654;60,98;LULA;PT;2494;32,68;27.36;2494;22.3;37.4;48.1
pr;ENTRE RIOS DO OESTE;Paraná;Sul;-24.70914;-54.23264;3721;15.64;30;15;FLAVIO BOLSONARO;PL;2257;73,16;LULA;PT;644;20,88;51.39;644;23.4;40.7;48.7
pr;ENÉAS MARQUES;Paraná;Sul;-25.92467;-53.14259;5490;17.29;58;17;FLAVIO BOLSONARO;PL;2121;48,01;LULA;PT;1988;45,00;2.93;1988;24.3;46.1;51.3
pr;ESPERANÇA NOVA;Paraná;Sul;-23.7261;-53.8123;2112;24.34;14;7;FLAVIO BOLSONARO;PL;1049;67,03;LULA;PT;427;27,28;38.92;427;20.8;45.8;49.0
pr;ESPIGÃO ALTO DO IGUAÇU;Paraná;Sul;-25.40632;-52.80517;4416;22.44;50;16;FLAVIO BOLSONARO;PL;1937;58,12;LULA;PT;1239;37,17;20.38;1239;25.7;50.9;51.2
pr;FAROL;Paraná;Sul;-24.09511;-52.63137;2837;20.83;37;10;FLAVIO BOLSONARO;PL;1157;53,27;LULA;PT;897;41,30;11.58;897;23.5;47.1;48.4
pr;FAXINAL;Paraná;Sul;-23.99416;-51.32454;12177;20.5;153;45;FLAVIO BOLSONARO;PL;6470;68,83;LULA;PT;2331;24,80;42.75;2331;24.5;42.8;47.0
pr;FAZENDA RIO GRANDE;Paraná;Sul;-25.65779;-49.31194;94019;23.28;1654;259;FLAVIO BOLSONARO;PL;39363;57,37;LULA;PT;21881;31,89;24.24;21881;30.1;29.7;47.4
pr;FERNANDES PINHEIRO;Paraná;Sul;-25.49683;-50.51914;5554;18.91;104;20;FLAVIO BOLSONARO;PL;2288;53,10;LULA;PT;1731;40,17;12.37;1731;28.0;53.9;51.4
pr;FIGUEIRA;Paraná;Sul;-23.84775;-50.40611;6360;24.98;112;19;LULA;PT;2255;49,33;FLAVIO BOLSONARO;PL;2071;45,31;3.86;2071;23.6;47.6;48.6
pr;FLOR DA SERRA DO SUL;Paraná;Sul;-26.25401;-53.29025;4381;19.68;64;17;FLAVIO BOLSONARO;PL;1771;51,97;LULA;PT;1413;41,46;10.17;1413;24.9;51.5;50.5
pr;FLORAÍ;Paraná;Sul;-23.32009;-52.30723;4346;15.46;67;15;FLAVIO BOLSONARO;PL;2132;60,35;LULA;PT;1183;33,48;25.83;1183;20.0;42.7;47.6
pr;FLORESTA;Paraná;Sul;-23.61553;-52.08034;8070;20.73;114;24;FLAVIO BOLSONARO;PL;4014;64,60;LULA;PT;1779;28,63;34.94;1779;24.5;35.1;46.4
pr;FLORESTÓPOLIS;Paraná;Sul;-22.86652;-51.39212;9394;18.58;119;34;LULA;PT;3450;46,63;FLAVIO BOLSONARO;PL;3439;46,49;0.14;3439;24.3;41.2;48.6
pr;FLÓRIDA;Paraná;Sul;-23.08376;-51.95103;2410;16.93;34;9;FLAVIO BOLSONARO;PL;1020;52,77;LULA;PT;789;40,82;11.54;789;22.5;35.5;48.5
pr;FORMOSA DO OESTE;Paraná;Sul;-24.29728;-53.31731;6080;21.66;126;21;FLAVIO BOLSONARO;PL;2982;65,41;LULA;PT;1294;28,38;35.44;1294;19.4;44.0;48.3
pr;FOZ DO IGUAÇU;Paraná;Sul;-25.51769;-54.55822;209121;21.06;2598;626;FLAVIO BOLSONARO;PL;97614;60,96;LULA;PT;50383;31,46;28.61;50383;27.2;29.4;45.8
pr;FOZ DO JORDÃO;Paraná;Sul;-25.7322;-52.12576;4360;23.92;67;16;LULA;PT;1746;54,41;FLAVIO BOLSONARO;PL;1280;39,89;14.05;1280;29.5;51.7;49.5
pr;FRANCISCO ALVES;Paraná;Sul;-24.07657;-53.86508;6100;24.92;69;21;FLAVIO BOLSONARO;PL;2856;64,30;LULA;PT;1370;30,84;32.45;1370;26.5;47.1;48.8
pr;FRANCISCO BELTRÃO;Paraná;Sul;-26.06316;-53.06444;66806;16.6;835;217;FLAVIO BOLSONARO;PL;29992;55,51;LULA;PT;19798;36,64;18.3;19798;25.8;30.7;47.1
pr;FÊNIX;Paraná;Sul;-23.90814;-51.98132;3851;20.93;84;12;FLAVIO BOLSONARO;PL;1433;49,06;LULA;PT;1286;44,03;4.83;1286;23.6;43.0;48.4
pr;GENERAL CARNEIRO;Paraná;Sul;-26.42156;-51.32499;8667;21.97;119;32;FLAVIO BOLSONARO;PL;3335;51,35;LULA;PT;2785;42,88;8.13;2785;28.3;51.3;49.0
pr;GODOY MOREIRA;Paraná;Sul;-24.19095;-51.92074;2850;22.18;41;11;LULA;PT;1151;53,53;FLAVIO BOLSONARO;PL;877;40,79;12.35;877;20.4;52.4;49.7
pr;GOIOERÊ;Paraná;Sul;-24.18529;-53.02504;21161;21.11;250;72;FLAVIO BOLSONARO;PL;10278;63,53;LULA;PT;4969;30,71;31.8;4969;22.1;40.2;46.0
pr;GOIOXIM;Paraná;Sul;-25.15865;-52.01202;5428;22.22;76;20;LULA;PT;2056;50,33;FLAVIO BOLSONARO;PL;1785;43,70;6.42;1785;27.6;55.0;52.2
pr;GRANDES RIOS;Paraná;Sul;-24.16608;-51.48221;4758;21.63;74;18;FLAVIO BOLSONARO;PL;2260;62,81;LULA;PT;1094;30,41;31.27;1094;23.7;48.2;50.4
pr;GUAIRAÇÁ;Paraná;Sul;-22.93341;-52.6858;5399;23.19;80;17;FLAVIO BOLSONARO;PL;2456;61,31;LULA;PT;1322;33,00;27.35;1322;25.3;47.8;48.3
pr;GUAMIRANGA;Paraná;Sul;-25.18385;-50.83135;6603;15.33;90;22;FLAVIO BOLSONARO;PL;3420;63,64;LULA;PT;1596;29,70;32.62;1596;25.5;53.9;50.4
pr;GUAPIRAMA;Paraná;Sul;-23.51644;-50.04439;4064;23.11;82;12;FLAVIO BOLSONARO;PL;1626;54,51;LULA;PT;1140;38,22;15.55;1140;24.0;41.5;48.3
pr;GUAPOREMA;Paraná;Sul;-23.34182;-52.77931;1979;23.29;24;6;FLAVIO BOLSONARO;PL;859;58,32;LULA;PT;510;34,62;22.99;510;24.1;41.2;48.6
pr;GUARACI;Paraná;Sul;-22.9637;-51.66085;4224;20.38;44;15;FLAVIO BOLSONARO;PL;2003;61,01;LULA;PT;1089;33,17;27.18;1089;23.9;43.7;47.9
pr;GUARANIAÇU;Paraná;Sul;-25.10712;-52.85879;11100;22.59;128;44;FLAVIO BOLSONARO;PL;5465;65,27;LULA;PT;2436;29,09;35.25;2436;23.8;49.0;48.8
pr;GUARAPUAVA;Paraná;Sul;-25.38686;-51.47148;133846;19.55;2132;438;FLAVIO BOLSONARO;PL;56860;55,01;LULA;PT;38125;36,88;17.4;38125;27.3;38.4;47.0
pr;GUARAQUEÇABA;Paraná;Sul;-25.28435;-48.35007;7430;27.63;88;29;FLAVIO BOLSONARO;PL;2717;52,07;LULA;PT;2182;41,82;9.95;2182;25.7;52.3;52.5
pr;GUARATUBA;Paraná;Sul;-25.88869;-48.60496;32489;25.79;393;95;FLAVIO BOLSONARO;PL;14855;63,56;LULA;PT;6607;28,27;34.21;6607;22.4;35.5;47.3
pr;GUAÍRA;Paraná;Sul;-24.10184;-54.2466;23809;22.94;254;82;FLAVIO BOLSONARO;PL;12008;67,35;LULA;PT;4848;27,19;39.02;4848;24.8;39.3;45.8
pr;HONÓRIO SERPA;Paraná;Sul;-26.16287;-52.39604;4366;20.02;40;14;LULA;PT;1670;48,79;FLAVIO BOLSONARO;PL;1585;46,30;2.43;1585;25.3;48.6;51.8
pr;IBAITI;Paraná;Sul;-23.82876;-50.2088;21627;24.12;346;74;FLAVIO BOLSONARO;PL;9639;61,28;LULA;PT;5046;32,08;27.99;5046;24.1;43.0;48.1
pr;IBEMA;Paraná;Sul;-25.11594;-53.01562;5098;21.71;79;20;FLAVIO BOLSONARO;PL;1962;51,00;LULA;PT;1630;42,37;8.32;1630;26.7;48.6;47.8
pr;IBIPORÃ;Paraná;Sul;-23.26764;-51.04894;39987;24.22;702;119;FLAVIO BOLSONARO;PL;18657;64,44;LULA;PT;7746;26,75;36.01;7746;23.6;33.9;46.4
pr;ICARAÍMA;Paraná;Sul;-23.38124;-53.62628;7070;22.7;69;24;FLAVIO BOLSONARO;PL;3480;65,49;LULA;PT;1602;30,15;34.36;1602;22.9;44.3;48.2
pr;IGUARAÇU;Paraná;Sul;-23.19568;-51.82675;4057;19.99;52;12;FLAVIO BOLSONARO;PL;1985;62,88;LULA;PT;967;30,63;31.36;967;22.8;34.8;48.5
pr;IGUATU;Paraná;Sul;-24.72057;-53.08896;2131;17.27;28;8;FLAVIO BOLSONARO;PL;836;48,72;LULA;PT;787;45,86;2.78;787;23.4;41.4;49.9
pr;IMBAÚ;Paraná;Sul;-24.4534;-50.7513;8865;20.03;211;29;FLAVIO BOLSONARO;PL;3387;50,57;LULA;PT;2890;43,15;7.01;2890;29.7;50.4;50.0
pr;IMBITUVA;Paraná;Sul;-25.22161;-50.63103;23461;17.57;352;76;FLAVIO BOLSONARO;PL;11802;63,70;LULA;PT;5216;28,15;34.06;5216;27.9;55.2;49.1
pr;INAJÁ;Paraná;Sul;-22.75391;-52.2018;2546;21.64;30;8;LULA;PT;994;50,95;FLAVIO BOLSONARO;PL;869;44,54;6.27;869;23.3;41.7;48.0
pr;INDIANÓPOLIS;Paraná;Sul;-23.47905;-52.70313;3803;20.93;78;14;FLAVIO BOLSONARO;PL;1749;60,96;LULA;PT;943;32,87;26.8;943;22.6;42.4;49.0
pr;INÁCIO MARTINS;Paraná;Sul;-25.59697;-51.1313;8367;18.21;161;31;FLAVIO BOLSONARO;PL;3172;48,38;LULA;PT;2850;43,47;4.71;2850;27.7;56.3;51.3
pr;IPIRANGA;Paraná;Sul;-25.00937;-50.60084;11267;16.14;186;41;FLAVIO BOLSONARO;PL;6042;66,98;LULA;PT;2128;23,59;41.42;2128;27.8;54.6;51.2
pr;IPORÃ;Paraná;Sul;-24.01099;-53.72067;12170;23.83;198;47;FLAVIO BOLSONARO;PL;5671;63,80;LULA;PT;2683;30,18;32.23;2683;22.6;42.9;47.3
pr;IRACEMA DO OESTE;Paraná;Sul;-24.42956;-53.35955;2427;19.86;42;9;FLAVIO BOLSONARO;PL;976;51,78;LULA;PT;810;42,97;8.53;810;24.1;49.4;48.8
pr;IRATI;Paraná;Sul;-25.47991;-50.69162;45672;18.26;894;161;FLAVIO BOLSONARO;PL;21227;59,90;LULA;PT;10632;30,00;28.38;10632;24.9;40.8;47.6
pr;IRETAMA;Paraná;Sul;-24.38725;-52.0989;7961;25.1;146;26;FLAVIO BOLSONARO;PL;2869;50,25;LULA;PT;2459;43,06;6.88;2459;23.8;51.2;48.9
pr;ITAGUAJÉ;Paraná;Sul;-22.61774;-51.96725;3512;19.62;50;11;FLAVIO BOLSONARO;PL;1395;50,69;LULA;PT;1213;44,08;6.45;1213;24.3;42.4;49.1
pr;ITAIPULÂNDIA;Paraná;Sul;-25.14568;-54.3083;9902;16.79;93;30;FLAVIO BOLSONARO;PL;4998;61,95;LULA;PT;2632;32,62;28.72;2632;27.0;46.3;47.9
pr;ITAMBARACÁ;Paraná;Sul;-23.01307;-50.41021;5267;24.72;85;16;FLAVIO BOLSONARO;PL;2391;62,59;LULA;PT;1220;31,94;29.53;1220;22.3;40.8;48.8
pr;ITAMBÉ;Paraná;Sul;-23.65712;-51.99163;5052;16.05;66;18;FLAVIO BOLSONARO;PL;2467;59,86;LULA;PT;1342;32,56;26.53;1342;23.7;37.9;47.5
pr;ITAPEJARA D'OESTE;Paraná;Sul;-25.96549;-52.81652;9159;17.88;140;28;FLAVIO BOLSONARO;PL;3931;54,21;LULA;PT;2878;39,69;14.0;2878;24.5;42.9;48.6
pr;ITAPERUÇU;Paraná;Sul;-25.18789;-49.3823;21624;15.91;309;61;LULA;PT;8697;49,82;FLAVIO BOLSONARO;PL;7469;42,79;6.75;7469;31.5;50.9;49.1
pr;ITAÚNA DO SUL;Paraná;Sul;-22.72875;-52.88179;2788;24.35;40;10;LULA;PT;1076;52,59;FLAVIO BOLSONARO;PL;829;40,52;11.71;829;23.9;45.3;48.6
pr;IVAIPORÃ;Paraná;Sul;-24.24803;-51.66258;24012;18.85;359;82;FLAVIO BOLSONARO;PL;10742;57,21;LULA;PT;6516;34,70;21.69;6516;22.8;37.0;46.6
pr;IVATUBA;Paraná;Sul;-23.59576;-52.17908;3152;25.25;43;12;FLAVIO BOLSONARO;PL;1397;61,19;LULA;PT;673;29,48;30.73;673;28.6;26.9;47.4
pr;IVATÉ;Paraná;Sul;-23.38;-53.37608;5439;19.86;78;20;FLAVIO BOLSONARO;PL;2276;53,86;LULA;PT;1679;39,73;13.7;1679;22.6;37.7;48.8
pr;IVAÍ;Paraná;Sul;-24.99457;-50.84786;10656;15.98;181;37;FLAVIO BOLSONARO;PL;5550;64,43;LULA;PT;2445;28,38;34.68;2445;26.9;52.7;50.8
pr;JABOTI;Paraná;Sul;-23.7385;-50.06983;4523;19.19;81;15;FLAVIO BOLSONARO;PL;2108;60,14;LULA;PT;1146;32,70;26.32;1146;23.5;43.3;49.7
pr;JACAREZINHO;Paraná;Sul;-23.15159;-49.97138;29711;23.42;493;102;FLAVIO BOLSONARO;PL;11043;50,74;LULA;PT;9267;42,58;7.81;9267;24.2;33.4;46.9
pr;JAGUAPITÃ;Paraná;Sul;-23.11121;-51.53354;11056;25.77;176;33;FLAVIO BOLSONARO;PL;5042;64,04;LULA;PT;2280;28,96;33.65;2280;25.5;41.2;46.8
pr;JAGUARIAÍVA;Paraná;Sul;-24.27413;-49.70402;25982;22.68;297;85;FLAVIO BOLSONARO;PL;12904;66,60;LULA;PT;5219;26,94;38.26;5219;26.8;36.9;48.1
pr;JANDAIA DO SUL;Paraná;Sul;-23.60109;-51.6484;16534;20.09;250;56;FLAVIO BOLSONARO;PL;8694;68,18;LULA;PT;2994;23,48;43.14;2994;22.7;31.4;46.8
pr;JANIÓPOLIS;Paraná;Sul;-24.13819;-52.73709;4944;22.8;81;16;FLAVIO BOLSONARO;PL;1901;51,83;LULA;PT;1571;42,83;8.65;1571;21.4;50.7;48.7
pr;JAPIRA;Paraná;Sul;-23.79491;-50.14313;3943;22.7;63;14;FLAVIO BOLSONARO;PL;1576;53,75;LULA;PT;1159;39,53;13.68;1159;22.2;45.4;49.4
pr;JAPURÁ;Paraná;Sul;-23.4703;-52.55409;7452;18.95;88;25;FLAVIO BOLSONARO;PL;3976;67,84;LULA;PT;1476;25,18;41.39;1476;21.7;42.3;48.1
pr;JARDIM ALEGRE;Paraná;Sul;-24.18642;-51.71534;9012;18.35;132;33;FLAVIO BOLSONARO;PL;3850;54,07;LULA;PT;2847;39,99;13.63;2847;20.9;46.0;48.1
pr;JARDIM OLINDA;Paraná;Sul;-22.54997;-52.03616;1350;15.41;21;5;LULA;PT;626;56,24;FLAVIO BOLSONARO;PL;429;38,54;17.25;429;22.6;37.5;50.0
pr;JATAIZINHO;Paraná;Sul;-23.25613;-50.97237;9482;22.37;167;31;FLAVIO BOLSONARO;PL;4190;59,42;LULA;PT;2336;33,13;25.19;2336;25.1;39.7;47.4
pr;JESUÍTAS;Paraná;Sul;-24.39134;-53.38917;7384;18.08;136;25;FLAVIO BOLSONARO;PL;3597;61,91;LULA;PT;1856;31,94;28.78;1856;20.7;45.6;48.5
pr;JOAQUIM TÁVORA;Paraná;Sul;-23.49501;-49.91474;9226;23.22;147;28;FLAVIO BOLSONARO;PL;4212;61,87;LULA;PT;2112;31,02;29.64;2112;24.7;40.1;47.5
pr;JUNDIAÍ DO SUL;Paraná;Sul;-23.43745;-50.24744;2911;24.7;39;9;LULA;PT;1035;48,82;FLAVIO BOLSONARO;PL;965;45,52;3.19;965;23.8;48.1;49.9
pr;JURANDA;Paraná;Sul;-24.42111;-52.85349;6202;17.61;85;21;FLAVIO BOLSONARO;PL;3295;66,40;LULA;PT;1412;28,46;36.85;1412;24.0;43.4;47.7
pr;JUSSARA;Paraná;Sul;-23.6208;-52.47097;5485;20.73;99;17;FLAVIO BOLSONARO;PL;2419;57,95;LULA;PT;1434;34,36;22.65;1434;23.9;40.3;47.3
pr;KALORÉ;Paraná;Sul;-23.83946;-51.68133;4004;16.23;51;14;FLAVIO BOLSONARO;PL;1967;60,41;LULA;PT;1119;34,37;25.28;1119;21.7;40.8;48.4
pr;LAPA;Paraná;Sul;-25.77316;-49.76981;36461;19.02;722;119;FLAVIO BOLSONARO;PL;16244;58,10;LULA;PT;9069;32,44;24.3;9069;25.4;40.6;49.0
pr;LARANJAL;Paraná;Sul;-24.88951;-52.45853;4694;21.39;61;18;LULA;PT;1988;55,38;FLAVIO BOLSONARO;PL;1457;40,58;14.39;1457;28.2;59.0;51.0
pr;LARANJEIRAS DO SUL;Paraná;Sul;-25.39721;-52.40553;24304;23.74;365;84;FLAVIO BOLSONARO;PL;8871;49,63;LULA;PT;7835;43,83;5.59;7835;27.4;40.3;47.0
pr;LEÓPOLIS;Paraná;Sul;-23.06477;-50.74229;3502;18.16;56;13;FLAVIO BOLSONARO;PL;1465;52,72;LULA;PT;1147;41,27;11.1;1147;21.3;38.9;48.8
pr;LIDIANÓPOLIS;Paraná;Sul;-24.09452;-51.64853;3461;17.36;50;13;FLAVIO BOLSONARO;PL;1757;63,11;LULA;PT;874;31,39;30.87;874;20.7;45.2;48.8
pr;LINDOESTE;Paraná;Sul;-25.26298;-53.5629;5116;21.31;48;16;LULA;PT;1898;48,31;FLAVIO BOLSONARO;PL;1785;45,43;2.81;1785;24.7;45.6;50.4
pr;LOANDA;Paraná;Sul;-22.9286;-53.1352;15869;20.39;188;56;FLAVIO BOLSONARO;PL;7922;64,61;LULA;PT;3646;29,73;33.85;3646;23.6;36.8;45.9
pr;LOBATO;Paraná;Sul;-23.01059;-51.95036;3851;19.4;101;13;FLAVIO BOLSONARO;PL;1572;53,11;LULA;PT;1193;40,30;12.21;1193;22.7;33.1;47.7
pr;LONDRINA;Paraná;Sul;-23.31607;-51.1594;394978;20.9;7477;1200;FLAVIO BOLSONARO;PL;195008;65,15;LULA;PT;72432;24,20;39.23;72432;23.5;24.1;45.3
pr;LUIZIANA;Paraná;Sul;-24.28808;-52.27363;5953;21.52;88;19;FLAVIO BOLSONARO;PL;2333;51,84;LULA;PT;1896;42,13;9.35;1896;25.3;49.8;49.7
pr;LUNARDELLI;Paraná;Sul;-24.07973;-51.74529;4235;21.56;71;14;FLAVIO BOLSONARO;PL;1746;54,92;LULA;PT;1227;38,60;15.62;1227;21.2;46.9;48.5
pr;LUPIONÓPOLIS;Paraná;Sul;-22.7531;-51.65725;4003;19.44;75;14;LULA;PT;1479;47,65;FLAVIO BOLSONARO;PL;1465;47,20;0.43;1465;23.8;42.6;47.6
pr;MALLET;Paraná;Sul;-25.89366;-50.81106;10552;17.97;224;37;FLAVIO BOLSONARO;PL;5337;64,80;LULA;PT;2100;25,50;37.4;2100;25.5;43.6;50.7
pr;MAMBORÊ;Paraná;Sul;-24.3275;-52.53338;10615;20.08;131;38;FLAVIO BOLSONARO;PL;5730;69,54;LULA;PT;2104;25,53;42.74;2104;22.9;43.3;47.6
pr;MANDAGUARI;Paraná;Sul;-23.52263;-51.67812;27663;22.4;505;86;FLAVIO BOLSONARO;PL;13488;65,55;LULA;PT;5397;26,23;37.69;5397;23.3;36.0;47.4
pr;MANDAGUAÇU;Paraná;Sul;-23.34383;-52.09522;19903;22.78;367;64;FLAVIO BOLSONARO;PL;8997;61,17;LULA;PT;4608;31,33;28.56;4608;25.8;38.8;47.7
pr;MANDIRITUBA;Paraná;Sul;-25.82456;-49.34152;19907;20.36;325;62;FLAVIO BOLSONARO;PL;8758;57,78;LULA;PT;5138;33,90;22.83;5138;26.5;45.3;49.3
pr;MANFRINÓPOLIS;Paraná;Sul;-26.10887;-53.32795;3122;18.16;38;11;LULA;PT;1383;55,56;FLAVIO BOLSONARO;PL;970;38,97;16.16;970;27.9;49.5;53.8
pr;MANGUEIRINHA;Paraná;Sul;-25.95714;-52.19949;13764;21.52;181;47;FLAVIO BOLSONARO;PL;5398;51,51;LULA;PT;4480;42,75;8.5;4480;27.4;45.9;48.0
pr;MANOEL RIBAS;Paraná;Sul;-24.5034;-51.66764;11018;19.58;135;42;FLAVIO BOLSONARO;PL;5884;68,19;LULA;PT;2244;26,01;41.08;2244;25.7;43.6;48.0
pr;MARECHAL CÂNDIDO RONDON;Paraná;Sul;-24.55324;-54.07771;40475;17.68;383;154;FLAVIO BOLSONARO;PL;23987;73,59;LULA;PT;6627;20,33;52.1;6627;24.6;34.4;47.3
pr;MARIA HELENA;Paraná;Sul;-23.60771;-53.21949;4789;20.82;48;15;FLAVIO BOLSONARO;PL;2011;54,38;LULA;PT;1506;40,72;13.32;1506;21.8;45.9;48.4
pr;MARIALVA;Paraná;Sul;-23.48967;-51.80429;30178;20.63;404;99;FLAVIO BOLSONARO;PL;15602;67,44;LULA;PT;5730;24,77;41.21;5730;23.2;37.0;47.3
pr;MARILENA;Paraná;Sul;-22.73693;-53.03901;5989;22.86;79;19;LULA;PT;2131;47,54;FLAVIO BOLSONARO;PL;2077;46,33;1.17;2077;23.7;45.7;49.9
pr;MARILUZ;Paraná;Sul;-24.00711;-53.14849;7588;21.55;127;26;FLAVIO BOLSONARO;PL;2917;50,99;LULA;PT;2480;43,35;7.34;2480;24.5;51.4;48.2
pr;MARILÂNDIA DO SUL;Paraná;Sul;-23.76134;-51.30421;7142;22.11;101;28;FLAVIO BOLSONARO;PL;3492;65,23;LULA;PT;1462;27,31;36.49;1462;24.0;46.8;49.9
pr;MARINGÁ;Paraná;Sul;-23.41516;-51.93402;302812;21.05;3892;974;FLAVIO BOLSONARO;PL;146584;63,14;LULA;PT;62164;26,78;35.31;62164;22.9;22.3;45.5
pr;MARIPÁ;Paraná;Sul;-24.44635;-53.80891;5176;15.4;33;18;FLAVIO BOLSONARO;PL;3440;79,93;LULA;PT;674;15,66;63.17;674;23.4;41.4;47.9
pr;MARIÓPOLIS;Paraná;Sul;-26.35616;-52.55895;5494;18.97;93;19;FLAVIO BOLSONARO;PL;2733;63,72;LULA;PT;1324;30,87;31.65;1324;23.3;46.2;48.9
pr;MARMELEIRO;Paraná;Sul;-26.17678;-53.04229;11778;19.04;151;37;FLAVIO BOLSONARO;PL;5002;54,22;LULA;PT;3580;38,81;14.91;3580;24.8;43.8;48.1
pr;MARQUINHO;Paraná;Sul;-25.09752;-52.2344;3876;20.77;55;16;FLAVIO BOLSONARO;PL;1473;49,60;LULA;PT;1337;45,02;4.43;1337;23.3;56.0;50.6
pr;MARUMBI;Paraná;Sul;-23.70812;-51.64371;3950;16.3;65;13;FLAVIO BOLSONARO;PL;1706;53,28;LULA;PT;1262;39,41;13.43;1262;23.7;41.3;48.7
pr;MATELÂNDIA;Paraná;Sul;-25.23488;-53.97618;13751;18.98;126;42;FLAVIO BOLSONARO;PL;8141;74,69;LULA;PT;2214;20,31;53.2;2214;25.7;39.9;48.2
pr;MATINHOS;Paraná;Sul;-25.80278;-48.53202;35293;29.35;504;100;FLAVIO BOLSONARO;PL;13302;55,45;LULA;PT;8531;35,56;19.13;8531;22.2;35.4;46.4
pr;MATO RICO;Paraná;Sul;-24.68536;-52.16534;3238;20.72;56;16;LULA;PT;1173;47,30;FLAVIO BOLSONARO;PL;1146;46,21;1.05;1146;25.8;51.4;52.5
pr;MAUÁ DA SERRA;Paraná;Sul;-23.89841;-51.22718;7691;21.44;121;25;FLAVIO BOLSONARO;PL;3565;60,99;LULA;PT;1928;32,99;27.09;1928;28.4;48.7;49.0
pr;MEDIANEIRA;Paraná;Sul;-25.29103;-54.09868;37479;19.71;425;126;FLAVIO BOLSONARO;PL;19850;67,81;LULA;PT;7595;25,95;40.72;7595;26.5;37.6;47.5
pr;MERCEDES;Paraná;Sul;-24.45062;-54.18022;4929;13.61;33;20;FLAVIO BOLSONARO;PL;3387;80,78;LULA;PT;577;13,76;65.99;577;23.9;46.2;48.3
pr;MIRADOR;Paraná;Sul;-23.22108;-52.75883;2160;25.0;27;8;LULA;PT;834;53,39;FLAVIO BOLSONARO;PL;633;40,52;12.41;633;24.5;43.6;49.4
pr;MIRASELVA;Paraná;Sul;-22.96852;-51.48294;1851;15.18;24;7;FLAVIO BOLSONARO;PL;862;56,34;LULA;PT;600;39,22;16.69;600;21.3;39.3;49.1
pr;MISSAL;Paraná;Sul;-25.10199;-54.22999;9671;16.16;96;33;FLAVIO BOLSONARO;PL;5368;67,53;LULA;PT;2101;26,43;40.29;2101;22.5;46.8;49.1
pr;MOREIRA SALES;Paraná;Sul;-24.0596;-52.99538;9161;19.46;144;36;FLAVIO BOLSONARO;PL;4197;59,16;LULA;PT;2584;36,43;21.86;2584;22.0;50.1;48.4
pr;MORRETES;Paraná;Sul;-25.4975;-48.82185;14680;23.43;190;47;FLAVIO BOLSONARO;PL;6155;56,81;LULA;PT;3892;35,92;20.13;3892;24.7;40.6;48.7
pr;MUNHOZ DE MELLO;Paraná;Sul;-23.14636;-51.77192;3547;19.4;46;11;FLAVIO BOLSONARO;PL;1627;58,76;LULA;PT;999;36,08;21.97;999;23.7;39.5;49.1
pr;NOSSA SENHORA DAS GRAÇAS;Paraná;Sul;-22.91404;-51.79883;3173;20.23;58;11;LULA;PT;1189;48,91;FLAVIO BOLSONARO;PL;1064;43,77;4.94;1064;23.6;39.7;48.8
pr;NOVA ALIANÇA DO IVAÍ;Paraná;Sul;-23.17758;-52.60458;1565;20.64;20;5;FLAVIO BOLSONARO;PL;657;54,30;LULA;PT;470;38,84;15.06;470;24.9;40.3;49.0
pr;NOVA AMÉRICA DA COLINA;Paraná;Sul;-23.33085;-50.71974;3349;15.86;50;12;FLAVIO BOLSONARO;PL;1534;56,01;LULA;PT;1060;38,70;16.82;1060;24.8;39.4;49.4
pr;NOVA AURORA;Paraná;Sul;-24.51715;-53.26452;9631;15.94;133;35;FLAVIO BOLSONARO;PL;5094;64,94;LULA;PT;2338;29,81;34.04;2338;22.4;41.4;47.8
pr;NOVA CANTU;Paraná;Sul;-24.67898;-52.56826;6004;19.25;102;22;LULA;PT;2298;48,98;FLAVIO BOLSONARO;PL;2148;45,78;3.09;2148;25.9;48.8;49.7
pr;NOVA ESPERANÇA;Paraná;Sul;-23.18627;-52.20721;19494;20.76;252;74;FLAVIO BOLSONARO;PL;9358;62,60;LULA;PT;4503;30,12;31.43;4503;22.8;39.4;46.7
pr;NOVA ESPERANÇA DO SUDOESTE;Paraná;Sul;-25.88903;-53.24268;5165;16.07;49;16;FLAVIO BOLSONARO;PL;1985;47,05;LULA;PT;1971;46,72;0.32;1971;27.1;45.8;52.2
pr;NOVA FÁTIMA;Paraná;Sul;-23.43591;-50.55929;6087;22.69;105;22;FLAVIO BOLSONARO;PL;2490;55,14;LULA;PT;1738;38,49;15.98;1738;21.9;48.5;47.0
pr;NOVA LARANJEIRAS;Paraná;Sul;-25.26644;-52.5736;8591;21.25;129;29;LULA;PT;3253;49,46;FLAVIO BOLSONARO;PL;3044;46,28;3.09;3044;28.8;49.8;50.1
pr;NOVA LONDRINA;Paraná;Sul;-22.7659;-52.99061;9738;24.76;115;34;FLAVIO BOLSONARO;PL;4022;56,46;LULA;PT;2629;36,90;19.01;2629;24.1;36.2;47.0
pr;NOVA OLÍMPIA;Paraná;Sul;-23.47466;-53.08614;4854;21.01;74;17;FLAVIO BOLSONARO;PL;2360;63,75;LULA;PT;1148;31,01;31.61;1148;23.5;43.6;47.4
pr;NOVA PRATA DO IGUAÇU;Paraná;Sul;-25.62507;-53.35582;8864;18.36;68;27;FLAVIO BOLSONARO;PL;3665;51,70;LULA;PT;3075;43,38;8.15;3075;24.5;47.9;49.3
pr;NOVA SANTA BÁRBARA;Paraná;Sul;-23.58939;-50.76299;3758;21.23;62;13;FLAVIO BOLSONARO;PL;1413;49,51;LULA;PT;1230;43,10;6.18;1230;25.7;44.7;47.0
pr;NOVA SANTA ROSA;Paraná;Sul;-24.45796;-53.9532;7055;14.15;43;24;FLAVIO BOLSONARO;PL;4936;82,57;LULA;PT;778;13,01;68.65;778;22.6;41.2;48.4
pr;NOVA TEBAS;Paraná;Sul;-24.45732;-51.93863;6025;19.39;109;24;LULA;PT;2438;52,08;FLAVIO BOLSONARO;PL;1851;39,54;12.09;1851;23.5;50.8;50.8
pr;NOVO ITACOLOMI;Paraná;Sul;-23.75984;-51.50615;2996;17.76;49;9;FLAVIO BOLSONARO;PL;1494;62,93;LULA;PT;696;29,32;32.39;696;23.9;43.2;50.8
pr;ORTIGUEIRA;Paraná;Sul;-24.17111;-50.94406;20079;26.0;328;71;LULA;PT;6754;47,43;FLAVIO BOLSONARO;PL;6612;46,44;0.96;6612;26.2;54.5;50.6
pr;OURIZONA;Paraná;Sul;-23.40769;-52.19619;2830;16.01;56;10;FLAVIO BOLSONARO;PL;1159;50,66;LULA;PT;997;43,58;6.82;997;20.9;42.1;48.6
pr;OURO VERDE DO OESTE;Paraná;Sul;-24.77632;-53.90338;5332;17.39;78;17;FLAVIO BOLSONARO;PL;2672;62,71;LULA;PT;1321;31,00;30.67;1321;25.2;41.0;48.7
pr;PAIÇANDU;Paraná;Sul;-23.4593;-52.04507;30395;21.91;545;100;FLAVIO BOLSONARO;PL;12703;55,93;LULA;PT;7842;34,53;20.48;7842;25.0;40.9;46.8
pr;PALMAS;Paraná;Sul;-26.48034;-51.99438;32266;26.41;489;103;FLAVIO BOLSONARO;PL;11262;49,58;LULA;PT;10127;44,58;4.78;10127;30.8;45.1;47.3
pr;PALMEIRA;Paraná;Sul;-25.44207;-50.05415;26972;18.31;428;87;FLAVIO BOLSONARO;PL;14241;67,59;LULA;PT;4871;23,12;42.53;4871;26.2;42.4;48.8
pr;PALMITAL;Paraná;Sul;-24.88687;-52.23536;10879;21.24;180;41;FLAVIO BOLSONARO;PL;4127;49,82;LULA;PT;3670;44,30;5.33;3670;25.9;53.5;49.3
pr;PALOTINA;Paraná;Sul;-24.2779;-53.84285;24632;17.62;246;84;FLAVIO BOLSONARO;PL;14434;72,74;LULA;PT;4166;20,99;50.6;4166;24.2;33.7;47.2
pr;PARANACITY;Paraná;Sul;-22.93341;-52.15014;7616;24.61;139;24;FLAVIO BOLSONARO;PL;2705;49,10;LULA;PT;2494;45,27;3.67;2494;25.1;41.5;47.8
pr;PARANAGUÁ;Paraná;Sul;-25.53775;-48.5363;108469;20.51;1313;322;FLAVIO BOLSONARO;PL;50905;61,15;LULA;PT;25382;30,49;29.6;25382;28.1;30.8;47.9
pr;PARANAPOEMA;Paraná;Sul;-22.65351;-52.08193;2106;16.86;26;7;LULA;PT;893;52,34;FLAVIO BOLSONARO;PL;716;41,97;10.11;716;23.8;41.5;48.5
pr;PARANAVAÍ;Paraná;Sul;-23.08243;-52.46361;63954;22.33;894;202;FLAVIO BOLSONARO;PL;31593;65,89;LULA;PT;12811;26,72;37.81;12811;23.2;31.6;45.4
pr;PARAÍSO DO NORTE;Paraná;Sul;-23.28224;-52.60214;9490;21.21;136;30;FLAVIO BOLSONARO;PL;4044;56,11;LULA;PT;2752;38,19;17.28;2752;25.0;39.2;48.1
pr;PATO BRAGADO;Paraná;Sul;-24.62631;-54.22685;4506;15.49;45;15;FLAVIO BOLSONARO;PL;2899;77,62;LULA;PT;644;17,24;59.22;644;23.8;41.9;46.8
pr;PATO BRANCO;Paraná;Sul;-26.22591;-52.67588;64406;18.66;694;204;FLAVIO BOLSONARO;PL;31466;61,72;LULA;PT;15294;30,00;30.87;15294;26.3;27.8;46.6
pr;PAULA FREITAS;Paraná;Sul;-26.174;-50.8849;4763;18.92;76;18;FLAVIO BOLSONARO;PL;2410;64,89;LULA;PT;1022;27,52;35.94;1022;23.0;46.3;51.3
pr;PAULO FRONTIN;Paraná;Sul;-26.05208;-50.78078;5698;16.22;91;21;FLAVIO BOLSONARO;PL;2942;64,57;LULA;PT;1175;25,79;37.01;1175;24.6;46.8;52.0
pr;PEABIRU;Paraná;Sul;-23.91503;-52.34366;9916;20.14;187;33;FLAVIO BOLSONARO;PL;4395;57,87;LULA;PT;2655;34,96;21.97;2655;24.4;37.8;47.2
pr;PEROBAL;Paraná;Sul;-23.89569;-53.4171;5670;20.81;67;17;FLAVIO BOLSONARO;PL;2812;64,51;LULA;PT;1283;29,43;34.05;1283;23.7;41.8;47.8
pr;PINHAIS;Paraná;Sul;-25.42942;-49.17785;99265;19.9;1503;280;FLAVIO BOLSONARO;PL;43866;57,40;LULA;PT;23903;31,28;25.11;23903;27.4;26.0;46.8
pr;PINHAL DE SÃO BENTO;Paraná;Sul;-26.02707;-53.48273;2579;17.25;34;9;LULA;PT;1156;55,90;FLAVIO BOLSONARO;PL;768;37,14;18.18;768;26.1;49.9;50.2
pr;PINHALÃO;Paraná;Sul;-23.81787;-50.06215;5879;19.8;72;19;FLAVIO BOLSONARO;PL;2663;58,22;LULA;PT;1607;35,13;22.4;1607;22.9;44.7;49.6
pr;PINHÃO;Paraná;Sul;-25.75223;-51.62314;23849;25.07;458;81;LULA;PT;8609;50,42;FLAVIO BOLSONARO;PL;7295;42,72;7.35;7295;30.2;52.0;49.1
pr;PIRAQUARA;Paraná;Sul;-25.45285;-49.09878;73929;22.73;1274;214;FLAVIO BOLSONARO;PL;29174;53,62;LULA;PT;19477;35,80;16.98;19477;29.9;35.7;47.1
pr;PIRAÍ DO SUL;Paraná;Sul;-24.53015;-49.93201;18800;21.09;299;63;FLAVIO BOLSONARO;PL;8665;61,68;LULA;PT;4109;29,25;30.71;4109;26.7;41.9;49.0
pr;PITANGA;Paraná;Sul;-24.73069;-51.7782;25677;21.19;378;98;FLAVIO BOLSONARO;PL;10166;52,07;LULA;PT;7699;39,44;12.19;7699;25.6;41.6;48.9
pr;PITANGUEIRAS;Paraná;Sul;-23.23383;-51.58471;2622;19.68;34;8;FLAVIO BOLSONARO;PL;1267;62,08;LULA;PT;643;31,50;29.63;643;24.2;43.1;48.8
pr;PIÊN;Paraná;Sul;-26.10324;-49.41798;10850;13.47;145;35;FLAVIO BOLSONARO;PL;6672;73,61;LULA;PT;1701;18,77;52.94;1701;27.3;44.8;50.9
pr;PLANALTINA DO PARANÁ;Paraná;Sul;-23.03864;-52.92315;3432;17.89;49;12;FLAVIO BOLSONARO;PL;1305;47,84;LULA;PT;1258;46,11;1.67;1258;24.0;46.1;48.9
pr;PLANALTO;Paraná;Sul;-25.7324;-53.73914;10281;18.27;125;38;FLAVIO BOLSONARO;PL;4285;52,54;LULA;PT;3434;42,11;10.13;3434;21.4;50.9;48.8
pr;PONTA GROSSA;Paraná;Sul;-25.09476;-50.15764;258390;19.75;4309;781;FLAVIO BOLSONARO;PL;117846;59,42;LULA;PT;56136;28,30;29.76;56136;27.4;29.9;46.7
pr;PONTAL DO PARANÁ;Paraná;Sul;-25.65098;-48.44187;24938;26.09;336;72;FLAVIO BOLSONARO;PL;9884;55,55;LULA;PT;6500;36,53;18.36;6500;21.5;34.4;47.1
pr;PORECATU;Paraná;Sul;-22.7545;-51.37864;9608;23.41;126;34;FLAVIO BOLSONARO;PL;3483;48,77;LULA;PT;3163;44,29;4.35;3163;22.7;34.6;47.1
pr;PORTO AMAZONAS;Paraná;Sul;-25.54603;-49.89437;3870;21.55;59;13;FLAVIO BOLSONARO;PL;1769;61,06;LULA;PT;828;28,58;30.99;828;26.9;42.9;49.0
pr;PORTO BARREIRO;Paraná;Sul;-25.56678;-52.3948;3139;21.6;27;12;FLAVIO BOLSONARO;PL;1342;55,75;LULA;PT;909;37,76;17.59;909;25.3;50.3;52.1
pr;PORTO RICO;Paraná;Sul;-22.78242;-53.27001;3003;20.68;20;10;FLAVIO BOLSONARO;PL;1565;66,79;LULA;PT;670;28,60;37.57;670;24.6;33.7;51.1
pr;PORTO VITÓRIA;Paraná;Sul;-26.17869;-51.21958;3274;18.75;50;13;FLAVIO BOLSONARO;PL;1483;58,32;LULA;PT;851;33,46;23.76;851;26.1;46.9;51.4
pr;PRADO FERREIRA;Paraná;Sul;-23.04081;-51.44131;3188;18.32;43;10;FLAVIO BOLSONARO;PL;1339;52,99;LULA;PT;1012;40,05;12.56;1012;24.3;43.7;48.8
pr;PRANCHITA;Paraná;Sul;-26.00406;-53.74102;4649;15.21;43;17;FLAVIO BOLSONARO;PL;2486;64,40;LULA;PT;1174;30,41;33.28;1174;21.9;47.1;48.2
pr;PRESIDENTE CASTELO BRANCO;Paraná;Sul;-23.27783;-52.15582;3887;21.07;72;13;FLAVIO BOLSONARO;PL;1396;47,40;LULA;PT;1336;45,37;1.96;1336;25.3;41.5;50.4
pr;PRIMEIRO DE MAIO;Paraná;Sul;-22.8648;-51.03335;8333;20.29;118;26;FLAVIO BOLSONARO;PL;4377;68,14;LULA;PT;1747;27,19;39.6;1747;21.7;39.0;48.3
pr;PRUDENTÓPOLIS;Paraná;Sul;-25.18377;-51.02273;39039;18.46;631;143;FLAVIO BOLSONARO;PL;21823;71,36;LULA;PT;6277;20,52;48.84;6277;25.6;48.5;49.7
pr;PÉROLA;Paraná;Sul;-23.80332;-53.68418;9508;23.87;132;30;FLAVIO BOLSONARO;PL;4403;62,94;LULA;PT;2124;30,36;31.49;2124;21.3;43.3;46.9
pr;PÉROLA D'OESTE;Paraná;Sul;-25.83751;-53.74839;5285;15.8;49;18;FLAVIO BOLSONARO;PL;2734;62,79;LULA;PT;1381;31,72;30.4;1381;22.6;48.3;49.0
pr;QUARTO CENTENÁRIO;Paraná;Sul;-24.2862;-53.10694;3470;18.13;43;13;FLAVIO BOLSONARO;PL;1690;61,10;LULA;PT;932;33,69;26.68;932;23.9;49.2;48.8
pr;QUATIGUÁ;Paraná;Sul;-23.56772;-49.91505;6645;21.16;101;20;FLAVIO BOLSONARO;PL;3274;65,09;LULA;PT;1467;29,17;34.49;1467;21.5;41.6;47.2
pr;QUATRO BARRAS;Paraná;Sul;-25.37634;-49.07224;18192;20.19;338;53;FLAVIO BOLSONARO;PL;8918;64,08;LULA;PT;3676;26,41;36.1;3676;27.0;28.1;48.7
pr;QUATRO PONTES;Paraná;Sul;-24.57368;-53.97493;4065;11.93;21;14;FLAVIO BOLSONARO;PL;2954;83,35;LULA;PT;384;10,84;71.79;384;22.5;35.7;47.8
pr;QUEDAS DO IGUAÇU;Paraná;Sul;-25.45357;-52.9062;23209;22.49;283;80;FLAVIO BOLSONARO;PL;10344;59,19;LULA;PT;6197;35,46;23.05;6197;26.5;45.8;48.4
pr;QUERÊNCIA DO NORTE;Paraná;Sul;-23.07234;-53.49218;7996;20.82;127;32;FLAVIO BOLSONARO;PL;2984;48,55;LULA;PT;2867;46,65;1.85;2867;22.7;48.7;48.7
pr;QUINTA DO SOL;Paraná;Sul;-23.85169;-52.12982;4291;19.13;79;13;FLAVIO BOLSONARO;PL;1783;53,14;LULA;PT;1391;41,46;11.3;1391;24.4;43.4;48.8
pr;QUITANDINHA;Paraná;Sul;-25.89978;-49.48173;14118;16.06;248;46;FLAVIO BOLSONARO;PL;7780;68,56;LULA;PT;2805;24,72;41.98;2805;25.5;48.7;50.2
pr;RAMILÂNDIA;Paraná;Sul;-25.12084;-54.02992;3754;22.35;31;11;FLAVIO BOLSONARO;PL;1369;47,87;LULA;PT;1327;46,40;1.44;1327;25.7;52.4;50.5
pr;RANCHO ALEGRE;Paraná;Sul;-23.07033;-50.91529;3224;20.44;46;10;FLAVIO BOLSONARO;PL;1523;61,12;LULA;PT;817;32,78;27.52;817;22.9;45.4;47.2
pr;RANCHO ALEGRE D'OESTE;Paraná;Sul;-24.30604;-52.95444;2352;18.28;40;10;FLAVIO BOLSONARO;PL;1095;58,87;LULA;PT;690;37,10;21.07;690;23.1;48.8;48.5
pr;REALEZA;Paraná;Sul;-25.7479;-53.53336;14524;19.84;204;46;FLAVIO BOLSONARO;PL;6803;60,16;LULA;PT;3909;34,57;24.86;3909;24.2;40.5;47.2
pr;REBOUÇAS;Paraná;Sul;-25.63234;-50.66844;12151;17.74;208;38;FLAVIO BOLSONARO;PL;5527;58,15;LULA;PT;3168;33,33;23.6;3168;26.9;49.0;49.4
pr;RENASCENÇA;Paraná;Sul;-26.16057;-52.96942;5351;18.82;79;17;FLAVIO BOLSONARO;PL;2299;54,74;LULA;PT;1689;40,21;14.04;1689;23.9;47.3;48.9
pr;RESERVA;Paraná;Sul;-24.60809;-50.88428;20369;24.91;370;64;FLAVIO BOLSONARO;PL;8541;58,60;LULA;PT;5136;35,24;22.26;5136;28.3;54.3;50.4
pr;RESERVA DO IGUAÇU;Paraná;Sul;-25.84022;-52.00335;5460;23.77;97;19;LULA;PT;1936;48,33;FLAVIO BOLSONARO;PL;1822;45,48;2.74;1822;31.6;51.6;51.1
pr;RIBEIRÃO CLARO;Paraná;Sul;-23.20039;-49.75447;9867;24.7;203;30;FLAVIO BOLSONARO;PL;4118;58,07;LULA;PT;2497;35,21;21.82;2497;23.2;40.0;48.3
pr;RIBEIRÃO DO PINHAL;Paraná;Sul;-23.41363;-50.35643;10165;26.58;201;34;LULA;PT;3345;46,89;FLAVIO BOLSONARO;PL;3290;46,12;0.74;3290;23.8;45.0;47.8
pr;RIO AZUL;Paraná;Sul;-25.72578;-50.78725;11268;14.42;201;35;FLAVIO BOLSONARO;PL;6545;70,98;LULA;PT;1864;20,21;48.54;1864;26.6;53.2;51.2
pr;RIO BOM;Paraná;Sul;-23.76844;-51.41448;3019;19.38;60;11;FLAVIO BOLSONARO;PL;1284;54,94;LULA;PT;862;36,88;17.34;862;22.5;44.2;50.6
pr;RIO BONITO DO IGUAÇU;Paraná;Sul;-25.51785;-52.58532;11105;23.09;139;40;LULA;PT;4947;59,77;FLAVIO BOLSONARO;PL;2939;35,51;23.51;2939;26.8;54.4;51.0
pr;RIO BRANCO DO IVAÍ;Paraná;Sul;-24.32968;-51.31643;3520;23.95;74;13;FLAVIO BOLSONARO;PL;1318;51,26;LULA;PT;1092;42,47;8.44;1092;26.2;48.3;51.0
pr;RIO BRANCO DO SUL;Paraná;Sul;-25.15097;-49.32953;27280;18.85;432;89;FLAVIO BOLSONARO;PL;10808;50,97;LULA;PT;8899;41,96;8.62;8899;29.6;46.4;49.4
pr;RIO NEGRO;Paraná;Sul;-26.09116;-49.76155;24158;20.05;315;84;FLAVIO BOLSONARO;PL;13188;71,10;LULA;PT;3719;20,05;49.03;3719;25.2;33.5;49.2
pr;ROLÂNDIA;Paraná;Sul;-23.31056;-51.38048;49517;22.46;792;154;FLAVIO BOLSONARO;PL;25073;68,23;LULA;PT;8718;23,72;42.59;8718;24.1;35.2;46.7
pr;RONCADOR;Paraná;Sul;-24.58641;-52.25946;8952;21.07;162;30;FLAVIO BOLSONARO;PL;3384;49,67;LULA;PT;2964;43,51;5.94;2964;23.3;49.2;48.4
pr;RONDON;Paraná;Sul;-23.42527;-52.77723;6991;19.5;93;25;FLAVIO BOLSONARO;PL;3439;63,30;LULA;PT;1706;31,40;30.79;1706;25.2;43.3;48.8
pr;ROSÁRIO DO IVAÍ;Paraná;Sul;-24.27529;-51.22741;4714;18.14;67;18;FLAVIO BOLSONARO;PL;2035;54,37;LULA;PT;1406;37,56;16.3;1406;24.3;45.8;49.7
pr;SABÁUDIA;Paraná;Sul;-23.31956;-51.55092;6748;19.22;100;19;FLAVIO BOLSONARO;PL;3712;70,29;LULA;PT;1184;22,42;46.38;1184;24.6;41.1;47.8
pr;SALGADO FILHO;Paraná;Sul;-26.15524;-53.39369;3590;14.54;60;16;FLAVIO BOLSONARO;PL;1640;55,33;LULA;PT;1108;37,38;17.34;1108;26.4;48.6;50.3
pr;SALTO DO ITARARÉ;Paraná;Sul;-23.60517;-49.63805;4614;21.11;106;16;FLAVIO BOLSONARO;PL;1784;51,61;LULA;PT;1438;41,60;9.51;1438;22.1;48.7;49.3
pr;SALTO DO LONTRA;Paraná;Sul;-25.78322;-53.30968;11161;19.05;152;37;LULA;PT;4257;48,73;FLAVIO BOLSONARO;PL;3931;45,00;3.61;3931;24.9;47.4;49.5
pr;SANTA AMÉLIA;Paraná;Sul;-23.26707;-50.42791;3048;20.34;39;11;FLAVIO BOLSONARO;PL;1357;58,02;LULA;PT;898;38,39;18.9;898;23.4;44.2;48.6
pr;SANTA CECÍLIA DO PAVÃO;Paraná;Sul;-23.51624;-50.78476;3121;17.59;54;13;FLAVIO BOLSONARO;PL;1326;53,23;LULA;PT;1010;40,55;12.29;1010;23.6;41.0;47.8
pr;SANTA CRUZ DE MONTE CASTELO;Paraná;Sul;-22.98349;-53.30185;6773;20.24;85;22;FLAVIO BOLSONARO;PL;3135;59,71;LULA;PT;1880;35,81;23.23;1880;22.5;42.0;47.4
pr;SANTA FÉ;Paraná;Sul;-23.04016;-51.80987;9149;21.32;128;28;FLAVIO BOLSONARO;PL;4337;62,20;LULA;PT;2272;32,58;28.69;2272;22.0;38.2;46.5
pr;SANTA HELENA;Paraná;Sul;-24.87;-54.30818;21071;19.15;228;75;FLAVIO BOLSONARO;PL;10545;63,41;LULA;PT;5239;31,51;31.15;5239;24.1;42.3;47.5
pr;SANTA INÊS;Paraná;Sul;-22.63966;-51.90096;1684;14.67;19;7;LULA;PT;693;49,18;FLAVIO BOLSONARO;PL;628;44,57;4.52;628;23.9;39.7;48.7
pr;SANTA ISABEL DO IVAÍ;Paraná;Sul;-23.02203;-53.20747;7006;21.77;80;26;FLAVIO BOLSONARO;PL;3436;64,59;LULA;PT;1617;30,39;33.19;1617;21.2;42.4;47.5
pr;SANTA IZABEL DO OESTE;Paraná;Sul;-25.80672;-53.46376;8780;19.34;121;29;FLAVIO BOLSONARO;PL;3874;56,30;LULA;PT;2663;38,70;17.1;2663;24.4;46.7;48.5
pr;SANTA LÚCIA;Paraná;Sul;-25.40818;-53.56939;3289;22.59;53;8;FLAVIO BOLSONARO;PL;1392;56,47;LULA;PT;912;37,00;18.85;912;23.4;46.9;50.1
pr;SANTA MARIA DO OESTE;Paraná;Sul;-24.91412;-51.9075;8019;21.0;149;31;FLAVIO BOLSONARO;PL;2931;48,06;LULA;PT;2824;46,30;1.69;2824;24.8;52.2;51.0
pr;SANTA MARIANA;Paraná;Sul;-23.10601;-50.5333;9361;23.61;132;33;FLAVIO BOLSONARO;PL;3542;51,27;LULA;PT;2909;42,11;8.85;2909;21.7;43.5;47.3
pr;SANTA MÔNICA;Paraná;Sul;-23.13587;-53.10412;2710;22.29;33;10;LULA;PT;1000;48,76;FLAVIO BOLSONARO;PL;973;47,44;1.28;973;23.8;47.2;48.9
pr;SANTA TEREZA DO OESTE;Paraná;Sul;-25.0649;-53.6142;10278;19.63;116;30;FLAVIO BOLSONARO;PL;4832;60,10;LULA;PT;2618;32,56;26.8;2618;27.0;39.7;48.5
pr;SANTA TEREZINHA DE ITAIPU;Paraná;Sul;-25.44193;-54.40406;18871;18.9;223;56;FLAVIO BOLSONARO;PL;10393;69,68;LULA;PT;3722;24,95;43.59;3722;24.6;39.9;45.5
pr;SANTANA DO ITARARÉ;Paraná;Sul;-23.75905;-49.62927;4659;21.64;87;15;FLAVIO BOLSONARO;PL;1886;54,35;LULA;PT;1348;38,85;14.74;1348;24.3;49.6;49.6
pr;SANTO ANTÔNIO DA PLATINA;Paraná;Sul;-23.29478;-50.07235;32125;23.77;472;107;FLAVIO BOLSONARO;PL;14659;62,54;LULA;PT;7056;30,10;31.05;7056;23.8;38.4;46.7
pr;SANTO ANTÔNIO DO CAIUÁ;Paraná;Sul;-22.73946;-52.34545;2358;17.35;44;7;LULA;PT;968;51,60;FLAVIO BOLSONARO;PL;824;43,92;7.39;824;23.2;45.2;49.0
pr;SANTO ANTÔNIO DO PARAÍSO;Paraná;Sul;-23.49509;-50.64412;2247;21.98;20;9;FLAVIO BOLSONARO;PL;878;51,47;LULA;PT;739;43,32;7.93;739;22.6;38.7;48.9
pr;SANTO ANTÔNIO DO SUDOESTE;Paraná;Sul;-26.06754;-53.69512;15509;17.74;206;53;FLAVIO BOLSONARO;PL;6705;54,12;LULA;PT;5104;41,20;12.55;5104;25.1;51.8;47.3
pr;SANTO INÁCIO;Paraná;Sul;-22.69536;-51.79155;4802;21.89;66;14;FLAVIO BOLSONARO;PL;1910;52,44;LULA;PT;1506;41,35;10.77;1506;23.9;39.0;48.6
pr;SAPOPEMA;Paraná;Sul;-23.89484;-50.58689;5485;22.72;107;20;FLAVIO BOLSONARO;PL;2059;50,83;LULA;PT;1706;42,11;8.33;1706;26.2;52.3;50.4
pr;SARANDI;Paraná;Sul;-23.44164;-51.87265;72031;24.23;1183;218;FLAVIO BOLSONARO;PL;29305;56,20;LULA;PT;17759;34,06;21.16;17759;27.1;40.6;46.5
pr;SAUDADE DO IGUAÇU;Paraná;Sul;-25.69472;-52.6165;5302;23.75;62;16;FLAVIO BOLSONARO;PL;1881;47,81;LULA;PT;1792;45,55;2.2;1792;28.3;46.8;48.7
pr;SENGÉS;Paraná;Sul;-24.11194;-49.4692;13757;21.95;268;50;FLAVIO BOLSONARO;PL;6582;64,18;LULA;PT;2996;29,22;33.4;2996;27.4;49.0;50.4
pr;SERRANÓPOLIS DO IGUAÇU;Paraná;Sul;-25.39898;-54.04591;4396;15.15;45;17;FLAVIO BOLSONARO;PL;2701;73,98;LULA;PT;769;21,06;51.8;769;22.1;44.9;48.3
pr;SERTANEJA;Paraná;Sul;-23.01647;-50.8235;4818;18.76;69;16;FLAVIO BOLSONARO;PL;2313;60,96;LULA;PT;1247;32,87;27.24;1247;21.7;36.5;48.4
pr;SERTANÓPOLIS;Paraná;Sul;-23.05734;-51.03638;13311;21.34;164;40;FLAVIO BOLSONARO;PL;7245;71,25;LULA;PT;2336;22,97;46.89;2336;22.2;37.8;47.3
pr;SIQUEIRA CAMPOS;Paraná;Sul;-23.68195;-49.82004;16432;22.56;420;50;FLAVIO BOLSONARO;PL;6602;54,75;LULA;PT;4336;35,96;17.81;4336;24.6;44.4;48.0
pr;SULINA;Paraná;Sul;-25.70829;-52.71078;2942;18.32;55;10;FLAVIO BOLSONARO;PL;1264;54,62;LULA;PT;872;37,68;16.31;872;22.9;50.4;50.4
pr;SÃO CARLOS DO IVAÍ;Paraná;Sul;-23.31615;-52.47088;5076;17.06;96;17;FLAVIO BOLSONARO;PL;2620;64,90;LULA;PT;1251;30,99;32.52;1251;24.5;47.0;48.2
pr;SÃO JERÔNIMO DA SERRA;Paraná;Sul;-23.71133;-50.77532;8538;26.31;173;35;LULA;PT;3015;49,97;FLAVIO BOLSONARO;PL;2667;44,20;5.53;2667;25.3;53.3;50.0
pr;SÃO JORGE D'OESTE;Paraná;Sul;-25.69073;-52.92694;8006;15.89;87;29;FLAVIO BOLSONARO;PL;3815;58,20;LULA;PT;2408;36,74;20.89;2408;23.7;44.2;48.7
pr;SÃO JORGE DO IVAÍ;Paraná;Sul;-23.43257;-52.29452;4820;16.1;62;18;FLAVIO BOLSONARO;PL;2746;69,94;LULA;PT;1012;25,78;42.88;1012;20.9;38.2;48.2
pr;SÃO JORGE DO PATROCÍNIO;Paraná;Sul;-23.75692;-53.8851;5235;20.63;73;16;FLAVIO BOLSONARO;PL;2502;61,93;LULA;PT;1355;33,54;27.61;1355;21.0;48.1;48.4
pr;SÃO JOSÉ DA BOA VISTA;Paraná;Sul;-23.92031;-49.65498;4737;20.12;94;16;FLAVIO BOLSONARO;PL;2269;62,30;LULA;PT;1076;29,54;31.53;1076;23.8;48.4;49.9
pr;SÃO JOSÉ DAS PALMEIRAS;Paraná;Sul;-24.83461;-54.06131;3463;20.39;41;11;FLAVIO BOLSONARO;PL;1301;48,62;LULA;PT;1211;45,25;3.26;1211;24.3;48.9;48.9
pr;SÃO JOSÉ DOS PINHAIS;Paraná;Sul;-25.54404;-49.17234;227539;20.3;3848;641;FLAVIO BOLSONARO;PL;105608;60,80;LULA;PT;48980;28,20;31.22;48980;27.7;28.0;47.0
pr;SÃO JOÃO;Paraná;Sul;-25.80869;-52.74942;9177;18.08;145;33;FLAVIO BOLSONARO;PL;4441;60,93;LULA;PT;2430;33,34;26.75;2430;24.0;43.0;48.1
pr;SÃO JOÃO DO CAIUÁ;Paraná;Sul;-22.8565;-52.34076;4585;17.95;63;16;LULA;PT;1868;51,35;FLAVIO BOLSONARO;PL;1592;43,76;7.34;1592;24.4;47.6;47.8
pr;SÃO JOÃO DO IVAÍ;Paraná;Sul;-23.99662;-51.82559;9056;22.52;131;29;FLAVIO BOLSONARO;PL;3458;50,93;LULA;PT;2814;41,44;9.18;2814;21.0;46.6;47.4
pr;SÃO JOÃO DO TRIUNFO;Paraná;Sul;-25.6723;-50.28409;11623;17.34;189;46;FLAVIO BOLSONARO;PL;4653;51,60;LULA;PT;3409;37,81;12.95;3409;28.0;54.5;52.4
pr;SÃO MANOEL DO PARANÁ;Paraná;Sul;-23.39708;-52.64502;2070;19.18;19;7;FLAVIO BOLSONARO;PL;982;60,28;LULA;PT;563;34,56;25.04;563;22.4;43.4;49.3
pr;SÃO MATEUS DO SUL;Paraná;Sul;-25.88021;-50.40637;34022;18.8;560;115;FLAVIO BOLSONARO;PL;14766;56,19;LULA;PT;8875;33,77;21.32;8875;25.8;40.9;49.0
pr;SÃO MIGUEL DO IGUAÇU;Paraná;Sul;-25.34377;-54.24248;21857;19.4;245;79;FLAVIO BOLSONARO;PL;11029;64,14;LULA;PT;5302;30,84;32.51;5302;24.7;45.8;47.4
pr;SÃO PEDRO DO IGUAÇU;Paraná;Sul;-24.91493;-53.87991;5033;20.54;102;18;FLAVIO BOLSONARO;PL;2254;58,61;LULA;PT;1405;36,53;21.23;1405;23.0;51.1;48.7
pr;SÃO PEDRO DO IVAÍ;Paraná;Sul;-23.8613;-51.86522;6943;20.9;125;25;FLAVIO BOLSONARO;PL;3103;58,79;LULA;PT;1842;34,90;22.96;1842;22.1;39.3;47.9
pr;SÃO PEDRO DO PARANÁ;Paraná;Sul;-22.78559;-53.20515;2695;20.56;33;11;FLAVIO BOLSONARO;PL;1419;68,09;LULA;PT;565;27,11;39.89;565;23.4;39.4;49.9
pr;SÃO SEBASTIÃO DA AMOREIRA;Paraná;Sul;-23.46438;-50.75956;6561;22.59;95;22;FLAVIO BOLSONARO;PL;2390;48,74;LULA;PT;2169;44,23;4.35;2169;24.4;41.0;45.9
pr;SÃO TOMÉ;Paraná;Sul;-23.53669;-52.59214;4816;22.03;91;16;FLAVIO BOLSONARO;PL;2231;62,11;LULA;PT;1112;30,96;29.8;1112;25.4;40.6;49.8
pr;TAMARANA;Paraná;Sul;-23.73967;-51.07246;9024;25.03;116;29;FLAVIO BOLSONARO;PL;3603;55,05;LULA;PT;2511;38,37;16.14;2511;26.1;51.1;49.5
pr;TAMBOARA;Paraná;Sul;-23.20194;-52.50098;4157;21.22;109;14;FLAVIO BOLSONARO;PL;1948;62,84;LULA;PT;975;31,45;29.71;975;23.1;41.6;48.6
pr;TAPEJARA;Paraná;Sul;-23.73579;-52.86727;11635;22.97;193;36;FLAVIO BOLSONARO;PL;5373;62,22;LULA;PT;2791;32,32;28.81;2791;24.2;43.5;48.2
pr;TAPIRA;Paraná;Sul;-23.33711;-53.08638;4694;24.29;69;17;FLAVIO BOLSONARO;PL;1975;57,58;LULA;PT;1300;37,90;18.99;1300;21.5;48.1;48.1
pr;TEIXEIRA SOARES;Paraná;Sul;-25.37604;-50.41824;8083;20.24;129;28;FLAVIO BOLSONARO;PL;3739;60,56;LULA;PT;1904;30,84;28.46;1904;27.8;50.4;50.2
pr;TELÊMACO BORBA;Paraná;Sul;-24.32796;-50.6295;51913;21.16;747;165;FLAVIO BOLSONARO;PL;23280;59,39;LULA;PT;12276;31,32;26.88;12276;26.7;33.1;48.2
pr;TERRA BOA;Paraná;Sul;-23.76527;-52.44617;13355;22.65;187;41;FLAVIO BOLSONARO;PL;6562;65,89;LULA;PT;2697;27,08;37.42;2697;23.1;38.7;47.2
pr;TERRA RICA;Paraná;Sul;-22.72297;-52.63331;11783;23.47;174;41;FLAVIO BOLSONARO;PL;5510;63,28;LULA;PT;2665;30,61;31.55;2665;22.4;41.5;47.8
pr;TERRA ROXA;Paraná;Sul;-24.18177;-54.08923;13332;19.28;179;47;FLAVIO BOLSONARO;PL;7167;68,43;LULA;PT;2796;26,70;40.62;2796;23.0;41.7;46.6
pr;TIBAGI;Paraná;Sul;-24.57487;-50.47591;14864;24.28;260;50;FLAVIO BOLSONARO;PL;5748;53,70;LULA;PT;4063;37,96;14.97;4063;28.1;45.8;49.7
pr;TIJUCAS DO SUL;Paraná;Sul;-25.91638;-49.1568;13059;17.78;234;40;FLAVIO BOLSONARO;PL;5747;56,17;LULA;PT;3601;35,20;19.99;3601;25.9;50.9;50.8
pr;TOLEDO;Paraná;Sul;-24.72312;-53.7447;108119;18.43;1468;355;FLAVIO BOLSONARO;PL;56579;66,12;LULA;PT;22331;26,10;38.83;22331;25.5;31.7;47.0
pr;TOMAZINA;Paraná;Sul;-23.75812;-49.96336;6647;20.31;117;25;FLAVIO BOLSONARO;PL;2952;57,89;LULA;PT;1776;34,83;22.2;1776;20.6;44.7;51.2
pr;TRÊS BARRAS DO PARANÁ;Paraná;Sul;-25.43713;-53.19669;9120;18.33;119;35;FLAVIO BOLSONARO;PL;4329;60,23;LULA;PT;2519;35,05;24.3;2519;25.4;47.6;49.4
pr;TUNAS DO PARANÁ;Paraná;Sul;-24.97827;-49.06814;5500;22.38;85;18;FLAVIO BOLSONARO;PL;2296;55,78;LULA;PT;1550;37,66;17.47;1550;32.3;54.1;51.5
pr;TUNEIRAS DO OESTE;Paraná;Sul;-23.87698;-52.86645;6721;21.29;83;21;FLAVIO BOLSONARO;PL;3229;62,66;LULA;PT;1632;31,67;30.19;1632;23.7;44.8;49.6
pr;TUPÃSSI;Paraná;Sul;-24.61649;-53.51306;6257;17.34;67;21;FLAVIO BOLSONARO;PL;3640;72,38;LULA;PT;1154;22,95;48.07;1154;21.9;41.8;48.5
pr;TURVO;Paraná;Sul;-25.01244;-51.49906;11863;19.12;188;46;FLAVIO BOLSONARO;PL;4324;46,73;LULA;PT;4246;45,89;0.81;4246;28.5;50.5;50.0
pr;UBIRATÃ;Paraná;Sul;-24.53755;-52.99439;19130;20.23;235;66;FLAVIO BOLSONARO;PL;9663;65,34;LULA;PT;4259;28,80;35.41;4259;22.9;37.4;46.9
pr;UMUARAMA;Paraná;Sul;-23.75683;-53.31305;82990;21.37;912;256;FLAVIO BOLSONARO;PL;43812;69,01;LULA;PT;15059;23,72;44.06;15059;23.2;31.6;45.3
pr;UNIFLOR;Paraná;Sul;-23.08811;-52.15792;2155;17.12;31;8;FLAVIO BOLSONARO;PL;878;50,52;LULA;PT;780;44,88;5.49;780;23.3;43.8;49.3
pr;UNIÃO DA VITÓRIA;Paraná;Sul;-26.22421;-51.08057;40654;22.81;603;139;FLAVIO BOLSONARO;PL;18160;60,55;LULA;PT;8985;29,96;29.24;8985;26.8;31.9;47.3
pr;URAÍ;Paraná;Sul;-23.20218;-50.79968;8555;21.16;138;32;FLAVIO BOLSONARO;PL;3836;58,96;LULA;PT;2209;33,95;24.12;2209;22.7;39.4;47.7
pr;VENTANIA;Paraná;Sul;-24.21751;-50.26557;7525;18.11;141;24;FLAVIO BOLSONARO;PL;3072;52,52;LULA;PT;2392;40,90;11.04;2392;28.7;50.8;51.0
pr;VERA CRUZ DO OESTE;Paraná;Sul;-25.05209;-53.88801;6593;19.31;107;21;FLAVIO BOLSONARO;PL;3257;63,26;LULA;PT;1648;32,01;30.24;1648;23.4;44.2;47.3
pr;VERÊ;Paraná;Sul;-25.87508;-52.93592;6888;15.21;94;24;FLAVIO BOLSONARO;PL;3024;53,49;LULA;PT;2365;41,84;11.28;2365;22.4;44.8;49.9
pr;VIRMOND;Paraná;Sul;-25.38416;-52.21708;3584;18.69;40;12;FLAVIO BOLSONARO;PL;1652;58,15;LULA;PT;996;35,06;22.51;996;25.9;50.5;50.8
pr;VITORINO;Paraná;Sul;-26.27586;-52.79111;5942;16.71;58;18;FLAVIO BOLSONARO;PL;3075;63,55;LULA;PT;1488;30,75;32.07;1488;25.4;42.2;48.5
pr;WENCESLAU BRAZ;Paraná;Sul;-23.87355;-49.80164;14549;23.93;196;48;FLAVIO BOLSONARO;PL;6708;62,91;LULA;PT;3166;29,69;32.0;3166;24.7;42.8;47.5
pr;XAMBRÊ;Paraná;Sul;-23.73541;-53.5515;5375;22.98;54;19;FLAVIO BOLSONARO;PL;2383;59,01;LULA;PT;1427;35,34;23.09;1427;21.4;47.5;48.6
pr;ÂNGULO;Paraná;Sul;-23.19758;-51.91014;2817;17.61;44;9;FLAVIO BOLSONARO;PL;1479;66,00;LULA;PT;602;26,86;37.79;602;22.3;42.5;50.0
pb;AGUIAR;Paraíba;Nordeste;-7.09344;-38.16819;4779;19.5;95;17;LULA;PT;2862;77,02;FLAVIO BOLSONARO;PL;719;19,35;55.71;719;24.0;60.1;48.2
pb;ALAGOA GRANDE;Paraíba;Nordeste;-7.04645;-35.62743;23238;21.03;1026;80;LULA;PT;11918;70,40;FLAVIO BOLSONARO;PL;4323;25,54;41.39;4323;27.3;58.6;47.6
pb;ALAGOA NOVA;Paraíba;Nordeste;-7.05822;-35.76755;16592;19.76;813;52;LULA;PT;8684;71,25;FLAVIO BOLSONARO;PL;2785;22,85;44.31;2785;27.2;62.7;48.0
pb;ALAGOINHA;Paraíba;Nordeste;-6.94849;-35.54376;12228;18.44;442;40;LULA;PT;7145;76,63;FLAVIO BOLSONARO;PL;1803;19,34;53.56;1803;28.4;55.6;48.3
pb;ALCANTIL;Paraíba;Nordeste;-7.72149;-36.0434;5001;13.4;214;19;LULA;PT;2293;56,88;FLAVIO BOLSONARO;PL;1483;36,79;18.7;1483;27.1;57.7;49.1
pb;ALGODÃO DE JANDAÍRA;Paraíba;Nordeste;-6.90335;-36.00825;3119;18.69;124;10;LULA;PT;1968;83,21;FLAVIO BOLSONARO;PL;326;13,78;64.75;326;28.1;60.2;51.3
pb;ALHANDRA;Paraíba;Nordeste;-7.41407;-34.91927;21079;18.68;792;66;LULA;PT;8729;54,82;FLAVIO BOLSONARO;PL;6439;40,44;13.36;6439;30.0;51.0;47.8
pb;AMPARO;Paraíba;Nordeste;-7.56556;-37.06535;2665;15.16;66;9;LULA;PT;1804;83,02;FLAVIO BOLSONARO;PL;310;14,27;66.08;310;25.7;49.7;51.1
pb;APARECIDA;Paraíba;Nordeste;-6.78124;-38.08024;7247;17.47;244;25;LULA;PT;4027;71,54;FLAVIO BOLSONARO;PL;1376;24,44;44.32;1376;22.9;61.8;49.3
pb;ARARA;Paraíba;Nordeste;-6.83611;-35.76529;9325;21.5;371;37;LULA;PT;4851;71,51;FLAVIO BOLSONARO;PL;1569;23,13;44.84;1569;25.4;62.3;46.6
pb;ARARUNA;Paraíba;Nordeste;-6.5353;-35.74167;14816;23.63;652;47;LULA;PT;6942;66,35;FLAVIO BOLSONARO;PL;3109;29,72;33.88;3109;27.9;56.9;47.8
pb;ARAÇAGI;Paraíba;Nordeste;-6.85513;-35.36879;14344;18.68;629;55;LULA;PT;8271;76,65;FLAVIO BOLSONARO;PL;2098;19,44;52.92;2098;26.2;58.9;48.3
pb;AREIA;Paraíba;Nordeste;-6.96189;-35.70666;19068;18.59;838;82;LULA;PT;10722;75,06;FLAVIO BOLSONARO;PL;2885;20,20;50.48;2885;26.4;53.2;47.5
pb;AREIA DE BARAÚNAS;Paraíba;Nordeste;-7.11137;-36.95589;2502;22.66;97;8;LULA;PT;1295;71,43;FLAVIO BOLSONARO;PL;442;24,38;44.08;442;29.6;54.7;49.7
pb;AREIAL;Paraíba;Nordeste;-7.04907;-35.92441;6597;16.86;306;21;LULA;PT;3373;66,90;FLAVIO BOLSONARO;PL;1368;27,13;36.55;1368;26.3;54.4;46.9
pb;AROEIRAS;Paraíba;Nordeste;-7.54521;-35.70116;16290;17.14;739;56;LULA;PT;9216;74,02;FLAVIO BOLSONARO;PL;2635;21,16;48.76;2635;28.7;61.4;48.1
pb;ASSUNÇÃO;Paraíba;Nordeste;-7.07343;-36.72742;4201;20.45;149;14;LULA;PT;2137;68,01;FLAVIO BOLSONARO;PL;888;28,26;37.37;888;28.4;59.1;49.0
pb;BANANEIRAS;Paraíba;Nordeste;-6.74329;-35.61916;19361;20.39;754;63;LULA;PT;10014;70,10;FLAVIO BOLSONARO;PL;3567;24,97;41.83;3567;26.7;58.9;48.0
pb;BARAÚNA;Paraíba;Nordeste;-6.6355;-36.25203;4663;16.08;213;18;LULA;PT;2681;73,57;FLAVIO BOLSONARO;PL;761;20,88;49.07;761;27.3;56.3;49.2
pb;BARRA DE SANTA ROSA;Paraíba;Nordeste;-6.72396;-36.0546;11480;17.78;449;43;LULA;PT;6795;76,38;FLAVIO BOLSONARO;PL;1760;19,78;53.34;1760;25.4;60.1;50.0
pb;BARRA DE SANTANA;Paraíba;Nordeste;-7.57256;-35.94616;7793;16.34;355;28;LULA;PT;4182;69,30;FLAVIO BOLSONARO;PL;1568;25,98;40.09;1568;25.7;59.0;50.7
pb;BARRA DE SÃO MIGUEL;Paraíba;Nordeste;-7.72911;-36.31503;6048;13.56;202;18;LULA;PT;3334;67,76;FLAVIO BOLSONARO;PL;1388;28,21;37.22;1388;26.1;57.4;50.1
pb;BAYEUX;Paraíba;Nordeste;-7.13133;-34.92531;74369;15.13;2590;248;LULA;PT;27912;47,18;FLAVIO BOLSONARO;PL;27396;46,31;0.82;27396;27.6;43.6;46.3
pb;BAÍA DA TRAIÇÃO;Paraíba;Nordeste;-6.68905;-34.94087;8424;19.28;236;27;LULA;PT;4975;77,01;FLAVIO BOLSONARO;PL;1295;20,05;54.12;1295;30.6;47.0;48.4
pb;BELÉM;Paraíba;Nordeste;-6.7016;-35.53668;13281;20.8;515;45;LULA;PT;6371;65,35;FLAVIO BOLSONARO;PL;2977;30,54;32.27;2977;25.1;53.9;47.3
pb;BELÉM DO BREJO DO CRUZ;Paraíba;Nordeste;-6.18857;-37.53657;6644;21.33;186;22;LULA;PT;3427;69,05;FLAVIO BOLSONARO;PL;1347;27,14;39.79;1347;26.1;54.6;49.1
pb;BERNARDINO BATISTA;Paraíba;Nordeste;-6.46368;-38.54952;3353;24.81;154;13;LULA;PT;1873;79,84;FLAVIO BOLSONARO;PL;407;17,35;58.15;407;27.8;55.9;48.8
pb;BOA VENTURA;Paraíba;Nordeste;-7.42023;-38.21595;5167;23.13;227;20;LULA;PT;2894;78,15;FLAVIO BOLSONARO;PL;658;17,77;56.29;658;25.0;51.8;49.5
pb;BOA VISTA;Paraíba;Nordeste;-7.26343;-36.24305;6123;12.31;208;20;LULA;PT;3243;64,10;FLAVIO BOLSONARO;PL;1566;30,95;31.23;1566;26.1;48.4;48.7
pb;BOM JESUS;Paraíba;Nordeste;-6.832;-38.65312;3055;14.66;82;11;LULA;PT;2041;81,67;FLAVIO BOLSONARO;PL;350;14,01;64.86;350;25.8;53.9;49.6
pb;BOM SUCESSO;Paraíba;Nordeste;-6.44697;-37.92916;4846;19.4;98;15;LULA;PT;3112;82,37;FLAVIO BOLSONARO;PL;572;15,14;65.03;572;22.2;56.4;48.4
pb;BONITO DE SANTA FÉ;Paraíba;Nordeste;-7.30934;-38.50527;7923;19.61;266;27;LULA;PT;4356;72,05;FLAVIO BOLSONARO;PL;1474;24,38;45.25;1474;26.5;59.6;47.6
pb;BOQUEIRÃO;Paraíba;Nordeste;-7.48641;-36.13555;15970;15.65;590;52;LULA;PT;8029;63,46;FLAVIO BOLSONARO;PL;3981;31,47;30.05;3981;26.6;57.2;48.4
pb;BORBOREMA;Paraíba;Nordeste;-6.80534;-35.6003;4895;18.37;220;20;LULA;PT;2623;70,97;FLAVIO BOLSONARO;PL;919;24,86;42.64;919;29.1;56.1;49.3
pb;BREJO DO CRUZ;Paraíba;Nordeste;-6.34557;-37.49917;10744;17.32;341;36;LULA;PT;5362;63,83;FLAVIO BOLSONARO;PL;2640;31,43;30.64;2640;25.1;56.6;46.9
pb;BREJO DOS SANTOS;Paraíba;Nordeste;-6.3789;-37.8233;5994;16.05;172;18;LULA;PT;3382;70,84;FLAVIO BOLSONARO;PL;1235;25,87;42.67;1235;25.2;53.4;48.3
pb;CAAPORÃ;Paraíba;Nordeste;-7.50667;-34.91773;17081;17.05;561;56;LULA;PT;8448;63,67;FLAVIO BOLSONARO;PL;4214;31,76;29.88;4214;29.5;48.0;48.0
pb;CABACEIRAS;Paraíba;Nordeste;-7.47458;-36.30985;5237;13.6;201;17;LULA;PT;2661;63,01;FLAVIO BOLSONARO;PL;1327;31,42;29.48;1327;23.9;47.9;48.5
pb;CABEDELO;Paraíba;Nordeste;-7.01765;-34.84023;54022;20.78;1343;168;LULA;PT;19051;47,06;FLAVIO BOLSONARO;PL;18499;45,70;1.29;18499;25.8;31.3;46.4
pb;CACHOEIRA DOS ÍNDIOS;Paraíba;Nordeste;-6.93942;-38.6768;7912;18.36;328;31;LULA;PT;4922;81,45;FLAVIO BOLSONARO;PL;842;13,93;63.17;842;26.5;59.5;48.3
pb;CACIMBA DE AREIA;Paraíba;Nordeste;-7.12619;-37.15749;4343;17.82;145;18;LULA;PT;2575;76,25;FLAVIO BOLSONARO;PL;689;20,40;52.84;689;25.5;49.5;49.7
pb;CACIMBA DE DENTRO;Paraíba;Nordeste;-6.63183;-35.80095;14334;22.56;748;42;LULA;PT;6977;68,54;FLAVIO BOLSONARO;PL;2752;27,04;38.06;2752;26.8;62.5;48.7
pb;CACIMBAS;Paraíba;Nordeste;-7.21425;-37.09728;6623;26.59;253;26;LULA;PT;3612;79,63;FLAVIO BOLSONARO;PL;744;16,40;58.99;744;33.0;61.3;48.4
pb;CAIÇARA;Paraíba;Nordeste;-6.61729;-35.47155;6526;20.64;295;22;LULA;PT;3075;64,33;FLAVIO BOLSONARO;PL;1483;31,03;30.74;1483;25.5;56.1;48.5
pb;CAJAZEIRAS;Paraíba;Nordeste;-6.89465;-38.55161;47827;16.64;1493;178;LULA;PT;28253;74,96;FLAVIO BOLSONARO;PL;7508;19,92;52.03;7508;25.7;46.2;46.5
pb;CAJAZEIRINHAS;Paraíba;Nordeste;-6.95861;-37.80222;3758;19.61;144;15;LULA;PT;2137;74,90;FLAVIO BOLSONARO;PL;636;22,29;49.69;636;24.6;59.7;50.5
pb;CALDAS BRANDÃO;Paraíba;Nordeste;-7.15474;-35.34249;5445;15.21;232;23;LULA;PT;3004;70,19;FLAVIO BOLSONARO;PL;1126;26,31;40.68;1126;27.1;61.2;48.7
pb;CAMALAÚ;Paraíba;Nordeste;-7.89129;-36.80141;6294;17.6;223;20;LULA;PT;4206;85,71;FLAVIO BOLSONARO;PL;588;11,98;69.76;588;27.6;61.9;50.4
pb;CAMPINA GRANDE;Paraíba;Nordeste;-7.23242;-35.8991;305258;13.71;12168;957;LULA;PT;118783;48,40;FLAVIO BOLSONARO;PL;108991;44,41;3.72;108991;26.6;33.3;45.2
pb;CAPIM;Paraíba;Nordeste;-6.91099;-35.17689;7251;21.73;375;23;LULA;PT;3533;68,47;FLAVIO BOLSONARO;PL;1424;27,60;37.16;1424;32.4;62.2;50.1
pb;CARAÚBAS;Paraíba;Nordeste;-7.76447;-36.49971;4534;13.72;186;15;LULA;PT;2687;72,92;FLAVIO BOLSONARO;PL;850;23,07;46.96;850;27.2;61.7;50.2
pb;CARRAPATEIRA;Paraíba;Nordeste;-7.03838;-38.34534;2444;19.27;95;9;LULA;PT;1522;81,65;FLAVIO BOLSONARO;PL;273;14,65;63.3;273;29.3;52.9;51.9
pb;CASSERENGUE;Paraíba;Nordeste;-6.78132;-35.81897;6406;21.79;298;21;LULA;PT;3513;75,76;FLAVIO BOLSONARO;PL;921;19,86;51.74;921;27.5;67.8;49.5
pb;CATINGUEIRA;Paraíba;Nordeste;-7.12707;-37.60839;5416;23.58;161;18;LULA;PT;2742;70,22;FLAVIO BOLSONARO;PL;1035;26,50;41.24;1035;25.8;55.9;48.6
pb;CATOLÉ DO ROCHA;Paraíba;Nordeste;-6.34218;-37.74874;22557;16.57;602;70;LULA;PT;12601;70,51;FLAVIO BOLSONARO;PL;4521;25,30;42.94;4521;23.9;51.0;46.5
pb;CATURITÉ;Paraíba;Nordeste;-7.41806;-36.0208;5518;13.83;238;20;LULA;PT;3131;70,93;FLAVIO BOLSONARO;PL;1030;23,33;44.19;1030;27.9;49.9;49.7
pb;CONCEIÇÃO;Paraíba;Nordeste;-7.55713;-38.50727;15357;21.17;662;57;LULA;PT;8262;73,06;FLAVIO BOLSONARO;PL;2644;23,38;46.41;2644;25.2;56.1;48.8
pb;CONDADO;Paraíba;Nordeste;-6.90631;-37.60112;5803;20.59;228;21;LULA;PT;3307;76,41;FLAVIO BOLSONARO;PL;865;19,99;52.99;865;21.5;57.7;47.7
pb;CONDE;Paraíba;Nordeste;-7.26721;-34.87984;27248;20.47;921;81;LULA;PT;11440;56,61;FLAVIO BOLSONARO;PL;7703;38,12;17.25;7703;28.6;47.9;48.8
pb;CONGO;Paraíba;Nordeste;-7.79599;-36.66019;5388;15.29;186;16;LULA;PT;3307;76,69;FLAVIO BOLSONARO;PL;849;19,69;53.86;849;26.9;58.8;48.7
pb;COREMAS;Paraíba;Nordeste;-7.01872;-37.94328;12873;21.61;538;50;LULA;PT;6382;67,71;FLAVIO BOLSONARO;PL;2672;28,35;36.77;2672;26.4;58.5;47.8
pb;COXIXOLA;Paraíba;Nordeste;-7.62886;-36.60602;2047;16.07;69;8;LULA;PT;1203;74,81;FLAVIO BOLSONARO;PL;333;20,71;50.64;333;23.2;52.8;50.5
pb;CRUZ DO ESPÍRITO SANTO;Paraíba;Nordeste;-7.14215;-35.09158;16431;15.51;720;55;LULA;PT;8410;66,42;FLAVIO BOLSONARO;PL;3791;29,94;33.27;3791;30.0;61.3;49.1
pb;CUBATI;Paraíba;Nordeste;-6.86546;-36.34892;6956;18.75;290;22;LULA;PT;3612;68,90;FLAVIO BOLSONARO;PL;1376;26,25;39.56;1376;26.3;61.9;48.1
pb;CUITEGI;Paraíba;Nordeste;-6.90037;-35.52329;6098;20.15;252;22;LULA;PT;3216;71,45;FLAVIO BOLSONARO;PL;1115;24,77;43.15;1115;28.3;57.1;48.1
pb;CUITÉ;Paraíba;Nordeste;-6.48485;-36.15298;17388;19.94;688;58;LULA;PT;9903;76,13;FLAVIO BOLSONARO;PL;2578;19,82;52.62;2578;25.5;51.5;47.4
pb;CUITÉ DE MAMANGUAPE;Paraíba;Nordeste;-6.92458;-35.25119;7662;20.31;363;25;LULA;PT;4083;72,81;FLAVIO BOLSONARO;PL;1324;23,61;45.19;1324;29.9;62.8;50.9
pb;CURRAL DE CIMA;Paraíba;Nordeste;-6.72337;-35.2813;6226;19.43;310;21;LULA;PT;3335;72,28;FLAVIO BOLSONARO;PL;1047;22,69;45.61;1047;28.8;64.0;51.3
pb;CURRAL VELHO;Paraíba;Nordeste;-7.53611;-38.19826;2327;20.76;92;8;LULA;PT;1243;71,52;FLAVIO BOLSONARO;PL;374;21,52;47.13;374;28.5;59.5;51.6
pb;DAMIÃO;Paraíba;Nordeste;-6.63195;-35.9051;4885;21.51;229;16;LULA;PT;2777;78,07;FLAVIO BOLSONARO;PL;610;17,15;56.52;610;27.7;62.8;49.4
pb;DESTERRO;Paraíba;Nordeste;-7.28239;-37.08061;7716;20.1;260;30;LULA;PT;4244;72,81;FLAVIO BOLSONARO;PL;1400;24,02;46.13;1400;28.6;56.1;47.7
pb;DIAMANTE;Paraíba;Nordeste;-7.42867;-38.26487;5910;23.1;251;20;LULA;PT;3320;78,17;FLAVIO BOLSONARO;PL;764;17,99;56.24;764;26.1;55.6;48.9
pb;DONA INÊS;Paraíba;Nordeste;-6.60342;-35.62697;9272;19.08;384;31;LULA;PT;5492;78,27;FLAVIO BOLSONARO;PL;1271;18,11;56.26;1271;28.6;55.5;49.3
pb;DUAS ESTRADAS;Paraíba;Nordeste;-6.69019;-35.42054;3885;19.41;147;18;LULA;PT;1932;66,12;FLAVIO BOLSONARO;PL;865;29,60;34.08;865;27.4;52.8;47.4
pb;EMAS;Paraíba;Nordeste;-7.10732;-37.7156;3824;23.74;152;13;LULA;PT;1836;67,75;FLAVIO BOLSONARO;PL;748;27,60;37.31;748;28.3;52.5;49.7
pb;ESPERANÇA;Paraíba;Nordeste;-7.01592;-35.86094;26015;16.74;1095;80;LULA;PT;12496;62,38;FLAVIO BOLSONARO;PL;6326;31,58;28.49;6326;26.9;51.9;47.6
pb;FAGUNDES;Paraíba;Nordeste;-7.35876;-35.78368;10547;18.29;558;41;LULA;PT;5939;75,05;FLAVIO BOLSONARO;PL;1609;20,33;50.24;1609;26.6;59.0;49.0
pb;FREI MARTINHO;Paraíba;Nordeste;-6.40385;-36.45324;2942;16.32;128;10;LULA;PT;1521;66,04;FLAVIO BOLSONARO;PL;634;27,53;36.03;634;22.9;51.0;50.2
pb;GADO BRAVO;Paraíba;Nordeste;-7.58345;-35.79111;8093;16.29;383;26;LULA;PT;4811;76,94;FLAVIO BOLSONARO;PL;1164;18,62;53.83;1164;28.8;60.3;49.7
pb;GUARABIRA;Paraíba;Nordeste;-6.8569;-35.48629;43618;15.89;1462;154;LULA;PT;19765;57,60;FLAVIO BOLSONARO;PL;12337;35,95;20.25;12337;25.9;42.5;45.8
pb;GURINHÉM;Paraíba;Nordeste;-7.14106;-35.41347;11420;18.81;494;43;LULA;PT;6110;71,50;FLAVIO BOLSONARO;PL;2096;24,53;43.29;2096;26.7;62.8;48.9
pb;GURJÃO;Paraíba;Nordeste;-7.24742;-36.48752;3193;14.16;134;12;LULA;PT;2045;79,29;FLAVIO BOLSONARO;PL;445;17,25;58.37;445;25.8;47.8;48.1
pb;IBIARA;Paraíba;Nordeste;-7.50283;-38.40561;5580;21.36;166;20;LULA;PT;3245;77,91;FLAVIO BOLSONARO;PL;735;17,65;57.2;735;25.0;60.5;49.8
pb;IGARACY;Paraíba;Nordeste;-7.17929;-38.14883;5888;23.23;190;23;LULA;PT;3030;70,45;FLAVIO BOLSONARO;PL;1022;23,76;44.42;1022;26.6;55.4;49.1
pb;IMACULADA;Paraíba;Nordeste;-7.38258;-37.52496;9116;21.74;313;35;LULA;PT;5354;79,66;FLAVIO BOLSONARO;PL;1160;17,26;58.79;1160;29.1;57.2;49.5
pb;INGÁ;Paraíba;Nordeste;-7.27557;-35.6148;15724;18.82;636;50;LULA;PT;7800;65,52;FLAVIO BOLSONARO;PL;3666;30,80;32.39;3666;27.4;57.3;48.1
pb;ITABAIANA;Paraíba;Nordeste;-7.33094;-35.33885;19586;16.8;690;72;LULA;PT;9027;58,99;FLAVIO BOLSONARO;PL;5524;36,10;21.5;5524;24.6;52.0;46.7
pb;ITAPORANGA;Paraíba;Nordeste;-7.3082;-38.15093;17565;20.73;592;56;LULA;PT;9241;70,31;FLAVIO BOLSONARO;PL;3220;24,50;43.24;3220;25.4;46.8;47.9
pb;ITAPOROROCA;Paraíba;Nordeste;-6.83007;-35.24683;14182;16.39;521;43;LULA;PT;7656;68,92;FLAVIO BOLSONARO;PL;2933;26,40;39.83;2933;27.2;60.0;48.5
pb;ITATUBA;Paraíba;Nordeste;-7.3821;-35.61644;9118;16.18;446;31;LULA;PT;4811;68,18;FLAVIO BOLSONARO;PL;2011;28,50;36.63;2011;26.8;61.6;48.6
pb;JACARAÚ;Paraíba;Nordeste;-6.62619;-35.27968;14325;22.07;535;44;LULA;PT;6352;60,83;FLAVIO BOLSONARO;PL;3493;33,45;25.61;3493;27.0;60.7;48.6
pb;JERICÓ;Paraíba;Nordeste;-6.55401;-37.80572;6938;23.38;192;21;LULA;PT;3696;73,03;FLAVIO BOLSONARO;PL;1212;23,95;46.73;1212;26.5;59.9;47.6
pb;JOCA CLAUDINO;Paraíba;Nordeste;-6.47234;-38.48215;2516;20.55;110;10;LULA;PT;1496;79,70;FLAVIO BOLSONARO;PL;297;15,82;59.98;297;23.3;57.8;50.4
pb;JOÃO PESSOA;Paraíba;Nordeste;-7.14952;-34.86307;591750;16.11;15992;1714;LULA;PT;219023;46,50;FLAVIO BOLSONARO;PL;215086;45,67;0.79;215086;25.2;25.1;44.4
pb;JUAREZ TÁVORA;Paraíba;Nordeste;-7.17167;-35.59152;7954;17.55;332;24;LULA;PT;4374;71,82;FLAVIO BOLSONARO;PL;1507;24,75;43.72;1507;29.5;58.8;49.3
pb;JUAZEIRINHO;Paraíba;Nordeste;-7.07307;-36.57586;14045;18.45;602;49;LULA;PT;7484;70,40;FLAVIO BOLSONARO;PL;2803;26,37;40.87;2803;28.3;64.2;48.2
pb;JUNCO DO SERIDÓ;Paraíba;Nordeste;-6.9998;-36.72685;5990;17.16;247;20;LULA;PT;3154;68,25;FLAVIO BOLSONARO;PL;1187;25,69;39.64;1187;26.1;50.4;48.4
pb;JURIPIRANGA;Paraíba;Nordeste;-7.37341;-35.23944;9829;17.57;468;33;LULA;PT;4914;65,77;FLAVIO BOLSONARO;PL;2253;30,15;32.84;2253;29.1;52.0;48.6
pb;JURU;Paraíba;Nordeste;-7.54572;-37.81158;8201;22.3;293;31;LULA;PT;4766;79,46;FLAVIO BOLSONARO;PL;1040;17,34;58.47;1040;24.3;65.1;48.9
pb;LAGOA;Paraíba;Nordeste;-6.59051;-37.91639;4698;19.54;180;18;LULA;PT;2777;78,45;FLAVIO BOLSONARO;PL;595;16,81;57.72;595;24.5;61.0;48.6
pb;LAGOA DE DENTRO;Paraíba;Nordeste;-6.67247;-35.37829;7869;24.07;258;23;LULA;PT;3814;67,95;FLAVIO BOLSONARO;PL;1519;27,06;38.41;1519;28.7;57.4;49.3
pb;LAGOA SECA;Paraíba;Nordeste;-7.15357;-35.86408;22056;14.95;1013;68;LULA;PT;10065;58,69;FLAVIO BOLSONARO;PL;6181;36,04;20.71;6181;26.8;54.2;47.8
pb;LASTRO;Paraíba;Nordeste;-6.51774;-38.17866;4395;17.29;123;14;LULA;PT;2619;75,56;FLAVIO BOLSONARO;PL;717;20,69;52.32;717;27.2;58.4;51.6
pb;LIVRAMENTO;Paraíba;Nordeste;-7.37653;-36.94418;5930;20.39;235;20;LULA;PT;3164;71,97;FLAVIO BOLSONARO;PL;1034;23,52;45.12;1034;26.1;57.2;47.6
pb;LOGRADOURO;Paraíba;Nordeste;-6.61611;-35.43979;4789;17.19;177;15;LULA;PT;2318;62,03;FLAVIO BOLSONARO;PL;1245;33,32;27.05;1245;28.2;55.2;49.8
pb;LUCENA;Paraíba;Nordeste;-6.917;-34.87936;12879;18.2;466;42;LULA;PT;6131;62,10;FLAVIO BOLSONARO;PL;3248;32,90;27.37;3248;28.3;51.6;48.9
pb;MALTA;Paraíba;Nordeste;-6.90422;-37.52044;5263;20.05;171;18;LULA;PT;3150;79,17;FLAVIO BOLSONARO;PL;686;17,24;58.56;686;25.3;53.6;48.0
pb;MAMANGUAPE;Paraíba;Nordeste;-6.81239;-35.13035;34604;18.34;1428;115;LULA;PT;15315;58,71;FLAVIO BOLSONARO;PL;9234;35,40;21.52;9234;28.1;55.9;47.1
pb;MANAÍRA;Paraíba;Nordeste;-7.71903;-38.17533;9110;21.13;465;31;LULA;PT;5507;82,86;FLAVIO BOLSONARO;PL;922;13,87;63.81;922;26.6;62.1;49.8
pb;MARCAÇÃO;Paraíba;Nordeste;-6.76335;-34.9939;7913;18.53;271;26;LULA;PT;4660;77,20;FLAVIO BOLSONARO;PL;1194;19,78;53.76;1194;30.9;58.6;49.5
pb;MARI;Paraíba;Nordeste;-7.05112;-35.31391;18460;15.55;814;65;LULA;PT;9729;67,11;FLAVIO BOLSONARO;PL;4108;28,34;36.06;4108;26.3;57.2;47.8
pb;MARIZÓPOLIS;Paraíba;Nordeste;-6.84023;-38.3449;6301;16.31;269;20;LULA;PT;3079;62,59;FLAVIO BOLSONARO;PL;1532;31,14;29.34;1532;26.5;55.9;48.5
pb;MASSARANDUBA;Paraíba;Nordeste;-7.20097;-35.76121;12155;15.94;674;37;LULA;PT;6224;67,24;FLAVIO BOLSONARO;PL;2610;28,20;35.37;2610;28.8;60.2;48.3
pb;MATARACA;Paraíba;Nordeste;-6.59159;-35.05287;8714;21.77;338;28;LULA;PT;4083;64,50;FLAVIO BOLSONARO;PL;1965;31,04;31.07;1965;30.9;59.3;50.5
pb;MATINHAS;Paraíba;Nordeste;-7.12228;-35.7732;4881;20.06;253;15;LULA;PT;2680;75,75;FLAVIO BOLSONARO;PL;722;20,41;50.18;722;29.6;61.8;50.0
pb;MATO GROSSO;Paraíba;Nordeste;-6.54178;-37.7167;3319;32.84;105;10;LULA;PT;1635;77,82;FLAVIO BOLSONARO;PL;404;19,23;55.23;404;28.3;62.4;49.2
pb;MATURÉIA;Paraíba;Nordeste;-7.26552;-37.34512;5807;18.93;252;24;LULA;PT;3434;78,62;FLAVIO BOLSONARO;PL;804;18,41;55.86;804;29.6;58.0;48.5
pb;MOGEIRO;Paraíba;Nordeste;-7.30683;-35.48382;11482;17.26;498;37;LULA;PT;5739;65,07;FLAVIO BOLSONARO;PL;2751;31,19;31.45;2751;28.0;56.1;48.1
pb;MONTADAS;Paraíba;Nordeste;-7.08767;-35.96042;5373;15.88;268;15;LULA;PT;2762;66,57;FLAVIO BOLSONARO;PL;1153;27,79;35.6;1153;28.3;54.2;49.2
pb;MONTE HOREBE;Paraíba;Nordeste;-7.21384;-38.57772;4313;21.89;174;15;LULA;PT;2398;76,08;FLAVIO BOLSONARO;PL;605;19,19;53.22;605;27.0;56.9;48.8
pb;MONTEIRO;Paraíba;Nordeste;-7.89414;-37.11902;27191;17.81;1023;98;LULA;PT;15329;73,32;FLAVIO BOLSONARO;PL;4647;22,23;47.8;4647;25.8;48.5;47.3
pb;MULUNGU;Paraíba;Nordeste;-7.03095;-35.46671;9094;15.08;367;33;LULA;PT;5094;70,69;FLAVIO BOLSONARO;PL;1761;24,44;43.16;1761;26.1;58.5;48.8
pb;MÃE D'ÁGUA;Paraíba;Nordeste;-7.24649;-37.41834;3876;16.56;122;17;LULA;PT;2314;75,15;FLAVIO BOLSONARO;PL;634;20,59;51.95;634;23.8;55.2;48.9
pb;NATUBA;Paraíba;Nordeste;-7.6032;-35.54138;6840;18.76;391;25;LULA;PT;3551;70,26;FLAVIO BOLSONARO;PL;1261;24,95;41.21;1261;27.7;56.4;46.9
pb;NAZAREZINHO;Paraíba;Nordeste;-6.91832;-38.32566;7091;17.43;243;26;LULA;PT;4305;77,82;FLAVIO BOLSONARO;PL;1039;18,78;55.78;1039;25.4;61.9;50.9
pb;NOVA FLORESTA;Paraíba;Nordeste;-6.45632;-36.20228;8307;19.83;359;29;LULA;PT;4309;69,25;FLAVIO BOLSONARO;PL;1552;24,94;41.4;1552;27.4;53.7;46.4
pb;NOVA OLINDA;Paraíba;Nordeste;-7.48091;-38.03417;5895;28.06;254;20;LULA;PT;3092;78,44;FLAVIO BOLSONARO;PL;709;17,99;56.19;709;28.7;62.1;49.6
pb;NOVA PALMEIRA;Paraíba;Nordeste;-6.67765;-36.41801;3681;11.65;123;13;LULA;PT;2373;77,32;FLAVIO BOLSONARO;PL;533;17,37;56.58;533;25.0;52.3;49.4
pb;OLHO D'ÁGUA;Paraíba;Nordeste;-7.24146;-37.76234;7440;22.93;365;26;LULA;PT;3802;71,98;FLAVIO BOLSONARO;PL;1266;23,97;44.23;1266;27.5;56.5;49.4
pb;OLIVEDOS;Paraíba;Nordeste;-6.99315;-36.2412;4073;16.5;161;13;LULA;PT;2103;66,36;FLAVIO BOLSONARO;PL;895;28,24;35.52;895;27.4;49.7;49.6
pb;OURO VELHO;Paraíba;Nordeste;-7.62286;-37.15035;3098;13.62;124;12;LULA;PT;1975;78,16;FLAVIO BOLSONARO;PL;476;18,84;56.02;476;22.9;50.5;48.6
pb;PARARI;Paraíba;Nordeste;-7.31678;-36.65883;2403;14.61;101;9;LULA;PT;1434;74,49;FLAVIO BOLSONARO;PL;423;21,97;49.27;423;23.2;56.5;49.8
pb;PASSAGEM;Paraíba;Nordeste;-7.13003;-37.05684;2846;19.82;81;10;LULA;PT;1485;68,21;FLAVIO BOLSONARO;PL;604;27,74;38.61;604;26.3;49.7;49.5
pb;PATOS;Paraíba;Nordeste;-7.02593;-37.28262;67671;17.77;2191;233;LULA;PT;31431;60,07;FLAVIO BOLSONARO;PL;17681;33,79;24.71;17681;25.3;38.8;44.7
pb;PAULISTA;Paraíba;Nordeste;-6.59777;-37.62595;10996;17.67;407;34;LULA;PT;5574;65,23;FLAVIO BOLSONARO;PL;2536;29,68;33.56;2536;24.5;59.4;49.1
pb;PEDRA BRANCA;Paraíba;Nordeste;-7.42717;-38.07005;4075;21.67;149;14;LULA;PT;2025;67,41;FLAVIO BOLSONARO;PL;826;27,50;37.56;826;27.2;48.8;48.6
pb;PEDRA LAVRADA;Paraíba;Nordeste;-6.74957;-36.41556;5944;14.06;232;23;LULA;PT;3540;73,87;FLAVIO BOLSONARO;PL;1000;20,87;49.73;1000;23.4;55.9;49.6
pb;PEDRAS DE FOGO;Paraíba;Nordeste;-7.38255;-35.1189;25239;17.94;907;78;LULA;PT;12172;62,89;FLAVIO BOLSONARO;PL;6368;32,90;28.03;6368;27.5;57.1;48.0
pb;PEDRO RÉGIS;Paraíba;Nordeste;-6.64668;-35.29675;5725;24.59;272;18;LULA;PT;2448;62,23;FLAVIO BOLSONARO;PL;1273;32,36;27.22;1273;28.7;65.5;50.3
pb;PIANCÓ;Paraíba;Nordeste;-7.19805;-37.92625;12777;20.51;475;44;LULA;PT;6507;68,30;FLAVIO BOLSONARO;PL;2576;27,04;38.7;2576;24.7;51.1;46.5
pb;PICUÍ;Paraíba;Nordeste;-6.49791;-36.33364;15036;16.68;592;59;LULA;PT;7815;66,69;FLAVIO BOLSONARO;PL;3308;28,23;35.98;3308;26.4;51.5;47.6
pb;PILAR;Paraíba;Nordeste;-7.26129;-35.25871;10756;15.19;456;33;LULA;PT;5404;63,73;FLAVIO BOLSONARO;PL;2659;31,36;30.09;2659;27.2;57.8;48.7
pb;PILÕES;Paraíba;Nordeste;-6.86786;-35.61289;7122;19.04;300;27;LULA;PT;3896;72,92;FLAVIO BOLSONARO;PL;1212;22,68;46.55;1212;27.5;61.7;49.0
pb;PILÕEZINHOS;Paraíba;Nordeste;-6.84258;-35.53129;5890;18.2;236;21;LULA;PT;3287;73,39;FLAVIO BOLSONARO;PL;995;22,21;47.57;995;28.2;55.7;50.4
pb;PIRPIRITUBA;Paraíba;Nordeste;-6.78228;-35.49663;8201;17.02;274;34;LULA;PT;4375;68,49;FLAVIO BOLSONARO;PL;1621;25,38;40.47;1621;26.2;53.3;49.0
pb;PITIMBU;Paraíba;Nordeste;-7.49444;-34.82653;13151;20.54;363;42;LULA;PT;6395;64,58;FLAVIO BOLSONARO;PL;3089;31,19;31.64;3089;27.7;46.4;48.3
pb;POCINHOS;Paraíba;Nordeste;-7.07956;-36.06496;15440;16.77;706;50;LULA;PT;7251;61,36;FLAVIO BOLSONARO;PL;3914;33,12;25.97;3914;26.4;55.6;48.7
pb;POMBAL;Paraíba;Nordeste;-6.76935;-37.79793;25859;18.62;881;88;LULA;PT;12343;62,14;FLAVIO BOLSONARO;PL;6509;32,77;27.72;6509;24.0;50.6;45.8
pb;POÇO DANTAS;Paraíba;Nordeste;-6.39744;-38.52546;4135;21.52;122;14;LULA;PT;2590;83,71;FLAVIO BOLSONARO;PL;373;12,06;68.32;373;29.5;62.3;51.5
pb;POÇO DE JOSÉ DE MOURA;Paraíba;Nordeste;-6.58917;-38.49917;4432;16.27;172;17;LULA;PT;2786;79,71;FLAVIO BOLSONARO;PL;561;16,05;59.96;561;25.5;55.3;49.6
pb;PRATA;Paraíba;Nordeste;-7.69467;-37.0827;4236;17.73;155;14;LULA;PT;2273;69,34;FLAVIO BOLSONARO;PL;904;27,58;39.28;904;25.5;52.3;50.0
pb;PRINCESA ISABEL;Paraíba;Nordeste;-7.72991;-37.99473;16939;22.08;642;51;LULA;PT;9524;77,03;FLAVIO BOLSONARO;PL;2283;18,46;54.86;2283;26.2;53.3;46.9
pb;PUXINANÃ;Paraíba;Nordeste;-7.14991;-35.95732;12878;14.42;635;39;LULA;PT;6222;61,69;FLAVIO BOLSONARO;PL;3204;31,77;27.38;3204;27.1;55.1;47.3
pb;QUEIMADAS;Paraíba;Nordeste;-7.35438;-35.90033;36681;16.6;1555;137;LULA;PT;19096;67,34;FLAVIO BOLSONARO;PL;7873;27,76;36.69;7873;28.0;54.1;48.0
pb;QUIXABA;Paraíba;Nordeste;-7.02931;-37.14574;2501;16.47;94;8;LULA;PT;1286;65,68;FLAVIO BOLSONARO;PL;590;30,13;33.32;590;25.3;48.1;51.5
pb;REMÍGIO;Paraíba;Nordeste;-6.96623;-35.79554;15062;18.95;522;50;LULA;PT;8385;72,85;FLAVIO BOLSONARO;PL;2589;22,49;47.48;2589;27.3;54.4;46.4
pb;RIACHO DE SANTO ANTÔNIO;Paraíba;Nordeste;-7.69241;-36.15678;2834;14.96;105;9;LULA;PT;1389;61,19;FLAVIO BOLSONARO;PL;799;35,20;24.48;799;31.7;56.8;51.9
pb;RIACHO DOS CAVALOS;Paraíba;Nordeste;-6.43669;-37.65667;8428;15.45;261;26;LULA;PT;5133;76,07;FLAVIO BOLSONARO;PL;1403;20,79;52.34;1403;26.1;62.7;50.4
pb;RIACHÃO;Paraíba;Nordeste;-6.54384;-35.66077;3550;21.27;116;11;LULA;PT;1975;74,90;FLAVIO BOLSONARO;PL;588;22,30;49.62;588;28.2;52.7;49.4
pb;RIACHÃO DO BACAMARTE;Paraíba;Nordeste;-7.24332;-35.66182;4999;16.12;293;18;LULA;PT;2576;67,63;FLAVIO BOLSONARO;PL;1069;28,07;35.94;1069;29.4;60.1;48.5
pb;RIACHÃO DO POÇO;Paraíba;Nordeste;-7.14742;-35.2644;4868;15.86;194;20;LULA;PT;2455;64,22;FLAVIO BOLSONARO;PL;1211;31,68;30.37;1211;28.1;58.2;49.6
pb;RIO TINTO;Paraíba;Nordeste;-6.80078;-35.05874;18838;15.09;716;66;LULA;PT;9588;64,13;FLAVIO BOLSONARO;PL;4688;31,35;30.63;4688;26.6;50.9;48.3
pb;SALGADINHO;Paraíba;Nordeste;-7.09708;-36.84444;3477;22.26;126;13;LULA;PT;1645;65,12;FLAVIO BOLSONARO;PL;738;29,22;33.56;738;30.0;59.6;50.6
pb;SALGADO DE SÃO FÉLIX;Paraíba;Nordeste;-7.38328;-35.46367;10366;19.65;401;41;LULA;PT;5369;69,02;FLAVIO BOLSONARO;PL;2070;26,61;39.61;2070;26.2;60.3;48.9
pb;SANTA CECÍLIA;Paraíba;Nordeste;-7.74724;-35.89124;7090;12.98;279;24;LULA;PT;3979;68,78;FLAVIO BOLSONARO;PL;1537;26,57;39.58;1537;31.4;62.7;51.5
pb;SANTA CRUZ;Paraíba;Nordeste;-6.54496;-38.0592;5529;15.3;131;26;LULA;PT;3572;79,32;FLAVIO BOLSONARO;PL;780;17,32;59.62;780;19.4;56.1;50.3
pb;SANTA HELENA;Paraíba;Nordeste;-6.73497;-38.61305;5959;18.34;216;21;LULA;PT;3803;82,62;FLAVIO BOLSONARO;PL;620;13,47;65.41;620;24.0;52.0;49.1
pb;SANTA INÊS;Paraíba;Nordeste;-7.62595;-38.55855;3848;21.34;128;13;LULA;PT;2441;84,82;FLAVIO BOLSONARO;PL;361;12,54;68.71;361;27.2;62.6;51.1
pb;SANTA LUZIA;Paraíba;Nordeste;-6.87238;-36.91744;12261;15.19;390;47;LULA;PT;6173;63,25;FLAVIO BOLSONARO;PL;3022;30,97;30.3;3022;25.7;39.3;47.8
pb;SANTA RITA;Paraíba;Nordeste;-7.13328;-34.97047;103539;15.92;4114;332;LULA;PT;42713;53,00;FLAVIO BOLSONARO;PL;32912;40,84;11.26;32912;27.5;45.7;46.7
pb;SANTA TERESINHA;Paraíba;Nordeste;-7.08394;-37.44342;5773;19.05;198;22;LULA;PT;2993;68,12;FLAVIO BOLSONARO;PL;1199;27,29;38.39;1199;25.5;52.0;49.7
pb;SANTANA DE MANGUEIRA;Paraíba;Nordeste;-7.55054;-38.33442;4562;21.94;183;16;LULA;PT;2757;82,72;FLAVIO BOLSONARO;PL;444;13,32;64.95;444;26.6;62.5;49.7
pb;SANTANA DOS GARROTES;Paraíba;Nordeste;-7.39997;-37.98496;6318;21.64;299;25;LULA;PT;3327;72,45;FLAVIO BOLSONARO;PL;1039;22,63;46.21;1039;23.5;56.6;48.2
pb;SANTO ANDRÉ;Paraíba;Nordeste;-7.21682;-36.63059;3035;18.62;113;9;LULA;PT;1688;72,70;FLAVIO BOLSONARO;PL;546;23,51;46.23;546;24.1;55.3;49.5
pb;SAPÉ;Paraíba;Nordeste;-7.08365;-35.22499;38037;17.26;1642;138;LULA;PT;18302;63,10;FLAVIO BOLSONARO;PL;9366;32,29;28.4;9366;27.4;55.0;46.9
pb;SERRA BRANCA;Paraíba;Nordeste;-7.50349;-36.68391;10863;17.81;380;36;LULA;PT;5775;68,60;FLAVIO BOLSONARO;PL;2291;27,22;39.02;2291;23.1;49.1;47.7
pb;SERRA DA RAIZ;Paraíba;Nordeste;-6.68765;-35.44569;3167;18.06;121;11;LULA;PT;1584;65,35;FLAVIO BOLSONARO;PL;738;30,45;32.6;738;26.8;46.5;50.0
pb;SERRA GRANDE;Paraíba;Nordeste;-7.21436;-38.37055;3110;21.13;82;10;LULA;PT;1915;81,91;FLAVIO BOLSONARO;PL;324;13,86;64.86;324;27.4;55.7;50.1
pb;SERRA REDONDA;Paraíba;Nordeste;-7.18232;-35.67442;6492;14.8;276;25;LULA;PT;3722;72,26;FLAVIO BOLSONARO;PL;1205;23,39;45.51;1205;26.2;60.1;48.1
pb;SERRARIA;Paraíba;Nordeste;-6.81849;-35.63779;4595;21.09;229;17;LULA;PT;2346;70,47;FLAVIO BOLSONARO;PL;793;23,82;42.83;793;26.5;58.0;49.1
pb;SERTÃOZINHO;Paraíba;Nordeste;-6.75304;-35.44074;5104;16.73;182;16;LULA;PT;2759;69,43;FLAVIO BOLSONARO;PL;991;24,94;41.6;991;27.2;51.7;49.0
pb;SOBRADO;Paraíba;Nordeste;-7.15813;-35.24818;8060;17.03;319;28;LULA;PT;4051;65,30;FLAVIO BOLSONARO;PL;1914;30,85;31.96;1914;27.8;59.6;48.9
pb;SOLEDADE;Paraíba;Nordeste;-7.05987;-36.36367;11716;15.83;504;39;LULA;PT;6151;67,15;FLAVIO BOLSONARO;PL;2579;28,16;36.22;2579;25.8;55.9;48.4
pb;SOLÂNEA;Paraíba;Nordeste;-6.75939;-35.66497;22196;19.58;840;72;LULA;PT;11013;65,99;FLAVIO BOLSONARO;PL;4787;28,68;34.88;4787;26.3;56.9;46.1
pb;SOSSÊGO;Paraíba;Nordeste;-6.76392;-36.24538;3672;13.56;153;11;LULA;PT;2347;78,49;FLAVIO BOLSONARO;PL;534;17,86;57.12;534;28.4;57.7;49.0
pb;SOUSA;Paraíba;Nordeste;-6.76835;-38.24162;48187;15.4;1465;163;LULA;PT;24676;64,06;FLAVIO BOLSONARO;PL;11592;30,09;32.09;11592;24.3;48.7;46.6
pb;SUMÉ;Paraíba;Nordeste;-7.66241;-36.88412;14168;18.68;451;52;LULA;PT;8123;74,15;FLAVIO BOLSONARO;PL;2432;22,20;49.39;2432;24.0;51.2;47.8
pb;SÃO BENTINHO;Paraíba;Nordeste;-6.89013;-37.72524;3802;20.96;158;12;LULA;PT;2216;78,69;FLAVIO BOLSONARO;PL;494;17,54;57.3;494;24.8;58.1;48.8
pb;SÃO BENTO;Paraíba;Nordeste;-6.48727;-37.44757;29523;16.64;968;94;LULA;PT;11253;48,41;FLAVIO BOLSONARO;PL;10379;44,65;3.55;10379;28.0;62.0;47.8
pb;SÃO DOMINGOS;Paraíba;Nordeste;-6.81632;-37.94107;3287;20.2;130;10;LULA;PT;1758;71,81;FLAVIO BOLSONARO;PL;616;25,16;43.54;616;24.5;65.2;49.4
pb;SÃO DOMINGOS DO CARIRI;Paraíba;Nordeste;-7.63071;-36.43059;3072;18.91;105;10;LULA;PT;1592;67,60;FLAVIO BOLSONARO;PL;644;27,35;38.06;644;26.2;59.3;49.4
pb;SÃO FRANCISCO;Paraíba;Nordeste;-6.62767;-38.08476;4138;15.25;156;17;LULA;PT;2305;70,12;FLAVIO BOLSONARO;PL;810;24,64;42.63;810;22.5;58.3;49.4
pb;SÃO JOSÉ DA LAGOA TAPADA;Paraíba;Nordeste;-6.94314;-38.16374;7125;17.91;366;27;LULA;PT;4164;77,14;FLAVIO BOLSONARO;PL;1047;19,40;53.29;1047;24.3;65.8;49.2
pb;SÃO JOSÉ DE CAIANA;Paraíba;Nordeste;-7.24972;-38.29918;5643;27.64;152;18;LULA;PT;2958;75,87;FLAVIO BOLSONARO;PL;778;19,95;53.39;778;28.9;59.1;49.9
pb;SÃO JOSÉ DE ESPINHARAS;Paraíba;Nordeste;-6.84769;-37.32575;4450;15.8;137;15;LULA;PT;2660;74,64;FLAVIO BOLSONARO;PL;773;21,69;50.36;773;22.7;55.1;51.5
pb;SÃO JOSÉ DE PIRANHAS;Paraíba;Nordeste;-7.10612;-38.50705;15561;19.1;512;58;LULA;PT;9261;78,04;FLAVIO BOLSONARO;PL;2068;17,43;57.14;2068;26.1;57.7;48.9
pb;SÃO JOSÉ DE PRINCESA;Paraíba;Nordeste;-7.76125;-38.09996;3236;19.96;176;13;LULA;PT;1990;83,75;FLAVIO BOLSONARO;PL;317;13,34;64.59;317;24.4;60.5;50.3
pb;SÃO JOSÉ DO BONFIM;Paraíba;Nordeste;-7.16096;-37.30822;4531;17.3;181;16;LULA;PT;2365;67,48;FLAVIO BOLSONARO;PL;995;28,39;36.56;995;26.4;51.5;50.1
pb;SÃO JOSÉ DO BREJO DO CRUZ;Paraíba;Nordeste;-6.21331;-37.35483;2613;19.14;75;8;LULA;PT;1293;64,17;FLAVIO BOLSONARO;PL;620;30,77;31.85;620;27.7;52.2;51.4
pb;SÃO JOSÉ DO SABUGI;Paraíba;Nordeste;-6.774;-36.79744;4227;9.46;147;17;LULA;PT;2460;67,73;FLAVIO BOLSONARO;PL;1023;28,17;37.55;1023;25.3;49.5;50.1
pb;SÃO JOSÉ DOS CORDEIROS;Paraíba;Nordeste;-7.39237;-36.80759;3778;17.87;120;13;LULA;PT;2297;78,24;FLAVIO BOLSONARO;PL;557;18,97;56.07;557;23.3;61.9;49.5
pb;SÃO JOSÉ DOS RAMOS;Paraíba;Nordeste;-7.24947;-35.38048;5940;19.66;270;18;LULA;PT;3104;70,75;FLAVIO BOLSONARO;PL;1118;25,48;41.62;1118;30.4;61.3;49.5
pb;SÃO JOÃO DO CARIRI;Paraíba;Nordeste;-7.37666;-36.50911;4578;14.92;130;17;LULA;PT;2856;76,84;FLAVIO BOLSONARO;PL;752;20,23;54.02;752;24.1;51.7;48.1
pb;SÃO JOÃO DO RIO DO PEIXE;Paraíba;Nordeste;-6.74007;-38.43388;14571;15.91;617;56;LULA;PT;8769;76,91;FLAVIO BOLSONARO;PL;2155;18,90;53.98;2155;23.2;55.6;48.4
pb;SÃO JOÃO DO TIGRE;Paraíba;Nordeste;-8.05902;-36.7417;3965;15.99;227;13;LULA;PT;2396;78,51;FLAVIO BOLSONARO;PL;568;18,61;54.88;568;28.3;60.6;50.9
pb;SÃO MAMEDE;Paraíba;Nordeste;-6.92947;-37.09641;7110;21.21;181;27;LULA;PT;3456;64,62;FLAVIO BOLSONARO;PL;1627;30,42;32.65;1627;21.4;50.6;48.2
pb;SÃO MIGUEL DE TAIPU;Paraíba;Nordeste;-7.24874;-35.21014;6576;16.79;263;19;LULA;PT;2823;55,92;FLAVIO BOLSONARO;PL;2023;40,08;14.62;2023;29.1;56.6;48.6
pb;SÃO SEBASTIÃO DE LAGOA DE ROÇA;Paraíba;Nordeste;-7.10437;-35.86779;9171;18.09;462;29;LULA;PT;4471;65,38;FLAVIO BOLSONARO;PL;1963;28,70;33.39;1963;25.6;59.9;47.3
pb;SÃO SEBASTIÃO DO UMBUZEIRO;Paraíba;Nordeste;-8.14586;-37.00917;3304;17.58;166;12;LULA;PT;2085;82,84;FLAVIO BOLSONARO;PL;357;14,18;63.46;357;26.5;54.8;49.6
pb;SÃO VICENTE DO SERIDÓ;Paraíba;Nordeste;-6.92815;-36.40196;9254;17.93;362;31;LULA;PT;5352;75,78;FLAVIO BOLSONARO;PL;1370;19,40;52.43;1370;30.3;57.8;48.9
pb;TACIMA;Paraíba;Nordeste;-6.5245;-35.59329;8148;21.24;278;27;LULA;PT;4139;68,72;FLAVIO BOLSONARO;PL;1635;27,15;39.02;1635;26.8;57.2;50.6
pb;TAPEROÁ;Paraíba;Nordeste;-7.2106;-36.82565;11366;22.02;493;38;LULA;PT;6102;74,23;FLAVIO BOLSONARO;PL;1825;22,20;48.26;1825;25.5;59.4;47.4
pb;TAVARES;Paraíba;Nordeste;-7.62698;-37.86942;11897;23.93;452;44;LULA;PT;7091;83,52;FLAVIO BOLSONARO;PL;1172;13,80;65.4;1172;26.7;62.2;48.4
pb;TEIXEIRA;Paraíba;Nordeste;-7.22382;-37.25344;12091;19.48;405;42;LULA;PT;6957;76,00;FLAVIO BOLSONARO;PL;1901;20,77;51.93;1901;27.5;50.7;47.2
pb;TENÓRIO;Paraíba;Nordeste;-6.93974;-36.62755;3314;16.99;133;10;LULA;PT;1889;72,85;FLAVIO BOLSONARO;PL;622;23,99;46.06;622;28.3;61.3;51.2
pb;TRIUNFO;Paraíba;Nordeste;-6.59373;-38.58144;7597;18.49;208;29;LULA;PT;4848;82,03;FLAVIO BOLSONARO;PL;823;13,93;65.0;823;25.9;55.9;48.9
pb;UIRAÚNA;Paraíba;Nordeste;-6.51874;-38.39987;13083;18.18;510;47;LULA;PT;7431;73,80;FLAVIO BOLSONARO;PL;2143;21,28;49.4;2143;24.6;50.7;46.9
pb;UMBUZEIRO;Paraíba;Nordeste;-7.6989;-35.69947;7797;17.74;331;25;LULA;PT;4314;72,38;FLAVIO BOLSONARO;PL;1366;22,92;45.96;1366;28.2;52.6;48.5
pb;VIEIRÓPOLIS;Paraíba;Nordeste;-6.55904;-38.27632;5431;17.34;223;18;LULA;PT;3189;75,62;FLAVIO BOLSONARO;PL;877;20,80;51.5;877;22.6;60.7;49.0
pb;VISTA SERRANA;Paraíba;Nordeste;-6.73923;-37.56631;3470;22.39;87;13;LULA;PT;1934;75,17;FLAVIO BOLSONARO;PL;521;20,25;52.47;521;25.9;58.2;50.1
pb;VÁRZEA;Paraíba;Nordeste;-6.76856;-36.99476;2845;13.15;59;10;LULA;PT;1755;74,02;FLAVIO BOLSONARO;PL;502;21,17;50.71;502;23.1;37.9;48.3
pb;ZABELÊ;Paraíba;Nordeste;-8.07779;-37.09751;2666;18.98;133;9;LULA;PT;1616;80,72;FLAVIO BOLSONARO;PL;318;15,88;60.09;318;27.9;48.4;48.5
pb;ÁGUA BRANCA;Paraíba;Nordeste;-7.49788;-37.64015;8397;20.42;315;33;LULA;PT;4874;77,59;FLAVIO BOLSONARO;PL;1112;17,70;56.3;1112;29.3;53.2;49.1
pa;ABAETETUBA;Pará;Norte;-1.73071;-48.89169;123890;14.18;2579;388;LULA;PT;74035;71,97;FLAVIO BOLSONARO;PL;24765;24,07;46.34;24765;32.8;41.4;49.3
pa;ABEL FIGUEIREDO;Pará;Norte;-4.94847;-48.39624;6010;23.44;161;21;LULA;PT;2182;49,55;FLAVIO BOLSONARO;PL;2081;47,25;2.2;2081;28.0;55.1;52.1
pa;ACARÁ;Pará;Norte;-1.84781;-48.30791;48817;16.3;1397;171;LULA;PT;25654;65,45;FLAVIO BOLSONARO;PL;11954;30,50;33.53;11954;31.9;60.7;50.6
pa;AFUÁ;Pará;Norte;-0.25556;-50.66329;29760;21.7;909;99;LULA;PT;14123;63,49;FLAVIO BOLSONARO;PL;7018;31,55;30.49;7018;38.0;69.9;51.8
pa;ALENQUER;Pará;Norte;-1.86042;-54.74339;45624;18.85;976;183;FLAVIO BOLSONARO;PL;18312;51,08;LULA;PT;16099;44,91;5.98;16099;33.6;54.2;50.7
pa;ALMEIRIM;Pará;Norte;-1.3373;-52.6048;23890;25.17;547;99;LULA;PT;11089;64,44;FLAVIO BOLSONARO;PL;5534;32,16;31.07;5534;32.4;51.7;51.0
pa;ALTAMIRA;Pará;Norte;-3.75099;-52.5126;86743;22.23;1870;315;FLAVIO BOLSONARO;PL;41004;63,25;LULA;PT;20416;31,49;30.52;20416;31.5;42.7;49.0
pa;ANAJÁS;Pará;Norte;-0.91893;-49.95523;22636;20.87;811;86;LULA;PT;8404;49,32;FLAVIO BOLSONARO;PL;7411;43,49;5.54;7411;39.0;64.6;52.6
pa;ANANINDEUA;Pará;Norte;-1.36134;-48.39694;358249;16.98;8861;1058;FLAVIO BOLSONARO;PL;130954;46,17;LULA;PT;127573;44,98;1.14;127573;29.1;27.5;46.1
pa;ANAPU;Pará;Norte;-3.43227;-51.30339;25278;24.33;512;77;FLAVIO BOLSONARO;PL;13113;71,06;LULA;PT;4771;25,85;43.61;4771;34.1;63.1;52.7
pa;AUGUSTO CORRÊA;Pará;Norte;-1.0956;-46.55227;39219;19.31;1422;141;LULA;PT;20300;67,67;FLAVIO BOLSONARO;PL;8171;27,24;38.33;8171;33.0;57.0;50.5
pa;AURORA DO PARÁ;Pará;Norte;-2.16278;-47.63083;18265;19.8;603;74;LULA;PT;8980;64,38;FLAVIO BOLSONARO;PL;4466;32,02;30.82;4466;31.9;60.5;50.9
pa;AVEIRO;Pará;Norte;-3.7447;-55.5478;11870;23.4;231;57;LULA;PT;4498;51,02;FLAVIO BOLSONARO;PL;4043;45,86;5.0;4043;32.9;56.3;53.9
pa;BAGRE;Pará;Norte;-2.00997;-50.20228;16607;20.76;482;54;LULA;PT;9427;74,67;FLAVIO BOLSONARO;PL;2849;22,57;49.99;2849;39.9;65.4;52.3
pa;BAIÃO;Pará;Norte;-2.87805;-49.66684;27595;16.77;671;103;LULA;PT;15458;69,89;FLAVIO BOLSONARO;PL;6006;27,15;41.15;6006;33.4;47.2;50.8
pa;BANNACH;Pará;Norte;-7.3487;-50.51065;3170;24.51;60;12;FLAVIO BOLSONARO;PL;1525;65,68;LULA;PT;690;29,72;34.89;690;30.3;59.5;53.8
pa;BARCARENA;Pará;Norte;-1.52523;-48.64876;102889;18.64;2344;322;LULA;PT;47254;58,94;FLAVIO BOLSONARO;PL;27194;33,92;23.96;27194;32.1;38.4;50.1
pa;BELTERRA;Pará;Norte;-2.82509;-54.9523;17778;19.27;386;73;FLAVIO BOLSONARO;PL;7175;51,87;LULA;PT;6023;43,54;8.03;6023;30.7;43.7;50.4
pa;BELÉM;Pará;Norte;-1.41497;-48.44938;1048781;17.38;26103;2989;LULA;PT;396570;48,00;FLAVIO BOLSONARO;PL;361377;43,74;4.06;361377;25.8;23.9;46.3
pa;BENEVIDES;Pará;Norte;-1.33657;-48.26946;49269;16.06;1297;154;LULA;PT;19932;50,51;FLAVIO BOLSONARO;PL;17146;43,45;6.74;17146;31.1;36.9;48.4
pa;BOM JESUS DO TOCANTINS;Pará;Norte;-5.08018;-48.67221;12477;22.81;323;44;FLAVIO BOLSONARO;PL;4521;48,84;LULA;PT;4360;47,10;1.67;4360;32.1;54.3;51.4
pa;BONITO;Pará;Norte;-1.38384;-47.31033;12897;17.65;443;47;LULA;PT;6451;64,00;FLAVIO BOLSONARO;PL;3159;31,34;31.0;3159;31.0;60.3;51.6
pa;BRAGANÇA;Pará;Norte;-1.08083;-46.76708;94963;19.46;2330;341;LULA;PT;41880;57,01;FLAVIO BOLSONARO;PL;26670;36,30;19.89;26670;30.6;47.7;48.9
pa;BRASIL NOVO;Pará;Norte;-3.30842;-52.55207;16697;19.29;344;59;FLAVIO BOLSONARO;PL;9164;70,34;LULA;PT;3429;26,32;42.56;3429;29.0;54.9;51.4
pa;BREJO GRANDE DO ARAGUAIA;Pará;Norte;-5.70721;-48.38996;6821;20.6;150;26;LULA;PT;2648;50,61;FLAVIO BOLSONARO;PL;2433;46,50;3.97;2433;30.7;51.3;52.1
pa;BREU BRANCO;Pará;Norte;-3.75176;-49.54929;32173;24.29;836;122;LULA;PT;11864;50,86;FLAVIO BOLSONARO;PL;10484;44,94;5.67;10484;31.4;55.8;49.7
pa;BREVES;Pará;Norte;-1.43747;-50.56638;77288;19.91;2236;239;LULA;PT;35854;60,46;FLAVIO BOLSONARO;PL;20877;35,20;24.2;20877;36.9;63.8;50.5
pa;BUJARU;Pará;Norte;-1.59503;-48.07434;21846;13.49;494;79;LULA;PT;12347;67,63;FLAVIO BOLSONARO;PL;5255;28,79;37.53;5255;32.7;50.3;50.5
pa;CACHOEIRA DO ARARI;Pará;Norte;-1.02206;-48.81105;18975;19.65;539;66;LULA;PT;11255;77,03;FLAVIO BOLSONARO;PL;2982;20,41;54.26;2982;31.0;57.0;50.6
pa;CACHOEIRA DO PIRIÁ;Pará;Norte;-1.90907;-46.4572;14421;18.93;415;58;LULA;PT;7191;64,28;FLAVIO BOLSONARO;PL;3590;32,09;30.8;3590;34.1;61.1;52.1
pa;CAMETÁ;Pará;Norte;-2.2562;-49.46304;106190;13.09;2353;357;LULA;PT;67400;75,45;FLAVIO BOLSONARO;PL;19380;21,70;52.03;19380;34.5;48.2;50.7
pa;CANAÃ DOS CARAJÁS;Pará;Norte;-6.52385;-49.86386;73378;25.01;1027;204;FLAVIO BOLSONARO;PL;33546;62,81;LULA;PT;16676;31,22;30.66;16676;35.8;36.8;50.3
pa;CAPANEMA;Pará;Norte;-1.17752;-47.15547;54759;17.7;1378;203;LULA;PT;23613;54,78;FLAVIO BOLSONARO;PL;16976;39,38;14.73;16976;28.5;43.0;47.9
pa;CAPITÃO POÇO;Pará;Norte;-1.79406;-47.12008;42609;16.11;1096;153;LULA;PT;20007;58,33;FLAVIO BOLSONARO;PL;12771;37,23;20.24;12771;32.0;58.2;49.6
pa;CASTANHAL;Pará;Norte;-1.29108;-47.91821;143934;16.37;3006;455;FLAVIO BOLSONARO;PL;57961;50,03;LULA;PT;49063;42,35;7.39;49063;29.7;36.3;47.0
pa;CHAVES;Pará;Norte;-0.07279;-49.72613;15966;28.05;607;63;LULA;PT;7098;65,56;FLAVIO BOLSONARO;PL;3305;30,53;33.02;3305;35.5;75.3;53.0
pa;COLARES;Pará;Norte;-0.93619;-48.24113;12702;17.78;292;49;LULA;PT;7126;71,05;FLAVIO BOLSONARO;PL;2462;24,55;44.66;2462;27.5;42.0;50.4
pa;CONCEIÇÃO DO ARAGUAIA;Pará;Norte;-8.23633;-49.30322;33537;25.19;899;115;FLAVIO BOLSONARO;PL;13757;57,41;LULA;PT;8907;37,17;19.33;8907;27.0;44.0;50.0
pa;CONCÓRDIA DO PARÁ;Pará;Norte;-1.92622;-47.95757;24113;16.32;593;82;LULA;PT;11158;57,42;FLAVIO BOLSONARO;PL;7737;39,82;16.95;7737;34.5;54.5;51.1
pa;CUMARU DO NORTE;Pará;Norte;-8.14668;-50.896;8216;25.75;139;30;FLAVIO BOLSONARO;PL;3864;65,16;LULA;PT;1929;32,53;31.72;1929;33.1;59.1;53.5
pa;CURIONÓPOLIS;Pará;Norte;-6.0771;-49.6074;17009;23.11;436;56;FLAVIO BOLSONARO;PL;7212;57,54;LULA;PT;4765;38,02;18.71;4765;32.1;44.7;51.7
pa;CURRALINHO;Pará;Norte;-1.71915;-49.89029;25964;17.37;725;87;LULA;PT;15895;76,97;FLAVIO BOLSONARO;PL;4207;20,37;54.48;4207;38.6;59.6;51.8
pa;CURUÁ;Pará;Norte;-1.90957;-55.10781;11427;16.05;244;51;LULA;PT;6668;71,64;FLAVIO BOLSONARO;PL;2292;24,62;45.62;2292;34.4;51.2;52.7
pa;CURUÇÁ;Pará;Norte;-0.7585;-47.8566;36832;20.54;1068;124;LULA;PT;19407;69,53;FLAVIO BOLSONARO;PL;7417;26,57;40.97;7417;28.3;48.4;49.7
pa;DOM ELISEU;Pará;Norte;-4.30662;-47.55821;30137;19.96;577;112;FLAVIO BOLSONARO;PL;12367;52,95;LULA;PT;10038;42,98;9.66;10038;30.4;51.2;49.0
pa;ELDORADO DOS CARAJÁS;Pará;Norte;-6.09879;-49.33669;20306;19.95;515;77;FLAVIO BOLSONARO;PL;8096;51,83;LULA;PT;6895;44,14;7.39;6895;30.6;54.5;51.6
pa;FARO;Pará;Norte;-2.1534;-56.72351;7131;24.04;107;29;LULA;PT;3894;73,75;FLAVIO BOLSONARO;PL;1242;23,52;48.96;1242;34.5;43.4;51.4
pa;FLORESTA DO ARAGUAIA;Pará;Norte;-7.59304;-49.60783;13756;21.21;346;49;FLAVIO BOLSONARO;PL;5926;56,89;LULA;PT;4084;39,21;16.99;4084;30.5;56.0;52.3
pa;GARRAFÃO DO NORTE;Pará;Norte;-2.06091;-47.04295;22326;18.74;825;77;LULA;PT;10723;62,47;FLAVIO BOLSONARO;PL;5663;32,99;27.89;5663;34.1;63.4;51.7
pa;GOIANÉSIA DO PARÁ;Pará;Norte;-3.88673;-49.11689;21405;21.32;511;87;LULA;PT;7830;48,36;FLAVIO BOLSONARO;PL;7667;47,36;0.97;7667;29.0;57.5;51.3
pa;GURUPÁ;Pará;Norte;-1.19575;-51.55367;24520;15.76;626;89;LULA;PT;13613;68,19;FLAVIO BOLSONARO;PL;5808;29,09;37.79;5808;38.1;62.1;52.1
pa;IGARAPÉ-AÇU;Pará;Norte;-1.13777;-47.59489;31175;15.63;966;104;LULA;PT;16703;66,75;FLAVIO BOLSONARO;PL;7277;29,08;35.84;7277;29.4;49.8;49.0
pa;IGARAPÉ-MIRI;Pará;Norte;-1.9718;-49.03308;53657;14.35;1385;166;LULA;PT;27542;62,29;FLAVIO BOLSONARO;PL;14783;33,43;27.76;14783;32.3;58.7;50.1
pa;INHANGAPI;Pará;Norte;-1.45196;-47.91903;9354;14.53;255;34;LULA;PT;4430;57,72;FLAVIO BOLSONARO;PL;2860;37,26;19.64;2860;30.6;50.0;50.8
pa;IPIXUNA DO PARÁ;Pará;Norte;-2.58914;-47.63173;24689;21.65;840;93;LULA;PT;10829;59,01;FLAVIO BOLSONARO;PL;6832;37,23;20.66;6832;33.9;58.5;51.6
pa;IRITUIA;Pará;Norte;-1.77768;-47.42356;26388;16.34;581;102;LULA;PT;14585;68,43;FLAVIO BOLSONARO;PL;5721;26,84;40.15;5721;30.0;54.1;51.1
pa;ITAITUBA;Pará;Norte;-4.43662;-55.99791;85347;25.43;1732;287;FLAVIO BOLSONARO;PL;42299;69,07;LULA;PT;16245;26,53;40.94;16245;32.5;49.7;49.2
pa;ITUPIRANGA;Pará;Norte;-5.11136;-49.60618;32730;22.1;685;121;LULA;PT;12516;50,79;FLAVIO BOLSONARO;PL;11137;45,19;5.41;11137;32.0;56.8;51.1
pa;JACAREACANGA;Pará;Norte;-6.58935;-57.69445;13777;25.77;477;55;FLAVIO BOLSONARO;PL;4841;49,87;LULA;PT;4694;48,35;1.44;4694;37.7;54.1;52.5
pa;JACUNDÁ;Pará;Norte;-4.46267;-49.13183;30585;19.83;889;117;FLAVIO BOLSONARO;PL;11463;49,00;LULA;PT;10825;46,27;2.6;10825;28.2;55.4;49.6
pa;JURUTI;Pará;Norte;-2.25377;-56.07971;39112;18.74;699;135;LULA;PT;17817;57,66;FLAVIO BOLSONARO;PL;11942;38,64;18.48;11942;35.6;41.1;51.7
pa;LIMOEIRO DO AJURU;Pará;Norte;-1.85432;-49.41663;22959;14.76;594;78;LULA;PT;13910;73,83;FLAVIO BOLSONARO;PL;4401;23,36;48.59;4401;37.1;54.2;51.9
pa;MAGALHÃES BARATA;Pará;Norte;-0.79895;-47.61779;8796;18.49;171;35;LULA;PT;4579;65,81;FLAVIO BOLSONARO;PL;2100;30,18;34.57;2100;29.0;46.2;51.6
pa;MARABÁ;Pará;Norte;-5.37143;-49.18839;179940;19.04;3912;583;FLAVIO BOLSONARO;PL;76354;54,42;LULA;PT;56350;40,16;13.73;56350;31.4;34.7;48.6
pa;MARACANÃ;Pará;Norte;-0.79281;-47.49002;27798;17.4;543;118;LULA;PT;14545;65,44;FLAVIO BOLSONARO;PL;6786;30,53;33.79;6786;29.7;50.2;51.3
pa;MARAPANIM;Pará;Norte;-0.76836;-47.69488;25293;17.81;634;93;LULA;PT;12915;64,56;FLAVIO BOLSONARO;PL;6308;31,53;31.78;6308;27.5;45.1;51.3
pa;MARITUBA;Pará;Norte;-1.36701;-48.3327;90873;17.4;2196;276;LULA;PT;35565;49,58;FLAVIO BOLSONARO;PL;30495;42,52;6.75;30495;31.3;34.5;47.7
pa;MEDICILÂNDIA;Pará;Norte;-3.43211;-52.92901;20484;20.03;446;74;FLAVIO BOLSONARO;PL;11318;71,70;LULA;PT;3806;24,11;45.86;3806;30.5;61.4;53.1
pa;MELGAÇO;Pará;Norte;-1.6822;-50.83568;19565;21.76;621;62;LULA;PT;9241;63,09;FLAVIO BOLSONARO;PL;4952;33,81;28.02;4952;40.3;64.2;52.7
pa;MOCAJUBA;Pará;Norte;-2.58236;-49.50405;29081;16.88;687;99;LULA;PT;16587;71,01;FLAVIO BOLSONARO;PL;5901;25,26;44.21;5901;34.7;47.4;49.9
pa;MOJU;Pará;Norte;-2.03824;-48.77834;56811;16.86;1421;202;LULA;PT;29900;65,78;FLAVIO BOLSONARO;PL;13493;29,68;34.74;13493;34.6;51.6;51.0
pa;MOJUÍ DOS CAMPOS;Pará;Norte;-2.85879;-54.66399;24248;20.95;529;95;FLAVIO BOLSONARO;PL;11924;64,61;LULA;PT;5740;31,10;32.26;5740;30.2;49.1;51.5
pa;MONTE ALEGRE;Pará;Norte;-1.91382;-54.16031;52563;18.27;977;222;FLAVIO BOLSONARO;PL;21437;51,50;LULA;PT;18579;44,64;6.65;18579;31.6;50.5;50.1
pa;MUANÁ;Pará;Norte;-1.51934;-49.28057;30413;18.37;873;98;LULA;PT;17644;74,13;FLAVIO BOLSONARO;PL;5394;22,66;49.35;5394;33.6;59.1;51.4
pa;MÃE DO RIO;Pará;Norte;-2.0334;-47.52722;25345;17.63;737;92;LULA;PT;9709;48,65;FLAVIO BOLSONARO;PL;9396;47,08;1.5;9396;31.1;51.3;48.0
pa;NOVA ESPERANÇA DO PIRIÁ;Pará;Norte;-2.3115;-46.98012;15528;19.65;542;50;FLAVIO BOLSONARO;PL;5759;48,52;LULA;PT;5714;48,14;0.36;5714;34.2;63.4;52.1
pa;NOVA IPIXUNA;Pará;Norte;-4.95377;-49.13379;11487;20.28;357;39;FLAVIO BOLSONARO;PL;4349;49,75;LULA;PT;3953;45,22;4.32;3953;30.4;59.3;52.0
pa;NOVA TIMBOTEUA;Pará;Norte;-1.16294;-47.38334;11967;17.45;408;41;LULA;PT;6158;65,98;FLAVIO BOLSONARO;PL;2761;29,58;34.39;2761;25.9;53.5;50.3
pa;NOVO PROGRESSO;Pará;Norte;-7.07884;-55.39119;24783;27.01;377;87;FLAVIO BOLSONARO;PL;14798;84,13;LULA;PT;2357;13,40;68.78;2357;31.2;51.8;51.3
pa;NOVO REPARTIMENTO;Pará;Norte;-4.4132;-50.18041;45702;21.37;1040;159;FLAVIO BOLSONARO;PL;20744;59,84;LULA;PT;12531;36,15;22.85;12531;32.5;59.5;51.4
pa;OEIRAS DO PARÁ;Pará;Norte;-2.12693;-49.85416;25487;15.96;751;91;LULA;PT;16001;77,70;FLAVIO BOLSONARO;PL;4029;19,56;55.89;4029;36.8;59.8;52.0
pa;ORIXIMINÁ;Pará;Norte;-1.63705;-56.04477;50827;22.88;1023;195;LULA;PT;18589;49,15;FLAVIO BOLSONARO;PL;17678;46,74;2.32;17678;33.0;44.8;50.2
pa;OURILÂNDIA DO NORTE;Pará;Norte;-6.78061;-51.06554;25886;24.75;453;83;FLAVIO BOLSONARO;PL;11989;63,41;LULA;PT;6063;32,07;30.42;6063;31.9;54.0;50.3
pa;OURÉM;Pará;Norte;-1.51298;-47.13913;16525;17.82;493;64;LULA;PT;8947;69,06;FLAVIO BOLSONARO;PL;3455;26,67;40.44;3455;30.7;53.8;50.1
pa;PACAJÁ;Pará;Norte;-3.74438;-50.66129;29481;22.04;636;99;FLAVIO BOLSONARO;PL;15214;68,51;LULA;PT;6201;27,92;39.21;6201;31.7;63.0;52.0
pa;PALESTINA DO PARÁ;Pará;Norte;-5.78187;-48.29101;5862;21.14;172;21;LULA;PT;2208;49,84;FLAVIO BOLSONARO;PL;2087;47,11;2.62;2087;29.9;54.6;51.8
pa;PARAGOMINAS;Pará;Norte;-2.9861;-47.33755;76388;20.65;1588;246;FLAVIO BOLSONARO;PL;34754;59,40;LULA;PT;20989;35,87;22.71;20989;31.8;44.0;48.7
pa;PARAUAPEBAS;Pará;Norte;-6.07019;-49.89927;201342;22.12;3426;586;FLAVIO BOLSONARO;PL;89244;58,95;LULA;PT;51646;34,11;23.98;51646;33.3;30.0;50.1
pa;PAU D'ARCO;Pará;Norte;-7.82133;-50.03054;8655;22.76;190;30;FLAVIO BOLSONARO;PL;3802;58,85;LULA;PT;2411;37,32;20.81;2411;30.3;56.5;54.2
pa;PEIXE-BOI;Pará;Norte;-1.17153;-47.3047;9487;17.08;289;36;LULA;PT;4783;63,69;FLAVIO BOLSONARO;PL;2429;32,34;29.92;2429;26.3;50.3;51.3
pa;PIÇARRA;Pará;Norte;-6.52532;-48.94814;9403;19.65;235;35;FLAVIO BOLSONARO;PL;3981;54,62;LULA;PT;3063;42,03;12.15;3063;30.7;58.0;52.8
pa;PLACAS;Pará;Norte;-3.8472;-54.38954;14807;19.41;308;56;FLAVIO BOLSONARO;PL;8356;72,65;LULA;PT;2777;24,15;46.75;2777;30.5;55.7;53.0
pa;PONTA DE PEDRAS;Pará;Norte;-1.33896;-48.88192;23302;20.52;693;73;LULA;PT;13032;73,64;FLAVIO BOLSONARO;PL;4000;22,60;48.77;4000;32.1;53.3;50.9
pa;PORTEL;Pará;Norte;-2.09984;-50.83791;41746;23.26;1418;149;LULA;PT;18831;61,83;FLAVIO BOLSONARO;PL;10679;35,06;25.45;10679;38.4;62.8;50.5
pa;PORTO DE MOZ;Pará;Norte;-1.83366;-52.36719;23709;21.67;504;83;LULA;PT;9783;54,36;FLAVIO BOLSONARO;PL;7591;42,18;11.8;7591;37.6;58.3;52.1
pa;PRAINHA;Pará;Norte;-1.98254;-53.65003;27386;19.58;644;111;LULA;PT;10767;50,64;FLAVIO BOLSONARO;PL;10016;47,11;3.41;10016;36.4;56.4;52.0
pa;PRIMAVERA;Pará;Norte;-0.95382;-47.12225;11339;23.16;309;36;LULA;PT;5798;69,67;FLAVIO BOLSONARO;PL;2136;25,67;42.03;2136;28.6;55.1;50.6
pa;QUATIPURU;Pará;Norte;-0.86598;-47.01763;10484;25.75;241;36;LULA;PT;5282;70,46;FLAVIO BOLSONARO;PL;1860;24,81;43.96;1860;27.5;61.3;50.5
pa;REDENÇÃO;Pará;Norte;-8.04178;-50.03725;62358;19.74;1067;205;FLAVIO BOLSONARO;PL;34761;71,51;LULA;PT;11726;24,12;46.03;11726;30.9;42.3;47.9
pa;RIO MARIA;Pará;Norte;-7.30999;-49.99812;13846;22.58;322;50;FLAVIO BOLSONARO;PL;6461;62,53;LULA;PT;3376;32,67;28.78;3376;28.5;54.1;50.5
pa;RONDON DO PARÁ;Pará;Norte;-4.74522;-48.09992;26999;22.18;704;100;FLAVIO BOLSONARO;PL;11652;57,93;LULA;PT;7754;38,55;18.55;7754;26.9;56.0;49.4
pa;RURÓPOLIS;Pará;Norte;-4.1174;-55.07761;20247;21.19;428;82;FLAVIO BOLSONARO;PL;10826;70,37;LULA;PT;3946;25,65;43.12;3946;30.1;55.9;51.3
pa;SALINÓPOLIS;Pará;Norte;-0.79444;-47.34;38078;18.89;859;121;LULA;PT;17220;58,00;FLAVIO BOLSONARO;PL;10812;36,41;20.75;10812;30.2;45.0;50.5
pa;SALVATERRA;Pará;Norte;-0.79897;-48.54818;20320;18.3;586;78;LULA;PT;11124;70,38;FLAVIO BOLSONARO;PL;4050;25,62;42.61;4050;29.4;47.9;49.2
pa;SANTA BÁRBARA DO PARÁ;Pará;Norte;-1.21357;-48.27358;18358;18.06;462;64;LULA;PT;7853;54,57;FLAVIO BOLSONARO;PL;5763;40,05;13.89;5763;28.5;45.4;50.2
pa;SANTA CRUZ DO ARARI;Pará;Norte;-0.68656;-49.22868;7042;28.34;233;28;LULA;PT;3307;69,11;FLAVIO BOLSONARO;PL;1400;29,26;37.79;1400;29.2;57.1;49.1
pa;SANTA IZABEL DO PARÁ;Pará;Norte;-1.31812;-48.13883;49185;15.59;1165;155;LULA;PT;19808;49,83;FLAVIO BOLSONARO;PL;17718;44,57;5.03;17718;30.6;39.7;49.0
pa;SANTA LUZIA DO PARÁ;Pará;Norte;-1.5301;-46.92372;18518;19.3;649;70;LULA;PT;9388;66,25;FLAVIO BOLSONARO;PL;4286;30,25;34.14;4286;31.5;57.9;50.1
pa;SANTA MARIA DAS BARREIRAS;Pará;Norte;-8.66864;-50.2844;13340;24.6;290;50;FLAVIO BOLSONARO;PL;6587;67,79;LULA;PT;2749;28,29;38.15;2749;28.0;57.6;53.8
pa;SANTA MARIA DO PARÁ;Pará;Norte;-1.35079;-47.54946;22313;17.6;631;68;LULA;PT;8568;48,85;FLAVIO BOLSONARO;PL;8061;45,96;2.76;8061;29.8;52.9;49.4
pa;SANTANA DO ARAGUAIA;Pará;Norte;-9.33512;-50.38356;25280;25.51;567;83;FLAVIO BOLSONARO;PL;12320;67,93;LULA;PT;5193;28,64;37.85;5193;31.0;52.6;51.7
pa;SANTARÉM;Pará;Norte;-2.45542;-54.79304;253605;18.81;4831;872;FLAVIO BOLSONARO;PL;108078;54,40;LULA;PT;78382;39,46;14.42;78382;31.6;29.9;48.0
pa;SANTARÉM NOVO;Pará;Norte;-0.92275;-47.34232;6794;15.82;151;27;LULA;PT;3967;71,62;FLAVIO BOLSONARO;PL;1397;25,22;44.94;1397;29.6;47.5;52.4
pa;SANTO ANTÔNIO DO TAUÁ;Pará;Norte;-1.14509;-48.16615;26159;15.18;671;87;LULA;PT;12601;59,15;FLAVIO BOLSONARO;PL;7569;35,53;22.68;7569;29.4;43.0;49.0
pa;SAPUCAIA;Pará;Norte;-6.94182;-49.69721;5430;25.34;142;17;FLAVIO BOLSONARO;PL;2099;54,34;LULA;PT;1615;41,81;11.94;1615;31.8;61.3;52.5
pa;SENADOR JOSÉ PORFÍRIO;Pará;Norte;-3.11196;-51.97263;14884;23.5;348;49;FLAVIO BOLSONARO;PL;6729;61,32;LULA;PT;3870;35,27;25.11;3870;31.3;61.6;53.6
pa;SOURE;Pará;Norte;-0.71895;-48.51549;22800;20.4;580;78;LULA;PT;12917;74,22;FLAVIO BOLSONARO;PL;3861;22,19;49.9;3861;30.2;45.1;47.9
pa;SÃO CAETANO DE ODIVELAS;Pará;Norte;-0.79352;-48.0294;15886;16.6;403;58;LULA;PT;8792;69,08;FLAVIO BOLSONARO;PL;3231;25,39;41.97;3231;28.5;48.2;51.7
pa;SÃO DOMINGOS DO ARAGUAIA;Pará;Norte;-5.5483;-48.72825;15405;20.49;399;59;LULA;PT;5838;49,62;FLAVIO BOLSONARO;PL;5526;46,97;2.55;5526;30.6;51.6;49.1
pa;SÃO DOMINGOS DO CAPIM;Pará;Norte;-1.76919;-47.75437;25155;17.68;712;104;LULA;PT;14001;70,60;FLAVIO BOLSONARO;PL;5026;25,34;43.34;5026;33.8;58.7;51.8
pa;SÃO FRANCISCO DO PARÁ;Pará;Norte;-1.19337;-47.75601;15923;14.28;434;57;LULA;PT;7503;57,41;FLAVIO BOLSONARO;PL;5029;38,48;18.13;5029;28.3;46.5;49.9
pa;SÃO FÉLIX DO XINGU;Pará;Norte;-6.37264;-51.92857;43015;23.43;850;154;FLAVIO BOLSONARO;PL;23071;72,29;LULA;PT;7515;23,55;47.23;7515;30.8;59.6;52.7
pa;SÃO GERALDO DO ARAGUAIA;Pará;Norte;-6.31834;-48.65344;19494;19.9;466;73;FLAVIO BOLSONARO;PL;8816;58,54;LULA;PT;5631;37,39;20.4;5631;30.0;52.7;50.2
pa;SÃO JOÃO DA PONTA;Pará;Norte;-0.85881;-47.95168;6367;19.1;199;24;LULA;PT;3174;64,95;FLAVIO BOLSONARO;PL;1472;30,12;33.04;1472;28.1;47.7;51.0
pa;SÃO JOÃO DE PIRABAS;Pará;Norte;-0.7919;-47.19912;18795;20.81;502;64;LULA;PT;9710;68,06;FLAVIO BOLSONARO;PL;3996;28,01;38.39;3996;28.7;54.7;50.5
pa;SÃO JOÃO DO ARAGUAIA;Pará;Norte;-5.41682;-48.80155;13212;22.42;342;48;LULA;PT;5336;54,23;FLAVIO BOLSONARO;PL;4197;42,65;11.11;4197;31.6;51.7;53.2
pa;SÃO MIGUEL DO GUAMÁ;Pará;Norte;-1.58466;-47.54166;42257;16.53;983;152;LULA;PT;20545;60,61;FLAVIO BOLSONARO;PL;11437;33,74;25.82;11437;32.4;52.3;48.8
pa;SÃO SEBASTIÃO DA BOA VISTA;Pará;Norte;-1.6305;-49.54807;23902;18.41;569;78;LULA;PT;13805;73,29;FLAVIO BOLSONARO;PL;4401;23,36;48.22;4401;35.9;55.7;51.5
pa;TAILÂNDIA;Pará;Norte;-2.87411;-48.91383;55596;21.05;1560;200;FLAVIO BOLSONARO;PL;22994;54,91;LULA;PT;16699;39,88;14.34;16699;34.8;53.6;49.9
pa;TERRA ALTA;Pará;Norte;-1.01138;-47.87468;12581;21.22;304;44;LULA;PT;5918;62,07;FLAVIO BOLSONARO;PL;3236;33,94;27.06;3236;30.3;46.7;51.6
pa;TERRA SANTA;Pará;Norte;-2.08105;-56.47208;15511;20.79;274;61;LULA;PT;5682;47,65;FLAVIO BOLSONARO;PL;5591;46,88;0.74;5591;32.9;38.4;51.2
pa;TOMÉ-AÇU;Pará;Norte;-2.43158;-48.23712;52852;21.8;1412;185;LULA;PT;20574;52,14;FLAVIO BOLSONARO;PL;16970;43,01;8.72;16970;33.6;52.0;50.5
pa;TRACUATEUA;Pará;Norte;-1.05725;-46.92157;25730;18.71;729;93;LULA;PT;15002;74,80;FLAVIO BOLSONARO;PL;4403;21,95;50.67;4403;29.4;57.2;50.8
pa;TRAIRÃO;Pará;Norte;-4.81835;-56.03388;12441;26.16;245;43;FLAVIO BOLSONARO;PL;6697;75,42;LULA;PT;1848;20,81;52.78;1848;32.3;63.3;52.5
pa;TUCUMÃ;Pará;Norte;-6.76478;-51.16677;28014;25.45;422;91;FLAVIO BOLSONARO;PL;14240;70,10;LULA;PT;5046;24,84;44.02;5046;30.8;52.4;50.3
pa;TUCURUÍ;Pará;Norte;-3.77343;-49.68053;73025;23.33;1573;236;LULA;PT;26736;49,63;FLAVIO BOLSONARO;PL;24019;44,58;4.85;24019;30.8;41.1;49.4
pa;ULIANÓPOLIS;Pará;Norte;-3.80073;-47.50646;20159;20.23;424;69;FLAVIO BOLSONARO;PL;8453;54,36;LULA;PT;6506;41,84;12.11;6506;32.1;50.4;51.2
pa;URUARÁ;Pará;Norte;-3.72513;-53.72198;31993;21.13;648;105;FLAVIO BOLSONARO;PL;18737;77,04;LULA;PT;4745;19,51;55.45;4745;30.6;58.9;51.6
pa;VIGIA;Pará;Norte;-0.87796;-48.13033;39656;19.79;874;144;LULA;PT;19402;63,63;FLAVIO BOLSONARO;PL;9291;30,47;31.79;9291;28.3;45.9;49.8
pa;VISEU;Pará;Norte;-1.35128;-46.33419;43477;19.64;1355;168;LULA;PT;25524;76,38;FLAVIO BOLSONARO;PL;6907;20,67;53.29;6907;33.6;60.7;51.4
pa;VITÓRIA DO XINGU;Pará;Norte;-3.00261;-51.99089;16489;20.27;355;58;FLAVIO BOLSONARO;PL;7026;55,34;LULA;PT;5134;40,43;14.39;5134;33.0;49.9;52.6
pa;XINGUARA;Pará;Norte;-7.06023;-49.86723;35427;21.49;765;117;FLAVIO BOLSONARO;PL;17605;65,65;LULA;PT;7894;29,44;34.91;7894;30.5;52.2;49.0
pa;ÁGUA AZUL DO NORTE;Pará;Norte;-6.79757;-50.33679;10878;23.12;205;34;FLAVIO BOLSONARO;PL;5316;65,43;LULA;PT;2433;29,94;34.47;2433;31.1;55.9;52.7
pa;ÓBIDOS;Pará;Norte;-1.88424;-55.4446;39920;18.7;790;171;LULA;PT;20194;64,35;FLAVIO BOLSONARO;PL;9826;31,31;31.95;9826;31.4;49.1;51.0
pe;ABREU E LIMA;Pernambuco;Nordeste;-7.9092;-34.91651;79387;14.44;2253;233;LULA;PT;36334;56,60;FLAVIO BOLSONARO;PL;24301;37,85;17.71;24301;25.8;37.9;46.4
pe;AFOGADOS DA INGAZEIRA;Pernambuco;Nordeste;-7.74623;-37.63808;30094;19.64;739;103;LULA;PT;16835;73,01;FLAVIO BOLSONARO;PL;5300;22,98;47.7;5300;25.9;47.2;46.7
pe;AFRÂNIO;Pernambuco;Nordeste;-8.57253;-41.01935;17488;20.51;739;50;LULA;PT;8397;65,13;FLAVIO BOLSONARO;PL;3770;29,24;33.28;3770;28.4;52.8;49.1
pe;AGRESTINA;Pernambuco;Nordeste;-8.45329;-35.94809;20932;17.68;669;62;LULA;PT;11514;70,89;FLAVIO BOLSONARO;PL;3992;24,58;43.65;3992;28.9;54.6;46.3
pe;ALAGOINHA;Pernambuco;Nordeste;-8.48757;-36.76103;12070;16.45;306;43;LULA;PT;8034;83,39;FLAVIO BOLSONARO;PL;1235;12,82;67.42;1235;25.8;54.8;48.8
pe;ALIANÇA;Pernambuco;Nordeste;-7.59851;-35.20792;29186;21.78;912;98;LULA;PT;14569;67,99;FLAVIO BOLSONARO;PL;5825;27,19;38.3;5825;27.7;56.5;47.8
pe;ALTINHO;Pernambuco;Nordeste;-8.48774;-36.07291;17270;16.77;635;52;LULA;PT;9814;72,93;FLAVIO BOLSONARO;PL;3028;22,50;47.21;3028;26.3;55.0;48.4
pe;AMARAJI;Pernambuco;Nordeste;-8.38023;-35.44896;17368;20.15;483;50;LULA;PT;8734;66,49;FLAVIO BOLSONARO;PL;3900;29,69;34.85;3900;27.7;56.0;48.2
pe;ANGELIM;Pernambuco;Nordeste;-8.89405;-36.28578;9105;20.02;289;25;LULA;PT;5111;74,21;FLAVIO BOLSONARO;PL;1511;21,94;49.44;1511;28.8;57.3;47.8
pe;ARARIPINA;Pernambuco;Nordeste;-7.62766;-40.49008;60070;20.09;2023;177;LULA;PT;32160;71,03;FLAVIO BOLSONARO;PL;10820;23,90;44.46;10820;29.6;53.5;46.8
pe;ARAÇOIABA;Pernambuco;Nordeste;-7.78722;-35.08787;17404;17.75;511;49;LULA;PT;9092;67,21;FLAVIO BOLSONARO;PL;3680;27,20;37.81;3680;30.3;49.1;49.2
pe;ARCOVERDE;Pernambuco;Nordeste;-8.41613;-37.05267;51729;18.32;1194;171;LULA;PT;28253;69,83;FLAVIO BOLSONARO;PL;10211;25,24;42.7;10211;27.5;38.9;45.0
pe;BARRA DE GUABIRABA;Pernambuco;Nordeste;-8.41839;-35.66378;10106;16.56;206;30;LULA;PT;4988;61,63;FLAVIO BOLSONARO;PL;2835;35,03;25.53;2835;30.8;55.3;48.4
pe;BARREIROS;Pernambuco;Nordeste;-8.81197;-35.20065;30474;22.68;890;99;LULA;PT;13980;63,24;FLAVIO BOLSONARO;PL;7196;32,55;28.79;7196;28.1;46.1;46.2
pe;BELO JARDIM;Pernambuco;Nordeste;-8.31807;-36.42058;60920;18.05;2175;180;LULA;PT;30166;64,84;FLAVIO BOLSONARO;PL;13557;29,14;33.27;13557;28.7;49.8;46.9
pe;BELÉM DE MARIA;Pernambuco;Nordeste;-8.59937;-35.83788;9176;16.36;222;32;LULA;PT;5113;69,80;FLAVIO BOLSONARO;PL;1864;25,45;42.33;1864;29.4;50.8;48.8
pe;BELÉM DO SÃO FRANCISCO;Pernambuco;Nordeste;-8.70465;-39.00535;15567;21.0;417;52;LULA;PT;9306;78,96;FLAVIO BOLSONARO;PL;1927;16,35;60.0;1927;29.3;43.2;47.4
pe;BETÂNIA;Pernambuco;Nordeste;-8.24059;-38.01834;10088;20.82;366;30;LULA;PT;6368;84,52;FLAVIO BOLSONARO;PL;873;11,59;68.79;873;27.2;57.0;48.4
pe;BEZERROS;Pernambuco;Nordeste;-8.23635;-35.76407;48313;16.95;1302;152;LULA;PT;25506;67,23;FLAVIO BOLSONARO;PL;10523;27,74;37.34;10523;25.6;52.4;45.5
pe;BODOCÓ;Pernambuco;Nordeste;-7.71103;-39.97766;27831;19.04;778;83;LULA;PT;17737;82,52;FLAVIO BOLSONARO;PL;2881;13,40;65.94;2881;29.7;56.0;49.0
pe;BOM CONSELHO;Pernambuco;Nordeste;-9.19714;-36.66742;34189;21.32;962;110;LULA;PT;19346;75,56;FLAVIO BOLSONARO;PL;5154;20,13;52.76;5154;27.2;57.4;46.5
pe;BOM JARDIM;Pernambuco;Nordeste;-7.79612;-35.5947;30623;19.1;1057;106;LULA;PT;16995;72,97;FLAVIO BOLSONARO;PL;5347;22,96;47.02;5347;27.4;54.7;47.8
pe;BONITO;Pernambuco;Nordeste;-8.4796;-35.73564;30694;19.73;1018;92;LULA;PT;14524;62,77;FLAVIO BOLSONARO;PL;7418;32,06;28.84;7418;29.1;54.4;47.4
pe;BREJINHO;Pernambuco;Nordeste;-7.34695;-37.28614;7811;23.72;214;23;LULA;PT;4350;77,26;FLAVIO BOLSONARO;PL;1009;17,92;56.08;1009;25.6;55.9;48.4
pe;BREJO DA MADRE DE DEUS;Pernambuco;Nordeste;-8.08668;-36.29107;36268;21.63;980;110;LULA;PT;16581;61,81;FLAVIO BOLSONARO;PL;8750;32,62;27.55;8750;27.6;64.7;47.7
pe;BREJÃO;Pernambuco;Nordeste;-9.02811;-36.56358;9703;16.99;281;36;LULA;PT;5721;74,79;FLAVIO BOLSONARO;PL;1588;20,76;51.32;1588;28.6;56.7;48.3
pe;BUENOS AIRES;Pernambuco;Nordeste;-7.73071;-35.33919;11990;18.61;420;33;LULA;PT;6822;74,15;FLAVIO BOLSONARO;PL;2089;22,71;48.5;2089;26.6;47.2;48.0
pe;BUÍQUE;Pernambuco;Nordeste;-8.61821;-37.13765;42576;27.68;1359;117;LULA;PT;23785;81,85;FLAVIO BOLSONARO;PL;4117;14,17;63.87;4117;28.8;61.8;48.1
pe;CABO DE SANTO AGOSTINHO;Pernambuco;Nordeste;-8.2763;-35.01682;172140;16.71;5837;496;LULA;PT;88386;65,94;FLAVIO BOLSONARO;PL;37650;28,09;35.39;37650;27.6;35.3;46.9
pe;CABROBÓ;Pernambuco;Nordeste;-8.48792;-39.3178;25723;18.33;629;81;LULA;PT;15648;77,65;FLAVIO BOLSONARO;PL;3541;17,57;57.63;3541;29.3;43.2;46.8
pe;CACHOEIRINHA;Pernambuco;Nordeste;-8.4807;-36.24916;16068;17.23;479;51;LULA;PT;8924;71,12;FLAVIO BOLSONARO;PL;3036;24,20;44.27;3036;26.8;59.1;46.4
pe;CAETÉS;Pernambuco;Nordeste;-8.77252;-36.62708;20683;25.23;615;62;LULA;PT;12694;86,98;FLAVIO BOLSONARO;PL;1472;10,09;72.56;1472;28.2;62.4;47.3
pe;CALUMBI;Pernambuco;Nordeste;-7.97072;-38.12618;7378;19.17;126;21;LULA;PT;4824;83,55;FLAVIO BOLSONARO;PL;735;12,73;68.56;735;28.9;57.2;48.6
pe;CALÇADO;Pernambuco;Nordeste;-8.73842;-36.33969;7893;18.31;238;23;LULA;PT;4938;80,63;FLAVIO BOLSONARO;PL;898;14,66;62.66;898;28.8;55.8;49.3
pe;CAMARAGIBE;Pernambuco;Nordeste;-8.01135;-34.98783;127152;15.13;3721;355;LULA;PT;54971;53,90;FLAVIO BOLSONARO;PL;40322;39,54;13.58;40322;26.5;33.7;45.9
pe;CAMOCIM DE SÃO FÉLIX;Pernambuco;Nordeste;-8.36287;-35.76388;15623;17.85;481;49;LULA;PT;8145;67,32;FLAVIO BOLSONARO;PL;3386;27,99;37.08;3386;28.2;55.6;46.7
pe;CAMUTANGA;Pernambuco;Nordeste;-7.40898;-35.27392;7337;20.44;226;21;LULA;PT;3655;66,52;FLAVIO BOLSONARO;PL;1582;28,79;35.51;1582;27.9;51.0;49.1
pe;CANHOTINHO;Pernambuco;Nordeste;-8.87213;-36.19183;17167;20.35;538;63;LULA;PT;9050;70,12;FLAVIO BOLSONARO;PL;3486;27,01;40.69;3486;26.9;61.1;47.2
pe;CAPOEIRAS;Pernambuco;Nordeste;-8.72286;-36.60573;16542;24.04;471;50;LULA;PT;9833;82,97;FLAVIO BOLSONARO;PL;1509;12,73;66.24;1509;25.7;60.7;48.9
pe;CARNAUBEIRA DA PENHA;Pernambuco;Nordeste;-8.3626;-38.77509;12559;20.17;293;37;LULA;PT;8527;88,33;FLAVIO BOLSONARO;PL;839;8,69;76.68;839;32.9;46.8;50.7
pe;CARNAÍBA;Pernambuco;Nordeste;-7.77718;-37.75394;16879;22.24;520;52;LULA;PT;10126;81,30;FLAVIO BOLSONARO;PL;1896;15,22;62.7;1896;26.0;60.5;48.6
pe;CARPINA;Pernambuco;Nordeste;-7.84228;-35.25711;59993;15.19;1806;169;LULA;PT;25652;53,45;FLAVIO BOLSONARO;PL;19665;40,97;11.77;19665;26.2;35.7;45.6
pe;CARUARU;Pernambuco;Nordeste;-8.27241;-35.97857;255270;14.94;6472;708;LULA;PT;109691;53,32;FLAVIO BOLSONARO;PL;82763;40,23;12.4;82763;27.3;42.3;44.6
pe;CASINHAS;Pernambuco;Nordeste;-7.7613;-35.72916;12078;19.47;465;40;LULA;PT;6872;76,01;FLAVIO BOLSONARO;PL;1766;19,53;52.49;1766;27.3;58.2;47.4
pe;CATENDE;Pernambuco;Nordeste;-8.659;-35.7309;25872;21.25;683;85;LULA;PT;13575;70,04;FLAVIO BOLSONARO;PL;4962;25,60;42.27;4962;28.5;52.6;46.8
pe;CEDRO;Pernambuco;Nordeste;-7.71842;-39.2375;10190;24.59;239;29;LULA;PT;5762;78,35;FLAVIO BOLSONARO;PL;1180;16,05;59.63;1180;28.5;54.8;48.9
pe;CHÃ DE ALEGRIA;Pernambuco;Nordeste;-7.99855;-35.21268;11584;17.05;393;38;LULA;PT;6192;68,34;FLAVIO BOLSONARO;PL;2563;28,29;37.77;2563;28.3;50.6;47.5
pe;CHÃ GRANDE;Pernambuco;Nordeste;-8.24256;-35.46014;18860;16.11;601;54;LULA;PT;9418;63,13;FLAVIO BOLSONARO;PL;4736;31,75;29.59;4736;27.1;56.6;47.3
pe;CONDADO;Pernambuco;Nordeste;-7.58682;-35.10381;19764;17.94;656;56;LULA;PT;10200;66,85;FLAVIO BOLSONARO;PL;4387;28,75;35.84;4387;28.8;45.2;46.5
pe;CORRENTES;Pernambuco;Nordeste;-9.11636;-36.33931;14583;29.18;361;42;LULA;PT;7601;77,50;FLAVIO BOLSONARO;PL;1808;18,43;56.09;1808;25.6;62.1;48.3
pe;CORTÊS;Pernambuco;Nordeste;-8.47321;-35.54399;11265;21.79;307;38;LULA;PT;5846;69,87;FLAVIO BOLSONARO;PL;2088;24,96;42.66;2088;29.1;56.6;48.4
pe;CUMARU;Pernambuco;Nordeste;-8.03795;-35.71403;14479;16.17;517;49;LULA;PT;8371;73,12;FLAVIO BOLSONARO;PL;2624;22,92;47.35;2624;23.8;59.0;48.0
pe;CUPIRA;Pernambuco;Nordeste;-8.60024;-35.94835;19864;17.99;594;63;LULA;PT;9537;61,97;FLAVIO BOLSONARO;PL;5083;33,03;27.34;5083;27.4;57.5;45.4
pe;CUSTÓDIA;Pernambuco;Nordeste;-8.1031;-37.65818;29588;23.66;777;84;LULA;PT;17343;80,44;FLAVIO BOLSONARO;PL;3202;14,85;62.6;3202;25.9;54.2;47.2
pe;DORMENTES;Pernambuco;Nordeste;-8.47709;-40.66572;16158;17.13;551;46;LULA;PT;8436;67,02;FLAVIO BOLSONARO;PL;3325;26,42;38.17;3325;26.6;52.1;49.6
pe;ESCADA;Pernambuco;Nordeste;-8.36368;-35.24155;48189;17.2;1491;158;LULA;PT;25252;67,10;FLAVIO BOLSONARO;PL;10368;27,55;37.3;10368;28.2;43.2;47.1
pe;EXU;Pernambuco;Nordeste;-7.52168;-39.73868;29164;21.76;954;85;LULA;PT;17334;80,28;FLAVIO BOLSONARO;PL;3357;15,55;61.26;3357;28.0;53.4;47.8
pe;FEIRA NOVA;Pernambuco;Nordeste;-7.94799;-35.388;18025;16.58;652;57;LULA;PT;8818;62,54;FLAVIO BOLSONARO;PL;4585;32,52;28.15;4585;26.7;52.3;45.9
pe;FERREIROS;Pernambuco;Nordeste;-7.44995;-35.24312;10137;17.7;350;29;LULA;PT;5312;68,18;FLAVIO BOLSONARO;PL;2096;26,90;38.55;2096;26.6;53.1;48.1
pe;FLORES;Pernambuco;Nordeste;-7.92166;-37.92554;16541;22.6;557;59;LULA;PT;9756;81,02;FLAVIO BOLSONARO;PL;1801;14,96;62.13;1801;25.0;57.6;47.8
pe;FLORESTA;Pernambuco;Nordeste;-8.55997;-38.49071;25254;21.74;651;75;LULA;PT;15329;80,85;FLAVIO BOLSONARO;PL;2854;15,05;63.12;2854;30.3;44.6;47.7
pe;FREI MIGUELINHO;Pernambuco;Nordeste;-7.93551;-35.88821;12929;13.78;261;43;LULA;PT;7028;65,54;FLAVIO BOLSONARO;PL;3174;29,60;34.57;3174;25.1;64.6;48.2
pe;GAMELEIRA;Pernambuco;Nordeste;-8.58401;-35.38593;14871;22.57;442;46;LULA;PT;7190;66,38;FLAVIO BOLSONARO;PL;3167;29,24;34.94;3167;29.5;50.1;47.5
pe;GARANHUNS;Pernambuco;Nordeste;-8.88871;-36.4878;99315;18.86;2358;292;LULA;PT;53078;69,18;FLAVIO BOLSONARO;PL;19550;25,48;41.61;19550;27.6;39.8;44.9
pe;GLÓRIA DO GOITÁ;Pernambuco;Nordeste;-8.00794;-35.31413;23472;17.88;916;66;LULA;PT;12792;71,12;FLAVIO BOLSONARO;PL;4406;24,50;43.5;4406;27.4;52.7;46.9
pe;GOIANA;Pernambuco;Nordeste;-7.58359;-34.96076;67037;15.35;1638;204;LULA;PT;32987;61,23;FLAVIO BOLSONARO;PL;18178;33,74;26.1;18178;26.6;39.0;47.4
pe;GRANITO;Pernambuco;Nordeste;-7.71443;-39.6754;6958;16.79;145;23;LULA;PT;4418;79,23;FLAVIO BOLSONARO;PL;917;16,45;60.47;917;29.3;50.0;50.1
pe;GRAVATÁ;Pernambuco;Nordeste;-8.20866;-35.56897;67863;17.78;2213;185;LULA;PT;30773;58,93;FLAVIO BOLSONARO;PL;18368;35,17;22.23;18368;26.2;49.0;46.6
pe;IATI;Pernambuco;Nordeste;-9.08438;-36.86185;16331;29.01;482;49;LULA;PT;8880;81,03;FLAVIO BOLSONARO;PL;1655;15,10;62.32;1655;27.1;66.0;48.2
pe;IBIMIRIM;Pernambuco;Nordeste;-8.56117;-37.63972;21737;24.19;375;68;LULA;PT;13547;84,80;FLAVIO BOLSONARO;PL;1891;11,84;70.73;1891;28.8;58.3;48.0
pe;IBIRAJUBA;Pernambuco;Nordeste;-8.59457;-36.21021;6807;19.1;181;24;LULA;PT;3979;76,15;FLAVIO BOLSONARO;PL;1036;19,83;53.44;1036;26.2;59.5;50.4
pe;IGARASSU;Pernambuco;Nordeste;-7.84458;-34.90966;89866;16.62;2624;248;LULA;PT;43364;61,39;FLAVIO BOLSONARO;PL;23072;32,66;27.08;23072;27.6;38.9;46.8
pe;IGUARACY;Pernambuco;Nordeste;-7.83874;-37.46346;9100;20.51;237;33;LULA;PT;5541;80,33;FLAVIO BOLSONARO;PL;1109;16,08;61.27;1109;22.8;55.5;49.5
pe;ILHA DE ITAMARACÁ;Pernambuco;Nordeste;-7.74946;-34.82765;18612;19.57;321;51;LULA;PT;9986;69,38;FLAVIO BOLSONARO;PL;3718;25,83;41.87;3718;24.7;43.3;48.0
pe;INAJÁ;Pernambuco;Nordeste;-8.86858;-37.81628;15906;22.97;309;45;LULA;PT;10390;87,50;FLAVIO BOLSONARO;PL;1209;10,18;74.93;1209;32.6;57.7;49.1
pe;INGAZEIRA;Pernambuco;Nordeste;-7.68068;-37.45878;4249;16.19;121;12;LULA;PT;2829;83,30;FLAVIO BOLSONARO;PL;462;13,60;66.47;462;26.6;51.4;51.3
pe;IPOJUCA;Pernambuco;Nordeste;-8.45055;-35.04974;89076;18.37;2120;264;LULA;PT;47651;68,89;FLAVIO BOLSONARO;PL;17919;25,91;40.89;17919;30.6;43.5;47.8
pe;IPUBI;Pernambuco;Nordeste;-7.58853;-40.19884;24789;25.45;767;68;LULA;PT;12714;72,77;FLAVIO BOLSONARO;PL;3679;21,06;48.89;3679;30.1;60.5;48.1
pe;ITACURUBA;Pernambuco;Nordeste;-8.72713;-38.68436;4741;19.93;89;17;LULA;PT;3081;83,54;FLAVIO BOLSONARO;PL;507;13,75;67.81;507;30.0;40.7;47.9
pe;ITAMBÉ;Pernambuco;Nordeste;-7.41359;-35.1401;24464;19.63;731;77;LULA;PT;12589;67,85;FLAVIO BOLSONARO;PL;5144;27,72;37.86;5144;27.8;55.7;47.3
pe;ITAPETIM;Pernambuco;Nordeste;-7.38449;-37.17353;11940;19.41;402;38;LULA;PT;7010;77,16;FLAVIO BOLSONARO;PL;1690;18,60;55.28;1690;23.4;55.9;48.0
pe;ITAPISSUMA;Pernambuco;Nordeste;-7.76778;-34.90486;21440;14.75;601;59;LULA;PT;11659;67,50;FLAVIO BOLSONARO;PL;4738;27,43;37.87;4738;29.8;46.4;46.8
pe;ITAQUITINGA;Pernambuco;Nordeste;-7.67058;-35.08949;12828;15.58;394;39;LULA;PT;6809;66,39;FLAVIO BOLSONARO;PL;2990;29,15;35.27;2990;28.8;49.9;49.3
pe;ITAÍBA;Pernambuco;Nordeste;-8.94792;-37.43646;21182;22.29;661;68;LULA;PT;11977;76,80;FLAVIO BOLSONARO;PL;2758;17,68;56.01;2758;29.5;69.7;48.1
pe;JABOATÃO DOS GUARARAPES;Pernambuco;Nordeste;-8.14199;-34.96061;498555;20.75;14121;1342;LULA;PT;199975;53,75;FLAVIO BOLSONARO;PL;147539;39,66;13.27;147539;25.6;39.7;45.7
pe;JAQUEIRA;Pernambuco;Nordeste;-8.73217;-35.79658;9225;22.98;205;30;LULA;PT;4771;70,35;FLAVIO BOLSONARO;PL;1751;25,82;42.51;1751;31.6;51.9;48.0
pe;JATAÚBA;Pernambuco;Nordeste;-8.03156;-36.52103;15816;22.71;348;51;LULA;PT;8687;74,30;FLAVIO BOLSONARO;PL;2465;21,08;50.9;2465;29.2;64.8;49.2
pe;JATOBÁ;Pernambuco;Nordeste;-9.18188;-38.24359;11616;23.67;240;37;LULA;PT;7017;82,12;FLAVIO BOLSONARO;PL;1157;13,54;66.09;1157;26.6;46.5;47.5
pe;JOAQUIM NABUCO;Pernambuco;Nordeste;-8.62786;-35.52717;14094;21.36;337;44;LULA;PT;7120;67,60;FLAVIO BOLSONARO;PL;2975;28,24;37.4;2975;30.7;51.7;48.2
pe;JOÃO ALFREDO;Pernambuco;Nordeste;-7.8588;-35.58681;24726;21.57;753;74;LULA;PT;13280;72,70;FLAVIO BOLSONARO;PL;4046;22,15;47.62;4046;26.5;57.3;47.1
pe;JUCATI;Pernambuco;Nordeste;-8.72019;-36.47012;10180;18.75;283;34;LULA;PT;6329;80,90;FLAVIO BOLSONARO;PL;1232;15,75;61.62;1232;29.5;59.3;48.4
pe;JUPI;Pernambuco;Nordeste;-8.70554;-36.41605;13003;15.32;348;49;LULA;PT;8218;78,64;FLAVIO BOLSONARO;PL;1694;16,21;59.25;1694;28.9;55.8;46.3
pe;JUREMA;Pernambuco;Nordeste;-8.73555;-36.15762;12362;21.83;366;36;LULA;PT;6985;76,37;FLAVIO BOLSONARO;PL;1809;19,78;53.57;1809;29.5;60.3;48.5
pe;LAGOA DE ITAENGA;Pernambuco;Nordeste;-7.92956;-35.29304;18474;16.53;674;56;LULA;PT;9561;66,23;FLAVIO BOLSONARO;PL;4164;28,84;35.0;4164;26.4;52.6;47.0
pe;LAGOA DO CARRO;Pernambuco;Nordeste;-7.84719;-35.31861;15710;14.75;490;44;LULA;PT;8436;66,45;FLAVIO BOLSONARO;PL;3689;29,06;35.45;3689;27.4;47.7;47.2
pe;LAGOA DO OURO;Pernambuco;Nordeste;-9.1446;-36.45932;12046;23.79;373;35;LULA;PT;6822;78,63;FLAVIO BOLSONARO;PL;1468;16,92;58.32;1468;27.0;62.6;48.6
pe;LAGOA DOS GATOS;Pernambuco;Nordeste;-8.65475;-35.91093;11190;17.43;283;41;LULA;PT;6686;75,64;FLAVIO BOLSONARO;PL;1848;20,91;52.36;1848;27.3;59.6;47.4
pe;LAGOA GRANDE;Pernambuco;Nordeste;-8.95636;-40.21585;20661;20.09;558;62;LULA;PT;11618;73,66;FLAVIO BOLSONARO;PL;3252;20,62;50.67;3252;31.4;49.7;48.7
pe;LAJEDO;Pernambuco;Nordeste;-8.66623;-36.31643;32462;19.44;883;91;LULA;PT;15821;63,88;FLAVIO BOLSONARO;PL;7567;30,56;31.56;7567;28.0;53.7;45.2
pe;LIMOEIRO;Pernambuco;Nordeste;-7.86796;-35.44669;45789;15.7;1503;152;LULA;PT;24895;68,42;FLAVIO BOLSONARO;PL;9746;26,78;39.25;9746;25.2;42.6;45.7
pe;MACAPARANA;Pernambuco;Nordeste;-7.53911;-35.45494;20026;21.5;692;66;LULA;PT;9088;61,64;FLAVIO BOLSONARO;PL;4843;32,85;27.0;4843;28.2;52.4;47.1
pe;MACHADOS;Pernambuco;Nordeste;-7.68636;-35.51382;11111;18.64;285;35;LULA;PT;6219;72,96;FLAVIO BOLSONARO;PL;1954;22,92;47.18;1954;30.2;51.2;47.1
pe;MANARI;Pernambuco;Nordeste;-8.92912;-37.58001;14245;25.41;300;45;LULA;PT;8703;85,04;FLAVIO BOLSONARO;PL;1131;11,05;71.27;1131;31.9;63.1;48.1
pe;MARAIAL;Pernambuco;Nordeste;-8.80636;-35.79699;8002;22.39;204;30;LULA;PT;4055;68,54;FLAVIO BOLSONARO;PL;1657;28,01;38.62;1657;30.0;57.0;48.7
pe;MIRANDIBA;Pernambuco;Nordeste;-8.10859;-38.7342;11941;23.98;318;35;LULA;PT;6695;77,37;FLAVIO BOLSONARO;PL;1675;19,36;55.3;1675;29.4;47.2;48.2
pe;MOREILÂNDIA;Pernambuco;Nordeste;-7.60259;-39.53006;9938;21.72;206;32;LULA;PT;6275;83,71;FLAVIO BOLSONARO;PL;944;12,59;68.53;944;27.4;51.4;49.9
pe;MORENO;Pernambuco;Nordeste;-8.11619;-35.1187;48774;17.63;1760;138;LULA;PT;23371;62,70;FLAVIO BOLSONARO;PL;11818;31,71;28.76;11818;26.9;43.0;47.5
pe;NAZARÉ DA MATA;Pernambuco;Nordeste;-7.74374;-35.22792;25649;17.29;849;75;LULA;PT;12367;62,31;FLAVIO BOLSONARO;PL;6506;32,78;27.63;6506;24.7;40.9;46.1
pe;OLINDA;Pernambuco;Nordeste;-7.99401;-34.8655;301943;15.06;8314;893;LULA;PT;139200;57,24;FLAVIO BOLSONARO;PL;89168;36,66;19.51;89168;25.4;27.8;44.7
pe;OROBÓ;Pernambuco;Nordeste;-7.71802;-35.60584;18326;18.86;646;62;LULA;PT;10699;76,57;FLAVIO BOLSONARO;PL;2665;19,07;54.03;2665;27.0;50.4;47.7
pe;OROCÓ;Pernambuco;Nordeste;-8.58443;-39.58932;12481;16.36;286;41;LULA;PT;7581;75,34;FLAVIO BOLSONARO;PL;1975;19,63;53.7;1975;30.4;44.9;48.6
pe;OURICURI;Pernambuco;Nordeste;-7.90715;-40.14672;48563;20.31;1404;148;LULA;PT;29476;79,79;FLAVIO BOLSONARO;PL;5890;15,94;60.95;5890;29.2;53.0;47.9
pe;PALMARES;Pernambuco;Nordeste;-8.67759;-35.59582;40845;21.02;933;128;LULA;PT;20803;67,59;FLAVIO BOLSONARO;PL;8493;27,59;38.16;8493;27.5;42.1;46.1
pe;PALMEIRINA;Pernambuco;Nordeste;-9.00724;-36.3287;6511;28.94;238;23;LULA;PT;3348;77,57;FLAVIO BOLSONARO;PL;760;17,61;55.93;760;24.7;59.0;47.7
pe;PANELAS;Pernambuco;Nordeste;-8.664;-36.04026;19612;18.62;625;75;LULA;PT;11111;73,47;FLAVIO BOLSONARO;PL;3284;21,71;49.04;3284;28.0;57.6;47.5
pe;PARANATAMA;Pernambuco;Nordeste;-8.91885;-36.66494;11943;17.55;456;49;LULA;PT;7313;79,04;FLAVIO BOLSONARO;PL;1502;16,23;59.01;1502;27.6;58.7;48.0
pe;PARNAMIRIM;Pernambuco;Nordeste;-8.10585;-39.70224;18517;20.01;309;61;LULA;PT;12372;85,85;FLAVIO BOLSONARO;PL;1618;11,23;72.6;1618;27.4;53.7;49.9
pe;PASSIRA;Pernambuco;Nordeste;-7.98673;-35.55538;26110;18.66;820;79;LULA;PT;14147;70,60;FLAVIO BOLSONARO;PL;5048;25,19;42.85;5048;25.6;54.7;47.7
pe;PAUDALHO;Pernambuco;Nordeste;-7.90348;-35.15752;45812;15.5;1520;142;LULA;PT;20935;57,79;FLAVIO BOLSONARO;PL;13362;36,89;19.56;13362;28.2;47.4;47.7
pe;PAULISTA;Pernambuco;Nordeste;-7.93515;-34.86434;237186;16.02;6010;661;LULA;PT;106250;56,08;FLAVIO BOLSONARO;PL;70764;37,35;17.82;70764;25.1;25.6;44.9
pe;PEDRA;Pernambuco;Nordeste;-8.58426;-36.93518;18714;18.89;720;64;LULA;PT;11159;78,46;FLAVIO BOLSONARO;PL;2621;18,43;56.25;2621;28.0;56.1;48.9
pe;PESQUEIRA;Pernambuco;Nordeste;-8.36714;-36.70682;52492;23.37;1040;179;LULA;PT;30246;78,26;FLAVIO BOLSONARO;PL;6886;17,82;58.08;6886;25.5;53.9;46.0
pe;PETROLINA;Pernambuco;Nordeste;-9.32094;-40.51948;249120;18.16;6568;730;LULA;PT;116703;60,18;FLAVIO BOLSONARO;PL;63545;32,77;26.07;63545;31.0;33.1;45.7
pe;PETROLÂNDIA;Pernambuco;Nordeste;-8.96512;-38.24095;26448;24.36;538;87;LULA;PT;14390;74,89;FLAVIO BOLSONARO;PL;4002;20,83;51.93;4002;28.8;44.8;47.3
pe;POMBOS;Pernambuco;Nordeste;-8.14099;-35.39545;20453;15.01;754;61;LULA;PT;9886;61,10;FLAVIO BOLSONARO;PL;5573;34,45;24.81;5573;27.1;55.1;46.9
pe;POÇÃO;Pernambuco;Nordeste;-8.19806;-36.69575;10334;23.05;356;31;LULA;PT;5867;78,76;FLAVIO BOLSONARO;PL;1253;16,82;58.02;1253;27.7;61.9;47.1
pe;PRIMAVERA;Pernambuco;Nordeste;-8.34001;-35.35265;11000;18.83;283;32;LULA;PT;5828;68,68;FLAVIO BOLSONARO;PL;2270;26,75;39.85;2270;28.6;53.1;50.0
pe;QUIPAPÁ;Pernambuco;Nordeste;-8.8265;-36.04224;15431;25.6;498;58;LULA;PT;8335;77,39;FLAVIO BOLSONARO;PL;2002;18,59;55.16;2002;28.9;55.6;47.0
pe;QUIXABA;Pernambuco;Nordeste;-7.71446;-37.85227;6216;17.13;110;21;LULA;PT;4270;85,33;FLAVIO BOLSONARO;PL;594;11,87;71.36;594;27.0;63.1;49.7
pe;RECIFE;Pernambuco;Nordeste;-8.06193;-34.91806;1230407;15.94;31658;3481;LULA;PT;543548;55,29;FLAVIO BOLSONARO;PL;377268;38,37;16.08;377268;23.9;25.3;44.6
pe;RIACHO DAS ALMAS;Pernambuco;Nordeste;-8.09702;-35.87849;20962;13.03;675;66;LULA;PT;11183;65,20;FLAVIO BOLSONARO;PL;5157;30,06;33.05;5157;28.0;62.3;48.5
pe;RIBEIRÃO;Pernambuco;Nordeste;-8.50876;-35.37682;28323;21.63;695;88;LULA;PT;14271;67,69;FLAVIO BOLSONARO;PL;5912;28,04;37.66;5912;27.5;45.9;46.7
pe;RIO FORMOSO;Pernambuco;Nordeste;-8.65408;-35.188;16933;21.01;465;54;LULA;PT;8823;69,56;FLAVIO BOLSONARO;PL;3363;26,51;40.82;3363;29.1;50.8;48.4
pe;SAIRÉ;Pernambuco;Nordeste;-8.31539;-35.70528;11278;14.73;405;41;LULA;PT;5754;64,28;FLAVIO BOLSONARO;PL;2705;30,22;31.7;2705;26.6;58.4;48.7
pe;SALGADINHO;Pernambuco;Nordeste;-7.93306;-35.63482;7134;23.13;159;23;LULA;PT;3858;73,42;FLAVIO BOLSONARO;PL;1170;22,26;49.02;1170;26.2;57.7;47.9
pe;SALGUEIRO;Pernambuco;Nordeste;-8.08645;-39.12379;43388;19.02;881;132;LULA;PT;25069;74,17;FLAVIO BOLSONARO;PL;7068;20,91;51.23;7068;28.1;40.0;46.7
pe;SALOÁ;Pernambuco;Nordeste;-8.98782;-36.71191;13660;29.02;381;46;LULA;PT;7578;82,58;FLAVIO BOLSONARO;PL;1238;13,49;65.39;1238;24.7;63.6;46.1
pe;SANHARÓ;Pernambuco;Nordeste;-8.36801;-36.55675;16323;20.24;486;44;LULA;PT;9184;74,69;FLAVIO BOLSONARO;PL;2633;21,41;50.31;2633;28.5;53.8;47.2
pe;SANTA CRUZ;Pernambuco;Nordeste;-8.24792;-40.31985;12838;16.9;272;37;LULA;PT;8183;79,38;FLAVIO BOLSONARO;PL;1632;15,83;61.4;1632;29.3;58.1;50.2
pe;SANTA CRUZ DA BAIXA VERDE;Pernambuco;Nordeste;-7.83507;-38.16185;9916;18.14;295;27;LULA;PT;5922;76,63;FLAVIO BOLSONARO;PL;1341;17,35;56.44;1341;26.3;50.9;47.7
pe;SANTA CRUZ DO CAPIBARIBE;Pernambuco;Nordeste;-7.94768;-36.21593;66108;13.65;1302;186;FLAVIO BOLSONARO;PL;28844;52,71;LULA;PT;21949;40,11;12.08;21949;31.7;49.8;46.5
pe;SANTA FILOMENA;Pernambuco;Nordeste;-8.15245;-40.57593;12092;18.77;295;35;LULA;PT;7455;78,74;FLAVIO BOLSONARO;PL;1575;16,63;59.87;1575;28.3;60.1;51.4
pe;SANTA MARIA DA BOA VISTA;Pernambuco;Nordeste;-8.70639;-39.83414;30641;17.14;714;97;LULA;PT;18695;76,65;FLAVIO BOLSONARO;PL;4687;19,22;55.18;4687;30.9;48.1;48.3
pe;SANTA MARIA DO CAMBUCÁ;Pernambuco;Nordeste;-7.83462;-35.88305;11524;18.12;367;34;LULA;PT;5875;66,41;FLAVIO BOLSONARO;PL;2553;28,86;35.21;2553;29.1;68.3;47.6
pe;SANTA TEREZINHA;Pernambuco;Nordeste;-7.38745;-37.47051;8044;20.69;217;28;LULA;PT;4646;76,50;FLAVIO BOLSONARO;PL;1133;18,66;55.06;1133;27.4;53.4;47.0
pe;SERRA TALHADA;Pernambuco;Nordeste;-7.98893;-38.29983;63665;18.41;1775;194;LULA;PT;34785;70,29;FLAVIO BOLSONARO;PL;11797;23,84;44.25;11797;27.3;43.4;46.0
pe;SERRITA;Pernambuco;Nordeste;-7.86776;-39.32745;17061;24.87;419;51;LULA;PT;9943;80,92;FLAVIO BOLSONARO;PL;1846;15,02;63.17;1846;27.0;52.9;49.6
pe;SERTÂNIA;Pernambuco;Nordeste;-8.13146;-37.31459;27423;23.66;616;98;LULA;PT;16273;81,04;FLAVIO BOLSONARO;PL;3071;15,29;63.06;3071;25.1;52.0;48.0
pe;SIRINHAÉM;Pernambuco;Nordeste;-8.58649;-35.12834;28560;20.85;725;86;LULA;PT;13760;64,23;FLAVIO BOLSONARO;PL;6642;31,01;31.49;6642;29.5;50.2;48.7
pe;SOLIDÃO;Pernambuco;Nordeste;-7.59897;-37.65235;5531;19.83;109;17;LULA;PT;3621;84,52;FLAVIO BOLSONARO;PL;547;12,77;69.33;547;28.1;57.1;50.4
pe;SURUBIM;Pernambuco;Nordeste;-7.85049;-35.76106;48477;16.34;1440;141;LULA;PT;23893;62,57;FLAVIO BOLSONARO;PL;12256;32,10;28.69;12256;26.7;49.8;45.7
pe;SÃO BENEDITO DO SUL;Pernambuco;Nordeste;-8.80705;-35.92083;7832;24.21;277;27;LULA;PT;4156;74,82;FLAVIO BOLSONARO;PL;1160;20,88;50.47;1160;29.4;54.7;48.3
pe;SÃO BENTO DO UNA;Pernambuco;Nordeste;-8.53166;-36.44109;38192;24.06;1030;113;LULA;PT;19371;70,58;FLAVIO BOLSONARO;PL;6778;24,70;43.42;6778;28.5;57.9;48.6
pe;SÃO CAITANO;Pernambuco;Nordeste;-8.32854;-36.13581;30888;15.26;1135;103;LULA;PT;17925;73,29;FLAVIO BOLSONARO;PL;5396;22,06;47.87;5396;28.7;58.7;47.6
pe;SÃO JOAQUIM DO MONTE;Pernambuco;Nordeste;-8.4627;-35.83663;17631;18.04;641;58;LULA;PT;9591;70,91;FLAVIO BOLSONARO;PL;3343;24,72;43.24;3343;28.1;61.0;48.3
pe;SÃO JOSÉ DA COROA GRANDE;Pernambuco;Nordeste;-8.88831;-35.148;17746;24.66;430;53;LULA;PT;7302;57,68;FLAVIO BOLSONARO;PL;4845;38,27;18.38;4845;30.4;46.5;48.0
pe;SÃO JOSÉ DO BELMONTE;Pernambuco;Nordeste;-7.87015;-38.74584;28341;23.3;936;93;LULA;PT;16729;81,34;FLAVIO BOLSONARO;PL;3081;14,98;62.78;3081;28.3;50.6;49.0
pe;SÃO JOSÉ DO EGITO;Pernambuco;Nordeste;-7.49096;-37.28254;24100;19.51;602;78;LULA;PT;13817;74,61;FLAVIO BOLSONARO;PL;3901;21,06;51.12;3901;24.8;46.9;46.6
pe;SÃO JOÃO;Pernambuco;Nordeste;-8.87532;-36.3669;18178;21.96;522;52;LULA;PT;10944;81,30;FLAVIO BOLSONARO;PL;1951;14,49;63.39;1951;29.3;58.3;46.6
pe;SÃO LOURENÇO DA MATA;Pernambuco;Nordeste;-7.99948;-35.04686;83623;15.75;2652;234;LULA;PT;39605;59,70;FLAVIO BOLSONARO;PL;22712;34,24;23.98;22712;27.1;38.2;46.1
pe;SÃO VICENTE FÉRRER;Pernambuco;Nordeste;-7.60163;-35.49297;14551;19.53;483;43;LULA;PT;7759;70,27;FLAVIO BOLSONARO;PL;2819;25,53;42.19;2819;29.7;60.5;47.5
pe;TABIRA;Pernambuco;Nordeste;-7.58592;-37.53605;21365;19.03;400;70;LULA;PT;12416;74,43;FLAVIO BOLSONARO;PL;3527;21,14;51.38;3527;27.4;50.9;47.5
pe;TACAIMBÓ;Pernambuco;Nordeste;-8.33842;-36.27944;11013;17.52;380;40;LULA;PT;5938;70,23;FLAVIO BOLSONARO;PL;2047;24,21;42.84;2047;27.6;62.2;47.7
pe;TACARATU;Pernambuco;Nordeste;-9.08806;-38.11233;18225;20.99;421;57;LULA;PT;11478;82,80;FLAVIO BOLSONARO;PL;1930;13,92;66.31;1930;29.7;49.3;49.3
pe;TAMANDARÉ;Pernambuco;Nordeste;-8.75525;-35.14598;20268;21.17;489;55;LULA;PT;9800;64,27;FLAVIO BOLSONARO;PL;4895;32,10;30.7;4895;30.2;49.2;47.9
pe;TAQUARITINGA DO NORTE;Pernambuco;Nordeste;-7.9115;-36.09076;22236;14.8;503;69;LULA;PT;9132;50,37;FLAVIO BOLSONARO;PL;8137;44,88;5.25;8137;27.2;59.8;47.7
pe;TEREZINHA;Pernambuco;Nordeste;-9.05586;-36.62218;6630;20.03;200;22;LULA;PT;3910;77,86;FLAVIO BOLSONARO;PL;898;17,88;56.81;898;27.4;60.6;48.2
pe;TERRA NOVA;Pernambuco;Nordeste;-8.18644;-39.37702;8841;17.72;127;33;LULA;PT;6165;87,24;FLAVIO BOLSONARO;PL;634;8,97;76.04;634;27.2;49.6;52.0
pe;TIMBAÚBA;Pernambuco;Nordeste;-7.51269;-35.32015;42020;19.16;1254;131;LULA;PT;20430;63,65;FLAVIO BOLSONARO;PL;9840;30,66;31.18;9840;25.8;48.2;46.4
pe;TORITAMA;Pernambuco;Nordeste;-8.00455;-36.05829;35207;14.28;608;103;LULA;PT;14612;50,20;FLAVIO BOLSONARO;PL;13043;44,81;5.2;13043;32.5;58.6;48.0
pe;TRACUNHAÉM;Pernambuco;Nordeste;-7.79926;-35.22271;12070;16.84;365;34;LULA;PT;6394;67,62;FLAVIO BOLSONARO;PL;2652;28,05;37.28;2652;26.4;46.2;46.9
pe;TRINDADE;Pernambuco;Nordeste;-7.74987;-40.27155;25102;24.51;647;72;LULA;PT;12140;67,07;FLAVIO BOLSONARO;PL;5094;28,14;37.18;5094;30.8;55.1;47.6
pe;TRIUNFO;Pernambuco;Nordeste;-7.83398;-38.09514;12186;17.34;349;37;LULA;PT;7422;77,26;FLAVIO BOLSONARO;PL;1636;17,03;57.44;1636;25.4;39.8;46.7
pe;TUPANATINGA;Pernambuco;Nordeste;-8.75033;-37.3324;16635;22.33;652;57;LULA;PT;9268;76,53;FLAVIO BOLSONARO;PL;2330;19,24;53.7;2330;30.6;63.2;48.0
pe;TUPARETAMA;Pernambuco;Nordeste;-7.61885;-37.30117;7990;18.89;109;32;LULA;PT;5171;82,04;FLAVIO BOLSONARO;PL;952;15,10;65.1;952;23.9;52.5;48.2
pe;VENTUROSA;Pernambuco;Nordeste;-8.58833;-36.86684;14784;19.47;370;40;LULA;PT;8562;75,30;FLAVIO BOLSONARO;PL;2303;20,26;52.57;2303;27.7;51.9;47.2
pe;VERDEJANTE;Pernambuco;Nordeste;-7.94429;-38.96891;8411;19.19;204;29;LULA;PT;5392;82,71;FLAVIO BOLSONARO;PL;864;13,25;66.62;864;26.5;49.4;48.8
pe;VERTENTE DO LÉRIO;Pernambuco;Nordeste;-7.78479;-35.8238;8292;17.34;240;25;LULA;PT;4812;73,97;FLAVIO BOLSONARO;PL;1394;21,43;49.87;1394;26.3;59.7;47.9
pe;VERTENTES;Pernambuco;Nordeste;-7.88751;-35.97484;16698;13.71;429;50;LULA;PT;8792;63,90;FLAVIO BOLSONARO;PL;4323;31,42;31.02;4323;26.9;62.7;47.5
pe;VICÊNCIA;Pernambuco;Nordeste;-7.65623;-35.32472;22237;20.75;742;74;LULA;PT;10651;64,42;FLAVIO BOLSONARO;PL;5046;30,52;31.81;5046;28.1;53.6;47.6
pe;VITÓRIA DE SANTO ANTÃO;Pernambuco;Nordeste;-8.11652;-35.29586;103948;15.51;3239;309;LULA;PT;45410;54,99;FLAVIO BOLSONARO;PL;32439;39,28;14.77;32439;26.8;44.1;45.6
pe;XEXÉU;Pernambuco;Nordeste;-8.8174;-35.62438;11213;23.53;323;35;LULA;PT;5583;69,15;FLAVIO BOLSONARO;PL;2137;26,47;40.19;2137;30.1;52.9;46.5
pe;ÁGUA PRETA;Pernambuco;Nordeste;-8.71154;-35.52553;20198;22.53;517;64;LULA;PT;10808;73,12;FLAVIO BOLSONARO;PL;3432;23,22;47.14;3432;28.6;49.9;47.2
pe;ÁGUAS BELAS;Pernambuco;Nordeste;-9.11116;-37.1004;35255;27.48;1024;109;LULA;PT;17727;73,26;FLAVIO BOLSONARO;PL;5239;21,65;48.84;5239;29.1;61.8;47.4
pi;ACAUÃ;Piauí;Nordeste;-8.26698;-41.06886;6390;10.06;186;27;LULA;PT;4315;79,28;FLAVIO BOLSONARO;PL;793;14,57;61.28;793;28.0;61.0;50.5
pi;AGRICOLÂNDIA;Piauí;Nordeste;-5.7957;-42.66685;5547;19.36;114;22;LULA;PT;3373;77,99;FLAVIO BOLSONARO;PL;792;18,31;57.7;792;24.7;51.4;48.2
pi;ALAGOINHA DO PIAUÍ;Piauí;Nordeste;-7.00243;-40.93639;6145;13.31;223;26;LULA;PT;3537;70,26;FLAVIO BOLSONARO;PL;1249;24,81;42.95;1249;23.4;67.2;49.8
pi;ALEGRETE DO PIAUÍ;Piauí;Nordeste;-7.22763;-40.84254;4534;20.56;73;20;LULA;PT;2512;71,55;FLAVIO BOLSONARO;PL;864;24,61;45.75;864;27.6;59.0;49.5
pi;ALTO LONGÁ;Piauí;Nordeste;-5.28755;-42.19011;12857;13.44;267;47;LULA;PT;8458;78,64;FLAVIO BOLSONARO;PL;1876;17,44;59.14;1876;24.2;55.0;50.3
pi;ALTOS;Piauí;Nordeste;-5.02916;-42.46737;37002;13.83;916;134;LULA;PT;23026;75,46;FLAVIO BOLSONARO;PL;5950;19,50;53.56;5950;26.8;46.7;47.9
pi;ALVORADA DO GURGUÉIA;Piauí;Nordeste;-8.46708;-43.93814;4659;17.97;107;18;LULA;PT;2725;73,79;FLAVIO BOLSONARO;PL;824;22,31;49.74;824;28.9;52.7;52.2
pi;AMARANTE;Piauí;Nordeste;-6.31494;-42.82136;16004;19.95;348;69;LULA;PT;10090;81,78;FLAVIO BOLSONARO;PL;1905;15,44;63.89;1905;24.4;51.9;48.1
pi;ANGICAL DO PIAUÍ;Piauí;Nordeste;-6.08474;-42.73337;6640;18.01;161;30;LULA;PT;4025;76,92;FLAVIO BOLSONARO;PL;1006;19,22;55.46;1006;24.9;43.6;47.3
pi;ANTÔNIO ALMEIDA;Piauí;Nordeste;-7.21492;-44.20714;3064;18.44;52;14;LULA;PT;1517;62,61;FLAVIO BOLSONARO;PL;837;34,54;27.21;837;26.8;48.7;51.1
pi;ANÍSIO DE ABREU;Piauí;Nordeste;-9.17907;-43.0368;7166;15.42;169;29;LULA;PT;4957;84,69;FLAVIO BOLSONARO;PL;765;13,07;69.16;765;25.6;59.1;50.1
pi;AROAZES;Piauí;Nordeste;-6.11527;-41.81086;5575;19.52;137;22;LULA;PT;3445;79,93;FLAVIO BOLSONARO;PL;735;17,05;60.4;735;23.6;53.1;48.6
pi;AROEIRAS DO ITAIM;Piauí;Nordeste;-7.25631;-41.53506;4352;9.74;113;17;LULA;PT;2937;77,68;FLAVIO BOLSONARO;PL;682;18,04;57.41;682;26.7;54.1;50.8
pi;ARRAIAL;Piauí;Nordeste;-6.65311;-42.54048;4367;16.19;112;18;LULA;PT;2858;81,06;FLAVIO BOLSONARO;PL;534;15,14;63.5;534;28.1;52.1;48.8
pi;ASSUNÇÃO DO PIAUÍ;Piauí;Nordeste;-5.85256;-41.07281;7632;28.83;201;32;LULA;PT;4225;81,86;FLAVIO BOLSONARO;PL;725;14,05;64.43;725;29.5;67.1;51.1
pi;AVELINO LOPES;Piauí;Nordeste;-10.14259;-43.94902;9563;21.35;265;35;LULA;PT;5070;70,37;FLAVIO BOLSONARO;PL;1751;24,30;44.13;1751;25.7;58.9;49.8
pi;BAIXA GRANDE DO RIBEIRO;Piauí;Nordeste;-7.9938;-45.1601;11444;15.55;299;40;LULA;PT;4996;53,82;FLAVIO BOLSONARO;PL;3764;40,55;12.75;3764;34.9;50.9;51.6
pi;BARRA D'ALCÂNTARA;Piauí;Nordeste;-6.52612;-42.10004;3576;19.49;135;14;LULA;PT;2172;80,47;FLAVIO BOLSONARO;PL;468;17,34;59.19;468;25.7;58.1;46.8
pi;BARRAS;Piauí;Nordeste;-4.22678;-42.3496;38201;19.0;871;140;LULA;PT;21523;72,65;FLAVIO BOLSONARO;PL;6806;22,97;47.56;6806;27.8;52.5;49.0
pi;BARREIRAS DO PIAUÍ;Piauí;Nordeste;-9.90434;-45.50895;3633;27.97;60;17;LULA;PT;1816;71,67;FLAVIO BOLSONARO;PL;565;22,30;47.8;565;30.3;56.6;53.0
pi;BARRO DURO;Piauí;Nordeste;-5.81377;-42.51445;6411;19.95;69;25;LULA;PT;3441;68,63;FLAVIO BOLSONARO;PL;1375;27,42;40.26;1375;25.8;51.1;47.5
pi;BATALHA;Piauí;Nordeste;-4.02864;-42.05042;22539;24.11;635;83;LULA;PT;11524;71,11;FLAVIO BOLSONARO;PL;4032;24,88;43.8;4032;26.9;60.5;49.1
pi;BELA VISTA DO PIAUÍ;Piauí;Nordeste;-7.9773;-41.86179;3462;7.31;216;14;LULA;PT;2195;75,25;FLAVIO BOLSONARO;PL;514;17,62;52.38;514;27.9;52.8;50.9
pi;BELÉM DO PIAUÍ;Piauí;Nordeste;-7.38143;-40.97105;3328;10.16;99;14;LULA;PT;2161;75,85;FLAVIO BOLSONARO;PL;570;20,01;53.21;570;27.2;53.6;49.9
pi;BENEDITINOS;Piauí;Nordeste;-5.4369;-42.39284;9612;17.13;226;36;LULA;PT;6156;80,39;FLAVIO BOLSONARO;PL;1172;15,30;62.57;1172;23.7;55.7;49.1
pi;BERTOLÍNIA;Piauí;Nordeste;-7.64394;-43.93836;4969;16.42;127;23;LULA;PT;2718;68,15;FLAVIO BOLSONARO;PL;1054;26,43;40.07;1054;27.3;54.5;50.1
pi;BETÂNIA DO PIAUÍ;Piauí;Nordeste;-8.12571;-40.77098;5865;13.76;168;24;LULA;PT;3969;81,70;FLAVIO BOLSONARO;PL;605;12,45;66.51;605;29.6;63.4;50.4
pi;BOA HORA;Piauí;Nordeste;-4.40508;-42.1248;6884;19.09;151;23;LULA;PT;4079;76,23;FLAVIO BOLSONARO;PL;1055;19,72;54.29;1055;27.3;53.2;50.6
pi;BOCAINA;Piauí;Nordeste;-6.92445;-41.32102;5573;14.09;82;23;LULA;PT;3541;76,09;FLAVIO BOLSONARO;PL;890;19,12;55.37;890;23.7;47.4;49.1
pi;BOM JESUS;Piauí;Nordeste;-9.09157;-44.3923;19900;15.63;485;77;LULA;PT;9349;58,04;FLAVIO BOLSONARO;PL;6023;37,39;19.81;6023;30.0;44.0;47.7
pi;BOM PRINCÍPIO DO PIAUÍ;Piauí;Nordeste;-3.19026;-41.62081;6778;14.77;236;26;LULA;PT;3906;71,39;FLAVIO BOLSONARO;PL;1365;24,95;43.98;1365;28.8;64.6;50.8
pi;BONFIM DO PIAUÍ;Piauí;Nordeste;-9.17298;-42.8803;4967;16.11;132;21;LULA;PT;3549;88,73;FLAVIO BOLSONARO;PL;344;8,60;76.91;344;26.1;66.1;50.2
pi;BOQUEIRÃO DO PIAUÍ;Piauí;Nordeste;-4.5202;-42.10607;6086;21.75;118;23;LULA;PT;3701;80,63;FLAVIO BOLSONARO;PL;698;15,21;63.06;698;25.3;58.4;49.7
pi;BRASILEIRA;Piauí;Nordeste;-4.13103;-41.74829;8739;22.5;250;33;LULA;PT;5054;78,53;FLAVIO BOLSONARO;PL;1122;17,43;58.05;1122;25.9;57.5;50.7
pi;BREJO DO PIAUÍ;Piauí;Nordeste;-8.20701;-42.83705;3894;19.03;101;13;LULA;PT;2605;85,83;FLAVIO BOLSONARO;PL;379;12,49;70.6;379;25.8;64.6;49.9
pi;BURITI DOS LOPES;Piauí;Nordeste;-3.19152;-41.87305;17653;15.79;469;71;LULA;PT;9990;70,45;FLAVIO BOLSONARO;PL;3553;25,06;43.3;3553;28.2;56.6;49.2
pi;BURITI DOS MONTES;Piauí;Nordeste;-5.25388;-41.12648;6972;13.63;116;30;LULA;PT;4749;81,26;FLAVIO BOLSONARO;PL;917;15,69;63.63;917;29.0;58.4;51.7
pi;CABECEIRAS DO PIAUÍ;Piauí;Nordeste;-4.44788;-42.31726;9837;21.5;205;36;LULA;PT;6010;81,18;FLAVIO BOLSONARO;PL;1060;14,32;64.1;1060;26.0;52.7;50.0
pi;CAJAZEIRAS DO PIAUÍ;Piauí;Nordeste;-6.79253;-42.41977;3662;19.52;121;18;LULA;PT;2349;84,04;FLAVIO BOLSONARO;PL;387;13,85;66.58;387;27.5;52.8;51.2
pi;CAJUEIRO DA PRAIA;Piauí;Nordeste;-2.95708;-41.36572;7643;15.4;149;31;LULA;PT;4555;73,15;FLAVIO BOLSONARO;PL;1453;23,33;47.97;1453;28.4;59.7;50.7
pi;CALDEIRÃO GRANDE DO PIAUÍ;Piauí;Nordeste;-7.3419;-40.64315;5176;14.41;75;21;LULA;PT;3290;76,35;FLAVIO BOLSONARO;PL;786;18,24;56.52;786;28.9;56.2;50.9
pi;CAMPINAS DO PIAUÍ;Piauí;Nordeste;-7.66317;-41.85349;5376;21.19;149;23;LULA;PT;3523;87,10;FLAVIO BOLSONARO;PL;429;10,61;73.02;429;24.9;67.0;50.8
pi;CAMPO ALEGRE DO FIDALGO;Piauí;Nordeste;-8.32096;-41.81753;4536;12.21;153;19;LULA;PT;2978;78,53;FLAVIO BOLSONARO;PL;654;17,25;58.36;654;26.5;67.1;51.7
pi;CAMPO GRANDE DO PIAUÍ;Piauí;Nordeste;-7.15873;-41.05623;5304;15.82;173;23;LULA;PT;3478;82,11;FLAVIO BOLSONARO;PL;571;13,48;65.11;571;28.1;55.1;49.6
pi;CAMPO LARGO DO PIAUÍ;Piauí;Nordeste;-3.832;-42.60218;5863;19.85;140;23;LULA;PT;3349;74,42;FLAVIO BOLSONARO;PL;1007;22,38;49.84;1007;31.1;55.5;49.8
pi;CAMPO MAIOR;Piauí;Nordeste;-4.83011;-42.16034;35864;15.22;893;146;LULA;PT;20616;70,95;FLAVIO BOLSONARO;PL;6975;24,00;44.86;6975;24.2;43.8;46.9
pi;CANAVIEIRA;Piauí;Nordeste;-7.63249;-43.68306;3447;20.97;64;15;LULA;PT;1968;74,83;FLAVIO BOLSONARO;PL;596;22,66;50.37;596;25.3;58.5;52.8
pi;CANTO DO BURITI;Piauí;Nordeste;-8.12003;-42.97587;16253;22.07;506;64;LULA;PT;8739;72,81;FLAVIO BOLSONARO;PL;2803;23,35;46.87;2803;25.4;56.2;49.7
pi;CAPITÃO DE CAMPOS;Piauí;Nordeste;-4.47437;-41.94239;10509;20.1;320;43;LULA;PT;6107;76,76;FLAVIO BOLSONARO;PL;1419;17,84;55.83;1419;26.4;55.2;48.7
pi;CAPITÃO GERVÁSIO OLIVEIRA;Piauí;Nordeste;-8.53305;-41.87859;4054;13.62;138;17;LULA;PT;2776;83,21;FLAVIO BOLSONARO;PL;416;12,47;67.39;416;26.1;60.3;52.0
pi;CARACOL;Piauí;Nordeste;-9.28578;-43.31668;8414;17.79;237;36;LULA;PT;5324;80,53;FLAVIO BOLSONARO;PL;1087;16,44;61.25;1087;28.7;64.1;50.4
pi;CARAÚBAS DO PIAUÍ;Piauí;Nordeste;-3.53231;-41.82809;5366;17.22;222;22;LULA;PT;2861;68,61;FLAVIO BOLSONARO;PL;1115;26,74;39.31;1115;28.2;68.0;51.0
pi;CARIDADE DO PIAUÍ;Piauí;Nordeste;-7.71914;-40.94754;5023;15.41;121;19;LULA;PT;3235;79,15;FLAVIO BOLSONARO;PL;617;15,10;61.61;617;30.0;59.2;51.3
pi;CASTELO DO PIAUÍ;Piauí;Nordeste;-5.3234;-41.58234;16956;23.43;420;75;LULA;PT;8570;69,27;FLAVIO BOLSONARO;PL;3228;26,09;41.15;3228;25.4;58.2;48.4
pi;CAXINGÓ;Piauí;Nordeste;-3.3934;-41.88057;5777;13.76;201;24;LULA;PT;3632;76,95;FLAVIO BOLSONARO;PL;884;18,73;55.16;884;30.4;65.9;51.0
pi;COCAL;Piauí;Nordeste;-3.45953;-41.51212;23420;16.03;785;92;LULA;PT;12569;67,80;FLAVIO BOLSONARO;PL;5217;28,14;37.39;5217;29.5;64.8;49.7
pi;COCAL DE TELHA;Piauí;Nordeste;-4.56424;-41.97555;4645;22.73;156;18;LULA;PT;2737;81,22;FLAVIO BOLSONARO;PL;485;14,39;62.75;485;24.6;60.7;48.6
pi;COCAL DOS ALVES;Piauí;Nordeste;-3.59562;-41.46189;5586;17.4;160;23;LULA;PT;3550;81,78;FLAVIO BOLSONARO;PL;597;13,75;64.0;597;29.8;71.2;49.5
pi;COIVARAS;Piauí;Nordeste;-5.08324;-42.2434;5672;11.0;152;23;LULA;PT;3652;75,25;FLAVIO BOLSONARO;PL;991;20,42;52.71;991;26.0;49.3;50.6
pi;COLÔNIA DO GURGUÉIA;Piauí;Nordeste;-8.1657;-43.78224;5574;20.33;124;20;LULA;PT;3182;74,28;FLAVIO BOLSONARO;PL;960;22,41;50.03;960;27.2;46.0;49.8
pi;COLÔNIA DO PIAUÍ;Piauí;Nordeste;-7.24952;-42.1864;6180;22.28;140;28;LULA;PT;3861;83,46;FLAVIO BOLSONARO;PL;669;14,46;66.46;669;25.0;59.1;49.0
pi;CONCEIÇÃO DO CANINDÉ;Piauí;Nordeste;-7.92155;-41.56919;5002;15.79;199;21;LULA;PT;2949;74,34;FLAVIO BOLSONARO;PL;819;20,65;50.57;819;26.6;57.3;49.7
pi;CORONEL JOSÉ DIAS;Piauí;Nordeste;-8.99511;-42.34799;5395;13.27;105;24;LULA;PT;3773;83,36;FLAVIO BOLSONARO;PL;588;12,99;68.07;588;27.0;57.4;52.1
pi;CORRENTE;Piauí;Nordeste;-10.43138;-45.15395;21194;20.53;593;87;LULA;PT;10577;65,90;FLAVIO BOLSONARO;PL;4663;29,05;35.11;4663;28.7;57.1;49.4
pi;CRISTALÂNDIA DO PIAUÍ;Piauí;Nordeste;-10.67323;-45.16562;6237;21.52;172;25;LULA;PT;3580;76,48;FLAVIO BOLSONARO;PL;912;19,48;54.5;912;27.9;56.8;53.0
pi;CRISTINO CASTRO;Piauí;Nordeste;-8.80416;-44.15797;8594;17.23;206;33;LULA;PT;4894;71,59;FLAVIO BOLSONARO;PL;1679;24,56;45.2;1679;28.5;56.0;49.8
pi;CURIMATÁ;Piauí;Nordeste;-10.02243;-44.28648;9386;18.39;228;41;LULA;PT;5040;68,56;FLAVIO BOLSONARO;PL;1968;26,77;40.1;1968;27.8;49.8;49.9
pi;CURRAIS;Piauí;Nordeste;-8.89313;-44.50611;6287;14.2;138;25;LULA;PT;3786;72,56;FLAVIO BOLSONARO;PL;1233;23,63;47.33;1233;28.5;58.0;53.7
pi;CURRAL NOVO DO PIAUÍ;Piauí;Nordeste;-7.8764;-40.81198;5409;13.87;105;20;LULA;PT;3797;84,45;FLAVIO BOLSONARO;PL;528;11,74;70.17;528;32.2;61.3;51.8
pi;CURRALINHOS;Piauí;Nordeste;-5.60611;-42.84043;5297;14.74;95;21;LULA;PT;3589;81,61;FLAVIO BOLSONARO;PL;673;15,30;64.57;673;27.1;47.8;50.4
pi;DEMERVAL LOBÃO;Piauí;Nordeste;-5.35388;-42.6728;13788;13.82;305;53;LULA;PT;8346;73,09;FLAVIO BOLSONARO;PL;2594;22,72;48.41;2594;26.8;44.4;47.5
pi;DIRCEU ARCOVERDE;Piauí;Nordeste;-9.33081;-42.45472;6674;17.26;85;23;LULA;PT;4615;85,64;FLAVIO BOLSONARO;PL;659;12,23;71.64;659;27.6;61.3;51.6
pi;DOM EXPEDITO LOPES;Piauí;Nordeste;-6.96317;-41.67118;6542;11.91;143;26;LULA;PT;4187;75,67;FLAVIO BOLSONARO;PL;1136;20,53;52.94;1136;24.7;52.5;48.6
pi;DOM INOCÊNCIO;Piauí;Nordeste;-8.90374;-41.90843;7564;14.53;185;32;LULA;PT;5136;82,37;FLAVIO BOLSONARO;PL;852;13,66;66.26;852;24.3;60.0;52.2
pi;DOMINGOS MOURÃO;Piauí;Nordeste;-4.2457;-41.31693;4268;19.45;83;19;LULA;PT;2707;81,56;FLAVIO BOLSONARO;PL;504;15,19;64.08;504;27.2;61.9;51.1
pi;ELESBÃO VELOSO;Piauí;Nordeste;-6.20306;-42.14646;13416;20.76;362;56;LULA;PT;8078;79,37;FLAVIO BOLSONARO;PL;1712;16,82;59.88;1712;22.4;55.6;47.7
pi;ELISEU MARTINS;Piauí;Nordeste;-8.07595;-43.66487;4015;23.04;102;22;LULA;PT;2265;76,91;FLAVIO BOLSONARO;PL;573;19,46;54.76;573;23.7;49.8;51.5
pi;ESPERANTINA;Piauí;Nordeste;-3.86587;-42.21751;32709;21.1;769;121;LULA;PT;16844;68,47;FLAVIO BOLSONARO;PL;6841;27,81;38.76;6841;27.4;55.0;48.3
pi;FARTURA DO PIAUÍ;Piauí;Nordeste;-9.47586;-42.78729;4753;17.17;63;19;LULA;PT;3403;88,23;FLAVIO BOLSONARO;PL;361;9,36;77.27;361;28.0;64.1;51.3
pi;FLORES DO PIAUÍ;Piauí;Nordeste;-7.76279;-42.9068;4318;23.9;118;19;LULA;PT;2453;78,15;FLAVIO BOLSONARO;PL;586;18,67;56.82;586;24.0;62.5;49.9
pi;FLORESTA DO PIAUÍ;Piauí;Nordeste;-7.48067;-41.80112;2599;21.12;79;10;LULA;PT;1606;82,44;FLAVIO BOLSONARO;PL;258;13,24;65.76;258;22.7;63.9;50.3
pi;FLORIANO;Piauí;Nordeste;-6.79417;-43.01836;44933;18.33;836;186;LULA;PT;24255;68,63;FLAVIO BOLSONARO;PL;9154;25,90;41.15;9154;25.3;36.9;45.7
pi;FRANCINÓPOLIS;Piauí;Nordeste;-6.39917;-42.262;4556;19.32;117;19;LULA;PT;3013;85,55;FLAVIO BOLSONARO;PL;418;11,87;70.59;418;24.2;62.8;47.8
pi;FRANCISCO AYRES;Piauí;Nordeste;-6.65199;-42.69643;5168;22.47;97;21;LULA;PT;3009;77,95;FLAVIO BOLSONARO;PL;671;17,38;58.35;671;25.7;53.1;50.8
pi;FRANCISCO MACEDO;Piauí;Nordeste;-7.32832;-40.79243;2841;14.33;80;11;LULA;PT;1794;77,00;FLAVIO BOLSONARO;PL;421;18,07;56.41;421;25.8;60.6;48.8
pi;FRANCISCO SANTOS;Piauí;Nordeste;-7.00814;-41.13824;7087;17.06;172;30;LULA;PT;4396;77,94;FLAVIO BOLSONARO;PL;967;17,15;58.34;967;23.7;56.1;49.7
pi;FRONTEIRAS;Piauí;Nordeste;-7.08021;-40.59965;9541;17.9;209;39;LULA;PT;5572;73,98;FLAVIO BOLSONARO;PL;1648;21,88;50.1;1648;25.1;54.5;49.3
pi;GEMINIANO;Piauí;Nordeste;-7.18185;-41.3269;6469;12.07;176;25;LULA;PT;4329;79,55;FLAVIO BOLSONARO;PL;905;16,63;60.2;905;26.4;58.8;49.5
pi;GILBUÉS;Piauí;Nordeste;-9.80671;-45.34123;8660;19.48;228;39;LULA;PT;4968;74,08;FLAVIO BOLSONARO;PL;1432;21,35;50.71;1432;29.5;59.8;50.7
pi;GUADALUPE;Piauí;Nordeste;-6.78864;-43.5694;8682;25.54;240;33;LULA;PT;4444;72,34;FLAVIO BOLSONARO;PL;1419;23,10;46.79;1419;25.9;48.4;48.6
pi;GUARIBAS;Piauí;Nordeste;-9.34486;-43.66793;4478;23.67;40;17;LULA;PT;2943;87,59;FLAVIO BOLSONARO;PL;352;10,48;75.8;352;33.5;60.0;51.4
pi;HUGO NAPOLEÃO;Piauí;Nordeste;-5.98947;-42.55786;4428;18.18;88;15;LULA;PT;2556;73,32;FLAVIO BOLSONARO;PL;806;23,12;48.3;806;26.1;45.6;49.2
pi;ILHA GRANDE;Piauí;Nordeste;-2.85041;-41.81047;9354;15.76;256;37;LULA;PT;5736;76,36;FLAVIO BOLSONARO;PL;1475;19,64;54.07;1475;29.5;52.7;50.8
pi;INHUMA;Piauí;Nordeste;-6.67148;-41.69612;13109;18.87;397;48;LULA;PT;7909;78,06;FLAVIO BOLSONARO;PL;1757;17,34;57.85;1757;24.6;50.5;48.7
pi;IPIRANGA DO PIAUÍ;Piauí;Nordeste;-6.8236;-41.76818;7746;16.2;201;32;LULA;PT;5053;81,50;FLAVIO BOLSONARO;PL;916;14,77;63.73;916;25.3;50.6;47.4
pi;ISAÍAS COELHO;Piauí;Nordeste;-7.70881;-41.64742;6463;17.08;202;24;LULA;PT;4360;85,69;FLAVIO BOLSONARO;PL;582;11,44;70.5;582;26.5;61.0;49.4
pi;ITAINÓPOLIS;Piauí;Nordeste;-7.40669;-41.47558;9605;16.61;366;40;LULA;PT;5887;78,13;FLAVIO BOLSONARO;PL;1422;18,87;55.74;1422;22.9;60.2;49.3
pi;ITAUEIRA;Piauí;Nordeste;-7.59995;-43.02785;9279;22.25;258;36;LULA;PT;5029;73,45;FLAVIO BOLSONARO;PL;1583;23,12;47.77;1583;23.2;59.6;50.1
pi;JACOBINA DO PIAUÍ;Piauí;Nordeste;-7.91564;-41.23794;5231;8.93;187;23;LULA;PT;3262;72,91;FLAVIO BOLSONARO;PL;888;19,85;49.83;888;25.5;62.3;49.1
pi;JAICÓS;Piauí;Nordeste;-7.38459;-41.1765;14188;22.67;536;57;LULA;PT;7799;75,92;FLAVIO BOLSONARO;PL;2034;19,80;52.54;2034;27.0;62.3;48.4
pi;JARDIM DO MULATO;Piauí;Nordeste;-6.12657;-42.59309;4530;15.54;81;19;LULA;PT;2752;74,18;FLAVIO BOLSONARO;PL;815;21,97;50.63;815;25.5;49.4;49.7
pi;JATOBÁ DO PIAUÍ;Piauí;Nordeste;-4.8054;-41.90017;6898;14.98;119;30;LULA;PT;4558;80,15;FLAVIO BOLSONARO;PL;943;16,58;61.64;943;24.5;56.9;51.6
pi;JERUMENHA;Piauí;Nordeste;-7.10676;-43.5424;4814;19.71;104;22;LULA;PT;2797;75,21;FLAVIO BOLSONARO;PL;803;21,59;51.59;803;27.1;58.8;51.2
pi;JOAQUIM PIRES;Piauí;Nordeste;-3.52861;-42.12975;11817;20.09;317;47;LULA;PT;6401;71,30;FLAVIO BOLSONARO;PL;2315;25,79;43.27;2315;29.6;64.1;50.5
pi;JOCA MARQUES;Piauí;Nordeste;-3.53719;-42.4367;5603;17.31;116;22;LULA;PT;3383;76,06;FLAVIO BOLSONARO;PL;943;21,20;52.67;943;28.6;62.5;50.1
pi;JOSÉ DE FREITAS;Piauí;Nordeste;-4.75367;-42.56669;35332;13.72;740;130;LULA;PT;23802;80,98;FLAVIO BOLSONARO;PL;4387;14,92;63.69;4387;26.9;49.2;49.0
pi;JOÃO COSTA;Piauí;Nordeste;-8.50544;-42.43277;3918;17.61;104;16;LULA;PT;2470;79,99;FLAVIO BOLSONARO;PL;524;16,97;60.29;524;23.9;57.0;53.1
pi;JUAZEIRO DO PIAUÍ;Piauí;Nordeste;-5.0257;-41.63075;5440;14.39;116;25;LULA;PT;3306;73,70;FLAVIO BOLSONARO;PL;919;20,49;51.26;919;27.4;59.6;50.7
pi;JUREMA;Piauí;Nordeste;-9.23612;-43.12992;5184;18.79;146;21;LULA;PT;3338;82,75;FLAVIO BOLSONARO;PL;573;14,20;65.68;573;27.0;64.5;53.2
pi;JÚLIO BORGES;Piauí;Nordeste;-10.39383;-44.19767;5222;23.67;86;22;LULA;PT;3178;82,16;FLAVIO BOLSONARO;PL;515;13,31;66.81;515;28.0;50.5;53.1
pi;LAGOA ALEGRE;Piauí;Nordeste;-4.49788;-42.59841;8599;14.4;111;31;LULA;PT;5855;81,40;FLAVIO BOLSONARO;PL;1041;14,47;65.4;1041;29.5;54.8;50.5
pi;LAGOA DE SÃO FRANCISCO;Piauí;Nordeste;-4.37518;-41.5907;6040;22.15;137;24;LULA;PT;3355;74,56;FLAVIO BOLSONARO;PL;931;20,69;51.55;931;28.9;63.6;50.0
pi;LAGOA DO BARRO DO PIAUÍ;Piauí;Nordeste;-8.54086;-41.55162;4646;14.38;136;20;LULA;PT;3000;79,62;FLAVIO BOLSONARO;PL;627;16,64;59.65;627;28.7;60.0;52.4
pi;LAGOA DO PIAUÍ;Piauí;Nordeste;-5.42101;-42.64347;5239;12.58;100;18;LULA;PT;3226;72,72;FLAVIO BOLSONARO;PL;1008;22,72;48.43;1008;25.9;50.9;50.8
pi;LAGOA DO SÍTIO;Piauí;Nordeste;-6.52295;-41.51373;4865;16.63;145;19;LULA;PT;3155;81,40;FLAVIO BOLSONARO;PL;617;15,92;62.57;617;24.6;59.1;50.6
pi;LAGOINHA DO PIAUÍ;Piauí;Nordeste;-5.82859;-42.63072;3244;21.12;53;12;LULA;PT;1883;76,36;FLAVIO BOLSONARO;PL;499;20,24;54.08;499;25.2;51.8;49.1
pi;LANDRI SALES;Piauí;Nordeste;-7.27156;-43.93045;5122;22.75;154;23;LULA;PT;2837;75,41;FLAVIO BOLSONARO;PL;808;21,48;51.28;808;23.5;55.7;48.7
pi;LUIS CORREIA;Piauí;Nordeste;-3.00943;-41.54108;27367;17.43;805;105;LULA;PT;15245;71,02;FLAVIO BOLSONARO;PL;5200;24,22;44.45;5200;27.6;58.7;49.9
pi;LUZILÂNDIA;Piauí;Nordeste;-3.52453;-42.36742;20147;19.8;512;77;LULA;PT;11189;72,61;FLAVIO BOLSONARO;PL;3705;24,04;46.32;3705;25.8;60.5;49.1
pi;MADEIRO;Piauí;Nordeste;-3.5266;-42.51688;6714;22.06;179;27;LULA;PT;3945;78,81;FLAVIO BOLSONARO;PL;922;18,42;57.77;922;29.5;54.4;49.8
pi;MANOEL EMÍDIO;Piauí;Nordeste;-8.04862;-43.87165;4913;17.28;112;19;LULA;PT;3075;78,18;FLAVIO BOLSONARO;PL;716;18,20;58.05;716;25.8;53.0;51.1
pi;MARCOLÂNDIA;Piauí;Nordeste;-7.44132;-40.6723;8736;14.25;300;32;LULA;PT;4537;63,93;FLAVIO BOLSONARO;PL;2140;30,15;32.0;2140;32.3;56.4;48.3
pi;MARCOS PARENTE;Piauí;Nordeste;-7.10962;-43.89809;4326;19.42;69;16;LULA;PT;2279;67,43;FLAVIO BOLSONARO;PL;972;28,76;37.49;972;24.5;52.1;49.3
pi;MASSAPÊ DO PIAUÍ;Piauí;Nordeste;-7.5149;-41.11449;6452;21.79;333;27;LULA;PT;3825;82,63;FLAVIO BOLSONARO;PL;591;12,77;64.09;591;26.6;64.6;50.4
pi;MATIAS OLÍMPIO;Piauí;Nordeste;-3.70915;-42.56211;9161;22.0;214;38;LULA;PT;4920;72,23;FLAVIO BOLSONARO;PL;1663;24,41;45.58;1663;27.5;58.3;49.2
pi;MIGUEL ALVES;Piauí;Nordeste;-4.23048;-42.82556;27719;23.13;645;105;LULA;PT;16281;79,61;FLAVIO BOLSONARO;PL;3438;16,81;60.28;3438;29.8;61.8;49.6
pi;MIGUEL LEÃO;Piauí;Nordeste;-5.68063;-42.73817;1890;13.76;61;7;LULA;PT;1001;64,08;FLAVIO BOLSONARO;PL;514;32,91;29.88;514;30.4;46.1;51.4
pi;MILTON BRANDÃO;Piauí;Nordeste;-4.68634;-41.46498;7087;24.98;180;28;LULA;PT;3324;65,58;FLAVIO BOLSONARO;PL;1569;30,95;33.01;1569;27.3;71.2;52.6
pi;MONSENHOR GIL;Piauí;Nordeste;-5.58804;-42.62486;10476;14.89;184;41;LULA;PT;6557;76,01;FLAVIO BOLSONARO;PL;1698;19,68;54.5;1698;24.5;47.3;47.8
pi;MONSENHOR HIPÓLITO;Piauí;Nordeste;-6.95962;-41.02656;7493;15.15;183;27;LULA;PT;4911;80,38;FLAVIO BOLSONARO;PL;995;16,28;61.59;995;25.4;60.4;49.6
pi;MONTE ALEGRE DO PIAUÍ;Piauí;Nordeste;-9.66912;-45.17162;9415;21.33;175;40;LULA;PT;5533;76,90;FLAVIO BOLSONARO;PL;1386;19,26;55.99;1386;29.7;53.6;51.7
pi;MORRO CABEÇA NO TEMPO;Piauí;Nordeste;-9.81222;-43.91048;4202;19.49;159;18;LULA;PT;2551;79,50;FLAVIO BOLSONARO;PL;540;16,83;59.44;540;29.6;60.7;54.6
pi;MORRO DO CHAPÉU DO PIAUÍ;Piauí;Nordeste;-3.73489;-42.30253;5871;19.64;144;22;LULA;PT;3554;78,89;FLAVIO BOLSONARO;PL;825;18,31;57.84;825;29.0;61.7;49.9
pi;MURICI DOS PORTELAS;Piauí;Nordeste;-3.3405;-42.04841;6070;18.93;212;24;LULA;PT;3539;76,09;FLAVIO BOLSONARO;PL;877;18,86;54.09;877;28.2;65.4;50.3
pi;NAZARÉ DO PIAUÍ;Piauí;Nordeste;-6.98064;-42.68438;6697;19.4;161;31;LULA;PT;4398;84,64;FLAVIO BOLSONARO;PL;623;11,99;69.93;623;25.3;52.6;49.9
pi;NAZÁRIA;Piauí;Nordeste;-5.4013;-42.84773;11555;14.95;213;45;LULA;PT;7259;76,11;FLAVIO BOLSONARO;PL;1919;20,12;54.34;1919;25.4;46.6;49.8
pi;NOSSA SENHORA DE NAZARÉ;Piauí;Nordeste;-4.63674;-42.16063;6117;14.11;88;24;LULA;PT;4250;82,96;FLAVIO BOLSONARO;PL;669;13,06;68.16;669;23.9;52.8;50.9
pi;NOSSA SENHORA DOS REMÉDIOS;Piauí;Nordeste;-4.00049;-42.61562;8627;17.04;200;30;LULA;PT;5088;74,08;FLAVIO BOLSONARO;PL;1551;22,58;49.42;1551;30.7;56.8;50.1
pi;NOVA SANTA RITA;Piauí;Nordeste;-8.11682;-42.0321;4142;14.8;82;17;LULA;PT;2847;83,27;FLAVIO BOLSONARO;PL;424;12,40;68.66;424;27.9;56.2;52.0
pi;NOVO ORIENTE DO PIAUÍ;Piauí;Nordeste;-6.46361;-41.94755;5158;18.86;134;23;LULA;PT;3316;82,82;FLAVIO BOLSONARO;PL;539;13,46;66.36;539;23.9;61.3;49.7
pi;NOVO SANTO ANTÔNIO;Piauí;Nordeste;-5.27222;-41.93119;4732;15.91;63;19;LULA;PT;3169;81,74;FLAVIO BOLSONARO;PL;549;14,16;65.85;549;25.9;56.0;50.6
pi;OEIRAS;Piauí;Nordeste;-6.99926;-42.15259;31021;18.06;760;131;LULA;PT;18390;75,57;FLAVIO BOLSONARO;PL;5135;21,10;52.15;5135;26.0;47.4;47.6
pi;OLHO D'ÁGUA DO PIAUÍ;Piauí;Nordeste;-5.86967;-42.56573;2708;17.87;34;10;LULA;PT;1711;78,59;FLAVIO BOLSONARO;PL;396;18,19;59.13;396;25.2;50.2;49.9
pi;PADRE MARCOS;Piauí;Nordeste;-7.37274;-40.90141;6038;17.52;178;24;LULA;PT;3749;79,18;FLAVIO BOLSONARO;PL;844;17,82;58.33;844;25.2;60.6;48.3
pi;PAES LANDIM;Piauí;Nordeste;-7.78549;-42.25081;4499;21.36;138;15;LULA;PT;2407;71,53;FLAVIO BOLSONARO;PL;866;25,74;43.56;866;28.3;49.6;51.1
pi;PAJEÚ DO PIAUÍ;Piauí;Nordeste;-7.86893;-42.83425;3407;21.57;92;13;LULA;PT;1992;77,93;FLAVIO BOLSONARO;PL;489;19,13;56.25;489;24.6;57.7;52.6
pi;PALMEIRA DO PIAUÍ;Piauí;Nordeste;-8.66263;-44.32959;4922;16.07;126;19;LULA;PT;2492;63,04;FLAVIO BOLSONARO;PL;1233;31,19;30.48;1233;29.0;58.7;52.1
pi;PALMEIRAIS;Piauí;Nordeste;-5.8379;-43.03959;13336;17.73;246;52;LULA;PT;8728;81,87;FLAVIO BOLSONARO;PL;1639;15,37;64.61;1639;27.1;57.2;49.0
pi;PAQUETÁ;Piauí;Nordeste;-7.08338;-41.68327;4173;12.01;64;18;LULA;PT;2884;80,22;FLAVIO BOLSONARO;PL;603;16,77;62.12;603;25.4;60.0;50.3
pi;PARNAGUÁ;Piauí;Nordeste;-10.25197;-44.63077;7624;21.51;172;32;LULA;PT;4413;76,47;FLAVIO BOLSONARO;PL;1147;19,88;54.58;1147;29.3;55.8;51.8
pi;PARNAÍBA;Piauí;Nordeste;-2.92032;-41.76018;118423;15.62;2502;435;LULA;PT;58315;60,78;FLAVIO BOLSONARO;PL;31881;33,23;26.45;31881;26.8;39.2;46.5
pi;PASSAGEM FRANCA DO PIAUÍ;Piauí;Nordeste;-5.84678;-42.42776;4164;26.03;56;15;LULA;PT;2169;72,35;FLAVIO BOLSONARO;PL;729;24,32;46.75;729;29.6;58.4;48.0
pi;PATOS DO PIAUÍ;Piauí;Nordeste;-7.68852;-41.28919;5568;17.15;251;24;LULA;PT;3479;81,02;FLAVIO BOLSONARO;PL;638;14,86;61.59;638;23.9;65.2;50.3
pi;PAU D'ARCO DO PIAUÍ;Piauí;Nordeste;-5.24651;-42.45187;5401;12.78;129;21;LULA;PT;3500;77,19;FLAVIO BOLSONARO;PL;814;17,95;57.02;814;27.5;53.4;52.9
pi;PAULISTANA;Piauí;Nordeste;-8.11093;-41.12762;17052;15.32;655;67;LULA;PT;10282;75,54;FLAVIO BOLSONARO;PL;2641;19,40;52.92;2641;28.1;57.7;47.8
pi;PAVUSSU;Piauí;Nordeste;-7.96542;-43.22487;3909;20.75;81;15;LULA;PT;2522;84,24;FLAVIO BOLSONARO;PL;393;13,13;68.72;393;26.1;64.8;52.7
pi;PEDRO II;Piauí;Nordeste;-4.44231;-41.45201;35312;23.35;831;133;LULA;PT;18322;70,78;FLAVIO BOLSONARO;PL;6395;24,70;44.06;6395;26.6;61.0;48.8
pi;PEDRO LAURENTINO;Piauí;Nordeste;-8.09972;-42.26948;3276;14.96;104;13;LULA;PT;1935;72,99;FLAVIO BOLSONARO;PL;635;23,95;46.66;635;26.9;50.8;51.9
pi;PICOS;Piauí;Nordeste;-7.07729;-41.47481;54212;12.74;1341;231;LULA;PT;31334;69,00;FLAVIO BOLSONARO;PL;11917;26,24;41.04;11917;25.8;44.4;47.1
pi;PIMENTEIRAS;Piauí;Nordeste;-6.29396;-41.28019;9384;19.62;300;42;LULA;PT;5552;77,39;FLAVIO BOLSONARO;PL;1377;19,19;55.35;1377;25.8;58.5;49.8
pi;PIO IX;Piauí;Nordeste;-6.81875;-40.65979;15109;15.9;453;57;LULA;PT;9583;79,26;FLAVIO BOLSONARO;PL;2050;16,95;59.28;2050;27.8;57.7;49.2
pi;PIRACURUCA;Piauí;Nordeste;-3.91005;-41.69495;25821;18.59;722;100;LULA;PT;13792;68,92;FLAVIO BOLSONARO;PL;5216;26,06;40.8;5216;27.6;54.6;48.5
pi;PIRIPIRI;Piauí;Nordeste;-4.29354;-41.77364;53170;23.41;1354;212;LULA;PT;26574;68,95;FLAVIO BOLSONARO;PL;10092;26,18;40.48;10092;26.2;49.9;47.7
pi;PORTO;Piauí;Nordeste;-3.89163;-42.71209;10000;21.75;214;34;LULA;PT;5256;69,85;FLAVIO BOLSONARO;PL;2049;27,23;40.98;2049;32.2;55.4;49.1
pi;PORTO ALEGRE DO PIAUÍ;Piauí;Nordeste;-6.97203;-44.14155;2106;16.95;92;8;LULA;PT;1138;69,10;FLAVIO BOLSONARO;PL;456;27,69;38.99;456;27.9;54.4;51.0
pi;PRATA DO PIAUÍ;Piauí;Nordeste;-5.66848;-42.20373;3706;18.97;78;13;LULA;PT;2402;82,63;FLAVIO BOLSONARO;PL;422;14,52;65.93;422;26.9;55.0;50.6
pi;QUEIMADA NOVA;Piauí;Nordeste;-8.53344;-41.37473;7227;17.03;482;28;LULA;PT;3958;73,41;FLAVIO BOLSONARO;PL;1115;20,68;47.41;1115;28.5;61.3;51.0
pi;REDENÇÃO DO GURGUÉIA;Piauí;Nordeste;-9.4897;-44.58019;7001;18.41;174;28;LULA;PT;3652;66,50;FLAVIO BOLSONARO;PL;1634;29,75;35.33;1634;28.9;53.3;50.3
pi;REGENERAÇÃO;Piauí;Nordeste;-6.26938;-42.62621;14520;21.93;372;61;LULA;PT;8908;82,06;FLAVIO BOLSONARO;PL;1635;15,06;64.16;1635;24.7;56.0;47.1
pi;RIACHO FRIO;Piauí;Nordeste;-10.082;-44.91027;4492;18.59;100;19;LULA;PT;2936;82,80;FLAVIO BOLSONARO;PL;491;13,85;66.86;491;26.5;59.2;53.6
pi;RIBEIRA DO PIAUÍ;Piauí;Nordeste;-7.8247;-42.66004;3891;18.58;115;16;LULA;PT;2426;80,04;FLAVIO BOLSONARO;PL;498;16,43;60.86;498;26.1;54.9;50.6
pi;RIBEIRO GONÇALVES;Piauí;Nordeste;-7.70038;-45.30918;5577;17.37;142;22;LULA;PT;2910;65,61;FLAVIO BOLSONARO;PL;1277;28,79;35.44;1277;27.7;51.4;51.2
pi;RIO GRANDE DO PIAUÍ;Piauí;Nordeste;-7.77563;-43.1388;5426;18.91;139;23;LULA;PT;3407;80,66;FLAVIO BOLSONARO;PL;705;16,69;61.41;705;22.8;60.9;50.3
pi;SANTA CRUZ DO PIAUÍ;Piauí;Nordeste;-7.18199;-41.76287;5902;12.03;166;26;LULA;PT;4000;80,24;FLAVIO BOLSONARO;PL;845;16,95;60.77;845;24.8;49.8;48.7
pi;SANTA CRUZ DOS MILAGRES;Piauí;Nordeste;-5.80264;-41.95708;3971;17.96;43;14;LULA;PT;2465;77,20;FLAVIO BOLSONARO;PL;598;18,73;57.31;598;24.9;49.6;49.4
pi;SANTA FILOMENA;Piauí;Nordeste;-9.02949;-45.78608;5554;18.89;131;23;LULA;PT;2782;64,18;FLAVIO BOLSONARO;PL;1327;30,61;32.3;1327;30.7;56.9;52.3
pi;SANTA LUZ;Piauí;Nordeste;-8.94909;-44.17827;5273;14.38;129;20;LULA;PT;2874;66,40;FLAVIO BOLSONARO;PL;1309;30,24;34.66;1309;27.6;53.7;53.2
pi;SANTA ROSA DO PIAUÍ;Piauí;Nordeste;-6.80805;-42.26231;4981;22.24;123;21;LULA;PT;2769;74,66;FLAVIO BOLSONARO;PL;817;22,03;50.4;817;26.0;54.7;49.1
pi;SANTANA DO PIAUÍ;Piauí;Nordeste;-6.94663;-41.49196;4214;13.53;123;18;LULA;PT;2859;81,73;FLAVIO BOLSONARO;PL;519;14,84;64.22;519;24.3;57.6;48.1
pi;SANTO ANTÔNIO DE LISBOA;Piauí;Nordeste;-6.98499;-41.22787;6371;14.13;171;24;LULA;PT;3867;73,94;FLAVIO BOLSONARO;PL;1202;22,98;48.71;1202;27.2;54.7;49.1
pi;SANTO ANTÔNIO DOS MILAGRES;Piauí;Nordeste;-6.04697;-42.7094;1955;16.78;43;8;LULA;PT;1236;78,83;FLAVIO BOLSONARO;PL;297;18,94;57.71;297;27.3;39.2;49.1
pi;SANTO INÁCIO DO PIAUÍ;Piauí;Nordeste;-7.42945;-41.90749;3644;15.15;67;15;LULA;PT;2407;79,94;FLAVIO BOLSONARO;PL;524;17,40;60.9;524;24.6;54.7;50.3
pi;SEBASTIÃO BARROS;Piauí;Nordeste;-10.81241;-44.84426;4633;17.61;123;20;LULA;PT;2554;69,53;FLAVIO BOLSONARO;PL;934;25,43;42.44;934;26.5;67.6;53.1
pi;SEBASTIÃO LEAL;Piauí;Nordeste;-7.49506;-44.07447;4234;11.41;94;16;LULA;PT;2090;57,88;FLAVIO BOLSONARO;PL;1419;39,30;17.89;1419;26.0;58.4;52.5
pi;SIGEFREDO PACHECO;Piauí;Nordeste;-4.95942;-41.7773;9278;13.54;188;38;LULA;PT;6007;77,56;FLAVIO BOLSONARO;PL;1382;17,84;57.65;1382;26.2;58.4;51.7
pi;SIMPLÍCIO MENDES;Piauí;Nordeste;-7.84506;-41.95729;10329;14.93;273;43;LULA;PT;6487;77,06;FLAVIO BOLSONARO;PL;1542;18,32;56.28;1542;25.4;49.9;49.5
pi;SIMÕES;Piauí;Nordeste;-7.62786;-40.78284;12484;18.06;423;52;LULA;PT;7549;77,82;FLAVIO BOLSONARO;PL;1755;18,09;56.64;1755;28.9;57.4;50.6
pi;SOCORRO DO PIAUÍ;Piauí;Nordeste;-7.86806;-42.48694;4300;20.65;98;16;LULA;PT;2548;77,56;FLAVIO BOLSONARO;PL;604;18,39;56.98;604;26.4;52.8;50.0
pi;SUSSUAPARA;Piauí;Nordeste;-7.01009;-41.39504;6735;12.59;190;25;LULA;PT;4388;78,02;FLAVIO BOLSONARO;PL;995;17,69;57.64;995;24.5;55.3;48.7
pi;SÃO BRAZ DO PIAUÍ;Piauí;Nordeste;-9.0658;-42.97314;4155;16.49;86;17;LULA;PT;2923;87,18;FLAVIO BOLSONARO;PL;318;9,48;75.07;318;25.4;61.2;50.9
pi;SÃO FRANCISCO DE ASSIS DO PIAUÍ;Piauí;Nordeste;-8.18367;-41.61812;4780;12.59;280;21;LULA;PT;2515;65,27;FLAVIO BOLSONARO;PL;958;24,86;37.27;958;28.4;65.1;51.0
pi;SÃO FRANCISCO DO PIAUÍ;Piauí;Nordeste;-7.18448;-42.51519;6210;23.4;228;27;LULA;PT;3051;68,29;FLAVIO BOLSONARO;PL;1261;28,22;37.63;1261;25.5;58.0;50.9
pi;SÃO FÉLIX DO PIAUÍ;Piauí;Nordeste;-5.93741;-42.12566;3968;17.72;69;15;LULA;PT;2210;69,87;FLAVIO BOLSONARO;PL;809;25,58;42.91;809;22.4;39.5;49.2
pi;SÃO GONÇALO DO GURGUÉIA;Piauí;Nordeste;-10.01955;-45.26428;2882;21.24;69;12;LULA;PT;1579;72,10;FLAVIO BOLSONARO;PL;522;23,84;46.56;522;31.6;51.8;51.8
pi;SÃO GONÇALO DO PIAUÍ;Piauí;Nordeste;-5.99291;-42.68874;5172;16.09;108;21;LULA;PT;2937;70,21;FLAVIO BOLSONARO;PL;1080;25,82;42.79;1080;28.7;39.6;48.2
pi;SÃO JOSÉ DO DIVINO;Piauí;Nordeste;-3.78505;-41.86827;5071;14.93;174;21;LULA;PT;3106;76,00;FLAVIO BOLSONARO;PL;733;17,93;55.01;733;27.7;58.7;51.2
pi;SÃO JOSÉ DO PEIXE;Piauí;Nordeste;-7.46034;-42.59828;3371;24.15;88;15;LULA;PT;1893;77,97;FLAVIO BOLSONARO;PL;469;19,32;55.69;469;24.2;57.2;50.6
pi;SÃO JOSÉ DO PIAUÍ;Piauí;Nordeste;-6.84469;-41.47988;6004;19.02;133;27;LULA;PT;3825;82,03;FLAVIO BOLSONARO;PL;711;15,25;64.05;711;24.8;64.8;48.9
pi;SÃO JOÃO DA CANABRAVA;Piauí;Nordeste;-6.75614;-41.36773;4502;17.7;56;19;LULA;PT;3026;83,80;FLAVIO BOLSONARO;PL;466;12,91;69.1;466;25.1;57.3;48.3
pi;SÃO JOÃO DA FRONTEIRA;Piauí;Nordeste;-3.97862;-41.28626;5375;17.88;203;21;LULA;PT;3006;72,31;FLAVIO BOLSONARO;PL;957;23,02;46.42;957;29.7;63.2;50.5
pi;SÃO JOÃO DA SERRA;Piauí;Nordeste;-5.51501;-41.88923;6905;17.45;144;28;LULA;PT;4113;74,99;FLAVIO BOLSONARO;PL;1112;20,27;52.65;1112;24.2;56.3;49.6
pi;SÃO JOÃO DA VARJOTA;Piauí;Nordeste;-6.91902;-41.89644;4131;17.14;82;19;LULA;PT;2780;83,91;FLAVIO BOLSONARO;PL;467;14,10;67.57;467;24.4;57.9;48.5
pi;SÃO JOÃO DO ARRAIAL;Piauí;Nordeste;-3.81306;-42.4489;7625;17.06;216;33;LULA;PT;4112;68,05;FLAVIO BOLSONARO;PL;1834;30,35;36.02;1834;29.0;61.0;49.6
pi;SÃO JOÃO DO PIAUÍ;Piauí;Nordeste;-8.33101;-42.2474;15077;16.93;442;61;LULA;PT;8975;75,14;FLAVIO BOLSONARO;PL;2474;20,71;51.9;2474;27.9;45.2;48.0
pi;SÃO JULIÃO;Piauí;Nordeste;-7.09129;-40.83346;5605;15.49;81;23;LULA;PT;3497;75,51;FLAVIO BOLSONARO;PL;962;20,77;53.51;962;26.1;54.1;49.2
pi;SÃO LOURENÇO DO PIAUÍ;Piauí;Nordeste;-9.16946;-42.53031;4860;15.16;136;18;LULA;PT;3309;84,01;FLAVIO BOLSONARO;PL;480;12,19;68.62;480;24.8;56.6;51.8
pi;SÃO LUIS DO PIAUÍ;Piauí;Nordeste;-6.79119;-41.30381;3574;20.03;57;13;LULA;PT;2170;78,48;FLAVIO BOLSONARO;PL;470;17,00;59.48;470;29.0;54.5;51.0
pi;SÃO MIGUEL DA BAIXA GRANDE;Piauí;Nordeste;-5.857;-42.19276;2835;20.63;39;11;LULA;PT;1473;67,29;FLAVIO BOLSONARO;PL;607;27,73;38.49;607;24.7;52.3;51.5
pi;SÃO MIGUEL DO FIDALGO;Piauí;Nordeste;-7.59874;-42.36289;3027;21.41;46;13;LULA;PT;1933;83,54;FLAVIO BOLSONARO;PL;341;14,74;66.92;341;26.2;60.1;51.0
pi;SÃO MIGUEL DO TAPUIO;Piauí;Nordeste;-5.59104;-41.34114;15612;24.79;431;67;LULA;PT;8834;79,02;FLAVIO BOLSONARO;PL;1941;17,36;58.7;1941;24.6;64.0;49.2
pi;SÃO PEDRO DO PIAUÍ;Piauí;Nordeste;-5.87721;-42.73908;11541;16.83;292;46;LULA;PT;6649;72,44;FLAVIO BOLSONARO;PL;2176;23,71;46.6;2176;27.8;52.6;48.7
pi;SÃO RAIMUNDO NONATO;Piauí;Nordeste;-9.04459;-42.71868;27458;15.0;553;106;LULA;PT;17439;77,39;FLAVIO BOLSONARO;PL;4275;18,97;56.4;4275;27.1;47.7;47.9
pi;TAMBORIL DO PIAUÍ;Piauí;Nordeste;-8.39967;-42.91062;2989;17.56;101;10;LULA;PT;1804;76,96;FLAVIO BOLSONARO;PL;438;18,69;55.44;438;28.4;60.2;52.5
pi;TANQUE DO PIAUÍ;Piauí;Nordeste;-6.61931;-42.25051;2725;15.6;114;12;LULA;PT;1664;77,04;FLAVIO BOLSONARO;PL;369;17,08;56.3;369;26.2;53.3;47.7
pi;TERESINA;Piauí;Nordeste;-5.0863;-42.78233;592974;14.95;12737;1843;LULA;PT;296190;61,17;FLAVIO BOLSONARO;PL;152350;31,46;28.52;152350;25.7;27.3;45.1
pi;UNIÃO;Piauí;Nordeste;-4.5954;-42.84511;38750;15.55;1054;154;LULA;PT;23153;74,08;FLAVIO BOLSONARO;PL;6896;22,07;49.68;6896;28.3;50.8;49.2
pi;URUÇUÍ;Piauí;Nordeste;-7.40318;-44.56259;18909;16.02;451;73;LULA;PT;9150;60,00;FLAVIO BOLSONARO;PL;5337;34,99;24.01;5337;29.2;46.7;48.3
pi;VALENÇA DO PIAUÍ;Piauí;Nordeste;-6.4012;-41.75871;17671;17.2;511;67;LULA;PT;10447;75,10;FLAVIO BOLSONARO;PL;2933;21,08;51.35;2933;23.6;46.4;46.1
pi;VERA MENDES;Piauí;Nordeste;-7.60034;-41.49337;3670;17.68;160;14;LULA;PT;2270;80,84;FLAVIO BOLSONARO;PL;406;14,46;61.7;406;25.1;62.8;49.6
pi;VILA NOVA DO PIAUÍ;Piauí;Nordeste;-7.17625;-40.94279;3001;10.23;99;12;LULA;PT;1886;73,10;FLAVIO BOLSONARO;PL;526;20,39;50.48;526;24.9;55.3;50.3
pi;VÁRZEA BRANCA;Piauí;Nordeste;-9.28524;-42.93551;4694;15.96;136;19;LULA;PT;3211;84,97;FLAVIO BOLSONARO;PL;455;12,04;69.86;455;29.2;66.0;51.1
pi;VÁRZEA GRANDE;Piauí;Nordeste;-6.55099;-42.22845;4174;22.3;181;21;LULA;PT;2281;75,60;FLAVIO BOLSONARO;PL;616;20,42;51.34;616;24.7;53.5;47.5
pi;WALL FERRAZ;Piauí;Nordeste;-7.25578;-41.86889;4305;11.08;117;17;LULA;PT;2839;76,92;FLAVIO BOLSONARO;PL;731;19,80;55.07;731;26.9;55.4;50.3
pi;ÁGUA BRANCA;Piauí;Nordeste;-5.89527;-42.63514;15858;16.74;317;58;LULA;PT;8457;66,31;FLAVIO BOLSONARO;PL;3820;29,95;35.12;3820;26.7;43.1;46.5
rj;ANGRA DOS REIS;Rio De Janeiro;Sudeste;-22.99711;-44.3315;137071;23.14;2424;443;FLAVIO BOLSONARO;PL;62802;62,17;LULA;PT;31859;31,54;29.37;31859;25.9;43.7;48.3
rj;APERIBÉ;Rio De Janeiro;Sudeste;-21.62339;-42.10705;10135;18.33;189;35;FLAVIO BOLSONARO;PL;4917;61,68;LULA;PT;2646;33,19;27.44;2646;20.9;46.3;47.9
rj;ARARUAMA;Rio De Janeiro;Sudeste;-22.84354;-42.32289;111370;22.75;2179;325;FLAVIO BOLSONARO;PL;53415;64,98;LULA;PT;23451;28,53;34.83;23451;23.5;44.2;46.1
rj;AREAL;Rio De Janeiro;Sudeste;-22.22876;-43.10815;10270;19.85;231;33;FLAVIO BOLSONARO;PL;4555;58,08;LULA;PT;2663;33,95;22.99;2663;24.3;46.7;47.0
rj;ARMAÇÃO DOS BÚZIOS;Rio De Janeiro;Sudeste;-22.76384;-41.92944;36236;22.26;450;111;FLAVIO BOLSONARO;PL;17294;63,26;LULA;PT;8225;30,09;32.19;8225;25.4;34.5;47.0
rj;ARRAIAL DO CABO;Rio De Janeiro;Sudeste;-22.96066;-42.06159;35242;22.39;499;111;FLAVIO BOLSONARO;PL;15959;60,37;LULA;PT;8652;32,73;26.71;8652;24.6;33.0;48.1
rj;BARRA DO PIRAÍ;Rio De Janeiro;Sudeste;-22.46943;-43.84959;69309;23.81;1257;260;FLAVIO BOLSONARO;PL;24526;48,63;LULA;PT;21967;43,56;4.85;21967;22.2;43.1;46.3
rj;BARRA MANSA;Rio De Janeiro;Sudeste;-22.54044;-44.17199;133855;21.4;2997;452;FLAVIO BOLSONARO;PL;52367;52,38;LULA;PT;39813;39,82;11.93;39813;22.9;43.0;46.6
rj;BELFORD ROXO;Rio De Janeiro;Sudeste;-22.73682;-43.38041;346172;22.83;8250;1008;FLAVIO BOLSONARO;PL;144676;57,26;LULA;PT;91783;36,32;19.8;91783;28.5;47.9;46.0
rj;BOM JARDIM;Rio De Janeiro;Sudeste;-22.17885;-42.40448;22628;21.36;634;74;FLAVIO BOLSONARO;PL;9554;56,88;LULA;PT;5896;35,10;20.56;5896;22.6;58.9;48.9
rj;BOM JESUS DO ITABAPOANA;Rio De Janeiro;Sudeste;-21.13451;-41.66943;28472;20.7;466;98;FLAVIO BOLSONARO;PL;12229;56,09;LULA;PT;8216;37,68;17.77;8216;23.4;35.6;46.6
rj;CABO FRIO;Rio De Janeiro;Sudeste;-22.8114;-42.02298;179682;23.56;3140;530;FLAVIO BOLSONARO;PL;83213;63,05;LULA;PT;39944;30,27;31.5;39944;24.8;39.3;45.7
rj;CACHOEIRAS DE MACACU;Rio De Janeiro;Sudeste;-22.52682;-42.70565;46722;21.88;917;150;FLAVIO BOLSONARO;PL;20791;59,62;LULA;PT;11917;34,17;24.31;11917;23.8;50.5;48.3
rj;CAMBUCI;Rio De Janeiro;Sudeste;-21.538;-41.9179;12296;19.19;196;44;FLAVIO BOLSONARO;PL;4932;51,27;LULA;PT;4249;44,17;6.87;4249;22.0;44.2;49.6
rj;CAMPOS DOS GOYTACAZES;Rio De Janeiro;Sudeste;-21.75688;-41.31661;370466;21.6;10340;1190;FLAVIO BOLSONARO;PL;160859;59,10;LULA;PT;91105;33,47;24.02;91105;24.8;45.1;46.1
rj;CANTAGALO;Rio De Janeiro;Sudeste;-21.94233;-42.35125;15148;19.4;384;64;FLAVIO BOLSONARO;PL;6198;53,38;LULA;PT;4618;39,77;12.94;4618;22.1;42.9;48.6
rj;CARAPEBUS;Rio De Janeiro;Sudeste;-22.19106;-41.66014;13468;18.53;212;42;FLAVIO BOLSONARO;PL;6124;57,83;LULA;PT;3896;36,79;20.31;3896;25.9;38.5;49.2
rj;CARDOSO MOREIRA;Rio De Janeiro;Sudeste;-21.51193;-41.54371;12616;20.43;207;49;FLAVIO BOLSONARO;PL;6014;62,07;LULA;PT;3073;31,72;29.3;3073;22.5;50.9;48.9
rj;CARMO;Rio De Janeiro;Sudeste;-21.91461;-42.60369;14237;17.4;359;54;FLAVIO BOLSONARO;PL;5468;48,56;LULA;PT;4920;43,69;4.66;4920;23.6;42.0;47.8
rj;CASIMIRO DE ABREU;Rio De Janeiro;Sudeste;-22.51805;-42.10496;35993;22.92;593;117;FLAVIO BOLSONARO;PL;17595;65,76;LULA;PT;7582;28,34;36.09;7582;24.1;42.1;47.1
rj;COMENDADOR LEVY GASPARIAN;Rio De Janeiro;Sudeste;-22.03531;-43.22212;8033;15.1;156;30;LULA;PT;3289;50,30;FLAVIO BOLSONARO;PL;2713;41,49;8.45;2713;24.8;43.8;47.4
rj;CONCEIÇÃO DE MACABU;Rio De Janeiro;Sudeste;-22.08844;-41.85807;16681;19.06;348;78;LULA;PT;6013;46,74;FLAVIO BOLSONARO;PL;5959;46,32;0.4;5959;24.4;37.6;48.3
rj;CORDEIRO;Rio De Janeiro;Sudeste;-22.02921;-42.36868;16926;16.26;439;61;FLAVIO BOLSONARO;PL;7210;53,44;LULA;PT;5304;39,32;13.45;5304;23.3;34.6;46.2
rj;DUAS BARRAS;Rio De Janeiro;Sudeste;-22.0689;-42.49043;10314;20.22;277;34;FLAVIO BOLSONARO;PL;3919;50,18;LULA;PT;3249;41,60;8.14;3249;23.7;55.7;50.1
rj;DUQUE DE CAXIAS;Rio De Janeiro;Sudeste;-22.71768;-43.28932;634694;17.97;17392;1975;FLAVIO BOLSONARO;PL;274289;55,81;LULA;PT;183125;37,26;17.51;183125;27.9;39.9;46.3
rj;ENGENHEIRO PAULO DE FRONTIN;Rio De Janeiro;Sudeste;-22.53003;-43.65191;11116;17.21;242;42;FLAVIO BOLSONARO;PL;4502;51,08;LULA;PT;3652;41,44;9.24;3652;23.1;42.6;47.2
rj;GUAPIMIRIM;Rio De Janeiro;Sudeste;-22.55654;-42.98345;44941;21.68;752;145;FLAVIO BOLSONARO;PL;19835;58,73;LULA;PT;11616;34,40;23.35;11616;26.0;46.2;47.6
rj;IGUABA GRANDE;Rio De Janeiro;Sudeste;-22.83601;-42.22124;30569;19.08;485;95;FLAVIO BOLSONARO;PL;15517;65,00;LULA;PT;6773;28,37;35.35;6773;22.5;30.8;46.1
rj;ITABORAÍ;Rio De Janeiro;Sudeste;-22.7512;-42.84918;177920;22.64;3617;540;FLAVIO BOLSONARO;PL;71796;54,88;LULA;PT;49680;37,98;16.07;49680;25.3;49.3;47.0
rj;ITAGUAÍ;Rio De Janeiro;Sudeste;-22.8625;-43.78581;100542;21.59;1863;313;FLAVIO BOLSONARO;PL;44965;59,69;LULA;PT;24715;32,81;25.69;24715;26.7;44.6;47.5
rj;ITALVA;Rio De Janeiro;Sudeste;-21.4174;-41.68128;11648;21.32;187;52;FLAVIO BOLSONARO;PL;5937;67,11;LULA;PT;2457;27,77;37.97;2457;20.4;47.9;47.3
rj;ITAOCARA;Rio De Janeiro;Sudeste;-21.68741;-42.07347;19120;18.28;421;77;FLAVIO BOLSONARO;PL;9761;65,38;LULA;PT;4313;28,89;34.87;4313;20.5;43.2;47.2
rj;ITAPERUNA;Rio De Janeiro;Sudeste;-21.20885;-41.90019;76037;23.52;995;250;FLAVIO BOLSONARO;PL;35918;63,83;LULA;PT;17011;30,23;32.51;17011;21.4;43.7;46.4
rj;ITATIAIA;Rio De Janeiro;Sudeste;-22.47486;-44.55821;26584;21.89;368;88;FLAVIO BOLSONARO;PL;11270;56,17;LULA;PT;7164;35,71;19.77;7164;24.4;42.3;47.8
rj;JAPERI;Rio De Janeiro;Sudeste;-22.67068;-43.62066;76652;21.81;1727;244;FLAVIO BOLSONARO;PL;30840;54,35;LULA;PT;22217;39,16;14.39;22217;28.8;53.2;47.9
rj;LAJE DO MURIAÉ;Rio De Janeiro;Sudeste;-21.21004;-42.11952;6944;19.46;156;25;LULA;PT;2843;53,10;FLAVIO BOLSONARO;PL;2210;41,28;11.32;2210;25.0;42.8;48.7
rj;MACAÉ;Rio De Janeiro;Sudeste;-22.35591;-41.79713;186241;22.44;3351;559;FLAVIO BOLSONARO;PL;71870;52,07;LULA;PT;55742;40,39;11.16;55742;25.7;34.3;47.3
rj;MACUCO;Rio De Janeiro;Sudeste;-21.98477;-42.25253;7132;15.0;151;27;FLAVIO BOLSONARO;PL;2946;50,70;LULA;PT;2504;43,09;7.29;2504;24.5;38.6;47.7
rj;MAGÉ;Rio De Janeiro;Sudeste;-22.63015;-43.12933;192902;19.52;4164;621;FLAVIO BOLSONARO;PL;85481;57,92;LULA;PT;51814;35,11;21.69;51814;27.9;41.6;46.9
rj;MANGARATIBA;Rio De Janeiro;Sudeste;-22.94716;-44.00112;46501;26.71;653;139;FLAVIO BOLSONARO;PL;20418;61,99;LULA;PT;10613;32,22;28.77;10613;24.4;36.8;48.3
rj;MARICÁ;Rio De Janeiro;Sudeste;-22.93322;-42.86821;185609;22.14;3228;521;FLAVIO BOLSONARO;PL;69193;49,82;LULA;PT;59972;43,18;6.38;59972;23.8;31.1;45.8
rj;MENDES;Rio De Janeiro;Sudeste;-22.52581;-43.73357;14878;20.16;345;56;FLAVIO BOLSONARO;PL;5529;48,87;LULA;PT;4966;43,90;4.74;4966;21.8;36.1;47.4
rj;MESQUITA;Rio De Janeiro;Sudeste;-22.78554;-43.42656;136302;22.02;2699;410;FLAVIO BOLSONARO;PL;58774;57,91;LULA;PT;36083;35,55;21.35;36083;25.4;41.1;46.1
rj;MIGUEL PEREIRA;Rio De Janeiro;Sudeste;-22.47399;-43.48258;24781;22.4;462;77;FLAVIO BOLSONARO;PL;10499;56,87;LULA;PT;6675;36,16;19.88;6675;21.5;39.9;46.9
rj;MIRACEMA;Rio De Janeiro;Sudeste;-21.41214;-42.18689;21056;18.65;519;79;LULA;PT;7909;48,60;FLAVIO BOLSONARO;PL;7380;45,35;3.09;7380;23.6;36.8;46.8
rj;NATIVIDADE;Rio De Janeiro;Sudeste;-21.0374;-41.96039;12453;22.03;323;43;FLAVIO BOLSONARO;PL;4648;50,43;LULA;PT;3856;41,84;8.16;3856;23.1;38.2;47.9
rj;NILÓPOLIS;Rio De Janeiro;Sudeste;-22.80938;-43.41597;128648;21.84;2654;428;FLAVIO BOLSONARO;PL;54213;56,46;LULA;PT;35389;36,86;18.72;35389;24.1;35.2;45.1
rj;NITERÓI;Rio De Janeiro;Sudeste;-22.90188;-43.0863;412252;19.6;7611;1327;LULA;PT;154098;48,35;FLAVIO BOLSONARO;PL;139309;43,71;4.46;139309;21.8;19.5;44.4
rj;NOVA FRIBURGO;Rio De Janeiro;Sudeste;-22.27905;-42.52473;155366;22.69;4174;525;FLAVIO BOLSONARO;PL;63538;56,02;LULA;PT;39479;34,81;20.03;39479;21.6;46.1;46.3
rj;NOVA IGUAÇU;Rio De Janeiro;Sudeste;-22.74332;-43.48282;614931;22.41;15716;1830;FLAVIO BOLSONARO;PL;267454;59,45;LULA;PT;151528;33,68;24.3;151528;27.0;43.4;46.3
rj;PARACAMBI;Rio De Janeiro;Sudeste;-22.61179;-43.70561;33690;21.45;731;105;FLAVIO BOLSONARO;PL;13601;54,05;LULA;PT;9799;38,94;14.37;9799;24.0;42.3;47.2
rj;PARATY;Rio De Janeiro;Sudeste;-23.1957;-44.69787;35461;23.93;527;113;FLAVIO BOLSONARO;PL;15758;60,55;LULA;PT;8622;33,13;26.45;8622;25.5;46.9;48.5
rj;PARAÍBA DO SUL;Rio De Janeiro;Sudeste;-22.17844;-43.29352;34304;22.18;727;121;FLAVIO BOLSONARO;PL;13407;52,79;LULA;PT;9988;39,33;12.81;9988;22.9;47.6;46.7
rj;PATY DO ALFERES;Rio De Janeiro;Sudeste;-22.39263;-43.41303;24302;21.68;301;78;FLAVIO BOLSONARO;PL;11511;62,36;LULA;PT;5718;30,98;30.44;5718;23.6;53.9;47.4
rj;PETRÓPOLIS;Rio De Janeiro;Sudeste;-22.47513;-43.16985;239569;24.17;5866;804;FLAVIO BOLSONARO;PL;95783;55,88;LULA;PT;57572;33,59;21.04;57572;22.1;42.9;45.7
rj;PINHEIRAL;Rio De Janeiro;Sudeste;-22.51594;-44.00385;18820;21.5;289;56;LULA;PT;6639;46,64;FLAVIO BOLSONARO;PL;6497;45,64;0.96;6497;24.3;46.0;46.8
rj;PIRAÍ;Rio De Janeiro;Sudeste;-22.61807;-43.91013;23699;22.6;484;78;FLAVIO BOLSONARO;PL;8680;49,57;LULA;PT;7529;43,00;6.28;7529;23.7;48.8;48.1
rj;PORCIÚNCULA;Rio De Janeiro;Sudeste;-20.94298;-42.01591;13293;22.12;334;50;LULA;PT;4729;47,99;FLAVIO BOLSONARO;PL;4476;45,42;2.44;4476;24.4;42.7;48.1
rj;PORTO REAL;Rio De Janeiro;Sudeste;-22.43185;-44.30918;17925;17.28;338;57;FLAVIO BOLSONARO;PL;8172;57,23;LULA;PT;5071;35,52;20.91;5071;26.1;35.9;47.4
rj;QUATIS;Rio De Janeiro;Sudeste;-22.39639;-44.25641;10505;16.74;184;35;FLAVIO BOLSONARO;PL;4272;50,83;LULA;PT;3560;42,36;8.14;3560;24.6;42.0;48.1
rj;QUEIMADOS;Rio De Janeiro;Sudeste;-22.71507;-43.56187;104602;16.88;2273;326;FLAVIO BOLSONARO;PL;45795;55,31;LULA;PT;30676;37,05;17.39;30676;29.2;35.6;45.5
rj;QUISSAMÃ;Rio De Janeiro;Sudeste;-22.10565;-41.45021;19085;21.04;310;62;FLAVIO BOLSONARO;PL;7550;52,15;LULA;PT;6028;41,64;10.1;6028;25.5;42.3;47.8
rj;RESENDE;Rio De Janeiro;Sudeste;-22.46526;-44.46559;98020;22.94;1752;309;FLAVIO BOLSONARO;PL;43226;59,81;LULA;PT;22536;31,18;27.39;22536;23.4;36.0;46.6
rj;RIO BONITO;Rio De Janeiro;Sudeste;-22.72589;-42.61529;45412;19.99;862;145;FLAVIO BOLSONARO;PL;21566;61,96;LULA;PT;10836;31,13;29.53;10836;23.0;48.3;47.5
rj;RIO CLARO;Rio De Janeiro;Sudeste;-22.74861;-44.12835;14700;18.51;326;50;FLAVIO BOLSONARO;PL;5372;46,97;LULA;PT;5215;45,59;1.31;5215;24.9;43.8;49.5
rj;RIO DAS FLORES;Rio De Janeiro;Sudeste;-22.16961;-43.57212;8711;20.81;172;28;LULA;PT;3781;57,10;FLAVIO BOLSONARO;PL;2476;37,39;18.92;2476;25.9;46.6;47.6
rj;RIO DAS OSTRAS;Rio De Janeiro;Sudeste;-22.51337;-41.94272;107737;23.02;1943;316;FLAVIO BOLSONARO;PL;48383;60,66;LULA;PT;25447;31,90;27.65;25447;24.8;25.3;45.8
rj;RIO DE JANEIRO;Rio De Janeiro;Sudeste;-22.89977;-43.35584;4952612;26.12;113584;12635;FLAVIO BOLSONARO;PL;1662354;47,88;LULA;PT;1524517;43,91;3.77;1524517;22.9;30.4;45.1
rj;SANTA MARIA MADALENA;Rio De Janeiro;Sudeste;-21.97263;-41.96685;8846;20.85;252;33;FLAVIO BOLSONARO;PL;3277;49,48;LULA;PT;2847;42,99;6.14;2847;22.2;47.1;50.2
rj;SANTO ANTÔNIO DE PÁDUA;Rio De Janeiro;Sudeste;-21.54812;-42.19109;33702;23.48;682;120;FLAVIO BOLSONARO;PL;14849;60,14;LULA;PT;8371;33,91;25.12;8371;21.4;45.5;47.7
rj;SAPUCAIA;Rio De Janeiro;Sudeste;-22.01022;-42.84923;15786;20.38;317;57;FLAVIO BOLSONARO;PL;6814;56,67;LULA;PT;4495;37,39;18.45;4495;23.7;51.6;48.6
rj;SAQUAREMA;Rio De Janeiro;Sudeste;-22.89893;-42.49707;92059;21.81;1993;283;FLAVIO BOLSONARO;PL;44175;64,35;LULA;PT;20288;29,55;33.19;20288;22.8;40.3;46.5
rj;SEROPÉDICA;Rio De Janeiro;Sudeste;-22.77102;-43.67475;60965;22.19;1192;190;FLAVIO BOLSONARO;PL;26529;58,62;LULA;PT;15730;34,76;22.76;15730;27.0;43.8;47.7
rj;SILVA JARDIM;Rio De Janeiro;Sudeste;-22.62915;-42.41415;18674;20.16;381;61;FLAVIO BOLSONARO;PL;8932;62,55;LULA;PT;4450;31,16;30.06;4450;25.8;50.4;48.8
rj;SUMIDOURO;Rio De Janeiro;Sudeste;-22.11653;-42.6782;14193;16.66;239;53;FLAVIO BOLSONARO;PL;7366;64,84;LULA;PT;3345;29,45;34.0;3345;23.9;65.4;49.5
rj;SÃO FIDÉLIS;Rio De Janeiro;Sudeste;-21.6446;-41.77192;30178;21.48;540;111;FLAVIO BOLSONARO;PL;14248;62,48;LULA;PT;7229;31,70;29.62;7229;22.5;42.9;48.1
rj;SÃO FRANCISCO DE ITABAPOANA;Rio De Janeiro;Sudeste;-21.42681;-41.09037;39905;25.94;662;139;FLAVIO BOLSONARO;PL;18882;66,67;LULA;PT;8000;28,25;36.82;8000;23.5;60.5;48.9
rj;SÃO GONÇALO;Rio De Janeiro;Sudeste;-22.82684;-43.02496;653184;23.46;16351;2019;FLAVIO BOLSONARO;PL;247529;52,37;LULA;PT;190984;40,41;11.31;190984;23.6;42.3;45.6
rj;SÃO JOSÉ DE UBÁ;Rio De Janeiro;Sudeste;-21.36582;-41.94426;7636;20.31;151;24;FLAVIO BOLSONARO;PL;3697;63,12;LULA;PT;1881;32,12;29.84;1881;22.1;55.4;49.3
rj;SÃO JOSÉ DO VALE DO RIO PRETO;Rio De Janeiro;Sudeste;-22.1608;-42.94031;16230;20.09;269;60;FLAVIO BOLSONARO;PL;9219;74,11;LULA;PT;2314;18,60;53.24;2314;25.5;54.7;48.1
rj;SÃO JOÃO DA BARRA;Rio De Janeiro;Sudeste;-21.7234;-41.06177;43094;19.04;1037;137;FLAVIO BOLSONARO;PL;19786;59,95;LULA;PT;10656;32,29;26.17;10656;25.5;43.5;47.8
rj;SÃO JOÃO DE MERITI;Rio De Janeiro;Sudeste;-22.78675;-43.36788;340128;18.63;9194;1090;FLAVIO BOLSONARO;PL;147563;56,48;LULA;PT;96017;36,75;18.62;96017;26.7;38.7;46.4
rj;SÃO PEDRO DA ALDEIA;Rio De Janeiro;Sudeste;-22.83682;-42.09043;74913;21.91;1212;244;FLAVIO BOLSONARO;PL;38306;68,04;LULA;PT;14421;25,62;40.83;14421;25.2;39.4;47.3
rj;SÃO SEBASTIÃO DO ALTO;Rio De Janeiro;Sudeste;-21.85006;-42.07091;7793;22.66;210;28;FLAVIO BOLSONARO;PL;3248;56,77;LULA;PT;2181;38,12;17.7;2181;21.4;50.4;49.1
rj;TANGUÁ;Rio De Janeiro;Sudeste;-22.74235;-42.72722;26468;19.81;445;79;FLAVIO BOLSONARO;PL;11510;56,58;LULA;PT;7530;37,02;18.75;7530;25.2;55.8;48.2
rj;TERESÓPOLIS;Rio De Janeiro;Sudeste;-22.38887;-42.94237;133712;22.75;3021;422;FLAVIO BOLSONARO;PL;61584;62,80;LULA;PT;28112;28,67;32.4;28112;23.4;43.2;46.2
rj;TRAJANO DE MORAES;Rio De Janeiro;Sudeste;-22.12159;-42.13631;9269;19.46;251;34;FLAVIO BOLSONARO;PL;3561;50,08;LULA;PT;3122;43,91;5.88;3122;22.6;51.6;49.8
rj;TRÊS RIOS;Rio De Janeiro;Sudeste;-22.11331;-43.19751;62480;21.75;1235;215;FLAVIO BOLSONARO;PL;21385;46,07;LULA;PT;20997;45,23;0.79;20997;23.5;42.6;45.7
rj;VALENÇA;Rio De Janeiro;Sudeste;-22.24234;-43.73501;56821;26.22;1152;196;LULA;PT;20463;51,31;FLAVIO BOLSONARO;PL;16207;40,64;10.15;16207;22.3;44.9;46.8
rj;VARRE-SAI;Rio De Janeiro;Sudeste;-20.92139;-41.85578;8788;19.65;202;28;FLAVIO BOLSONARO;PL;4219;62,63;LULA;PT;2102;31,21;29.98;2102;26.7;52.0;50.0
rj;VASSOURAS;Rio De Janeiro;Sudeste;-22.39321;-43.64539;29259;20.7;566;98;FLAVIO BOLSONARO;PL;11112;50,19;LULA;PT;9316;42,08;7.74;9316;24.9;37.9;46.2
rj;VOLTA REDONDA;Rio De Janeiro;Sudeste;-22.50611;-44.09908;221957;22.32;4167;705;FLAVIO BOLSONARO;PL;82586;50,06;LULA;PT;69383;42,06;7.66;69383;22.2;35.0;45.9
rn;ACARI;Rio Grande Do Norte;Nordeste;-6.43181;-36.6395;9368;19.63;292;29;LULA;PT;4256;59,78;FLAVIO BOLSONARO;PL;2438;34,24;24.15;2438;22.1;40.2;47.5
rn;AFONSO BEZERRA;Rio Grande Do Norte;Nordeste;-5.48469;-36.56506;10537;19.76;229;33;LULA;PT;5434;66,88;FLAVIO BOLSONARO;PL;2322;28,58;36.81;2322;27.7;50.9;49.4
rn;ALEXANDRIA;Rio Grande Do Norte;Nordeste;-6.41438;-38.0155;11804;19.93;281;41;LULA;PT;7130;78,40;FLAVIO BOLSONARO;PL;1673;18,40;57.73;1673;23.5;56.6;47.6
rn;ALMINO AFONSO;Rio Grande Do Norte;Nordeste;-6.1542;-37.76378;5166;16.01;104;21;LULA;PT;3274;78,53;FLAVIO BOLSONARO;PL;759;18,21;57.96;759;23.4;49.8;49.3
rn;ALTO DO RODRIGUES;Rio Grande Do Norte;Nordeste;-5.32243;-36.76578;12062;20.59;284;39;LULA;PT;6898;75,13;FLAVIO BOLSONARO;PL;1811;19,73;53.11;1811;26.0;44.0;48.3
rn;ANGICOS;Rio Grande Do Norte;Nordeste;-5.66478;-36.6016;10219;17.84;244;31;LULA;PT;5255;65,22;FLAVIO BOLSONARO;PL;2434;30,21;33.6;2434;24.8;46.9;47.7
rn;ANTÔNIO MARTINS;Rio Grande Do Norte;Nordeste;-6.21569;-37.89087;5912;14.97;217;23;LULA;PT;3807;80,13;FLAVIO BOLSONARO;PL;796;16,75;59.9;796;24.1;59.2;48.1
rn;APODI;Rio Grande Do Norte;Nordeste;-5.66185;-37.79926;30219;14.55;740;91;LULA;PT;17301;70,15;FLAVIO BOLSONARO;PL;5839;23,68;44.39;5839;24.5;48.2;48.3
rn;AREIA BRANCA;Rio Grande Do Norte;Nordeste;-4.95632;-37.10022;22037;20.43;669;75;LULA;PT;10235;61,87;FLAVIO BOLSONARO;PL;5319;32,15;28.04;5319;24.7;40.8;47.9
rn;AREZ;Rio Grande Do Norte;Nordeste;-6.19038;-35.17619;11506;19.37;367;36;LULA;PT;5474;62,82;FLAVIO BOLSONARO;PL;2899;33,27;27.76;2899;26.8;50.7;48.3
rn;ASSÚ;Rio Grande Do Norte;Nordeste;-5.55777;-36.92298;45551;18.9;1026;133;LULA;PT;24169;68,39;FLAVIO BOLSONARO;PL;9376;26,53;40.04;9376;26.1;48.7;47.4
rn;BARAÚNA;Rio Grande Do Norte;Nordeste;-5.07471;-37.61765;22038;17.64;486;63;LULA;PT;10688;61,45;FLAVIO BOLSONARO;PL;5833;33,53;26.75;5833;29.1;59.8;48.8
rn;BARCELONA;Rio Grande Do Norte;Nordeste;-5.94963;-35.92761;4679;17.14;132;14;LULA;PT;2122;57,21;FLAVIO BOLSONARO;PL;1433;38,64;17.77;1433;26.9;58.9;50.0
rn;BAÍA FORMOSA;Rio Grande Do Norte;Nordeste;-6.37926;-35.00828;7404;20.23;164;24;LULA;PT;3331;58,95;FLAVIO BOLSONARO;PL;2045;36,19;21.77;2045;26.1;48.9;48.7
rn;BENTO FERNANDES;Rio Grande Do Norte;Nordeste;-5.68533;-35.82045;4926;15.79;115;19;LULA;PT;2902;72,75;FLAVIO BOLSONARO;PL;927;23,24;47.61;927;30.1;54.4;50.4
rn;BOA SAÚDE;Rio Grande Do Norte;Nordeste;-6.14698;-35.59008;8062;18.56;301;25;LULA;PT;3665;59,33;FLAVIO BOLSONARO;PL;2199;35,60;22.33;2199;28.5;55.4;49.8
rn;BODÓ;Rio Grande Do Norte;Nordeste;-5.98762;-36.41147;3784;22.28;93;11;LULA;PT;2094;74,65;FLAVIO BOLSONARO;PL;602;21,46;50.73;602;28.3;55.5;51.1
rn;BOM JESUS;Rio Grande Do Norte;Nordeste;-5.98827;-35.58077;9083;17.67;223;30;LULA;PT;4354;60,79;FLAVIO BOLSONARO;PL;2466;34,43;25.25;2466;28.5;56.4;49.3
rn;BREJINHO;Rio Grande Do Norte;Nordeste;-6.19479;-35.35837;10102;21.14;297;30;LULA;PT;4750;63,09;FLAVIO BOLSONARO;PL;2424;32,20;29.2;2424;27.7;53.2;47.9
rn;CAICÓ;Rio Grande Do Norte;Nordeste;-6.46027;-37.09505;45036;15.78;1040;137;LULA;PT;21376;58,91;FLAVIO BOLSONARO;PL;12738;35,11;22.77;12738;23.6;38.9;46.2
rn;CAIÇARA DO NORTE;Rio Grande Do Norte;Nordeste;-5.0844;-36.05811;5551;20.68;126;18;LULA;PT;2536;60,15;FLAVIO BOLSONARO;PL;1470;34,87;24.21;1470;28.0;56.3;49.1
rn;CAIÇARA DO RIO DO VENTO;Rio Grande Do Norte;Nordeste;-5.75922;-35.99786;4196;16.28;103;13;LULA;PT;2208;65,31;FLAVIO BOLSONARO;PL;1023;30,26;33.73;1023;27.9;51.5;49.1
rn;CAMPO GRANDE;Rio Grande Do Norte;Nordeste;-5.84972;-37.32712;8816;18.01;211;32;LULA;PT;4590;66,54;FLAVIO BOLSONARO;PL;2022;29,31;35.53;2022;25.6;51.5;49.4
rn;CAMPO REDONDO;Rio Grande Do Norte;Nordeste;-6.23685;-36.17985;8619;18.64;211;26;LULA;PT;5150;76,96;FLAVIO BOLSONARO;PL;1330;19,87;54.48;1330;26.3;47.7;48.8
rn;CANGUARETAMA;Rio Grande Do Norte;Nordeste;-6.37733;-35.13649;24690;19.13;537;88;LULA;PT;13380;69,84;FLAVIO BOLSONARO;PL;4971;25,95;42.11;4971;29.6;55.1;48.2
rn;CARAÚBAS;Rio Grande Do Norte;Nordeste;-5.76835;-37.56745;18980;16.71;427;63;LULA;PT;11048;73,28;FLAVIO BOLSONARO;PL;3295;21,86;49.04;3295;25.0;52.2;48.5
rn;CARNAUBAIS;Rio Grande Do Norte;Nordeste;-5.31981;-36.83015;8684;18.26;239;27;LULA;PT;4791;70,87;FLAVIO BOLSONARO;PL;1637;24,22;44.44;1637;25.5;53.5;49.5
rn;CARNAÚBA DOS DANTAS;Rio Grande Do Norte;Nordeste;-6.55681;-36.59038;6324;16.4;233;17;LULA;PT;2382;48,29;FLAVIO BOLSONARO;PL;2061;41,78;6.07;2061;25.1;42.9;48.9
rn;CEARÁ-MIRIM;Rio Grande Do Norte;Nordeste;-5.62474;-35.40208;60280;17.88;1520;201;LULA;PT;31895;67,69;FLAVIO BOLSONARO;PL;12957;27,50;38.26;12957;28.8;48.3;47.4
rn;CERRO CORÁ;Rio Grande Do Norte;Nordeste;-6.04324;-36.34867;9720;22.55;301;29;LULA;PT;5130;71,89;FLAVIO BOLSONARO;PL;1660;23,26;46.09;1660;25.2;53.9;49.2
rn;CORONEL EZEQUIEL;Rio Grande Do Norte;Nordeste;-6.38511;-36.21553;4902;17.95;140;16;LULA;PT;2630;68,63;FLAVIO BOLSONARO;PL;1021;26,64;40.0;1021;26.0;62.4;50.0
rn;CORONEL JOÃO PESSOA;Rio Grande Do Norte;Nordeste;-6.26228;-38.44461;4073;18.14;139;15;LULA;PT;2430;76,95;FLAVIO BOLSONARO;PL;568;17,99;55.85;568;28.3;59.6;48.8
rn;CRUZETA;Rio Grande Do Norte;Nordeste;-6.41294;-36.78725;6955;17.84;197;21;LULA;PT;3654;67,69;FLAVIO BOLSONARO;PL;1479;27,40;38.06;1479;23.0;45.9;48.1
rn;CURRAIS NOVOS;Rio Grande Do Norte;Nordeste;-6.25938;-36.51388;32922;19.42;863;109;LULA;PT;14921;59,27;FLAVIO BOLSONARO;PL;8808;34,99;23.04;8808;24.0;39.7;46.2
rn;DOUTOR SEVERIANO;Rio Grande Do Norte;Nordeste;-6.10249;-38.39011;6326;17.55;124;24;LULA;PT;4046;80,20;FLAVIO BOLSONARO;PL;758;15,02;63.04;758;24.5;53.0;48.3
rn;ENCANTO;Rio Grande Do Norte;Nordeste;-6.11275;-38.31117;5141;18.46;131;15;LULA;PT;3137;77,86;FLAVIO BOLSONARO;PL;759;18,84;56.73;759;26.7;54.8;48.1
rn;EQUADOR;Rio Grande Do Norte;Nordeste;-6.94618;-36.71543;4769;16.57;156;16;LULA;PT;2470;65,64;FLAVIO BOLSONARO;PL;1097;29,15;34.51;1097;26.6;50.6;49.5
rn;ESPÍRITO SANTO;Rio Grande Do Norte;Nordeste;-6.33686;-35.31036;7961;19.86;236;25;LULA;PT;3306;54,78;FLAVIO BOLSONARO;PL;2483;41,14;12.9;2483;28.3;57.4;48.5
rn;EXTREMOZ;Rio Grande Do Norte;Nordeste;-5.68192;-35.27028;39504;17.25;878;116;LULA;PT;15787;50,38;FLAVIO BOLSONARO;PL;13692;43,70;6.41;13692;28.9;36.5;46.1
rn;FELIPE GUERRA;Rio Grande Do Norte;Nordeste;-5.5998;-37.69396;7070;14.88;153;20;LULA;PT;4477;77,54;FLAVIO BOLSONARO;PL;1091;18,90;56.26;1091;24.0;47.4;48.7
rn;FERNANDO PEDROZA;Rio Grande Do Norte;Nordeste;-5.69584;-36.53085;3409;16.13;108;12;LULA;PT;1763;64,89;FLAVIO BOLSONARO;PL;871;32,06;31.2;871;24.5;49.8;51.1
rn;FLORÂNIA;Rio Grande Do Norte;Nordeste;-6.11425;-36.80517;8397;18.21;217;29;LULA;PT;4517;68,56;FLAVIO BOLSONARO;PL;1722;26,14;40.7;1722;23.2;47.2;49.2
rn;FRANCISCO DANTAS;Rio Grande Do Norte;Nordeste;-6.08822;-38.1248;2868;14.89;76;13;LULA;PT;1754;74,64;FLAVIO BOLSONARO;PL;486;20,68;51.95;486;24.4;51.6;48.4
rn;FRUTUOSO GOMES;Rio Grande Do Norte;Nordeste;-6.15935;-37.84078;4173;15.79;56;14;LULA;PT;2677;78,37;FLAVIO BOLSONARO;PL;608;17,80;58.88;608;22.4;54.3;47.7
rn;GALINHOS;Rio Grande Do Norte;Nordeste;-5.11625;-36.24171;2858;18.61;45;10;FLAVIO BOLSONARO;PL;1089;48,34;LULA;PT;1041;46,21;2.06;1041;29.6;53.0;49.6
rn;GOIANINHA;Rio Grande Do Norte;Nordeste;-6.27049;-35.20791;22264;17.59;662;70;LULA;PT;10212;58,91;FLAVIO BOLSONARO;PL;6322;36,47;21.2;6322;30.1;50.4;47.5
rn;GOVERNADOR DIX-SEPT ROSADO;Rio Grande Do Norte;Nordeste;-5.4589;-37.52035;12132;17.24;392;39;LULA;PT;6889;72,90;FLAVIO BOLSONARO;PL;2133;22,57;47.37;2133;25.4;55.6;49.3
rn;GROSSOS;Rio Grande Do Norte;Nordeste;-4.97097;-37.16079;9557;14.05;255;31;LULA;PT;4909;63,07;FLAVIO BOLSONARO;PL;2484;31,92;29.52;2484;25.3;51.3;48.3
rn;GUAMARÉ;Rio Grande Do Norte;Nordeste;-5.1735;-36.34427;15625;22.78;346;45;LULA;PT;7385;63,89;FLAVIO BOLSONARO;PL;3479;30,10;32.37;3479;29.0;51.2;48.3
rn;IELMO MARINHO;Rio Grande Do Norte;Nordeste;-5.78617;-35.53617;11530;15.4;210;40;LULA;PT;6124;65,02;FLAVIO BOLSONARO;PL;2811;29,84;33.97;2811;29.6;60.5;50.8
rn;IPANGUAÇU;Rio Grande Do Norte;Nordeste;-5.52255;-36.85992;12911;19.33;222;39;LULA;PT;7437;73,78;FLAVIO BOLSONARO;PL;2301;22,83;49.31;2301;26.1;53.9;48.6
rn;IPUEIRA;Rio Grande Do Norte;Nordeste;-6.81719;-37.19819;2185;16.11;31;7;LULA;PT;1276;71,28;FLAVIO BOLSONARO;PL;441;24,64;45.55;441;24.4;41.3;49.1
rn;ITAJÁ;Rio Grande Do Norte;Nordeste;-5.64038;-36.86962;7286;18.01;119;21;LULA;PT;3859;66,82;FLAVIO BOLSONARO;PL;1693;29,32;36.26;1693;27.5;50.8;50.0
rn;ITAÚ;Rio Grande Do Norte;Nordeste;-5.84012;-37.99119;5189;17.44;136;16;LULA;PT;2930;71,45;FLAVIO BOLSONARO;PL;976;23,80;45.61;976;24.7;47.7;48.4
rn;JANDAÍRA;Rio Grande Do Norte;Nordeste;-5.34133;-36.13293;6396;16.73;165;19;LULA;PT;3384;66,30;FLAVIO BOLSONARO;PL;1514;29,66;35.11;1514;29.9;53.5;49.7
rn;JANDUÍS;Rio Grande Do Norte;Nordeste;-6.01865;-37.40552;4474;16.72;83;17;LULA;PT;2715;75,54;FLAVIO BOLSONARO;PL;778;21,65;51.99;778;24.6;51.4;46.6
rn;JAPI;Rio Grande Do Norte;Nordeste;-6.47327;-35.93307;5746;17.96;143;17;LULA;PT;3530;77,96;FLAVIO BOLSONARO;PL;859;18,97;56.66;859;28.1;59.6;48.1
rn;JARDIM DE ANGICOS;Rio Grande Do Norte;Nordeste;-5.62481;-35.97658;3156;14.61;66;13;LULA;PT;1865;71,70;FLAVIO BOLSONARO;PL;587;22,57;47.42;587;26.6;56.0;51.3
rn;JARDIM DE PIRANHAS;Rio Grande Do Norte;Nordeste;-6.3805;-37.34523;11100;14.23;224;35;LULA;PT;7115;77,52;FLAVIO BOLSONARO;PL;1680;18,30;57.09;1680;24.9;56.0;48.1
rn;JARDIM DO SERIDÓ;Rio Grande Do Norte;Nordeste;-6.58842;-36.77557;10316;15.23;391;34;LULA;PT;5010;61,51;FLAVIO BOLSONARO;PL;2599;31,91;27.57;2599;21.4;46.4;47.6
rn;JAÇANÃ;Rio Grande Do Norte;Nordeste;-6.42844;-36.20502;6324;17.03;186;20;LULA;PT;3488;69,87;FLAVIO BOLSONARO;PL;1293;25,90;41.83;1293;26.2;53.9;48.2
rn;JOSÉ DA PENHA;Rio Grande Do Norte;Nordeste;-6.32973;-38.28786;5251;18.8;129;17;LULA;PT;3329;81,61;FLAVIO BOLSONARO;PL;627;15,37;63.37;627;25.0;59.5;47.3
rn;JOÃO CÂMARA;Rio Grande Do Norte;Nordeste;-5.52061;-35.83216;27705;16.95;651;93;LULA;PT;14852;67,42;FLAVIO BOLSONARO;PL;6155;27,94;37.8;6155;30.3;53.7;48.1
rn;JOÃO DIAS;Rio Grande Do Norte;Nordeste;-6.40453;-38.01174;3082;22.62;89;10;LULA;PT;1689;74,41;FLAVIO BOLSONARO;PL;494;21,76;50.1;494;28.4;63.1;49.5
rn;JUCURUTU;Rio Grande Do Norte;Nordeste;-6.04562;-37.02102;15421;16.14;392;59;LULA;PT;8585;69,32;FLAVIO BOLSONARO;PL;3261;26,33;41.17;3261;23.6;56.1;49.0
rn;JUNDIÁ;Rio Grande Do Norte;Nordeste;-6.26843;-35.3338;4775;17.8;142;15;LULA;PT;2251;60,45;FLAVIO BOLSONARO;PL;1282;34,43;24.69;1282;29.0;53.5;51.2
rn;LAGOA D'ANTA;Rio Grande Do Norte;Nordeste;-6.39473;-35.59501;6393;20.01;154;19;LULA;PT;3586;73,06;FLAVIO BOLSONARO;PL;1160;23,63;47.44;1160;30.8;57.0;49.7
rn;LAGOA DE PEDRAS;Rio Grande Do Norte;Nordeste;-6.15807;-35.43926;7693;17.11;244;23;LULA;PT;4148;68,74;FLAVIO BOLSONARO;PL;1589;26,33;40.13;1589;29.8;56.4;49.4
rn;LAGOA DE VELHOS;Rio Grande Do Norte;Nordeste;-6.00538;-35.87216;3314;16.84;87;11;LULA;PT;1665;63,16;FLAVIO BOLSONARO;PL;834;31,64;30.15;834;27.9;57.4;51.8
rn;LAGOA NOVA;Rio Grande Do Norte;Nordeste;-6.09738;-36.49504;12875;21.4;321;45;LULA;PT;6509;67,71;FLAVIO BOLSONARO;PL;2666;27,73;37.97;2666;26.3;56.0;47.6
rn;LAGOA SALGADA;Rio Grande Do Norte;Nordeste;-6.12759;-35.47863;9613;19.63;363;29;LULA;PT;4669;64,78;FLAVIO BOLSONARO;PL;2255;31,29;31.25;2255;29.2;59.5;49.4
rn;LAJES;Rio Grande Do Norte;Nordeste;-5.69823;-36.24301;9481;19.99;211;29;LULA;PT;5008;68,57;FLAVIO BOLSONARO;PL;1935;26,50;40.51;1935;25.0;44.8;48.6
rn;LAJES PINTADAS;Rio Grande Do Norte;Nordeste;-6.1511;-36.11928;5230;16.58;124;19;LULA;PT;2695;64,60;FLAVIO BOLSONARO;PL;1331;31,90;31.26;1331;26.9;50.5;49.9
rn;LUCRÉCIA;Rio Grande Do Norte;Nordeste;-6.11762;-37.81274;3467;13.35;56;12;LULA;PT;2252;76,97;FLAVIO BOLSONARO;PL;567;19,38;56.09;567;25.5;47.0;49.1
rn;LUÍS GOMES;Rio Grande Do Norte;Nordeste;-6.41545;-38.38645;7360;23.34;224;27;LULA;PT;4426;82,76;FLAVIO BOLSONARO;PL;807;15,09;64.14;807;24.6;56.7;48.1
rn;MACAU;Rio Grande Do Norte;Nordeste;-5.11729;-36.60499;22534;21.49;447;78;LULA;PT;12556;73,99;FLAVIO BOLSONARO;PL;3551;20,92;50.9;3551;24.3;47.4;47.5
rn;MACAÍBA;Rio Grande Do Norte;Nordeste;-5.88286;-35.37632;54350;17.01;1593;172;LULA;PT;25616;59,91;FLAVIO BOLSONARO;PL;14839;34,70;23.89;14839;27.3;50.7;46.8
rn;MAJOR SALES;Rio Grande Do Norte;Nordeste;-6.4044;-38.32401;3212;19.21;85;10;LULA;PT;1944;78,20;FLAVIO BOLSONARO;PL;438;17,62;58.03;438;23.4;55.9;47.6
rn;MARCELINO VIEIRA;Rio Grande Do Norte;Nordeste;-6.2942;-38.16247;7032;15.87;191;22;LULA;PT;4576;80,83;FLAVIO BOLSONARO;PL;942;16,64;61.43;942;25.7;55.2;48.5
rn;MARTINS;Rio Grande Do Norte;Nordeste;-6.08443;-37.91478;7611;18.54;173;25;LULA;PT;4300;72,01;FLAVIO BOLSONARO;PL;1436;24,05;46.19;1436;23.8;45.8;47.7
rn;MAXARANGUAPE;Rio Grande Do Norte;Nordeste;-5.48893;-35.30684;10437;18.54;223;32;LULA;PT;4958;60,85;FLAVIO BOLSONARO;PL;2810;34,49;25.26;2810;29.2;50.0;49.5
rn;MESSIAS TARGINO;Rio Grande Do Norte;Nordeste;-6.08037;-37.5147;4715;15.04;123;18;LULA;PT;2586;67,47;FLAVIO BOLSONARO;PL;1099;28,67;37.12;1099;26.8;47.4;48.4
rn;MONTANHAS;Rio Grande Do Norte;Nordeste;-6.48682;-35.2863;9623;19.9;284;35;LULA;PT;5215;71,41;FLAVIO BOLSONARO;PL;1797;24,61;44.34;1797;28.3;57.9;48.5
rn;MONTE ALEGRE;Rio Grande Do Norte;Nordeste;-6.09326;-35.35737;17267;18.23;485;58;LULA;PT;7772;58,00;FLAVIO BOLSONARO;PL;5043;37,64;19.33;5043;28.8;55.0;48.1
rn;MONTE DAS GAMELEIRAS;Rio Grande Do Norte;Nordeste;-6.44007;-35.7846;3052;15.56;85;10;LULA;PT;1480;60,06;FLAVIO BOLSONARO;PL;875;35,51;23.48;875;28.8;49.9;50.5
rn;MOSSORÓ;Rio Grande Do Norte;Nordeste;-5.18508;-37.34841;188013;15.96;4904;564;LULA;PT;85507;56,94;FLAVIO BOLSONARO;PL;54321;36,17;19.74;54321;25.4;34.3;46.4
rn;NATAL;Rio Grande Do Norte;Nordeste;-5.79894;-35.22936;573148;20.51;12495;1477;LULA;PT;213790;48,99;FLAVIO BOLSONARO;PL;192739;44,17;4.62;192739;24.7;26.8;44.8
rn;NOVA CRUZ;Rio Grande Do Norte;Nordeste;-6.48018;-35.43427;27948;19.61;785;97;LULA;PT;13168;61,90;FLAVIO BOLSONARO;PL;7238;34,03;26.39;7238;27.6;52.3;46.7
rn;NÍSIA FLORESTA;Rio Grande Do Norte;Nordeste;-6.05999;-35.17067;23401;16.5;596;74;LULA;PT;10173;54,61;FLAVIO BOLSONARO;PL;7562;40,59;13.36;7562;28.6;51.5;49.4
rn;OLHO D'ÁGUA DO BORGES;Rio Grande Do Norte;Nordeste;-5.95609;-37.70551;4689;19.04;122;18;LULA;PT;2605;72,14;FLAVIO BOLSONARO;PL;851;23,57;46.21;851;24.2;53.8;50.9
rn;OURO BRANCO;Rio Grande Do Norte;Nordeste;-6.70292;-36.94447;4580;17.95;126;14;LULA;PT;2406;67,43;FLAVIO BOLSONARO;PL;975;27,33;38.08;975;22.2;48.5;49.7
rn;PARANÁ;Rio Grande Do Norte;Nordeste;-6.47072;-38.28034;4235;20.68;89;14;LULA;PT;2700;83,28;FLAVIO BOLSONARO;PL;461;14,22;66.66;461;25.1;55.9;51.1
rn;PARAZINHO;Rio Grande Do Norte;Nordeste;-5.23703;-35.86625;5532;18.0;138;17;LULA;PT;2871;65,97;FLAVIO BOLSONARO;PL;1337;30,72;33.82;1337;30.9;57.7;48.6
rn;PARAÚ;Rio Grande Do Norte;Nordeste;-5.77659;-37.10168;4339;16.36;137;19;LULA;PT;2319;67,43;FLAVIO BOLSONARO;PL;963;28,00;37.37;963;25.8;48.3;50.0
rn;PARELHAS;Rio Grande Do Norte;Nordeste;-6.68646;-36.65307;17461;15.89;677;57;LULA;PT;7308;53,56;FLAVIO BOLSONARO;PL;5159;37,81;14.63;5159;24.0;43.5;47.7
rn;PARNAMIRIM;Rio Grande Do Norte;Nordeste;-5.91461;-35.25091;147649;17.56;3271;427;FLAVIO BOLSONARO;PL;59345;50,92;LULA;PT;49084;42,12;8.43;49084;27.7;27.7;45.8
rn;PASSA E FICA;Rio Grande Do Norte;Nordeste;-6.43345;-35.64608;10054;18.05;313;31;LULA;PT;4469;57,43;FLAVIO BOLSONARO;PL;2928;37,63;18.7;2928;27.4;54.6;47.5
rn;PASSAGEM;Rio Grande Do Norte;Nordeste;-6.27819;-35.3767;4547;15.92;127;13;LULA;PT;2090;57,42;FLAVIO BOLSONARO;PL;1377;37,83;18.65;1377;29.4;51.4;49.7
rn;PATU;Rio Grande Do Norte;Nordeste;-6.10662;-37.63771;9946;16.45;251;29;LULA;PT;5488;68,93;FLAVIO BOLSONARO;PL;2113;26,54;40.61;2113;25.4;49.1;47.3
rn;PAU DOS FERROS;Rio Grande Do Norte;Nordeste;-6.11491;-38.20597;21145;16.96;466;72;LULA;PT;11673;69,26;FLAVIO BOLSONARO;PL;4466;26,50;41.05;4466;25.3;40.2;46.0
rn;PEDRA GRANDE;Rio Grande Do Norte;Nordeste;-5.1262;-35.86471;4340;21.94;82;15;LULA;PT;2292;69,96;FLAVIO BOLSONARO;PL;832;25,40;43.09;832;30.9;53.5;48.7
rn;PEDRA PRETA;Rio Grande Do Norte;Nordeste;-5.58014;-36.1033;3295;17.3;72;10;LULA;PT;1692;64,24;FLAVIO BOLSONARO;PL;833;31,62;31.52;833;28.7;51.1;51.9
rn;PEDRO AVELINO;Rio Grande Do Norte;Nordeste;-5.52147;-36.3868;6554;24.26;172;22;LULA;PT;3214;67,89;FLAVIO BOLSONARO;PL;1312;27,71;38.32;1312;25.4;56.3;50.0
rn;PEDRO VELHO;Rio Grande Do Norte;Nordeste;-6.44245;-35.22543;11914;18.37;339;43;LULA;PT;6346;68,61;FLAVIO BOLSONARO;PL;2551;27,58;39.02;2551;28.2;52.8;48.2
rn;PENDÊNCIAS;Rio Grande Do Norte;Nordeste;-5.26506;-36.69289;10931;21.53;225;38;LULA;PT;6152;74,62;FLAVIO BOLSONARO;PL;1752;21,25;51.29;1752;26.3;46.7;48.1
rn;PILÕES;Rio Grande Do Norte;Nordeste;-6.40455;-38.01178;3577;19.23;51;12;LULA;PT;2330;82,86;FLAVIO BOLSONARO;PL;406;14,44;66.6;406;23.2;59.6;49.7
rn;PORTALEGRE;Rio Grande Do Norte;Nordeste;-6.02818;-37.98845;6896;19.07;190;20;LULA;PT;3291;62,21;FLAVIO BOLSONARO;PL;1768;33,42;27.29;1768;23.6;51.0;47.9
rn;PORTO DO MANGUE;Rio Grande Do Norte;Nordeste;-5.07572;-36.81589;5103;18.24;112;16;LULA;PT;2980;74,31;FLAVIO BOLSONARO;PL;823;20,52;51.7;823;30.0;59.4;51.1
rn;POÇO BRANCO;Rio Grande Do Norte;Nordeste;-5.60353;-35.68299;11674;17.9;305;43;LULA;PT;7013;76,79;FLAVIO BOLSONARO;PL;1756;19,23;54.85;1756;29.1;52.0;49.8
rn;PUREZA;Rio Grande Do Norte;Nordeste;-5.42855;-35.5839;8502;17.13;254;30;LULA;PT;4754;71,21;FLAVIO BOLSONARO;PL;1690;25,31;43.49;1690;29.8;53.5;49.7
rn;RAFAEL FERNANDES;Rio Grande Do Norte;Nordeste;-6.194;-38.22482;4933;16.93;128;15;LULA;PT;3032;77,54;FLAVIO BOLSONARO;PL;744;19,03;55.83;744;25.8;52.4;49.4
rn;RAFAEL GODEIRO;Rio Grande Do Norte;Nordeste;-6.07581;-37.716;3667;17.73;52;11;LULA;PT;1594;54,27;FLAVIO BOLSONARO;PL;1268;43,17;10.81;1268;23.3;50.2;49.1
rn;RIACHO DA CRUZ;Rio Grande Do Norte;Nordeste;-5.93736;-37.9479;2759;14.32;62;9;LULA;PT;1712;75,15;FLAVIO BOLSONARO;PL;499;21,91;51.31;499;26.3;51.3;49.5
rn;RIACHO DE SANTANA;Rio Grande Do Norte;Nordeste;-6.26428;-38.31479;3843;17.64;119;11;LULA;PT;2436;80,66;FLAVIO BOLSONARO;PL;470;15,56;62.12;470;25.0;54.7;49.9
rn;RIACHUELO;Rio Grande Do Norte;Nordeste;-5.8035;-35.83735;6909;16.56;154;21;LULA;PT;3609;64,84;FLAVIO BOLSONARO;PL;1781;32,00;31.71;1781;30.7;49.8;49.0
rn;RIO DO FOGO;Rio Grande Do Norte;Nordeste;-5.32678;-35.39342;10982;17.16;209;37;LULA;PT;4901;56,02;FLAVIO BOLSONARO;PL;3468;39,64;15.75;3468;30.0;51.4;48.6
rn;RODOLFO FERNANDES;Rio Grande Do Norte;Nordeste;-5.79128;-38.06155;4641;16.66;105;16;LULA;PT;2488;66,68;FLAVIO BOLSONARO;PL;1095;29,35;36.01;1095;26.6;53.5;48.8
rn;RUY BARBOSA;Rio Grande Do Norte;Nordeste;-5.88299;-35.9359;4188;19.48;88;13;LULA;PT;1637;50,34;FLAVIO BOLSONARO;PL;1503;46,22;3.97;1503;28.4;49.7;51.1
rn;SANTA CRUZ;Rio Grande Do Norte;Nordeste;-6.22937;-36.02033;27658;17.71;680;87;LULA;PT;13899;63,99;FLAVIO BOLSONARO;PL;6826;31,42;31.08;6826;28.3;45.9;47.3
rn;SANTA MARIA;Rio Grande Do Norte;Nordeste;-5.8403;-35.69138;5115;18.28;125;16;LULA;PT;2502;62,53;FLAVIO BOLSONARO;PL;1314;32,84;28.42;1314;28.9;54.6;50.4
rn;SANTANA DO MATOS;Rio Grande Do Norte;Nordeste;-5.93308;-36.64394;11151;19.26;287;38;LULA;PT;6393;74,55;FLAVIO BOLSONARO;PL;1849;21,56;50.47;1849;21.3;55.5;48.9
rn;SANTANA DO SERIDÓ;Rio Grande Do Norte;Nordeste;-6.74862;-36.73227;2635;14.08;95;11;LULA;PT;1264;59,88;FLAVIO BOLSONARO;PL;645;30,55;27.34;645;24.1;44.4;50.1
rn;SANTO ANTÔNIO;Rio Grande Do Norte;Nordeste;-6.31059;-35.47987;19114;19.56;584;57;LULA;PT;9964;68,34;FLAVIO BOLSONARO;PL;4051;27,79;38.46;4051;27.7;54.4;48.5
rn;SENADOR ELÓI DE SOUZA;Rio Grande Do Norte;Nordeste;-6.04085;-35.6814;5748;17.36;166;17;LULA;PT;3126;69,07;FLAVIO BOLSONARO;PL;1253;27,68;39.43;1253;29.8;52.1;50.0
rn;SENADOR GEORGINO AVELINO;Rio Grande Do Norte;Nordeste;-6.15337;-35.13255;3761;18.96;116;12;LULA;PT;1717;59,83;FLAVIO BOLSONARO;PL;1018;35,47;22.93;1018;29.8;50.3;48.1
rn;SERRA CAIADA;Rio Grande Do Norte;Nordeste;-6.10303;-35.71139;9065;19.17;232;25;LULA;PT;4688;66,98;FLAVIO BOLSONARO;PL;2083;29,76;35.55;2083;30.2;54.1;49.8
rn;SERRA DE SÃO BENTO;Rio Grande Do Norte;Nordeste;-6.41676;-35.70326;6185;18.42;184;18;LULA;PT;3082;64,11;FLAVIO BOLSONARO;PL;1546;32,16;30.44;1546;26.3;54.5;49.0
rn;SERRA DO MEL;Rio Grande Do Norte;Nordeste;-5.17915;-37.03872;13225;13.93;273;45;LULA;PT;6263;57,36;FLAVIO BOLSONARO;PL;4006;36,69;19.83;4006;29.5;52.4;49.5
rn;SERRA NEGRA DO NORTE;Rio Grande Do Norte;Nordeste;-6.66774;-37.39848;6262;17.95;180;22;LULA;PT;2691;55,23;FLAVIO BOLSONARO;PL;1988;40,80;13.68;1988;23.5;53.2;47.9
rn;SERRINHA;Rio Grande Do Norte;Nordeste;-6.28027;-35.49463;7068;18.17;251;21;LULA;PT;3563;65,48;FLAVIO BOLSONARO;PL;1625;29,87;33.51;1625;29.0;53.7;51.4
rn;SERRINHA DOS PINTOS;Rio Grande Do Norte;Nordeste;-6.12127;-37.95986;4196;15.09;113;15;LULA;PT;2625;77,43;FLAVIO BOLSONARO;PL;651;19,20;55.4;651;23.9;56.0;49.1
rn;SEVERIANO MELO;Rio Grande Do Norte;Nordeste;-5.78254;-37.95614;6813;16.81;159;27;LULA;PT;4033;74,22;FLAVIO BOLSONARO;PL;1182;21,75;50.3;1182;22.5;56.6;49.1
rn;SÃO BENTO DO NORTE;Rio Grande Do Norte;Nordeste;-5.10269;-35.98525;4259;21.51;82;13;LULA;PT;2152;66,75;FLAVIO BOLSONARO;PL;889;27,57;37.78;889;29.1;52.9;49.8
rn;SÃO BENTO DO TRAIRÍ;Rio Grande Do Norte;Nordeste;-6.34259;-36.08424;4458;20.86;147;12;LULA;PT;2312;69,24;FLAVIO BOLSONARO;PL;879;26,33;40.62;879;28.1;52.6;48.7
rn;SÃO FERNANDO;Rio Grande Do Norte;Nordeste;-6.37851;-37.18617;3720;13.9;119;12;LULA;PT;2021;66,09;FLAVIO BOLSONARO;PL;874;28,58;35.81;874;23.3;56.7;49.5
rn;SÃO FRANCISCO DO OESTE;Rio Grande Do Norte;Nordeste;-5.9991;-38.16936;4098;19.77;89;12;LULA;PT;2283;72,57;FLAVIO BOLSONARO;PL;710;22,57;47.84;710;25.3;54.4;49.5
rn;SÃO GONÇALO DO AMARANTE;Rio Grande Do Norte;Nordeste;-5.78053;-35.31433;77509;16.19;1981;239;LULA;PT;33449;53,95;FLAVIO BOLSONARO;PL;24704;39,84;13.46;24704;28.1;42.0;46.9
rn;SÃO JOSÉ DE MIPIBU;Rio Grande Do Norte;Nordeste;-6.05806;-35.26815;35789;19.26;1032;112;LULA;PT;15658;57,23;FLAVIO BOLSONARO;PL;10291;37,61;18.57;10291;28.7;53.6;47.7
rn;SÃO JOSÉ DO CAMPESTRE;Rio Grande Do Norte;Nordeste;-6.31848;-35.71234;10539;18.57;289;32;LULA;PT;5388;66,22;FLAVIO BOLSONARO;PL;2474;30,41;33.95;2474;27.6;51.4;47.8
rn;SÃO JOSÉ DO SERIDÓ;Rio Grande Do Norte;Nordeste;-6.45064;-36.88023;4515;14.06;126;13;LULA;PT;2481;67,42;FLAVIO BOLSONARO;PL;949;25,79;39.48;949;23.8;42.6;49.1
rn;SÃO JOÃO DO SABUGI;Rio Grande Do Norte;Nordeste;-6.71725;-37.20302;5309;15.75;99;18;LULA;PT;2979;68,97;FLAVIO BOLSONARO;PL;1130;26,16;41.34;1130;23.0;44.5;48.3
rn;SÃO MIGUEL;Rio Grande Do Norte;Nordeste;-6.21139;-38.49547;19466;21.71;655;64;LULA;PT;10398;72,95;FLAVIO BOLSONARO;PL;3195;22,42;47.27;3195;26.9;56.8;46.5
rn;SÃO MIGUEL DO GOSTOSO;Rio Grande Do Norte;Nordeste;-5.1643;-35.68677;9651;17.01;275;32;LULA;PT;4631;60,62;FLAVIO BOLSONARO;PL;2645;34,62;24.8;2645;30.8;52.6;49.9
rn;SÃO PAULO DO POTENGI;Rio Grande Do Norte;Nordeste;-5.8951;-35.76323;14677;18.46;357;44;LULA;PT;5861;51,41;FLAVIO BOLSONARO;PL;5020;44,03;7.03;5020;26.7;46.4;47.8
rn;SÃO PEDRO;Rio Grande Do Norte;Nordeste;-5.89894;-35.63479;6475;17.48;159;21;LULA;PT;3375;66,10;FLAVIO BOLSONARO;PL;1510;29,57;34.91;1510;28.8;54.2;49.2
rn;SÃO RAFAEL;Rio Grande Do Norte;Nordeste;-5.80157;-36.88518;7520;18.27;224;24;LULA;PT;3929;67,32;FLAVIO BOLSONARO;PL;1628;27,90;37.44;1628;22.6;52.6;49.1
rn;SÃO TOMÉ;Rio Grande Do Norte;Nordeste;-5.97577;-36.07666;9587;22.31;206;27;LULA;PT;3817;53,24;FLAVIO BOLSONARO;PL;3127;43,61;9.26;3127;26.2;56.8;49.1
rn;SÃO VICENTE;Rio Grande Do Norte;Nordeste;-6.20535;-36.6798;5396;16.35;173;20;LULA;PT;2882;67,27;FLAVIO BOLSONARO;PL;1190;27,78;37.48;1190;23.5;46.3;48.4
rn;SÍTIO NOVO;Rio Grande Do Norte;Nordeste;-6.10047;-35.92358;5162;18.02;138;16;LULA;PT;3015;74,74;FLAVIO BOLSONARO;PL;865;21,44;50.8;865;28.0;52.6;49.6
rn;TABOLEIRO GRANDE;Rio Grande Do Norte;Nordeste;-5.92854;-38.0444;2762;18.46;48;10;LULA;PT;1547;71,26;FLAVIO BOLSONARO;PL;518;23,86;45.69;518;25.5;52.0;48.6
rn;TAIPU;Rio Grande Do Norte;Nordeste;-5.62349;-35.58342;10547;16.21;275;38;LULA;PT;6177;73,59;FLAVIO BOLSONARO;PL;1829;21,79;49.2;1829;28.1;53.6;50.5
rn;TANGARÁ;Rio Grande Do Norte;Nordeste;-6.19808;-35.80116;12583;23.0;365;39;LULA;PT;5529;60,49;FLAVIO BOLSONARO;PL;3172;34,70;24.33;3172;27.8;51.5;48.1
rn;TENENTE ANANIAS;Rio Grande Do Norte;Nordeste;-6.4594;-38.1747;8205;16.48;157;27;LULA;PT;4324;65,04;FLAVIO BOLSONARO;PL;2132;32,07;31.99;2132;23.5;59.8;48.5
rn;TENENTE LAURENTINO CRUZ;Rio Grande Do Norte;Nordeste;-6.14786;-36.71844;5580;17.71;170;16;LULA;PT;2896;66,21;FLAVIO BOLSONARO;PL;1260;28,81;35.63;1260;27.1;45.3;49.2
rn;TIBAU;Rio Grande Do Norte;Nordeste;-4.84673;-37.25944;9238;24.01;192;26;LULA;PT;3855;57,45;FLAVIO BOLSONARO;PL;2514;37,47;19.1;2514;26.5;42.7;49.4
rn;TIBAU DO SUL;Rio Grande Do Norte;Nordeste;-6.22074;-35.09614;13651;19.0;307;42;LULA;PT;6133;58,06;FLAVIO BOLSONARO;PL;4010;37,96;19.2;4010;29.1;46.5;49.3
rn;TIMBAÚBA DOS BATISTAS;Rio Grande Do Norte;Nordeste;-6.46382;-37.27274;2748;13.9;62;9;LULA;PT;1457;63,99;FLAVIO BOLSONARO;PL;718;31,53;31.23;718;23.4;50.5;48.2
rn;TOUROS;Rio Grande Do Norte;Nordeste;-5.23001;-35.53233;28142;16.89;772;92;LULA;PT;13200;59,18;FLAVIO BOLSONARO;PL;8127;36,44;21.69;8127;30.1;55.8;49.0
rn;TRIUNFO POTIGUAR;Rio Grande Do Norte;Nordeste;-5.88932;-37.17986;4239;15.0;107;17;LULA;PT;2190;63,42;FLAVIO BOLSONARO;PL;1115;32,29;29.84;1115;26.4;54.6;50.1
rn;UMARIZAL;Rio Grande Do Norte;Nordeste;-5.98694;-37.81891;8842;16.82;270;31;LULA;PT;5267;75,32;FLAVIO BOLSONARO;PL;1466;20,96;51.68;1466;25.0;49.9;46.6
rn;UPANEMA;Rio Grande Do Norte;Nordeste;-5.64246;-37.26168;12260;17.36;340;38;LULA;PT;5509;57,15;FLAVIO BOLSONARO;PL;3690;38,28;17.95;3690;26.3;50.0;49.6
rn;VENHA-VER;Rio Grande Do Norte;Nordeste;-6.3172;-38.49598;3918;23.25;100;12;LULA;PT;2222;77,34;FLAVIO BOLSONARO;PL;531;18,48;56.24;531;28.8;62.7;50.8
rn;VERA CRUZ;Rio Grande Do Norte;Nordeste;-6.04379;-35.43628;11417;18.38;316;33;LULA;PT;5595;63,44;FLAVIO BOLSONARO;PL;2811;31,87;29.88;2811;28.8;55.5;48.7
rn;VILA FLOR;Rio Grande Do Norte;Nordeste;-6.31693;-35.07688;3254;16.78;105;10;LULA;PT;1758;69,00;FLAVIO BOLSONARO;PL;704;27,63;38.92;704;31.7;55.0;48.0
rn;VIÇOSA;Rio Grande Do Norte;Nordeste;-5.9928;-37.94671;1958;20.12;58;6;LULA;PT;1080;72,58;FLAVIO BOLSONARO;PL;357;23,99;46.23;357;27.7;49.9;47.5
rn;VÁRZEA;Rio Grande Do Norte;Nordeste;-6.346;-35.3741;5584;15.28;145;26;LULA;PT;2759;60,89;FLAVIO BOLSONARO;PL;1594;35,18;24.62;1594;25.9;49.3;49.7
rn;ÁGUA NOVA;Rio Grande Do Norte;Nordeste;-6.20715;-38.29281;3009;15.89;104;11;LULA;PT;1870;77,88;FLAVIO BOLSONARO;PL;408;16,99;57.76;408;29.0;49.1;48.8
rs;ACEGUÁ;Rio Grande Do Sul;Sul;-31.76248;-54.13292;3982;23.78;39;12;FLAVIO BOLSONARO;PL;1787;61,03;LULA;PT;929;31,73;28.27;929;21.1;51.9;49.3
rs;AGUDO;Rio Grande Do Sul;Sul;-29.61442;-53.24057;12534;14.66;181;48;FLAVIO BOLSONARO;PL;6409;62,94;LULA;PT;2876;28,24;33.03;2876;22.2;55.0;49.1
rs;AJURICABA;Rio Grande Do Sul;Sul;-28.22984;-53.75162;5799;14.67;74;21;FLAVIO BOLSONARO;PL;3312;68,64;LULA;PT;1178;24,41;43.13;1178;19.6;49.6;49.1
rs;ALECRIM;Rio Grande Do Sul;Sul;-27.65511;-54.77131;5602;16.15;96;26;FLAVIO BOLSONARO;PL;2331;51,45;LULA;PT;1806;39,86;11.18;1806;18.9;59.9;50.4
rs;ALEGRETE;Rio Grande Do Sul;Sul;-29.79028;-55.78166;55756;26.97;651;194;FLAVIO BOLSONARO;PL;18692;47,60;LULA;PT;17259;43,96;3.52;17259;21.0;40.7;47.4
rs;ALEGRIA;Rio Grande Do Sul;Sul;-27.82337;-54.06175;3209;17.23;46;14;FLAVIO BOLSONARO;PL;1421;55,57;LULA;PT;987;38,60;16.34;987;18.9;57.3;50.7
rs;ALMIRANTE TAMANDARÉ DO SUL;Rio Grande Do Sul;Sul;-28.10244;-52.91827;1979;15.16;25;8;FLAVIO BOLSONARO;PL;1084;66,26;LULA;PT;409;25,00;40.2;409;19.3;46.6;49.6
rs;ALPESTRE;Rio Grande Do Sul;Sul;-27.24181;-53.06113;6272;20.66;66;22;FLAVIO BOLSONARO;PL;2778;58,48;LULA;PT;1734;36,51;20.98;1734;20.3;59.6;51.4
rs;ALTO ALEGRE;Rio Grande Do Sul;Sul;-28.77513;-52.99105;1850;15.95;21;6;FLAVIO BOLSONARO;PL;881;58,62;LULA;PT;488;32,47;25.27;488;21.7;43.5;50.4
rs;ALTO FELIZ;Rio Grande Do Sul;Sul;-29.37377;-51.30547;2870;15.89;56;9;FLAVIO BOLSONARO;PL;1623;69,69;LULA;PT;428;18,38;49.5;428;20.2;55.2;52.3
rs;ALVORADA;Rio Grande Do Sul;Sul;-30.00839;-51.06698;135997;23.91;2539;426;FLAVIO BOLSONARO;PL;46134;47,13;LULA;PT;42505;43,42;3.51;42505;28.5;38.5;46.1
rs;AMARAL FERRADOR;Rio Grande Do Sul;Sul;-30.84982;-52.26935;4601;20.15;100;15;FLAVIO BOLSONARO;PL;1945;56,56;LULA;PT;1283;37,31;18.02;1283;24.6;62.2;51.3
rs;AMETISTA DO SUL;Rio Grande Do Sul;Sul;-27.36762;-53.1908;6067;14.01;94;19;FLAVIO BOLSONARO;PL;3234;64,05;LULA;PT;1628;32,24;30.78;1628;25.7;51.8;49.3
rs;ANDRÉ DA ROCHA;Rio Grande Do Sul;Sul;-28.62878;-51.57414;1399;17.66;20;4;FLAVIO BOLSONARO;PL;804;72,63;LULA;PT;225;20,33;50.26;225;21.4;46.8;51.4
rs;ANTA GORDA;Rio Grande Do Sul;Sul;-28.9753;-52.00059;4872;16.09;64;16;FLAVIO BOLSONARO;PL;3174;80,66;LULA;PT;489;12,43;65.68;489;18.4;53.1;49.9
rs;ANTÔNIO PRADO;Rio Grande Do Sul;Sul;-28.86418;-51.29399;10712;14.59;127;39;FLAVIO BOLSONARO;PL;6982;78,71;LULA;PT;1291;14,55;62.2;1291;21.1;42.9;49.1
rs;ARAMBARÉ;Rio Grande Do Sul;Sul;-30.94461;-51.50282;3684;24.54;59;13;FLAVIO BOLSONARO;PL;1479;55,41;LULA;PT;983;36,83;17.84;983;19.2;49.4;47.5
rs;ARARICÁ;Rio Grande Do Sul;Sul;-29.6209;-50.9257;6414;17.43;81;18;FLAVIO BOLSONARO;PL;3382;66,04;LULA;PT;1410;27,53;37.24;1410;26.5;51.2;48.5
rs;ARATIBA;Rio Grande Do Sul;Sul;-27.40063;-52.29335;6202;15.93;80;20;FLAVIO BOLSONARO;PL;3024;60,08;LULA;PT;1626;32,31;26.81;1626;20.0;49.6;50.5
rs;ARROIO DO MEIO;Rio Grande Do Sul;Sul;-29.38484;-51.95267;17325;14.07;282;56;FLAVIO BOLSONARO;PL;9567;66,53;LULA;PT;3406;23,68;41.39;3406;21.6;41.3;48.8
rs;ARROIO DO PADRE;Rio Grande Do Sul;Sul;-31.43402;-52.40397;2775;12.04;20;10;FLAVIO BOLSONARO;PL;1976;82,54;LULA;PT;257;10,74;70.42;257;22.1;65.9;51.8
rs;ARROIO DO SAL;Rio Grande Do Sul;Sul;-29.53432;-49.8811;9495;22.97;134;29;FLAVIO BOLSONARO;PL;4199;59,59;LULA;PT;2161;30,67;27.86;2161;18.7;40.7;47.0
rs;ARROIO DO TIGRE;Rio Grande Do Sul;Sul;-29.31925;-53.08144;9941;15.5;173;38;FLAVIO BOLSONARO;PL;5229;65,43;LULA;PT;2204;27,58;36.01;2204;23.4;55.8;48.9
rs;ARROIO DOS RATOS;Rio Grande Do Sul;Sul;-30.09091;-51.73162;10249;23.29;178;35;LULA;PT;3526;47,42;FLAVIO BOLSONARO;PL;3267;43,94;3.29;3267;22.7;45.5;46.9
rs;ARROIO GRANDE;Rio Grande Do Sul;Sul;-32.22846;-53.06266;14461;21.6;239;52;LULA;PT;5343;49,61;FLAVIO BOLSONARO;PL;4552;42,27;6.98;4552;23.9;48.5;48.0
rs;ARVOREZINHA;Rio Grande Do Sul;Sul;-28.8679;-52.17875;8656;18.81;131;28;FLAVIO BOLSONARO;PL;4787;71,75;LULA;PT;1508;22,60;46.66;1508;23.4;52.0;48.8
rs;AUGUSTO PESTANA;Rio Grande Do Sul;Sul;-28.52435;-54.00436;5869;14.94;78;27;FLAVIO BOLSONARO;PL;3501;72,36;LULA;PT;1061;21,93;48.88;1061;20.4;49.6;48.6
rs;BAGÉ;Rio Grande Do Sul;Sul;-31.32693;-54.10083;87802;26.7;1538;274;FLAVIO BOLSONARO;PL;27977;46,02;LULA;PT;27706;45,57;0.42;27706;23.5;41.5;46.3
rs;BALNEÁRIO PINHAL;Rio Grande Do Sul;Sul;-30.25927;-50.25517;11040;30.27;203;30;FLAVIO BOLSONARO;PL;3723;50,90;LULA;PT;3021;41,30;9.12;3021;18.6;46.2;46.4
rs;BARRA DO GUARITA;Rio Grande Do Sul;Sul;-27.20274;-53.7383;2600;21.35;55;10;FLAVIO BOLSONARO;PL;978;49,85;LULA;PT;903;46,02;3.67;903;25.0;49.3;49.4
rs;BARRA DO QUARAÍ;Rio Grande Do Sul;Sul;-30.20262;-57.5304;3355;26.47;34;11;FLAVIO BOLSONARO;PL;1113;46,82;LULA;PT;1095;46,07;0.73;1095;26.3;44.9;50.5
rs;BARRA DO RIBEIRO;Rio Grande Do Sul;Sul;-30.30482;-51.33627;10239;24.39;190;33;FLAVIO BOLSONARO;PL;3934;53,52;LULA;PT;2761;37,56;15.15;2761;23.9;45.9;48.4
rs;BARRA DO RIO AZUL;Rio Grande Do Sul;Sul;-27.40567;-52.41973;1751;10.39;28;6;FLAVIO BOLSONARO;PL;866;57,39;LULA;PT;486;32,21;24.22;486;18.3;53.3;52.4
rs;BARRA FUNDA;Rio Grande Do Sul;Sul;-27.91946;-53.02592;2716;12.89;39;13;FLAVIO BOLSONARO;PL;1447;63,35;LULA;PT;684;29,95;32.25;684;22.6;39.4;49.4
rs;BARRACÃO;Rio Grande Do Sul;Sul;-27.68001;-51.45182;4352;20.82;101;16;FLAVIO BOLSONARO;PL;1804;56,46;LULA;PT;1223;38,28;16.86;1223;21.4;56.3;49.7
rs;BARROS CASSAL;Rio Grande Do Sul;Sul;-29.11134;-52.57543;8271;22.94;109;27;FLAVIO BOLSONARO;PL;3580;58,89;LULA;PT;2083;34,27;23.49;2083;24.4;60.8;51.1
rs;BARÃO;Rio Grande Do Sul;Sul;-29.38342;-51.49424;5073;12.64;92;17;FLAVIO BOLSONARO;PL;3026;70,90;LULA;PT;839;19,66;49.35;839;22.1;48.0;49.4
rs;BARÃO DE COTEGIPE;Rio Grande Do Sul;Sul;-27.62212;-52.38099;5354;15.02;87;19;FLAVIO BOLSONARO;PL;2819;64,86;LULA;PT;1255;28,88;34.37;1255;22.4;49.1;51.2
rs;BARÃO DO TRIUNFO;Rio Grande Do Sul;Sul;-30.44062;-51.78411;4618;18.49;67;16;FLAVIO BOLSONARO;PL;2447;68,09;LULA;PT;792;22,04;43.97;792;25.1;63.1;53.2
rs;BENJAMIN CONSTANT DO SUL;Rio Grande Do Sul;Sul;-27.49378;-52.62405;2125;21.27;29;9;LULA;PT;873;54,16;FLAVIO BOLSONARO;PL;685;42,49;11.24;685;32.2;55.8;50.9
rs;BENTO GONÇALVES;Rio Grande Do Sul;Sul;-29.15988;-51.51771;92061;18.35;1152;266;FLAVIO BOLSONARO;PL;53040;72,80;LULA;PT;14322;19,66;51.51;14322;21.7;36.0;47.2
rs;BOA VISTA DAS MISSÕES;Rio Grande Do Sul;Sul;-27.69516;-53.31282;2075;18.7;27;7;FLAVIO BOLSONARO;PL;899;55,02;LULA;PT;671;41,06;13.52;671;25.9;55.3;49.4
rs;BOA VISTA DO BURICÁ;Rio Grande Do Sul;Sul;-27.67235;-54.10739;5645;13.59;71;19;FLAVIO BOLSONARO;PL;3227;68,46;LULA;PT;1054;22,36;44.55;1054;20.4;44.6;48.6
rs;BOA VISTA DO CADEADO;Rio Grande Do Sul;Sul;-28.59023;-53.82531;2067;18.92;34;10;FLAVIO BOLSONARO;PL;1179;73,23;LULA;PT;351;21,80;49.4;351;20.8;54.2;51.1
rs;BOA VISTA DO INCRA;Rio Grande Do Sul;Sul;-28.81475;-53.41867;2195;15.03;25;9;FLAVIO BOLSONARO;PL;1200;66,23;LULA;PT;506;27,92;37.21;506;22.5;47.3;49.4
rs;BOA VISTA DO SUL;Rio Grande Do Sul;Sul;-29.34331;-51.67061;2527;16.22;20;10;FLAVIO BOLSONARO;PL;1549;75,23;LULA;PT;353;17,14;56.5;353;17.3;60.9;52.4
rs;BOM JESUS;Rio Grande Do Sul;Sul;-28.67752;-50.43347;8592;23.75;150;32;FLAVIO BOLSONARO;PL;3496;56,69;LULA;PT;2265;36,73;18.79;2265;26.1;51.4;47.8
rs;BOM PRINCÍPIO;Rio Grande Do Sul;Sul;-29.4832;-51.35892;10683;13.66;123;32;FLAVIO BOLSONARO;PL;6818;75,95;LULA;PT;1396;15,55;58.78;1396;22.1;48.8;49.4
rs;BOM PROGRESSO;Rio Grande Do Sul;Sul;-27.54466;-53.8585;2604;18.86;28;11;FLAVIO BOLSONARO;PL;1043;50,75;LULA;PT;923;44,91;5.68;923;24.0;50.5;49.4
rs;BOM RETIRO DO SUL;Rio Grande Do Sul;Sul;-29.60977;-51.9352;9902;17.59;203;34;FLAVIO BOLSONARO;PL;4994;64,27;LULA;PT;2125;27,35;35.16;2125;23.3;49.4;47.5
rs;BOQUEIRÃO DO LEÃO;Rio Grande Do Sul;Sul;-29.30496;-52.41361;5325;16.13;80;22;FLAVIO BOLSONARO;PL;2659;62,04;LULA;PT;1288;30,05;30.7;1288;23.7;59.6;51.1
rs;BOSSOROCA;Rio Grande Do Sul;Sul;-28.66425;-54.95609;5117;24.55;100;23;LULA;PT;1735;47,85;FLAVIO BOLSONARO;PL;1705;47,02;0.78;1705;19.5;52.8;50.4
rs;BOZANO;Rio Grande Do Sul;Sul;-28.35294;-53.75378;2625;15.28;21;11;FLAVIO BOLSONARO;PL;1564;71,88;LULA;PT;496;22,79;48.02;496;20.7;49.3;50.6
rs;BRAGA;Rio Grande Do Sul;Sul;-27.59959;-53.73154;2865;20.98;58;12;LULA;PT;1053;49,67;FLAVIO BOLSONARO;PL;965;45,52;3.89;965;24.6;52.3;49.4
rs;BROCHIER;Rio Grande Do Sul;Sul;-29.54219;-51.61447;3961;15.05;110;15;FLAVIO BOLSONARO;PL;1890;59,51;LULA;PT;821;25,85;31.77;821;20.9;56.6;49.6
rs;BUTIÁ;Rio Grande Do Sul;Sul;-30.12447;-51.96762;14823;23.65;256;46;LULA;PT;5197;48,66;FLAVIO BOLSONARO;PL;4678;43,80;4.59;4678;24.1;47.9;47.9
rs;CACEQUI;Rio Grande Do Sul;Sul;-29.88893;-54.83415;8495;25.25;112;32;FLAVIO BOLSONARO;PL;3040;49,82;LULA;PT;2699;44,23;5.37;2699;20.3;43.9;47.9
rs;CACHOEIRA DO SUL;Rio Grande Do Sul;Sul;-30.0416;-52.91282;64488;28.0;794;218;FLAVIO BOLSONARO;PL;25574;57,65;LULA;PT;14722;33,19;23.37;14722;21.0;44.6;47.2
rs;CACHOEIRINHA;Rio Grande Do Sul;Sul;-29.92987;-51.08592;102594;23.35;1534;277;FLAVIO BOLSONARO;PL;41314;54,78;LULA;PT;26214;34,76;19.2;26214;24.2;37.6;46.3
rs;CACIQUE DOBLE;Rio Grande Do Sul;Sul;-27.78739;-51.67695;3985;18.54;69;15;FLAVIO BOLSONARO;PL;1939;62,87;LULA;PT;985;31,94;29.39;985;23.4;51.4;49.4
rs;CAIBATÉ;Rio Grande Do Sul;Sul;-28.30464;-54.63616;4013;18.02;83;15;FLAVIO BOLSONARO;PL;1625;51,83;LULA;PT;1318;42,04;9.33;1318;19.6;52.0;50.5
rs;CAIÇARA;Rio Grande Do Sul;Sul;-27.25036;-53.4719;4303;17.15;49;14;FLAVIO BOLSONARO;PL;2260;65,28;LULA;PT;1019;29,43;34.81;1019;22.9;55.2;50.7
rs;CAMAQUÃ;Rio Grande Do Sul;Sul;-30.84494;-51.81655;49751;21.72;667;168;FLAVIO BOLSONARO;PL;22631;60,71;LULA;PT;11484;30,81;28.62;11484;22.9;50.2;47.7
rs;CAMARGO;Rio Grande Do Sul;Sul;-28.60175;-52.21397;2637;14.71;41;11;FLAVIO BOLSONARO;PL;1480;68,46;LULA;PT;567;26,23;40.6;567;22.5;49.7;49.6
rs;CAMBARÁ DO SUL;Rio Grande Do Sul;Sul;-29.03538;-50.12778;5136;19.55;105;19;FLAVIO BOLSONARO;PL;2706;69,21;LULA;PT;946;24,19;42.59;946;24.8;43.5;50.6
rs;CAMPESTRE DA SERRA;Rio Grande Do Sul;Sul;-28.79131;-51.08633;2886;18.33;41;11;FLAVIO BOLSONARO;PL;1817;79,97;LULA;PT;326;14,35;63.26;326;20.7;56.0;51.4
rs;CAMPINA DAS MISSÕES;Rio Grande Do Sul;Sul;-27.97549;-54.82767;4989;15.55;87;25;FLAVIO BOLSONARO;PL;2439;60,10;LULA;PT;1271;31,32;27.72;1271;19.3;47.7;49.5
rs;CAMPINAS DO SUL;Rio Grande Do Sul;Sul;-27.71666;-52.62506;4618;13.73;51;18;FLAVIO BOLSONARO;PL;2990;77,02;LULA;PT;727;18,73;56.8;727;21.6;43.7;47.4
rs;CAMPO BOM;Rio Grande Do Sul;Sul;-29.67925;-51.05921;51980;18.71;716;164;FLAVIO BOLSONARO;PL;26666;65,42;LULA;PT;10699;26,25;37.79;10699;22.6;40.8;47.4
rs;CAMPO NOVO;Rio Grande Do Sul;Sul;-27.67159;-53.80842;3967;20.67;63;16;FLAVIO BOLSONARO;PL;1608;53,35;LULA;PT;1294;42,93;9.98;1294;24.5;47.2;48.5
rs;CAMPOS BORGES;Rio Grande Do Sul;Sul;-28.88565;-52.99983;3183;19.23;52;9;FLAVIO BOLSONARO;PL;1447;59,47;LULA;PT;803;33,00;25.05;803;21.9;47.7;49.6
rs;CANDELÁRIA;Rio Grande Do Sul;Sul;-29.66944;-52.81228;22407;19.83;382;91;FLAVIO BOLSONARO;PL;10631;62,58;LULA;PT;4967;29,24;31.53;4967;23.5;56.6;48.1
rs;CANDIOTA;Rio Grande Do Sul;Sul;-31.53022;-53.72209;8121;22.71;121;26;LULA;PT;3461;57,77;FLAVIO BOLSONARO;PL;2146;35,82;20.95;2146;26.5;44.5;50.5
rs;CANELA;Rio Grande Do Sul;Sul;-29.35806;-50.80689;34975;23.77;589;109;FLAVIO BOLSONARO;PL;16598;65,51;LULA;PT;6541;25,81;37.72;6541;25.0;36.8;46.5
rs;CANGUÇU;Rio Grande Do Sul;Sul;-31.32971;-52.66522;43549;20.93;668;152;FLAVIO BOLSONARO;PL;20038;61,59;LULA;PT;9550;29,35;30.46;9550;22.5;64.1;50.0
rs;CANOAS;Rio Grande Do Sul;Sul;-29.92129;-51.17536;253142;23.25;4329;760;FLAVIO BOLSONARO;PL;95134;51,28;LULA;PT;70775;38,15;12.54;70775;24.3;32.2;46.2
rs;CANUDOS DO VALE;Rio Grande Do Sul;Sul;-29.32763;-52.23606;1944;13.32;27;10;FLAVIO BOLSONARO;PL;864;53,17;LULA;PT;566;34,83;17.69;566;19.3;63.2;53.1
rs;CAPELA DE SANTANA;Rio Grande Do Sul;Sul;-29.67897;-51.32989;8031;18.62;141;26;FLAVIO BOLSONARO;PL;3410;54,40;LULA;PT;2302;36,73;16.95;2302;25.3;55.3;48.7
rs;CAPITÃO;Rio Grande Do Sul;Sul;-29.28063;-51.98618;2872;16.5;47;12;FLAVIO BOLSONARO;PL;1538;67,02;LULA;PT;545;23,75;41.41;545;23.2;53.2;50.9
rs;CAPIVARI DO SUL;Rio Grande Do Sul;Sul;-30.15535;-50.50298;3711;18.78;63;12;FLAVIO BOLSONARO;PL;1867;64,33;LULA;PT;835;28,77;34.24;835;24.4;42.6;49.5
rs;CAPÃO BONITO DO SUL;Rio Grande Do Sul;Sul;-28.18848;-51.41744;2112;18.18;27;9;FLAVIO BOLSONARO;PL;937;56,24;LULA;PT;633;38,00;17.59;633;22.9;48.7;52.0
rs;CAPÃO DA CANOA;Rio Grande Do Sul;Sul;-29.73923;-50.0137;46049;24.79;584;123;FLAVIO BOLSONARO;PL;21157;63,21;LULA;PT;9502;28,39;33.65;9502;23.8;36.3;45.7
rs;CAPÃO DO CIPÓ;Rio Grande Do Sul;Sul;-28.93761;-54.57755;3105;24.09;42;13;FLAVIO BOLSONARO;PL;1107;49,13;LULA;PT;1005;44,61;4.33;1005;22.3;55.2;51.8
rs;CAPÃO DO LEÃO;Rio Grande Do Sul;Sul;-31.76559;-52.46568;18455;20.55;415;57;LULA;PT;6346;46,16;FLAVIO BOLSONARO;PL;5977;43,47;2.52;5977;26.6;51.3;47.5
rs;CARAZINHO;Rio Grande Do Sul;Sul;-28.29394;-52.79506;45685;20.45;585;150;FLAVIO BOLSONARO;PL;21875;62,30;LULA;PT;10704;30,49;30.74;10704;22.9;34.4;46.1
rs;CARAÁ;Rio Grande Do Sul;Sul;-29.78048;-50.3786;6518;21.69;109;20;FLAVIO BOLSONARO;PL;2612;54,11;LULA;PT;1746;36,17;16.97;1746;19.2;60.2;51.7
rs;CARLOS BARBOSA;Rio Grande Do Sul;Sul;-29.30311;-51.5098;23696;13.8;311;78;FLAVIO BOLSONARO;PL;13991;70,56;LULA;PT;3754;18,93;50.12;3754;21.7;36.0;48.6
rs;CARLOS GOMES;Rio Grande Do Sul;Sul;-27.71621;-51.91277;1396;14.54;26;5;FLAVIO BOLSONARO;PL;664;58,19;LULA;PT;394;34,53;22.63;394;22.0;56.4;50.2
rs;CASCA;Rio Grande Do Sul;Sul;-28.57642;-51.9693;7527;15.23;101;22;FLAVIO BOLSONARO;PL;4564;74,44;LULA;PT;1135;18,51;53.74;1135;20.5;39.0;48.1
rs;CASEIROS;Rio Grande Do Sul;Sul;-28.27058;-51.69305;3182;20.71;50;10;FLAVIO BOLSONARO;PL;1587;65,82;LULA;PT;682;28,29;35.87;682;25.7;50.3;50.1
rs;CATUÍPE;Rio Grande Do Sul;Sul;-28.22531;-54.02178;7517;15.06;129;32;FLAVIO BOLSONARO;PL;3737;60,99;LULA;PT;1998;32,61;27.24;1998;20.6;48.0;48.3
rs;CAXIAS DO SUL;Rio Grande Do Sul;Sul;-29.16278;-51.1739;342998;18.74;6865;1125;FLAVIO BOLSONARO;PL;166880;62,70;LULA;PT;71514;26,87;34.21;71514;22.9;29.3;47.2
rs;CAÇAPAVA DO SUL;Rio Grande Do Sul;Sul;-30.51704;-53.47569;25010;23.02;505;98;LULA;PT;9154;50,75;FLAVIO BOLSONARO;PL;7090;39,31;10.72;7090;21.3;46.5;47.5
rs;CENTENÁRIO;Rio Grande Do Sul;Sul;-27.7685;-52.00846;2650;12.04;30;9;FLAVIO BOLSONARO;PL;1337;59,42;LULA;PT;738;32,80;25.7;738;20.4;56.8;51.7
rs;CERRITO;Rio Grande Do Sul;Sul;-31.75248;-54.1926;5309;22.38;124;22;LULA;PT;1781;46,88;FLAVIO BOLSONARO;PL;1678;44,17;2.5;1678;21.2;55.7;50.1
rs;CERRO BRANCO;Rio Grande Do Sul;Sul;-29.63692;-52.97961;3490;18.42;60;19;FLAVIO BOLSONARO;PL;1712;63,20;LULA;PT;783;28,90;32.63;783;19.8;63.1;50.6
rs;CERRO GRANDE;Rio Grande Do Sul;Sul;-27.61056;-53.16793;2482;22.52;44;8;LULA;PT;868;46,94;FLAVIO BOLSONARO;PL;844;45,65;1.25;844;24.8;57.7;50.6
rs;CERRO GRANDE DO SUL;Rio Grande Do Sul;Sul;-30.57893;-51.75743;7118;18.43;133;23;FLAVIO BOLSONARO;PL;3315;60,34;LULA;PT;1783;32,45;26.39;1783;25.4;60.7;49.9
rs;CERRO LARGO;Rio Grande Do Sul;Sul;-28.14117;-54.73636;10195;17.36;192;39;FLAVIO BOLSONARO;PL;4282;52,86;LULA;PT;3152;38,91;13.41;3152;21.8;39.4;48.7
rs;CHAPADA;Rio Grande Do Sul;Sul;-28.04688;-53.07653;7697;14.56;124;29;FLAVIO BOLSONARO;PL;4041;64,44;LULA;PT;1682;26,82;35.87;1682;20.0;48.5;47.4
rs;CHARQUEADAS;Rio Grande Do Sul;Sul;-29.96277;-51.62512;24424;19.1;425;82;LULA;PT;8802;46,67;FLAVIO BOLSONARO;PL;8220;43,58;2.95;8220;24.0;33.1;47.5
rs;CHARRUA;Rio Grande Do Sul;Sul;-27.9495;-52.01526;2510;16.93;45;11;FLAVIO BOLSONARO;PL;1099;54,81;LULA;PT;846;42,19;12.13;846;27.9;64.3;49.4
rs;CHIAPETTA;Rio Grande Do Sul;Sul;-27.93745;-53.9366;3635;18.79;38;13;FLAVIO BOLSONARO;PL;1812;63,00;LULA;PT;932;32,41;29.81;932;24.0;47.2;49.5
rs;CHUVISCA;Rio Grande Do Sul;Sul;-30.75377;-51.97694;4354;13.99;52;14;FLAVIO BOLSONARO;PL;2562;71,42;LULA;PT;678;18,90;50.31;678;25.3;66.0;52.9
rs;CHUÍ;Rio Grande Do Sul;Sul;-33.68862;-53.46089;4888;29.13;127;14;LULA;PT;1681;53,13;FLAVIO BOLSONARO;PL;1180;37,29;14.46;1180;25.0;40.3;46.1
rs;CIDREIRA;Rio Grande Do Sul;Sul;-30.18214;-50.21378;12724;31.71;168;40;FLAVIO BOLSONARO;PL;3983;47,74;LULA;PT;3654;43,80;3.79;3654;19.5;41.8;45.9
rs;CIRÍACO;Rio Grande Do Sul;Sul;-28.35925;-51.88809;3627;15.85;58;14;FLAVIO BOLSONARO;PL;1833;63,78;LULA;PT;888;30,90;30.96;888;21.2;48.6;50.5
rs;COLINAS;Rio Grande Do Sul;Sul;-29.39142;-51.87572;2354;15.46;55;8;FLAVIO BOLSONARO;PL;1241;64,84;LULA;PT;437;22,83;40.4;437;17.5;49.7;49.6
rs;COLORADO;Rio Grande Do Sul;Sul;-28.50957;-52.98858;2995;18.2;33;11;FLAVIO BOLSONARO;PL;1774;74,73;LULA;PT;485;20,43;52.61;485;19.4;49.6;49.0
rs;CONDOR;Rio Grande Do Sul;Sul;-28.19628;-53.49343;6118;20.24;89;22;FLAVIO BOLSONARO;PL;3249;68,83;LULA;PT;1194;25,30;42.11;1194;22.8;48.0;49.6
rs;CONSTANTINA;Rio Grande Do Sul;Sul;-27.72329;-52.99556;8077;18.51;112;27;FLAVIO BOLSONARO;PL;3876;61,20;LULA;PT;2065;32,61;27.51;2065;22.3;47.1;47.6
rs;COQUEIRO BAIXO;Rio Grande Do Sul;Sul;-29.17844;-52.11323;1351;18.95;18;8;FLAVIO BOLSONARO;PL;803;75,40;LULA;PT;165;15,49;58.26;165;15.6;64.2;50.0
rs;COQUEIROS DO SUL;Rio Grande Do Sul;Sul;-28.09887;-52.77149;2451;14.93;32;10;FLAVIO BOLSONARO;PL;1328;66,00;LULA;PT;471;23,41;41.1;471;21.5;51.1;50.5
rs;CORONEL BARROS;Rio Grande Do Sul;Sul;-28.39037;-54.05427;2668;14.06;29;10;FLAVIO BOLSONARO;PL;1519;67,93;LULA;PT;542;24,24;42.61;542;21.8;49.9;49.9
rs;CORONEL BICACO;Rio Grande Do Sul;Sul;-27.73357;-53.68788;5810;22.31;112;24;FLAVIO BOLSONARO;PL;2266;52,38;LULA;PT;1871;43,25;8.75;1871;23.6;53.5;48.6
rs;CORONEL PILAR;Rio Grande Do Sul;Sul;-29.27503;-51.70895;1569;14.53;16;6;FLAVIO BOLSONARO;PL;993;76,15;LULA;PT;219;16,79;57.72;219;17.6;59.8;52.3
rs;COTIPORÃ;Rio Grande Do Sul;Sul;-28.97996;-51.68785;3488;16.17;43;12;FLAVIO BOLSONARO;PL;2104;74,80;LULA;PT;444;15,78;56.77;444;18.9;51.1;51.9
rs;COXILHA;Rio Grande Do Sul;Sul;-28.11707;-52.28615;2867;17.2;30;10;FLAVIO BOLSONARO;PL;1481;64,11;LULA;PT;679;29,39;33.78;679;25.8;48.2;49.1
rs;CRISSIUMAL;Rio Grande Do Sul;Sul;-27.48571;-54.11734;10489;18.97;175;48;FLAVIO BOLSONARO;PL;5005;61,52;LULA;PT;2462;30,26;29.92;2462;19.6;51.2;48.6
rs;CRISTAL;Rio Grande Do Sul;Sul;-30.97774;-52.07975;6418;21.52;98;19;FLAVIO BOLSONARO;PL;2643;54,77;LULA;PT;1811;37,53;16.52;1811;24.5;60.1;49.8
rs;CRISTAL DO SUL;Rio Grande Do Sul;Sul;-27.44244;-53.25207;2662;16.04;44;11;FLAVIO BOLSONARO;PL;1104;51,59;LULA;PT;929;43,41;7.83;929;22.6;56.1;50.1
rs;CRUZ ALTA;Rio Grande Do Sul;Sul;-28.64364;-53.603;45724;22.93;680;153;FLAVIO BOLSONARO;PL;18631;55,08;LULA;PT;12759;37,72;16.66;12759;22.9;36.9;45.5
rs;CRUZALTENSE;Rio Grande Do Sul;Sul;-27.66756;-52.64394;1928;14.37;28;8;FLAVIO BOLSONARO;PL;1161;72,79;LULA;PT;323;20,25;50.76;323;21.7;56.7;51.8
rs;CRUZEIRO DO SUL;Rio Grande Do Sul;Sul;-29.52533;-52.01881;9328;18.17;159;38;FLAVIO BOLSONARO;PL;4725;64,43;LULA;PT;2014;27,46;35.52;2014;21.5;51.3;49.0
rs;CÂNDIDO GODÓI;Rio Grande Do Sul;Sul;-27.93719;-54.72561;5545;11.56;69;23;FLAVIO BOLSONARO;PL;3416;71,92;LULA;PT;997;20,99;49.33;997;21.1;48.8;50.2
rs;DAVID CANABARRO;Rio Grande Do Sul;Sul;-28.41972;-51.82377;4085;15.18;46;13;FLAVIO BOLSONARO;PL;2196;66,30;LULA;PT;877;26,48;38.07;877;22.6;45.5;49.7
rs;DERRUBADAS;Rio Grande Do Sul;Sul;-27.26748;-53.86547;2624;18.03;42;14;FLAVIO BOLSONARO;PL;1231;59,41;LULA;PT;670;32,34;26.08;670;23.0;54.4;50.3
rs;DEZESSEIS DE NOVEMBRO;Rio Grande Do Sul;Sul;-28.20035;-55.07528;2615;23.21;39;13;FLAVIO BOLSONARO;PL;905;47,16;LULA;PT;897;46,74;0.4;897;23.2;53.0;51.7
rs;DILERMANDO DE AGUIAR;Rio Grande Do Sul;Sul;-29.77217;-54.17358;3281;23.29;45;14;FLAVIO BOLSONARO;PL;1352;55,80;LULA;PT;874;36,07;18.99;874;19.7;56.5;52.2
rs;DOIS IRMÃOS;Rio Grande Do Sul;Sul;-29.58935;-51.09154;24787;15.24;383;85;FLAVIO BOLSONARO;PL;13314;65,56;LULA;PT;5131;25,26;38.95;5131;22.1;39.8;47.4
rs;DOIS IRMÃOS DAS MISSÕES;Rio Grande Do Sul;Sul;-27.65613;-53.49959;2066;19.51;29;8;FLAVIO BOLSONARO;PL;851;53,05;LULA;PT;684;42,64;10.04;684;23.8;53.2;50.7
rs;DOIS LAJEADOS;Rio Grande Do Sul;Sul;-28.97964;-51.84122;3119;17.7;53;8;FLAVIO BOLSONARO;PL;1893;76,80;LULA;PT;372;15,09;59.25;372;18.4;49.9;49.7
rs;DOM FELICIANO;Rio Grande Do Sul;Sul;-30.691;-52.11479;10375;19.73;194;36;FLAVIO BOLSONARO;PL;4394;56,46;LULA;PT;2750;35,34;19.74;2750;24.3;68.3;50.6
rs;DOM PEDRITO;Rio Grande Do Sul;Sul;-30.98129;-54.67307;29233;27.25;427;117;FLAVIO BOLSONARO;PL;10399;51,14;LULA;PT;8466;41,63;9.09;8466;21.5;47.8;46.9
rs;DOM PEDRO DE ALCÂNTARA;Rio Grande Do Sul;Sul;-29.3692;-49.85207;2646;14.93;41;11;FLAVIO BOLSONARO;PL;1375;62,96;LULA;PT;610;27,93;33.98;610;21.1;52.8;50.8
rs;DONA FRANCISCA;Rio Grande Do Sul;Sul;-29.59366;-53.34854;3059;18.86;51;11;FLAVIO BOLSONARO;PL;1410;59,14;LULA;PT;826;34,65;23.53;826;23.9;52.1;49.0
rs;DOUTOR MAURÍCIO CARDOSO;Rio Grande Do Sul;Sul;-27.49052;-54.36299;3822;16.09;59;17;FLAVIO BOLSONARO;PL;2112;67,93;LULA;PT;806;25,92;40.72;806;19.6;52.9;48.9
rs;DOUTOR RICARDO;Rio Grande Do Sul;Sul;-29.0938;-51.98287;2080;19.04;32;8;FLAVIO BOLSONARO;PL;1179;73,14;LULA;PT;317;19,67;51.19;317;20.9;55.1;51.2
rs;ELDORADO DO SUL;Rio Grande Do Sul;Sul;-30.02542;-51.36726;26775;23.54;456;78;FLAVIO BOLSONARO;PL;9559;48,87;LULA;PT;8259;42,22;6.35;8259;27.1;40.3;46.7
rs;ENCANTADO;Rio Grande Do Sul;Sul;-29.23199;-51.8858;16617;16.06;242;58;FLAVIO BOLSONARO;PL;9244;68,51;LULA;PT;3213;23,81;43.24;3213;20.8;40.3;47.3
rs;ENCRUZILHADA DO SUL;Rio Grande Do Sul;Sul;-30.57707;-52.5631;18702;22.89;387;72;LULA;PT;6245;46,60;FLAVIO BOLSONARO;PL;6113;45,61;0.92;6113;24.1;55.6;48.8
rs;ENGENHO VELHO;Rio Grande Do Sul;Sul;-27.7087;-52.91247;1179;17.73;21;5;FLAVIO BOLSONARO;PL;467;50,65;LULA;PT;412;44,69;5.67;412;25.2;54.6;50.0
rs;ENTRE RIOS DO SUL;Rio Grande Do Sul;Sul;-27.53263;-52.72692;2654;21.55;41;9;FLAVIO BOLSONARO;PL;1108;55,01;LULA;PT;817;40,57;13.98;817;22.1;51.8;50.2
rs;ENTRE-IJUÍS;Rio Grande Do Sul;Sul;-28.37484;-54.26453;7421;18.74;139;22;FLAVIO BOLSONARO;PL;3327;57,47;LULA;PT;2061;35,60;21.0;2061;20.5;51.5;49.0
rs;EREBANGO;Rio Grande Do Sul;Sul;-27.85091;-52.30123;2616;19.5;54;8;FLAVIO BOLSONARO;PL;1224;60,74;LULA;PT;696;34,54;25.07;696;26.4;53.2;49.0
rs;ERECHIM;Rio Grande Do Sul;Sul;-27.64107;-52.27085;79130;18.19;1111;245;FLAVIO BOLSONARO;PL;41650;66,67;LULA;PT;15782;25,26;39.96;15782;22.3;32.7;46.1
rs;ERNESTINA;Rio Grande Do Sul;Sul;-28.46032;-52.5689;2930;17.0;43;10;FLAVIO BOLSONARO;PL;1475;62,74;LULA;PT;762;32,41;29.32;762;20.6;42.8;50.3
rs;ERVAL GRANDE;Rio Grande Do Sul;Sul;-27.38816;-52.56481;4359;17.05;81;16;FLAVIO BOLSONARO;PL;1794;51,98;LULA;PT;1471;42,63;8.93;1471;22.0;58.7;49.9
rs;ERVAL SECO;Rio Grande Do Sul;Sul;-27.53345;-53.50765;5497;18.01;74;25;FLAVIO BOLSONARO;PL;2237;51,59;LULA;PT;1889;43,57;7.72;1889;22.4;55.8;49.4
rs;ESMERALDA;Rio Grande Do Sul;Sul;-28.02802;-51.18795;2884;22.95;37;11;FLAVIO BOLSONARO;PL;1218;57,29;LULA;PT;796;37,44;18.99;796;23.2;53.4;48.9
rs;ESPERANÇA DO SUL;Rio Grande Do Sul;Sul;-27.34094;-54.00386;3315;16.95;82;14;FLAVIO BOLSONARO;PL;1309;49,70;LULA;PT;1174;44,57;4.9;1174;20.6;61.9;50.9
rs;ESPUMOSO;Rio Grande Do Sul;Sul;-28.7633;-52.84325;12400;17.97;163;37;FLAVIO BOLSONARO;PL;6182;62,67;LULA;PT;3099;31,42;30.31;3099;21.9;44.7;47.8
rs;ESTAÇÃO;Rio Grande Do Sul;Sul;-27.91617;-52.26397;4871;15.79;76;16;FLAVIO BOLSONARO;PL;2658;67,16;LULA;PT;966;24,41;41.25;966;21.0;43.1;48.5
rs;ESTEIO;Rio Grande Do Sul;Sul;-29.85216;-51.15953;65833;23.73;988;216;FLAVIO BOLSONARO;PL;22979;47,73;LULA;PT;20429;42,43;5.08;20429;22.8;32.2;46.7
rs;ESTRELA;Rio Grande Do Sul;Sul;-29.49605;-51.95092;24675;17.98;300;80;FLAVIO BOLSONARO;PL;13505;68,70;LULA;PT;4364;22,20;45.17;4364;22.2;37.8;47.6
rs;ESTRELA VELHA;Rio Grande Do Sul;Sul;-29.20374;-53.17267;2953;18.76;39;15;FLAVIO BOLSONARO;PL;1422;61,59;LULA;PT;683;29,58;30.8;683;22.9;58.2;51.4
rs;ESTÂNCIA VELHA;Rio Grande Do Sul;Sul;-29.65744;-51.17208;37229;18.45;666;108;FLAVIO BOLSONARO;PL;19720;67,66;LULA;PT;6862;23,55;42.35;6862;23.2;39.2;47.3
rs;EUGÊNIO DE CASTRO;Rio Grande Do Sul;Sul;-28.52793;-54.16581;2554;18.87;33;8;FLAVIO BOLSONARO;PL;1249;62,67;LULA;PT;657;32,97;28.57;657;20.8;58.0;49.9
rs;FAGUNDES VARELA;Rio Grande Do Sul;Sul;-28.88298;-51.70247;2439;15.95;24;8;FLAVIO BOLSONARO;PL;1573;78,89;LULA;PT;282;14,14;62.98;282;18.5;49.3;50.4
rs;FARROUPILHA;Rio Grande Do Sul;Sul;-29.22327;-51.35121;57062;17.32;908;182;FLAVIO BOLSONARO;PL;32140;70,86;LULA;PT;9327;20,56;48.36;9327;22.8;35.1;47.6
rs;FAXINAL DO SOTURNO;Rio Grande Do Sul;Sul;-29.57125;-53.45898;5638;20.38;71;21;FLAVIO BOLSONARO;PL;2664;61,40;LULA;PT;1350;31,11;29.27;1350;21.5;44.9;48.0
rs;FAXINALZINHO;Rio Grande Do Sul;Sul;-27.40574;-52.66568;2419;20.46;37;8;FLAVIO BOLSONARO;PL;1167;63,12;LULA;PT;612;33,10;28.85;612;25.9;53.8;50.7
rs;FAZENDA VILANOVA;Rio Grande Do Sul;Sul;-29.58714;-51.83591;3798;18.35;78;13;FLAVIO BOLSONARO;PL;1731;58,26;LULA;PT;997;33,56;23.67;997;23.7;54.3;49.5
rs;FELIZ;Rio Grande Do Sul;Sul;-29.4538;-51.29584;11110;15.93;178;37;FLAVIO BOLSONARO;PL;5953;66,07;LULA;PT;2117;23,50;41.07;2117;21.5;43.9;48.3
rs;FLORES DA CUNHA;Rio Grande Do Sul;Sul;-29.04002;-51.19349;25103;15.81;371;78;FLAVIO BOLSONARO;PL;16241;79,26;LULA;PT;2606;12,72;64.52;2606;22.2;40.5;48.8
rs;FLORIANO PEIXOTO;Rio Grande Do Sul;Sul;-27.84845;-52.04747;1811;18.28;31;7;FLAVIO BOLSONARO;PL;861;60,76;LULA;PT;459;32,39;27.16;459;17.9;66.3;52.0
rs;FONTOURA XAVIER;Rio Grande Do Sul;Sul;-28.98997;-52.35819;8245;22.45;142;31;FLAVIO BOLSONARO;PL;2951;48,68;LULA;PT;2686;44,31;4.14;2686;24.6;55.5;50.9
rs;FORMIGUEIRO;Rio Grande Do Sul;Sul;-29.99669;-53.49759;5763;22.23;138;22;FLAVIO BOLSONARO;PL;2131;50,47;LULA;PT;1777;42,09;7.9;1777;21.3;53.6;50.1
rs;FORQUETINHA;Rio Grande Do Sul;Sul;-29.38764;-52.12472;2588;13.64;29;12;FLAVIO BOLSONARO;PL;1543;71,67;LULA;PT;484;22,48;47.38;484;17.9;58.8;52.6
rs;FORTALEZA DOS VALOS;Rio Grande Do Sul;Sul;-28.81606;-53.23137;3686;14.22;43;12;FLAVIO BOLSONARO;PL;1943;63,21;LULA;PT;939;30,55;31.75;939;22.9;45.9;48.7
rs;FREDERICO WESTPHALEN;Rio Grande Do Sul;Sul;-27.35538;-53.38828;25048;19.66;313;80;FLAVIO BOLSONARO;PL;12652;65,15;LULA;PT;5474;28,19;35.67;5474;23.7;39.9;46.9
rs;GARIBALDI;Rio Grande Do Sul;Sul;-29.2533;-51.53522;26403;14.4;314;80;FLAVIO BOLSONARO;PL;16066;73,35;LULA;PT;4072;18,59;53.07;4072;21.8;36.5;47.9
rs;GARRUCHOS;Rio Grande Do Sul;Sul;-28.20932;-55.54695;2516;25.64;42;11;LULA;PT;980;54,38;FLAVIO BOLSONARO;PL;698;38,73;15.07;698;20.9;57.5;50.9
rs;GAURAMA;Rio Grande Do Sul;Sul;-27.58966;-52.10675;5195;14.11;77;19;FLAVIO BOLSONARO;PL;3040;70,63;LULA;PT;995;23,12;45.83;995;20.4;44.0;49.1
rs;GENERAL CÂMARA;Rio Grande Do Sul;Sul;-29.88835;-51.82833;6173;22.03;97;23;FLAVIO BOLSONARO;PL;2199;47,83;LULA;PT;1947;42,34;5.24;1947;20.7;49.4;49.8
rs;GENTIL;Rio Grande Do Sul;Sul;-28.39956;-52.05135;1673;15.0;27;6;FLAVIO BOLSONARO;PL;994;72,13;LULA;PT;304;22,06;48.52;304;23.4;47.7;51.0
rs;GETÚLIO VARGAS;Rio Grande Do Sul;Sul;-27.88313;-52.21904;12197;15.15;205;41;FLAVIO BOLSONARO;PL;7004;70,41;LULA;PT;2171;21,82;46.7;2171;21.7;40.4;47.9
rs;GIRUÁ;Rio Grande Do Sul;Sul;-28.02752;-54.35187;12735;17.91;178;48;FLAVIO BOLSONARO;PL;6733;66,48;LULA;PT;2787;27,52;37.75;2787;22.5;45.3;47.8
rs;GLORINHA;Rio Grande Do Sul;Sul;-29.86789;-50.78915;6780;21.46;118;20;FLAVIO BOLSONARO;PL;3394;66,52;LULA;PT;1270;24,89;39.89;1270;21.3;44.9;50.9
rs;GRAMADO;Rio Grande Do Sul;Sul;-29.38753;-50.87913;34790;21.83;432;111;FLAVIO BOLSONARO;PL;19052;72,54;LULA;PT;5170;19,68;51.05;5170;23.2;37.1;47.0
rs;GRAMADO DOS LOUREIROS;Rio Grande Do Sul;Sul;-27.44461;-52.91736;2631;19.38;47;8;LULA;PT;1097;53,70;FLAVIO BOLSONARO;PL;870;42,58;10.7;870;27.8;53.7;51.5
rs;GRAMADO XAVIER;Rio Grande Do Sul;Sul;-29.28042;-52.58807;3049;19.29;24;15;FLAVIO BOLSONARO;PL;1358;57,13;LULA;PT;836;35,17;21.21;836;27.1;60.8;51.7
rs;GRAVATAÍ;Rio Grande Do Sul;Sul;-29.92706;-51.01121;192077;23.02;3416;539;FLAVIO BOLSONARO;PL;78624;55,91;LULA;PT;47237;33,59;21.23;47237;24.7;39.6;47.0
rs;GUABIJU;Rio Grande Do Sul;Sul;-28.54104;-51.69112;1395;16.56;20;4;FLAVIO BOLSONARO;PL;874;78,18;LULA;PT;164;14,67;61.0;164;16.0;46.6;52.1
rs;GUAPORÉ;Rio Grande Do Sul;Sul;-28.84845;-51.89009;18948;16.11;228;55;FLAVIO BOLSONARO;PL;11578;75,18;LULA;PT;2640;17,14;56.23;2640;22.1;37.4;47.2
rs;GUARANI DAS MISSÕES;Rio Grande Do Sul;Sul;-28.14184;-54.56816;5851;16.24;94;26;FLAVIO BOLSONARO;PL;2860;60,52;LULA;PT;1509;31,93;27.57;1509;20.5;46.2;48.2
rs;GUAÍBA;Rio Grande Do Sul;Sul;-30.12097;-51.33914;74475;22.25;1323;231;FLAVIO BOLSONARO;PL;26139;47,58;LULA;PT;23122;42,09;5.21;23122;24.3;36.0;46.9
rs;HARMONIA;Rio Grande Do Sul;Sul;-29.54613;-51.42516;4102;12.19;60;12;FLAVIO BOLSONARO;PL;2389;68,79;LULA;PT;702;20,21;46.84;702;22.3;45.1;49.4
rs;HERVAL;Rio Grande Do Sul;Sul;-32.02901;-53.39293;5214;24.03;102;19;LULA;PT;2175;57,94;FLAVIO BOLSONARO;PL;1278;34,04;22.65;1278;23.1;51.8;49.9
rs;HERVEIRAS;Rio Grande Do Sul;Sul;-29.44575;-52.66624;2629;20.24;32;10;FLAVIO BOLSONARO;PL;1088;54,00;LULA;PT;776;38,51;14.88;776;28.1;67.9;51.7
rs;HORIZONTINA;Rio Grande Do Sul;Sul;-27.61731;-54.30645;14887;18.05;159;57;FLAVIO BOLSONARO;PL;8454;71,04;LULA;PT;2610;21,93;47.9;2610;20.0;34.7;47.4
rs;HULHA NEGRA;Rio Grande Do Sul;Sul;-31.42443;-53.87538;4884;22.13;62;17;LULA;PT;1920;52,59;FLAVIO BOLSONARO;PL;1504;41,19;10.94;1504;25.8;51.1;50.0
rs;HUMAITÁ;Rio Grande Do Sul;Sul;-27.57041;-53.9786;4020;14.4;59;19;FLAVIO BOLSONARO;PL;2055;61,82;LULA;PT;1078;32,43;28.39;1078;18.8;50.3;48.2
rs;IBARAMA;Rio Grande Do Sul;Sul;-29.42297;-53.15147;3655;18.3;72;15;FLAVIO BOLSONARO;PL;1722;61,22;LULA;PT;792;28,15;31.15;792;24.3;61.1;50.2
rs;IBIAÇÁ;Rio Grande Do Sul;Sul;-28.08046;-51.8404;3988;14.87;66;15;FLAVIO BOLSONARO;PL;2250;68,95;LULA;PT;747;22,89;44.27;747;20.0;49.7;47.9
rs;IBIRAIARAS;Rio Grande Do Sul;Sul;-28.37522;-51.63239;5419;15.19;88;19;FLAVIO BOLSONARO;PL;3256;74,13;LULA;PT;841;19,15;52.55;841;21.7;49.7;49.2
rs;IBIRAPUITÃ;Rio Grande Do Sul;Sul;-28.62477;-52.51107;3410;19.27;49;13;FLAVIO BOLSONARO;PL;1642;61,80;LULA;PT;886;33,35;27.46;886;25.0;50.5;50.1
rs;IBIRUBÁ;Rio Grande Do Sul;Sul;-28.62164;-53.10347;16439;15.55;189;55;FLAVIO BOLSONARO;PL;9582;71,13;LULA;PT;2919;21,67;48.0;2919;21.5;40.4;47.2
rs;IGREJINHA;Rio Grande Do Sul;Sul;-29.57154;-50.79527;26693;15.3;350;83;FLAVIO BOLSONARO;PL;14678;67,15;LULA;PT;5531;25,31;40.46;5531;24.4;45.1;47.2
rs;IJUÍ;Rio Grande Do Sul;Sul;-28.38177;-53.91485;63737;18.95;856;231;FLAVIO BOLSONARO;PL;29614;59,30;LULA;PT;16869;33,78;24.67;16869;22.2;36.0;46.5
rs;ILÓPOLIS;Rio Grande Do Sul;Sul;-28.92912;-52.12429;3634;17.28;54;14;FLAVIO BOLSONARO;PL;2242;77,66;LULA;PT;474;16,42;58.82;474;22.0;51.8;49.4
rs;IMBÉ;Rio Grande Do Sul;Sul;-29.94328;-50.12013;24070;26.7;314;65;FLAVIO BOLSONARO;PL;9628;56,55;LULA;PT;5858;34,41;21.37;5858;19.9;37.0;46.5
rs;IMIGRANTE;Rio Grande Do Sul;Sul;-29.34833;-51.77218;2800;17.82;68;9;FLAVIO BOLSONARO;PL;1427;64,92;LULA;PT;495;22,52;40.5;495;17.3;50.3;49.0
rs;INDEPENDÊNCIA;Rio Grande Do Sul;Sul;-27.87095;-54.18944;5501;16.31;78;22;FLAVIO BOLSONARO;PL;2886;64,56;LULA;PT;1251;27,99;35.51;1251;21.9;51.9;50.4
rs;INHACORÁ;Rio Grande Do Sul;Sul;-27.89544;-54.03573;2071;21.54;29;9;FLAVIO BOLSONARO;PL;860;54,71;LULA;PT;621;39,50;14.71;621;22.1;56.4;51.4
rs;IPIRANGA DO SUL;Rio Grande Do Sul;Sul;-27.93335;-52.40925;2098;14.49;28;8;FLAVIO BOLSONARO;PL;1430;82,04;LULA;PT;238;13,65;66.44;238;20.1;47.5;50.7
rs;IPÊ;Rio Grande Do Sul;Sul;-28.77833;-51.31498;5497;16.39;70;20;FLAVIO BOLSONARO;PL;3394;76,17;LULA;PT;757;16,99;57.38;757;19.1;48.8;50.2
rs;IRAÍ;Rio Grande Do Sul;Sul;-27.21286;-53.24985;5812;20.54;98;20;FLAVIO BOLSONARO;PL;2357;53,34;LULA;PT;1856;42,00;10.85;1856;22.2;51.7;48.4
rs;ITAARA;Rio Grande Do Sul;Sul;-29.59863;-53.76801;4530;19.87;41;14;FLAVIO BOLSONARO;PL;1952;55,14;LULA;PT;1337;37,77;16.94;1337;21.5;38.9;50.5
rs;ITACURUBI;Rio Grande Do Sul;Sul;-28.78402;-55.27044;2718;21.93;34;13;FLAVIO BOLSONARO;PL;1021;49,80;LULA;PT;913;44,54;5.09;913;20.8;58.0;50.5
rs;ITAPUCA;Rio Grande Do Sul;Sul;-28.77547;-52.19299;1824;19.63;24;6;FLAVIO BOLSONARO;PL;979;70,48;LULA;PT;337;24,26;43.79;337;24.3;61.9;50.4
rs;ITAQUI;Rio Grande Do Sul;Sul;-29.13629;-56.53864;26152;28.57;303;80;FLAVIO BOLSONARO;PL;9938;55,04;LULA;PT;6910;38,27;16.21;6910;24.3;44.5;47.8
rs;ITATI;Rio Grande Do Sul;Sul;-29.50021;-50.1218;3450;17.01;50;11;FLAVIO BOLSONARO;PL;1676;60,48;LULA;PT;914;32,98;26.62;914;22.7;57.8;51.2
rs;ITATIBA DO SUL;Rio Grande Do Sul;Sul;-27.40117;-52.45577;3342;17.77;63;13;LULA;PT;1381;52,59;FLAVIO BOLSONARO;PL;1129;42,99;9.17;1129;21.3;59.5;52.4
rs;IVORÁ;Rio Grande Do Sul;Sul;-29.51699;-53.59214;1809;20.45;36;8;FLAVIO BOLSONARO;PL;743;54,79;LULA;PT;480;35,40;18.28;480;18.6;49.6;50.6
rs;IVOTI;Rio Grande Do Sul;Sul;-29.60365;-51.16505;17002;12.69;253;53;FLAVIO BOLSONARO;PL;9655;67,08;LULA;PT;3225;22,41;43.32;3225;21.6;33.0;47.4
rs;JABOTICABA;Rio Grande Do Sul;Sul;-27.64239;-53.28272;3370;18.64;67;13;FLAVIO BOLSONARO;PL;1437;54,78;LULA;PT;1052;40,11;14.04;1052;21.5;57.5;49.9
rs;JACUIZINHO;Rio Grande Do Sul;Sul;-29.045;-53.03625;2056;16.59;30;10;FLAVIO BOLSONARO;PL;862;51,83;LULA;PT;684;41,13;10.38;684;23.0;57.4;52.4
rs;JACUTINGA;Rio Grande Do Sul;Sul;-27.72807;-52.53653;2991;14.84;53;12;FLAVIO BOLSONARO;PL;1626;66,83;LULA;PT;612;25,15;39.81;612;20.1;45.5;48.3
rs;JAGUARI;Rio Grande Do Sul;Sul;-29.46919;-54.65963;8702;19.49;161;39;FLAVIO BOLSONARO;PL;3988;60,01;LULA;PT;2149;32,34;26.25;2149;19.9;48.1;49.5
rs;JAGUARÃO;Rio Grande Do Sul;Sul;-32.54985;-53.37565;20370;25.99;377;65;LULA;PT;6546;46,17;FLAVIO BOLSONARO;PL;6248;44,07;1.98;6248;22.2;44.2;46.1
rs;JAQUIRANA;Rio Grande Do Sul;Sul;-28.89321;-50.40252;3757;24.62;78;15;FLAVIO BOLSONARO;PL;1602;60,23;LULA;PT;913;34,32;24.33;913;23.1;59.2;50.9
rs;JARI;Rio Grande Do Sul;Sul;-29.32355;-54.31557;2794;18.97;34;12;FLAVIO BOLSONARO;PL;1122;52,65;LULA;PT;822;38,57;13.25;822;19.2;66.4;51.9
rs;JÓIA;Rio Grande Do Sul;Sul;-28.70924;-54.11218;6196;17.87;68;28;FLAVIO BOLSONARO;PL;2410;48,95;LULA;PT;2313;46,98;1.91;2313;22.5;55.4;50.7
rs;JÚLIO DE CASTILHOS;Rio Grande Do Sul;Sul;-29.25577;-53.67426;14988;21.43;188;55;FLAVIO BOLSONARO;PL;5655;49,86;LULA;PT;4862;42,87;6.73;4862;23.1;44.8;47.5
rs;LAGOA BONITA DO SUL;Rio Grande Do Sul;Sul;-29.49414;-53.04225;2310;18.44;39;12;FLAVIO BOLSONARO;PL;1028;57,53;LULA;PT;610;34,14;22.19;610;23.2;58.3;51.7
rs;LAGOA DOS TRÊS CANTOS;Rio Grande Do Sul;Sul;-28.56909;-52.85085;1717;13.86;14;5;FLAVIO BOLSONARO;PL;1084;74,45;LULA;PT;248;17,03;56.52;248;20.1;37.8;49.1
rs;LAGOA VERMELHA;Rio Grande Do Sul;Sul;-28.21547;-51.52248;19900;19.33;274;74;FLAVIO BOLSONARO;PL;9550;62,12;LULA;PT;4808;31,28;29.54;4808;24.0;40.5;47.5
rs;LAGOÃO;Rio Grande Do Sul;Sul;-29.24028;-52.78541;4895;18.24;76;20;LULA;PT;1750;45,98;FLAVIO BOLSONARO;PL;1698;44,61;1.3;1698;24.2;64.8;51.1
rs;LAJEADO;Rio Grande Do Sul;Sul;-29.4543;-51.98131;64158;19.15;811;189;FLAVIO BOLSONARO;PL;32135;64,20;LULA;PT;13299;26,57;36.31;13299;22.9;33.5;46.0
rs;LAJEADO DO BUGRE;Rio Grande Do Sul;Sul;-27.69492;-53.18627;2108;23.48;30;6;FLAVIO BOLSONARO;PL;757;49,03;LULA;PT;737;47,73;1.24;737;26.8;60.6;50.5
rs;LAVRAS DO SUL;Rio Grande Do Sul;Sul;-30.80883;-53.93448;5420;20.85;123;19;LULA;PT;1999;49,74;FLAVIO BOLSONARO;PL;1702;42,35;6.92;1702;21.3;45.6;47.4
rs;LIBERATO SALZANO;Rio Grande Do Sul;Sul;-27.57475;-53.06946;4425;22.19;70;16;FLAVIO BOLSONARO;PL;1709;52,41;LULA;PT;1370;42,01;9.85;1370;20.9;57.6;50.7
rs;LINDOLFO COLLOR;Rio Grande Do Sul;Sul;-29.59298;-51.21133;4683;14.95;78;15;FLAVIO BOLSONARO;PL;2260;59,29;LULA;PT;1209;31,72;26.39;1209;26.3;53.3;50.3
rs;LINHA NOVA;Rio Grande Do Sul;Sul;-29.46319;-51.20211;1511;16.48;29;4;FLAVIO BOLSONARO;PL;781;64,28;LULA;PT;315;25,93;36.93;315;17.5;58.3;50.9
rs;MACHADINHO;Rio Grande Do Sul;Sul;-27.57988;-51.66989;4842;16.29;91;16;FLAVIO BOLSONARO;PL;2417;62,31;LULA;PT;1237;31,89;29.11;1237;22.4;51.2;49.6
rs;MAMPITUBA;Rio Grande Do Sul;Sul;-29.23252;-49.97039;3155;15.44;62;12;FLAVIO BOLSONARO;PL;1406;54,60;LULA;PT;932;36,19;17.77;932;24.0;58.1;50.7
rs;MANOEL VIANA;Rio Grande Do Sul;Sul;-29.53344;-55.5013;5536;21.33;87;18;FLAVIO BOLSONARO;PL;2109;50,27;LULA;PT;1816;43,29;6.73;1816;21.6;51.1;48.6
rs;MAQUINÉ;Rio Grande Do Sul;Sul;-29.67629;-50.20721;5922;17.95;108;20;FLAVIO BOLSONARO;PL;2369;51,14;LULA;PT;1965;42,42;8.31;1965;22.8;55.2;49.9
rs;MARATÁ;Rio Grande Do Sul;Sul;-29.54837;-51.54779;2435;14.0;28;10;FLAVIO BOLSONARO;PL;1431;70,25;LULA;PT;381;18,70;50.14;381;22.2;53.2;50.6
rs;MARAU;Rio Grande Do Sul;Sul;-28.44779;-52.20564;31646;15.68;397;106;FLAVIO BOLSONARO;PL;18196;70,53;LULA;PT;5613;21,76;47.16;5613;23.3;35.8;47.3
rs;MARCELINO RAMOS;Rio Grande Do Sul;Sul;-27.46774;-51.94423;3896;16.74;57;18;FLAVIO BOLSONARO;PL;1885;60,09;LULA;PT;1050;33,47;25.74;1050;20.1;49.9;50.2
rs;MARIANA PIMENTEL;Rio Grande Do Sul;Sul;-30.35096;-51.56413;3608;21.59;51;13;FLAVIO BOLSONARO;PL;1633;60,24;LULA;PT;837;30,87;28.14;837;21.0;56.7;51.3
rs;MARIANO MORO;Rio Grande Do Sul;Sul;-27.35547;-52.14834;2211;17.28;37;8;FLAVIO BOLSONARO;PL;986;57,03;LULA;PT;610;35,28;20.56;610;20.5;50.8;51.4
rs;MARQUES DE SOUZA;Rio Grande Do Sul;Sul;-29.29453;-52.13159;3511;17.32;58;17;FLAVIO BOLSONARO;PL;1895;68,07;LULA;PT;682;24,50;41.78;682;17.9;57.8;50.3
rs;MATA;Rio Grande Do Sul;Sul;-29.54076;-54.45224;4013;21.65;56;15;FLAVIO BOLSONARO;PL;1724;58,22;LULA;PT;1019;34,41;22.42;1019;21.2;55.2;49.5
rs;MATO CASTELHANO;Rio Grande Do Sul;Sul;-28.28579;-52.16372;3019;16.13;33;9;FLAVIO BOLSONARO;PL;1779;72,00;LULA;PT;544;22,02;48.78;544;22.3;45.1;51.1
rs;MATO LEITÃO;Rio Grande Do Sul;Sul;-29.52535;-52.13639;4115;14.7;68;14;FLAVIO BOLSONARO;PL;2153;64,00;LULA;PT;835;24,82;37.55;835;21.4;53.2;49.0
rs;MATO QUEIMADO;Rio Grande Do Sul;Sul;-28.24835;-54.64167;1617;16.45;16;7;FLAVIO BOLSONARO;PL;761;57,91;LULA;PT;446;33,94;23.32;446;20.6;52.0;49.3
rs;MAXIMILIANO DE ALMEIDA;Rio Grande Do Sul;Sul;-27.62169;-51.81352;3954;19.2;89;16;FLAVIO BOLSONARO;PL;2090;69,21;LULA;PT;769;25,46;41.35;769;21.9;53.8;49.5
rs;MAÇAMBARÁ;Rio Grande Do Sul;Sul;-29.10183;-55.86658;3970;26.83;58;14;FLAVIO BOLSONARO;PL;1479;52,92;LULA;PT;1079;38,60;13.77;1079;22.4;53.5;50.2
rs;MINAS DO LEÃO;Rio Grande Do Sul;Sul;-30.13716;-52.04381;6369;21.15;103;20;FLAVIO BOLSONARO;PL;2272;47,68;LULA;PT;2037;42,75;4.68;2037;24.8;52.4;48.5
rs;MIRAGUAÍ;Rio Grande Do Sul;Sul;-27.50961;-53.71057;4473;18.04;71;17;LULA;PT;1647;46,72;FLAVIO BOLSONARO;PL;1642;46,58;0.14;1642;24.3;51.0;51.1
rs;MONTAURI;Rio Grande Do Sul;Sul;-28.65292;-52.07624;1514;15.26;24;5;FLAVIO BOLSONARO;PL;935;75,89;LULA;PT;187;15,18;58.3;187;19.3;52.0;50.0
rs;MONTE ALEGRE DOS CAMPOS;Rio Grande Do Sul;Sul;-28.68533;-50.7835;3352;22.61;34;12;FLAVIO BOLSONARO;PL;1639;66,01;LULA;PT;699;28,15;36.24;699;23.8;62.2;54.3
rs;MONTE BELO DO SUL;Rio Grande Do Sul;Sul;-29.1494;-51.64936;3034;15.19;44;11;FLAVIO BOLSONARO;PL;2061;82,51;LULA;PT;280;11,21;69.22;280;16.4;49.0;49.7
rs;MONTENEGRO;Rio Grande Do Sul;Sul;-29.69195;-51.47732;47579;22.46;700;150;FLAVIO BOLSONARO;PL;20096;56,94;LULA;PT;11576;32,80;23.09;11576;23.3;37.4;47.4
rs;MORMAÇO;Rio Grande Do Sul;Sul;-28.69635;-52.67036;2764;17.47;35;8;FLAVIO BOLSONARO;PL;1417;64,18;LULA;PT;664;30,07;33.01;664;22.8;49.3;50.9
rs;MORRINHOS DO SUL;Rio Grande Do Sul;Sul;-29.3311;-49.94245;3216;15.39;50;11;FLAVIO BOLSONARO;PL;1783;67,90;LULA;PT;590;22,47;43.84;590;19.8;53.7;50.1
rs;MORRO REDONDO;Rio Grande Do Sul;Sul;-31.61978;-52.64283;5309;20.68;91;20;FLAVIO BOLSONARO;PL;2263;56,99;LULA;PT;1268;31,93;23.63;1268;19.4;54.9;48.8
rs;MORRO REUTER;Rio Grande Do Sul;Sul;-29.53014;-51.06578;5415;12.89;95;19;FLAVIO BOLSONARO;PL;3383;74,19;LULA;PT;762;16,71;55.56;762;19.2;46.5;50.1
rs;MOSTARDAS;Rio Grande Do Sul;Sul;-31.01016;-50.83903;9243;24.89;207;31;FLAVIO BOLSONARO;PL;3945;60,15;LULA;PT;2159;32,92;25.73;2159;23.5;54.0;49.9
rs;MUITOS CAPÕES;Rio Grande Do Sul;Sul;-28.32482;-51.20795;2854;22.28;17;10;FLAVIO BOLSONARO;PL;1569;73,35;LULA;PT;468;21,88;49.64;468;22.5;52.1;51.8
rs;MULITERNO;Rio Grande Do Sul;Sul;-28.33994;-51.74865;2237;19.04;26;8;FLAVIO BOLSONARO;PL;941;54,46;LULA;PT;685;39,64;14.14;685;29.4;54.9;49.7
rs;MUÇUM;Rio Grande Do Sul;Sul;-29.16245;-51.85788;3973;17.64;57;17;FLAVIO BOLSONARO;PL;2246;71,57;LULA;PT;631;20,11;49.36;631;19.2;49.3;48.4
rs;NICOLAU VERGUEIRO;Rio Grande Do Sul;Sul;-28.52817;-52.45322;2406;21.16;21;8;FLAVIO BOLSONARO;PL;1275;69,07;LULA;PT;489;26,49;41.43;489;20.5;50.5;51.8
rs;NONOAI;Rio Grande Do Sul;Sul;-27.35897;-52.77716;9663;22.34;127;30;FLAVIO BOLSONARO;PL;4025;55,46;LULA;PT;2892;39,85;15.1;2892;24.6;45.6;48.7
rs;NOVA ALVORADA;Rio Grande Do Sul;Sul;-28.69117;-52.16085;2805;14.47;52;10;FLAVIO BOLSONARO;PL;1760;77,26;LULA;PT;383;16,81;57.4;383;21.9;51.4;50.6
rs;NOVA ARAÇÁ;Rio Grande Do Sul;Sul;-28.65693;-51.75176;4136;16.88;38;14;FLAVIO BOLSONARO;PL;2582;77,44;LULA;PT;542;16,26;59.34;542;27.0;39.3;49.0
rs;NOVA BASSANO;Rio Grande Do Sul;Sul;-28.73677;-51.70219;7205;14.13;71;22;FLAVIO BOLSONARO;PL;5000;83,19;LULA;PT;691;11,50;69.65;691;21.9;43.1;50.3
rs;NOVA BOA VISTA;Rio Grande Do Sul;Sul;-27.99409;-52.97421;2028;11.39;28;12;FLAVIO BOLSONARO;PL;1196;68,89;LULA;PT;341;19,64;47.58;341;20.8;47.4;50.1
rs;NOVA BRÉSCIA;Rio Grande Do Sul;Sul;-29.21929;-52.03215;2805;15.44;27;11;FLAVIO BOLSONARO;PL;1740;75,69;LULA;PT;377;16,40;57.46;377;20.4;46.7;49.8
rs;NOVA CANDELÁRIA;Rio Grande Do Sul;Sul;-27.59835;-54.12387;2588;10.43;48;11;FLAVIO BOLSONARO;PL;1595;71,43;LULA;PT;469;21,00;48.58;469;21.0;53.9;50.8
rs;NOVA ESPERANÇA DO SUL;Rio Grande Do Sul;Sul;-29.40388;-54.82964;4338;18.51;124;16;FLAVIO BOLSONARO;PL;1906;57,71;LULA;PT;1128;34,15;22.01;1128;22.6;46.4;48.6
rs;NOVA HARTZ;Rio Grande Do Sul;Sul;-29.58973;-50.90168;14667;15.68;241;45;FLAVIO BOLSONARO;PL;7069;59,52;LULA;PT;3780;31,83;26.59;3780;25.0;50.1;47.8
rs;NOVA PALMA;Rio Grande Do Sul;Sul;-29.44827;-53.44019;5060;17.23;77;19;FLAVIO BOLSONARO;PL;2440;60,26;LULA;PT;1258;31,07;28.22;1258;22.5;46.0;49.9
rs;NOVA PETRÓPOLIS;Rio Grande Do Sul;Sul;-29.37527;-51.09592;18127;15.63;261;57;FLAVIO BOLSONARO;PL;10409;70,16;LULA;PT;2759;18,60;50.02;2759;19.5;34.8;47.8
rs;NOVA PRATA;Rio Grande Do Sul;Sul;-28.78285;-51.6091;18975;16.43;215;54;FLAVIO BOLSONARO;PL;11508;74,72;LULA;PT;2606;16,92;56.14;2606;22.7;35.2;47.5
rs;NOVA PÁDUA;Rio Grande Do Sul;Sul;-29.02946;-51.30598;2410;14.61;22;7;FLAVIO BOLSONARO;PL;1756;87,02;LULA;PT;149;7,38;78.09;149;17.7;50.4;51.4
rs;NOVA RAMADA;Rio Grande Do Sul;Sul;-28.07772;-53.69926;2039;15.15;30;9;FLAVIO BOLSONARO;PL;1096;65,32;LULA;PT;448;26,70;37.46;448;18.1;55.0;51.7
rs;NOVA ROMA DO SUL;Rio Grande Do Sul;Sul;-28.98842;-51.40635;3182;14.05;43;11;FLAVIO BOLSONARO;PL;2076;78,34;LULA;PT;392;14,79;61.57;392;20.3;46.7;50.5
rs;NOVA SANTA RITA;Rio Grande Do Sul;Sul;-29.86109;-51.27139;20466;22.25;255;59;FLAVIO BOLSONARO;PL;8098;52,71;LULA;PT;5942;38,68;13.55;5942;27.3;40.1;48.2
rs;NOVO BARREIRO;Rio Grande Do Sul;Sul;-27.89328;-53.10722;3794;15.55;69;13;FLAVIO BOLSONARO;PL;1653;54,00;LULA;PT;1260;41,16;12.27;1260;21.6;56.7;51.8
rs;NOVO CABRAIS;Rio Grande Do Sul;Sul;-29.73474;-52.99409;3764;18.01;39;15;FLAVIO BOLSONARO;PL;1828;61,61;LULA;PT;928;31,28;29.16;928;21.4;56.8;50.6
rs;NOVO HAMBURGO;Rio Grande Do Sul;Sul;-29.69152;-51.11923;174486;21.34;2430;553;FLAVIO BOLSONARO;PL;84471;63,86;LULA;PT;36361;27,49;35.05;36361;22.8;42.8;46.4
rs;NOVO MACHADO;Rio Grande Do Sul;Sul;-27.54277;-54.53648;3081;17.3;27;13;FLAVIO BOLSONARO;PL;1730;69,81;LULA;PT;610;24,62;43.96;610;17.6;62.8;50.0
rs;NOVO TIRADENTES;Rio Grande Do Sul;Sul;-27.56173;-53.16972;1973;17.13;29;8;FLAVIO BOLSONARO;PL;845;53,68;LULA;PT;605;38,44;14.68;605;22.1;53.3;52.2
rs;NOVO XINGU;Rio Grande Do Sul;Sul;-27.74843;-53.06257;1591;15.71;22;6;FLAVIO BOLSONARO;PL;684;53,40;LULA;PT;497;38,80;13.94;497;20.6;49.6;50.3
rs;NÃO-ME-TOQUE;Rio Grande Do Sul;Sul;-28.45908;-52.81734;13469;16.48;138;40;FLAVIO BOLSONARO;PL;8068;73,43;LULA;PT;2279;20,74;51.46;2279;23.0;35.9;48.1
rs;OSÓRIO;Rio Grande Do Sul;Sul;-29.88907;-50.25541;37247;22.14;589;115;FLAVIO BOLSONARO;PL;13961;50,35;LULA;PT;11064;39,90;9.99;11064;22.5;36.9;46.2
rs;PAIM FILHO;Rio Grande Do Sul;Sul;-27.72202;-51.76554;3753;17.75;80;16;FLAVIO BOLSONARO;PL;1656;56,54;LULA;PT;1145;39,09;16.55;1145;21.9;54.3;50.5
rs;PALMARES DO SUL;Rio Grande Do Sul;Sul;-30.3268;-50.40885;10969;27.14;168;36;FLAVIO BOLSONARO;PL;4306;56,18;LULA;PT;2816;36,74;18.64;2816;19.1;49.9;48.2
rs;PALMEIRA DAS MISSÕES;Rio Grande Do Sul;Sul;-27.8987;-53.30323;24062;18.62;374;79;FLAVIO BOLSONARO;PL;10744;57,02;LULA;PT;7100;37,68;18.61;7100;24.5;40.1;46.5
rs;PALMITINHO;Rio Grande Do Sul;Sul;-27.33694;-53.57366;5953;16.8;110;19;FLAVIO BOLSONARO;PL;2464;52,01;LULA;PT;1896;40,02;11.47;1896;22.1;47.7;49.3
rs;PANAMBI;Rio Grande Do Sul;Sul;-28.29505;-53.50666;32201;17.44;380;108;FLAVIO BOLSONARO;PL;18575;71,97;LULA;PT;5411;20,97;49.52;5411;24.0;35.4;48.5
rs;PANTANO GRANDE;Rio Grande Do Sul;Sul;-30.22581;-52.36833;8416;21.49;154;29;LULA;PT;2970;47,28;FLAVIO BOLSONARO;PL;2786;44,35;2.78;2786;24.8;50.3;48.9
rs;PARAÍ;Rio Grande Do Sul;Sul;-28.59533;-51.79267;5977;12.92;59;19;FLAVIO BOLSONARO;PL;3875;76,88;LULA;PT;785;15,58;59.37;785;21.0;40.5;49.7
rs;PARAÍSO DO SUL;Rio Grande Do Sul;Sul;-29.70098;-53.14322;5367;16.27;94;21;FLAVIO BOLSONARO;PL;2854;66,53;LULA;PT;1082;25,22;39.43;1082;20.5;60.0;49.2
rs;PARECI NOVO;Rio Grande Do Sul;Sul;-29.61716;-51.4111;3442;16.12;36;11;FLAVIO BOLSONARO;PL;2036;72,66;LULA;PT;497;17,74;53.31;497;21.3;45.4;49.1
rs;PAROBÉ;Rio Grande Do Sul;Sul;-29.6372;-50.83573;39009;16.66;757;122;FLAVIO BOLSONARO;PL;19437;62,55;LULA;PT;9300;29,93;31.18;9300;24.9;49.7;47.5
rs;PASSA SETE;Rio Grande Do Sul;Sul;-29.43053;-52.87923;3747;17.96;52;18;FLAVIO BOLSONARO;PL;1882;64,43;LULA;PT;812;27,80;34.81;812;23.2;62.7;51.6
rs;PASSO DO SOBRADO;Rio Grande Do Sul;Sul;-29.76247;-52.27684;5251;14.45;62;19;FLAVIO BOLSONARO;PL;2689;61,97;LULA;PT;1361;31,37;29.56;1361;21.5;56.8;49.4
rs;PASSO FUNDO;Rio Grande Do Sul;Sul;-28.26143;-52.40796;150021;20.23;1681;446;FLAVIO BOLSONARO;PL;65469;56,52;LULA;PT;40293;34,79;21.04;40293;23.9;33.3;45.7
rs;PAULO BENTO;Rio Grande Do Sul;Sul;-27.70221;-52.42294;2280;13.77;28;8;FLAVIO BOLSONARO;PL;1310;68,80;LULA;PT;433;22,74;44.61;433;20.6;51.0;51.9
rs;PAVERAMA;Rio Grande Do Sul;Sul;-29.55874;-51.74232;6036;16.55;98;22;FLAVIO BOLSONARO;PL;2929;60,42;LULA;PT;1536;31,68;27.66;1536;21.0;56.2;50.1
rs;PEDRAS ALTAS;Rio Grande Do Sul;Sul;-31.84579;-53.69492;1976;24.9;27;8;LULA;PT;778;54,14;FLAVIO BOLSONARO;PL;567;39,46;14.22;567;21.7;57.1;52.3
rs;PEDRO OSÓRIO;Rio Grande Do Sul;Sul;-31.87138;-52.82649;6862;24.5;144;27;LULA;PT;2661;54,55;FLAVIO BOLSONARO;PL;1841;37,74;15.83;1841;23.1;51.2;47.6
rs;PEJUÇARA;Rio Grande Do Sul;Sul;-28.41616;-53.6517;3096;16.57;56;13;FLAVIO BOLSONARO;PL;1627;65,95;LULA;PT;703;28,50;35.77;703;21.5;44.3;48.3
rs;PELOTAS;Rio Grande Do Sul;Sul;-31.73146;-52.34313;244459;20.46;5191;757;LULA;PT;86617;47,10;FLAVIO BOLSONARO;PL;77399;42,09;4.74;77399;23.2;35.1;45.1
rs;PICADA CAFÉ;Rio Grande Do Sul;Sul;-29.46164;-51.12676;4533;14.71;86;15;FLAVIO BOLSONARO;PL;2608;69,66;LULA;PT;685;18,30;49.74;685;20.5;42.5;48.1
rs;PINHAL;Rio Grande Do Sul;Sul;-27.51773;-53.22107;2557;15.45;39;7;FLAVIO BOLSONARO;PL;1294;61,85;LULA;PT;660;31,55;29.32;660;25.5;47.8;49.6
rs;PINHAL DA SERRA;Rio Grande Do Sul;Sul;-27.888;-51.18475;2584;22.87;23;13;FLAVIO BOLSONARO;PL;1132;58,81;LULA;PT;717;37,25;20.82;717;21.5;54.2;51.9
rs;PINHAL GRANDE;Rio Grande Do Sul;Sul;-29.33706;-53.31896;3602;20.96;53;14;FLAVIO BOLSONARO;PL;1453;53,48;LULA;PT;1043;38,39;14.4;1043;24.0;54.1;51.7
rs;PINHEIRINHO DO VALE;Rio Grande Do Sul;Sul;-27.2151;-53.63301;3806;17.0;63;14;FLAVIO BOLSONARO;PL;1685;55,25;LULA;PT;1152;37,77;16.87;1152;23.6;55.4;50.2
rs;PINHEIRO MACHADO;Rio Grande Do Sul;Sul;-31.52369;-53.3886;9524;26.71;230;34;LULA;PT;3527;54,81;FLAVIO BOLSONARO;PL;2278;35,40;17.89;2278;21.6;53.3;49.0
rs;PINTO BANDEIRA;Rio Grande Do Sul;Sul;-29.10189;-51.45441;2438;15.38;31;9;FLAVIO BOLSONARO;PL;1664;82,79;LULA;PT;212;10,55;70.38;212;18.7;51.1;50.8
rs;PIRAPÓ;Rio Grande Do Sul;Sul;-28.03614;-55.24228;2336;26.8;58;11;LULA;PT;772;47,71;FLAVIO BOLSONARO;PL;741;45,80;1.81;741;19.4;56.0;50.5
rs;PIRATINI;Rio Grande Do Sul;Sul;-31.44108;-53.0778;14591;23.76;300;59;LULA;PT;5226;50,60;FLAVIO BOLSONARO;PL;4271;41,35;8.59;4271;21.3;54.3;49.9
rs;PLANALTO;Rio Grande Do Sul;Sul;-27.33205;-53.07855;7977;22.25;148;27;FLAVIO BOLSONARO;PL;3603;61,15;LULA;PT;1998;33,91;25.88;1998;22.4;52.2;48.5
rs;PONTE PRETA;Rio Grande Do Sul;Sul;-27.65532;-52.48765;1828;11.16;21;8;FLAVIO BOLSONARO;PL;1140;72,70;LULA;PT;322;20,54;50.37;322;20.1;52.8;50.6
rs;PONTÃO;Rio Grande Do Sul;Sul;-28.02396;-52.71186;3373;15.0;35;13;FLAVIO BOLSONARO;PL;1553;55,50;LULA;PT;1088;38,88;16.22;1088;24.8;47.2;51.0
rs;PORTO ALEGRE;Rio Grande Do Sul;Sul;-30.05821;-51.18035;1064200;23.99;15818;3077;LULA;PT;377252;48,57;FLAVIO BOLSONARO;PL;325139;41,86;6.44;325139;21.1;26.6;44.7
rs;PORTO LUCENA;Rio Grande Do Sul;Sul;-27.84697;-54.98456;3887;21.3;56;19;FLAVIO BOLSONARO;PL;1698;57,62;LULA;PT;1053;35,73;21.09;1053;17.5;60.3;49.5
rs;PORTO MAUÁ;Rio Grande Do Sul;Sul;-27.58734;-54.65018;2251;18.08;27;9;FLAVIO BOLSONARO;PL;1215;67,80;LULA;PT;477;26,62;40.02;477;19.1;56.5;49.2
rs;PORTO VERA CRUZ;Rio Grande Do Sul;Sul;-27.75099;-54.89158;1761;18.23;19;10;FLAVIO BOLSONARO;PL;772;55,14;LULA;PT;534;38,14;16.53;534;19.2;56.2;51.3
rs;PORTO XAVIER;Rio Grande Do Sul;Sul;-27.90624;-55.13927;7966;17.5;144;30;FLAVIO BOLSONARO;PL;3502;55,62;LULA;PT;2501;39,72;15.23;2501;22.0;49.4;48.6
rs;PORTÃO;Rio Grande Do Sul;Sul;-29.69024;-51.24065;25742;19.54;474;80;FLAVIO BOLSONARO;PL;11690;59,11;LULA;PT;6252;31,61;26.26;6252;23.7;48.3;47.9
rs;POUSO NOVO;Rio Grande Do Sul;Sul;-29.15647;-52.22768;1660;18.19;35;6;FLAVIO BOLSONARO;PL;780;59,91;LULA;PT;434;33,33;25.48;434;18.4;58.9;50.7
rs;POÇO DAS ANTAS;Rio Grande Do Sul;Sul;-29.44338;-51.65484;2014;14.25;42;7;FLAVIO BOLSONARO;PL;1124;68,00;LULA;PT;343;20,75;45.22;343;19.8;47.9;51.6
rs;PRESIDENTE LUCENA;Rio Grande Do Sul;Sul;-29.52451;-51.17533;2670;12.13;54;9;FLAVIO BOLSONARO;PL;1681;74,22;LULA;PT;365;16,11;56.1;365;22.0;50.8;51.7
rs;PROGRESSO;Rio Grande Do Sul;Sul;-29.22898;-52.31708;4932;14.58;91;24;FLAVIO BOLSONARO;PL;2404;59,52;LULA;PT;1336;33,08;25.35;1336;22.6;59.9;51.1
rs;PROTÁSIO ALVES;Rio Grande Do Sul;Sul;-28.75893;-51.47352;1939;15.63;13;6;FLAVIO BOLSONARO;PL;1289;82,10;LULA;PT;198;12,61;66.69;198;18.8;52.2;52.7
rs;PUTINGA;Rio Grande Do Sul;Sul;-29.00763;-52.14534;3807;22.98;28;15;FLAVIO BOLSONARO;PL;2240;79,21;LULA;PT;401;14,18;62.72;401;20.2;56.3;50.1
rs;QUARAÍ;Rio Grande Do Sul;Sul;-30.38307;-56.44126;17670;24.63;250;59;FLAVIO BOLSONARO;PL;6412;50,27;LULA;PT;5421;42,50;7.44;5421;23.8;44.8;47.0
rs;QUATRO IRMÃOS;Rio Grande Do Sul;Sul;-28.00321;-52.24743;1733;18.93;11;7;FLAVIO BOLSONARO;PL;907;65,92;LULA;PT;374;27,18;37.94;374;26.2;50.6;52.9
rs;QUEVEDOS;Rio Grande Do Sul;Sul;-29.3733;-54.08171;2385;25.49;28;11;FLAVIO BOLSONARO;PL;826;48,99;LULA;PT;745;44,19;4.56;745;21.7;59.5;53.1
rs;QUINZE DE NOVEMBRO;Rio Grande Do Sul;Sul;-28.75052;-53.104;3825;14.69;49;12;FLAVIO BOLSONARO;PL;2340;73,52;LULA;PT;601;18,88;53.29;601;21.3;45.6;50.1
rs;REDENTORA;Rio Grande Do Sul;Sul;-27.5881;-53.63446;6768;21.65;131;24;LULA;PT;2952;57,94;FLAVIO BOLSONARO;PL;1976;38,78;18.4;1976;32.8;52.6;48.4
rs;RELVADO;Rio Grande Do Sul;Sul;-29.11796;-52.06476;2167;21.27;25;10;FLAVIO BOLSONARO;PL;1172;70,69;LULA;PT;366;22,07;47.25;366;17.0;58.3;49.9
rs;RESTINGA SÊCA;Rio Grande Do Sul;Sul;-29.8082;-53.36287;12277;19.98;202;52;FLAVIO BOLSONARO;PL;5487;58,60;LULA;PT;3300;35,25;22.26;3300;22.1;52.1;49.1
rs;RIO DOS ÍNDIOS;Rio Grande Do Sul;Sul;-27.27619;-52.86789;2854;22.07;31;10;LULA;PT;1020;47,71;FLAVIO BOLSONARO;PL;1004;46,96;0.72;1004;20.9;57.5;51.0
rs;RIO GRANDE;Rio Grande Do Sul;Sul;-32.06545;-52.14358;150202;27.3;2894;460;LULA;PT;58014;56,17;FLAVIO BOLSONARO;PL;35752;34,62;20.39;35752;23.5;42.3;46.9
rs;RIO PARDO;Rio Grande Do Sul;Sul;-29.96052;-52.4036;28673;24.33;465;101;LULA;PT;10011;48,52;FLAVIO BOLSONARO;PL;8970;43,47;4.8;8970;22.5;49.7;47.8
rs;RIOZINHO;Rio Grande Do Sul;Sul;-29.6441;-50.44186;4370;14.99;82;16;FLAVIO BOLSONARO;PL;2117;59,73;LULA;PT;1077;30,39;27.99;1077;22.9;61.5;51.8
rs;ROCA SALES;Rio Grande Do Sul;Sul;-29.27326;-51.85359;7666;17.39;118;27;FLAVIO BOLSONARO;PL;4049;66,61;LULA;PT;1534;25,23;39.71;1534;20.6;49.8;49.0
rs;RODEIO BONITO;Rio Grande Do Sul;Sul;-27.4674;-53.17081;5375;16.54;80;17;FLAVIO BOLSONARO;PL;2504;57,92;LULA;PT;1567;36,25;20.89;1567;23.5;47.5;48.7
rs;ROLADOR;Rio Grande Do Sul;Sul;-28.26102;-54.836;2396;18.36;54;10;FLAVIO BOLSONARO;PL;972;52,06;LULA;PT;786;42,10;9.51;786;19.3;56.5;52.6
rs;ROLANTE;Rio Grande Do Sul;Sul;-29.64975;-50.56165;16313;15.02;240;54;FLAVIO BOLSONARO;PL;8678;65,09;LULA;PT;3536;26,52;37.09;3536;23.3;56.1;48.1
rs;RONDA ALTA;Rio Grande Do Sul;Sul;-27.78332;-52.80352;7415;16.2;62;25;FLAVIO BOLSONARO;PL;3099;51,42;LULA;PT;2594;43,04;8.13;2594;22.3;47.3;47.4
rs;RONDINHA;Rio Grande Do Sul;Sul;-27.82683;-52.92115;4481;14.53;56;20;FLAVIO BOLSONARO;PL;2236;60,74;LULA;PT;1254;34,07;25.64;1254;18.4;47.5;48.6
rs;ROQUE GONZALES;Rio Grande Do Sul;Sul;-28.08747;-55.05577;5416;17.21;95;25;FLAVIO BOLSONARO;PL;2355;54,83;LULA;PT;1677;39,05;15.12;1677;20.0;52.1;50.0
rs;ROSÁRIO DO SUL;Rio Grande Do Sul;Sul;-30.25871;-54.93621;31276;26.95;442;104;FLAVIO BOLSONARO;PL;10531;48,23;LULA;PT;9877;45,23;2.86;9877;23.0;47.4;47.4
rs;SAGRADA FAMÍLIA;Rio Grande Do Sul;Sul;-27.69836;-53.13429;2272;19.28;39;7;FLAVIO BOLSONARO;PL;884;50,31;LULA;PT;770;43,82;6.22;770;24.1;56.2;50.6
rs;SALDANHA MARINHO;Rio Grande Do Sul;Sul;-28.39748;-53.09498;2529;14.55;29;10;FLAVIO BOLSONARO;PL;1475;70,10;LULA;PT;525;24,95;43.96;525;19.3;47.8;47.6
rs;SALTO DO JACUÍ;Rio Grande Do Sul;Sul;-29.09396;-53.20183;7867;19.79;126;27;FLAVIO BOLSONARO;PL;3107;51,24;LULA;PT;2544;41,95;8.92;2544;23.8;49.8;47.4
rs;SALVADOR DAS MISSÕES;Rio Grande Do Sul;Sul;-28.101;-54.83569;2746;14.75;46;10;FLAVIO BOLSONARO;PL;1501;66,36;LULA;PT;597;26,39;38.62;597;20.9;43.6;50.9
rs;SALVADOR DO SUL;Rio Grande Do Sul;Sul;-29.42892;-51.51502;5640;14.73;97;19;FLAVIO BOLSONARO;PL;3247;70,48;LULA;PT;841;18,25;50.03;841;23.3;46.1;49.5
rs;SANANDUVA;Rio Grande Do Sul;Sul;-27.93982;-51.81622;13017;15.38;188;49;FLAVIO BOLSONARO;PL;7537;71,12;LULA;PT;2539;23,96;45.37;2539;20.1;44.6;48.7
rs;SANT'ANA DO LIVRAMENTO;Rio Grande Do Sul;Sul;-30.87891;-55.51413;72220;29.53;833;224;LULA;PT;23842;48,97;FLAVIO BOLSONARO;PL;20197;41,48;7.16;20197;22.0;41.8;46.1
rs;SANTA BÁRBARA DO SUL;Rio Grande Do Sul;Sul;-28.37058;-53.25483;6723;16.96;90;27;FLAVIO BOLSONARO;PL;3540;66,12;LULA;PT;1527;28,52;36.06;1527;23.5;44.2;48.3
rs;SANTA CECÍLIA DO SUL;Rio Grande Do Sul;Sul;-28.15381;-51.92949;1940;16.19;16;10;FLAVIO BOLSONARO;PL;1182;74,81;LULA;PT;290;18,35;54.86;290;23.4;53.2;49.7
rs;SANTA CLARA DO SUL;Rio Grande Do Sul;Sul;-29.45954;-52.11481;5711;14.69;97;19;FLAVIO BOLSONARO;PL;3316;70,78;LULA;PT;920;19,64;49.18;920;20.4;50.6;49.4
rs;SANTA CRUZ DO SUL;Rio Grande Do Sul;Sul;-29.70464;-52.42222;105305;19.28;1484;327;FLAVIO BOLSONARO;PL;48362;59,37;LULA;PT;24913;30,58;27.59;24913;22.3;36.0;46.3
rs;SANTA MARGARIDA DO SUL;Rio Grande Do Sul;Sul;-30.33542;-54.13364;2829;21.0;38;11;FLAVIO BOLSONARO;PL;1149;53,57;LULA;PT;824;38,41;14.54;824;20.0;53.8;52.7
rs;SANTA MARIA;Rio Grande Do Sul;Sul;-29.69509;-53.80858;207115;23.69;2538;636;FLAVIO BOLSONARO;PL;75209;49,48;LULA;PT;63618;41,85;7.33;63618;23.3;31.4;45.7
rs;SANTA MARIA DO HERVAL;Rio Grande Do Sul;Sul;-29.4838;-50.97747;5271;10.83;108;19;FLAVIO BOLSONARO;PL;2912;64,86;LULA;PT;994;22,14;40.81;994;18.9;61.7;50.7
rs;SANTA ROSA;Rio Grande Do Sul;Sul;-27.86822;-54.47557;57973;18.2;556;185;FLAVIO BOLSONARO;PL;30928;66,97;LULA;PT;11635;25,19;40.68;11635;22.4;34.9;46.9
rs;SANTA TEREZA;Rio Grande Do Sul;Sul;-29.16838;-51.73659;1750;15.54;39;5;FLAVIO BOLSONARO;PL;1010;71,73;LULA;PT;287;20,38;48.92;287;15.4;53.3;51.5
rs;SANTA VITÓRIA DO PALMAR;Rio Grande Do Sul;Sul;-33.48697;-53.32239;23324;29.03;424;77;LULA;PT;7875;50,43;FLAVIO BOLSONARO;PL;6326;40,51;9.36;6326;22.5;45.1;48.4
rs;SANTANA DA BOA VISTA;Rio Grande Do Sul;Sul;-30.86314;-53.11174;6598;25.23;112;26;FLAVIO BOLSONARO;PL;2251;49,44;LULA;PT;1937;42,54;6.37;1937;20.8;59.0;50.7
rs;SANTIAGO;Rio Grande Do Sul;Sul;-29.19231;-54.85057;39884;26.53;543;137;FLAVIO BOLSONARO;PL;16327;58,66;LULA;PT;9291;33,38;24.01;9291;21.0;37.9;46.6
rs;SANTO ANTÔNIO DA PATRULHA;Rio Grande Do Sul;Sul;-29.8266;-50.53745;33692;21.71;597;108;FLAVIO BOLSONARO;PL;14504;57,93;LULA;PT;8329;33,27;23.41;8329;22.0;47.7;47.9
rs;SANTO ANTÔNIO DAS MISSÕES;Rio Grande Do Sul;Sul;-28.48219;-55.30565;8347;23.19;136;37;LULA;PT;3074;50,20;FLAVIO BOLSONARO;PL;2674;43,66;6.24;2674;21.1;53.8;48.5
rs;SANTO ANTÔNIO DO PALMA;Rio Grande Do Sul;Sul;-28.49369;-52.02528;2077;15.21;36;7;FLAVIO BOLSONARO;PL;1040;61,54;LULA;PT;488;28,88;31.35;488;23.9;44.4;50.3
rs;SANTO ANTÔNIO DO PLANALTO;Rio Grande Do Sul;Sul;-28.40157;-52.69051;2163;12.02;29;9;FLAVIO BOLSONARO;PL;1398;75,20;LULA;PT;341;18,34;55.54;341;21.3;41.3;49.2
rs;SANTO AUGUSTO;Rio Grande Do Sul;Sul;-27.85087;-53.78619;11312;18.38;185;43;FLAVIO BOLSONARO;PL;4965;55,86;LULA;PT;3371;37,93;17.26;3371;21.1;45.5;47.9
rs;SANTO CRISTO;Rio Grande Do Sul;Sul;-27.81091;-54.68903;12562;12.82;199;53;FLAVIO BOLSONARO;PL;6238;59,01;LULA;PT;3424;32,39;25.69;3424;20.3;45.0;49.4
rs;SANTO EXPEDITO DO SUL;Rio Grande Do Sul;Sul;-27.9229;-51.66867;2242;17.48;25;9;FLAVIO BOLSONARO;PL;1148;65,15;LULA;PT;511;29,00;34.43;511;20.2;53.3;49.6
rs;SANTO ÂNGELO;Rio Grande Do Sul;Sul;-28.2952;-54.26679;58898;23.57;819;193;FLAVIO BOLSONARO;PL;24005;55,34;LULA;PT;16042;36,98;17.69;16042;22.9;36.6;46.3
rs;SAPIRANGA;Rio Grande Do Sul;Sul;-29.63838;-51.00031;61250;17.88;818;175;FLAVIO BOLSONARO;PL;30509;62,78;LULA;PT;14701;30,25;31.43;14701;24.7;48.3;47.4
rs;SAPUCAIA DO SUL;Rio Grande Do Sul;Sul;-29.82688;-51.1466;102445;25.03;1594;310;FLAVIO BOLSONARO;PL;34384;46,90;LULA;PT;31819;43,40;3.34;31819;24.7;43.6;47.0
rs;SARANDI;Rio Grande Do Sul;Sul;-27.9373;-52.92454;17132;15.58;192;63;FLAVIO BOLSONARO;PL;9283;66,02;LULA;PT;3943;28,04;36.92;3943;23.7;38.6;46.3
rs;SEBERI;Rio Grande Do Sul;Sul;-27.4821;-53.38118;9356;16.5;125;34;FLAVIO BOLSONARO;PL;4597;61,05;LULA;PT;2481;32,95;27.09;2481;23.7;48.6;47.9
rs;SEDE NOVA;Rio Grande Do Sul;Sul;-27.64073;-53.96764;2508;15.63;44;11;FLAVIO BOLSONARO;PL;1128;55,35;LULA;PT;756;37,10;17.58;756;22.5;52.3;51.2
rs;SEGREDO;Rio Grande Do Sul;Sul;-29.31027;-52.94207;5695;18.12;76;28;FLAVIO BOLSONARO;PL;2685;60,17;LULA;PT;1428;32,00;26.96;1428;24.2;62.8;51.9
rs;SELBACH;Rio Grande Do Sul;Sul;-28.63112;-52.9616;4334;15.34;42;13;FLAVIO BOLSONARO;PL;2616;73,36;LULA;PT;732;20,53;51.35;732;20.8;45.5;47.9
rs;SENADOR SALGADO FILHO;Rio Grande Do Sul;Sul;-28.0262;-54.54022;2669;13.86;28;9;FLAVIO BOLSONARO;PL;1630;72,22;LULA;PT;525;23,26;48.06;525;21.4;54.6;49.8
rs;SENTINELA DO SUL;Rio Grande Do Sul;Sul;-30.60523;-51.59297;4237;20.44;74;14;FLAVIO BOLSONARO;PL;1701;53,68;LULA;PT;1155;36,45;16.2;1155;22.4;56.6;50.4
rs;SERAFINA CORRÊA;Rio Grande Do Sul;Sul;-28.71105;-51.93366;12678;15.23;212;40;FLAVIO BOLSONARO;PL;7636;73,71;LULA;PT;2022;19,52;52.24;2022;23.2;42.3;48.3
rs;SERTÃO;Rio Grande Do Sul;Sul;-28.00046;-52.26846;5015;14.62;64;20;FLAVIO BOLSONARO;PL;2791;67,19;LULA;PT;1105;26,60;39.37;1105;21.7;46.1;49.2
rs;SERTÃO SANTANA;Rio Grande Do Sul;Sul;-30.46975;-51.62351;5324;18.93;64;18;FLAVIO BOLSONARO;PL;2838;68,11;LULA;PT;936;22,46;44.07;936;23.9;53.2;49.6
rs;SETE DE SETEMBRO;Rio Grande Do Sul;Sul;-28.13549;-54.45883;1804;16.63;34;7;FLAVIO BOLSONARO;PL;813;56,97;LULA;PT;497;34,83;21.01;497;20.3;55.9;50.1
rs;SEVERIANO DE ALMEIDA;Rio Grande Do Sul;Sul;-27.43293;-52.11414;3414;14.73;58;11;FLAVIO BOLSONARO;PL;1775;63,60;LULA;PT;769;27,55;34.56;769;20.1;51.1;51.0
rs;SILVEIRA MARTINS;Rio Grande Do Sul;Sul;-29.64063;-53.58399;2147;18.72;38;9;FLAVIO BOLSONARO;PL;1012;60,78;LULA;PT;534;32,07;27.39;534;19.2;43.8;49.5
rs;SINIMBU;Rio Grande Do Sul;Sul;-29.4859;-52.5425;6825;15.55;131;32;FLAVIO BOLSONARO;PL;3212;58,20;LULA;PT;1685;30,53;26.49;1685;21.1;65.6;52.6
rs;SOBRADINHO;Rio Grande Do Sul;Sul;-29.41049;-53.02622;10579;18.78;161;44;FLAVIO BOLSONARO;PL;5113;62,13;LULA;PT;2391;29,06;31.68;2391;22.3;43.7;46.7
rs;SOLEDADE;Rio Grande Do Sul;Sul;-28.81397;-52.50987;21730;19.12;320;71;FLAVIO BOLSONARO;PL;9715;57,38;LULA;PT;6171;36,45;20.17;6171;25.0;39.8;47.6
rs;SÃO BORJA;Rio Grande Do Sul;Sul;-28.6496;-55.98973;46604;25.73;599;148;FLAVIO BOLSONARO;PL;15939;47,77;LULA;PT;15418;46,21;1.51;15418;22.7;40.5;47.7
rs;SÃO DOMINGOS DO SUL;Rio Grande Do Sul;Sul;-28.54122;-51.87409;2596;17.45;38;10;FLAVIO BOLSONARO;PL;1398;67,96;LULA;PT;512;24,89;41.34;512;20.8;43.6;49.3
rs;SÃO FRANCISCO DE ASSIS;Rio Grande Do Sul;Sul;-29.51991;-55.09353;14252;21.6;277;60;FLAVIO BOLSONARO;PL;5392;51,83;LULA;PT;4351;41,82;9.32;4351;20.8;50.0;48.6
rs;SÃO FRANCISCO DE PAULA;Rio Grande Do Sul;Sul;-29.35872;-50.58173;16421;22.01;302;62;FLAVIO BOLSONARO;PL;6635;55,01;LULA;PT;4562;37,82;16.19;4562;24.7;47.5;48.8
rs;SÃO GABRIEL;Rio Grande Do Sul;Sul;-30.3235;-54.31483;43890;26.91;548;162;FLAVIO BOLSONARO;PL;15396;50,05;LULA;PT;13067;42,48;7.26;13067;22.7;46.7;47.1
rs;SÃO JERÔNIMO;Rio Grande Do Sul;Sul;-30.0804;-51.77834;15910;22.12;280;54;FLAVIO BOLSONARO;PL;5447;46,37;LULA;PT;5154;43,87;2.36;5154;23.9;42.1;48.1
rs;SÃO JORGE;Rio Grande Do Sul;Sul;-28.5011;-51.70593;2437;11.98;37;7;FLAVIO BOLSONARO;PL;1667;79,95;LULA;PT;253;12,13;65.92;253;19.8;47.0;49.0
rs;SÃO JOSÉ DAS MISSÕES;Rio Grande Do Sul;Sul;-27.78492;-53.11838;2443;19.93;37;8;FLAVIO BOLSONARO;PL;922;49,33;LULA;PT;876;46,87;2.35;876;22.6;57.8;51.6
rs;SÃO JOSÉ DO HERVAL;Rio Grande Do Sul;Sul;-29.04865;-52.29299;2231;26.76;43;7;FLAVIO BOLSONARO;PL;799;51,28;LULA;PT;657;42,17;8.69;657;25.8;55.1;51.5
rs;SÃO JOSÉ DO HORTÊNCIO;Rio Grande Do Sul;Sul;-29.54507;-51.25612;3728;12.71;46;11;FLAVIO BOLSONARO;PL;2400;75,81;LULA;PT;527;16,65;57.56;527;20.7;54.1;49.3
rs;SÃO JOSÉ DO INHACORÁ;Rio Grande Do Sul;Sul;-27.73013;-54.12411;2244;13.19;40;9;FLAVIO BOLSONARO;PL;1264;67,23;LULA;PT;421;22,39;43.28;421;18.9;49.9;50.9
rs;SÃO JOSÉ DO NORTE;Rio Grande Do Sul;Sul;-31.95651;-51.95306;20679;21.78;472;79;FLAVIO BOLSONARO;PL;7011;46,40;LULA;PT;6408;42,41;3.73;6408;23.8;60.5;50.2
rs;SÃO JOSÉ DO OURO;Rio Grande Do Sul;Sul;-27.76565;-51.58834;5762;15.46;84;20;FLAVIO BOLSONARO;PL;3317;71,09;LULA;PT;1066;22,85;46.21;1066;20.9;43.7;48.0
rs;SÃO JOSÉ DO SUL;Rio Grande Do Sul;Sul;-29.54378;-51.48423;2065;13.85;32;9;FLAVIO BOLSONARO;PL;1148;67,10;LULA;PT;305;17,83;47.39;305;19.1;51.4;51.1
rs;SÃO JOSÉ DOS AUSENTES;Rio Grande Do Sul;Sul;-28.67409;-49.99906;3387;23.5;27;11;FLAVIO BOLSONARO;PL;1726;68,68;LULA;PT;676;26,90;40.52;676;27.5;54.7;50.4
rs;SÃO JOÃO DA URTIGA;Rio Grande Do Sul;Sul;-27.80537;-51.8355;4198;15.34;68;14;FLAVIO BOLSONARO;PL;2334;69,90;LULA;PT;810;24,26;42.88;810;20.5;56.1;50.0
rs;SÃO JOÃO DO POLÊSINE;Rio Grande Do Sul;Sul;-29.63128;-53.46358;2578;19.36;33;10;FLAVIO BOLSONARO;PL;1283;63,77;LULA;PT;583;28,98;33.67;583;19.6;41.5;48.9
rs;SÃO LEOPOLDO;Rio Grande Do Sul;Sul;-29.75879;-51.13962;162766;23.52;2360;480;FLAVIO BOLSONARO;PL;63155;52,84;LULA;PT;45762;38,29;13.97;45762;24.2;40.7;46.5
rs;SÃO LOURENÇO DO SUL;Rio Grande Do Sul;Sul;-31.30709;-52.09047;35085;21.54;479;114;FLAVIO BOLSONARO;PL;15492;58,70;LULA;PT;8855;33,55;24.11;8855;20.9;55.6;49.1
rs;SÃO LUIZ GONZAGA;Rio Grande Do Sul;Sul;-28.4042;-54.94908;26267;24.05;410;95;FLAVIO BOLSONARO;PL;10241;53,70;LULA;PT;7578;39,74;13.35;7578;22.7;39.6;47.1
rs;SÃO MARCOS;Rio Grande Do Sul;Sul;-28.96984;-51.06988;16687;15.55;305;54;FLAVIO BOLSONARO;PL;10092;74,75;LULA;PT;2265;16,78;55.54;2265;23.0;38.7;47.6
rs;SÃO MARTINHO;Rio Grande Do Sul;Sul;-27.71686;-53.96505;4808;15.0;62;22;FLAVIO BOLSONARO;PL;2702;68,47;LULA;PT;988;25,04;41.94;988;20.2;47.5;48.6
rs;SÃO MARTINHO DA SERRA;Rio Grande Do Sul;Sul;-29.52024;-53.90176;3157;22.3;47;13;FLAVIO BOLSONARO;PL;1460;62,34;LULA;PT;699;29,85;31.02;699;18.7;56.6;50.8
rs;SÃO MIGUEL DAS MISSÕES;Rio Grande Do Sul;Sul;-28.57518;-54.55291;5911;20.39;99;19;FLAVIO BOLSONARO;PL;2354;52,26;LULA;PT;1961;43,54;8.35;1961;22.0;54.5;50.2
rs;SÃO NICOLAU;Rio Grande Do Sul;Sul;-28.18936;-55.27146;4337;22.09;115;20;LULA;PT;1705;53,23;FLAVIO BOLSONARO;PL;1347;42,05;10.59;1347;23.8;55.3;50.3
rs;SÃO PAULO DAS MISSÕES;Rio Grande Do Sul;Sul;-27.99993;-54.95632;5214;17.01;76;20;FLAVIO BOLSONARO;PL;2432;58,10;LULA;PT;1446;34,54;22.79;1446;20.1;56.0;50.2
rs;SÃO PEDRO DA SERRA;Rio Grande Do Sul;Sul;-29.41618;-51.50341;3188;12.01;61;11;FLAVIO BOLSONARO;PL;1958;72,71;LULA;PT;486;18,05;52.48;486;24.1;47.2;49.9
rs;SÃO PEDRO DAS MISSÕES;Rio Grande Do Sul;Sul;-27.77662;-53.24227;1650;19.39;37;5;FLAVIO BOLSONARO;PL;622;49,68;LULA;PT;579;46,25;3.23;579;22.4;56.9;52.1
rs;SÃO PEDRO DO BUTIÁ;Rio Grande Do Sul;Sul;-28.11316;-54.89271;2665;16.7;49;9;FLAVIO BOLSONARO;PL;1356;63,60;LULA;PT;604;28,33;33.87;604;20.2;45.3;51.0
rs;SÃO PEDRO DO SUL;Rio Grande Do Sul;Sul;-29.6015;-54.18335;12686;21.7;200;53;FLAVIO BOLSONARO;PL;5223;55,49;LULA;PT;3355;35,64;18.81;3355;21.1;49.6;48.5
rs;SÃO SEBASTIÃO DO CAÍ;Rio Grande Do Sul;Sul;-29.59381;-51.3524;17536;19.14;269;57;FLAVIO BOLSONARO;PL;8474;62,20;LULA;PT;3933;28,87;32.02;3933;23.3;46.1;47.3
rs;SÃO SEPÉ;Rio Grande Do Sul;Sul;-30.17474;-53.58213;17079;22.21;274;64;FLAVIO BOLSONARO;PL;5883;46,50;LULA;PT;5763;45,55;0.9;5763;21.3;47.2;47.7
rs;SÃO VALENTIM;Rio Grande Do Sul;Sul;-27.5559;-52.53734;3073;17.15;37;10;FLAVIO BOLSONARO;PL;1668;67,83;LULA;PT;676;27,49;38.96;676;21.5;51.4;50.1
rs;SÃO VALENTIM DO SUL;Rio Grande Do Sul;Sul;-29.04839;-51.76709;2224;18.26;21;8;FLAVIO BOLSONARO;PL;1310;74,39;LULA;PT;318;18,06;54.57;318;16.2;52.4;52.8
rs;SÃO VALÉRIO DO SUL;Rio Grande Do Sul;Sul;-27.82284;-53.91444;2348;18.02;30;10;LULA;PT;1007;53,74;FLAVIO BOLSONARO;PL;829;44,24;9.25;829;31.6;63.3;51.6
rs;SÃO VENDELINO;Rio Grande Do Sul;Sul;-29.37805;-51.37643;2409;13.95;30;8;FLAVIO BOLSONARO;PL;1361;67,78;LULA;PT;448;22,31;44.04;448;22.5;46.9;51.5
rs;SÃO VICENTE DO SUL;Rio Grande Do Sul;Sul;-29.68716;-54.69147;6760;22.34;108;21;FLAVIO BOLSONARO;PL;2504;50,08;LULA;PT;2089;41,78;7.9;2089;23.2;45.1;48.6
rs;SÉRIO;Rio Grande Do Sul;Sul;-29.40177;-52.2361;2072;17.23;30;12;FLAVIO BOLSONARO;PL;974;59,68;LULA;PT;471;28,86;29.33;471;20.6;67.4;52.6
rs;TABAÍ;Rio Grande Do Sul;Sul;-29.67854;-51.73303;4093;18.3;75;14;FLAVIO BOLSONARO;PL;1720;53,85;LULA;PT;1283;40,17;13.07;1283;23.2;56.3;50.4
rs;TAPEJARA;Rio Grande Do Sul;Sul;-28.0649;-52.00861;17490;15.24;232;62;FLAVIO BOLSONARO;PL;10789;75,12;LULA;PT;2582;17,98;55.36;2582;24.8;40.6;46.3
rs;TAPERA;Rio Grande Do Sul;Sul;-28.63273;-52.86892;7887;16.7;126;27;FLAVIO BOLSONARO;PL;3995;62,79;LULA;PT;1984;31,19;30.61;1984;21.9;40.7;47.6
rs;TAPES;Rio Grande Do Sul;Sul;-30.66926;-51.40613;11792;22.95;192;41;FLAVIO BOLSONARO;PL;4484;51,71;LULA;PT;3630;41,86;9.4;3630;23.1;43.8;47.8
rs;TAQUARA;Rio Grande Do Sul;Sul;-29.65699;-50.77552;41562;21.29;551;137;FLAVIO BOLSONARO;PL;20632;65,57;LULA;PT;8613;27,37;36.74;8613;22.7;45.7;47.4
rs;TAQUARI;Rio Grande Do Sul;Sul;-29.78129;-51.86131;19310;18.86;268;68;FLAVIO BOLSONARO;PL;8542;57,18;LULA;PT;5281;35,35;20.81;5281;22.7;39.2;47.1
rs;TAQUARUÇU DO SUL;Rio Grande Do Sul;Sul;-27.40449;-53.47381;2822;14.21;46;8;FLAVIO BOLSONARO;PL;1314;56,44;LULA;PT;902;38,75;17.02;902;22.7;46.4;49.9
rs;TAVARES;Rio Grande Do Sul;Sul;-31.29213;-51.09416;4533;23.08;103;16;FLAVIO BOLSONARO;PL;1768;53,62;LULA;PT;1295;39,28;13.56;1295;21.8;57.9;50.2
rs;TENENTE PORTELA;Rio Grande Do Sul;Sul;-27.3717;-53.76567;10706;19.0;162;40;FLAVIO BOLSONARO;PL;4251;50,60;LULA;PT;3571;42,51;7.84;3571;25.7;41.8;47.7
rs;TERRA DE AREIA;Rio Grande Do Sul;Sul;-29.58755;-50.06767;7779;20.32;135;25;FLAVIO BOLSONARO;PL;3645;61,65;LULA;PT;1813;30,67;29.56;1813;22.8;52.0;48.0
rs;TEUTÔNIA;Rio Grande Do Sul;Sul;-29.48448;-51.80352;25631;17.01;412;78;FLAVIO BOLSONARO;PL;12830;62,72;LULA;PT;5397;26,38;34.95;5397;23.1;40.6;47.2
rs;TIO HUGO;Rio Grande Do Sul;Sul;-28.59001;-52.58553;2707;15.48;35;8;FLAVIO BOLSONARO;PL;1381;62,24;LULA;PT;679;30,60;30.68;679;23.0;44.4;50.0
rs;TIRADENTES DO SUL;Rio Grande Do Sul;Sul;-27.36119;-54.12071;4724;21.1;97;17;FLAVIO BOLSONARO;PL;1849;52,28;LULA;PT;1501;42,44;9.34;1501;19.5;62.7;50.9
rs;TOROPI;Rio Grande Do Sul;Sul;-29.46465;-54.28096;2745;18.47;39;15;FLAVIO BOLSONARO;PL;1347;63,24;LULA;PT;623;29,25;32.35;623;19.1;58.2;51.2
rs;TORRES;Rio Grande Do Sul;Sul;-29.33886;-49.75116;33260;23.12;622;95;FLAVIO BOLSONARO;PL;14294;58,47;LULA;PT;7838;32,06;25.25;7838;20.5;34.6;46.5
rs;TRAMANDAÍ;Rio Grande Do Sul;Sul;-30.00684;-50.1517;39076;27.92;543;112;FLAVIO BOLSONARO;PL;14578;54,01;LULA;PT;9978;36,97;16.33;9978;21.7;42.0;45.6
rs;TRAVESSEIRO;Rio Grande Do Sul;Sul;-29.28836;-52.08277;1983;12.0;40;9;FLAVIO BOLSONARO;PL;964;57,52;LULA;PT;529;31,56;24.93;529;19.2;56.7;50.4
rs;TRINDADE DO SUL;Rio Grande Do Sul;Sul;-27.51806;-52.9103;5879;19.68;103;19;FLAVIO BOLSONARO;PL;2426;53,65;LULA;PT;1844;40,78;12.33;1844;25.0;50.4;49.8
rs;TRIUNFO;Rio Grande Do Sul;Sul;-29.86677;-51.63305;21936;22.18;368;71;FLAVIO BOLSONARO;PL;9513;58,38;LULA;PT;5411;33,21;24.03;5411;24.2;43.7;49.6
rs;TRÊS ARROIOS;Rio Grande Do Sul;Sul;-27.4884;-52.22629;2549;16.24;38;8;FLAVIO BOLSONARO;PL;1447;70,45;LULA;PT;455;22,15;46.46;455;16.7;56.6;51.0
rs;TRÊS CACHOEIRAS;Rio Grande Do Sul;Sul;-29.45194;-49.93213;8189;14.98;93;27;FLAVIO BOLSONARO;PL;4933;72,76;LULA;PT;1415;20,87;50.53;1415;22.5;48.7;49.3
rs;TRÊS COROAS;Rio Grande Do Sul;Sul;-29.50705;-50.78382;17414;15.87;271;59;FLAVIO BOLSONARO;PL;9276;66,01;LULA;PT;3575;25,44;38.91;3575;22.7;50.5;48.0
rs;TRÊS DE MAIO;Rio Grande Do Sul;Sul;-27.76394;-54.24486;18415;15.39;172;67;FLAVIO BOLSONARO;PL;10293;67,95;LULA;PT;3746;24,73;42.02;3746;22.3;36.6;47.5
rs;TRÊS FORQUILHAS;Rio Grande Do Sul;Sul;-29.50009;-50.0842;3297;19.35;44;10;FLAVIO BOLSONARO;PL;1512;59,02;LULA;PT;881;34,39;23.73;881;22.8;58.7;52.7
rs;TRÊS PALMEIRAS;Rio Grande Do Sul;Sul;-27.61385;-52.84426;4078;18.44;72;13;FLAVIO BOLSONARO;PL;1571;49,46;LULA;PT;1455;45,81;3.49;1455;23.2;52.1;49.9
rs;TRÊS PASSOS;Rio Grande Do Sul;Sul;-27.45103;-53.93265;18437;17.52;333;65;FLAVIO BOLSONARO;PL;8260;56,48;LULA;PT;5231;35,77;19.92;5231;22.0;38.7;47.3
rs;TUCUNDUVA;Rio Grande Do Sul;Sul;-27.65092;-54.43084;4755;15.21;67;22;FLAVIO BOLSONARO;PL;2754;70,15;LULA;PT;942;23,99;44.94;942;18.4;46.2;47.3
rs;TUNAS;Rio Grande Do Sul;Sul;-27.92235;-51.84462;3346;17.57;57;14;FLAVIO BOLSONARO;PL;1260;47,82;LULA;PT;1245;47,25;0.54;1245;24.0;62.3;51.9
rs;TUPANCI DO SUL;Rio Grande Do Sul;Sul;-27.92415;-51.53739;1474;20.56;17;5;FLAVIO BOLSONARO;PL;749;68,28;LULA;PT;281;25,62;39.97;281;22.3;51.4;51.6
rs;TUPANCIRETÃ;Rio Grande Do Sul;Sul;-29.06894;-53.85779;15943;22.54;207;51;FLAVIO BOLSONARO;PL;6549;55,20;LULA;PT;4616;38,90;15.65;4616;23.4;48.8;47.1
rs;TUPANDI;Rio Grande Do Sul;Sul;-29.47747;-51.42173;4296;13.08;38;14;FLAVIO BOLSONARO;PL;2814;77,31;LULA;PT;501;13,76;61.94;501;24.3;48.8;51.2
rs;TUPARENDI;Rio Grande Do Sul;Sul;-27.73378;-54.5136;7111;15.99;83;26;FLAVIO BOLSONARO;PL;4244;73,03;LULA;PT;1140;19,62;51.96;1140;19.0;49.0;47.6
rs;TURUÇU;Rio Grande Do Sul;Sul;-31.42232;-52.20801;3449;18.27;59;11;FLAVIO BOLSONARO;PL;1865;68,92;LULA;PT;669;24,72;42.43;669;22.7;62.4;50.5
rs;UBIRETAMA;Rio Grande Do Sul;Sul;-28.03511;-54.67006;1894;12.88;26;8;FLAVIO BOLSONARO;PL;1095;68,70;LULA;PT;369;23,15;44.0;369;21.4;56.1;51.6
rs;UNISTALDA;Rio Grande Do Sul;Sul;-29.05092;-55.16371;2687;23.19;27;10;FLAVIO BOLSONARO;PL;1134;57,24;LULA;PT;750;37,86;18.6;750;21.4;53.4;50.1
rs;UNIÃO DA SERRA;Rio Grande Do Sul;Sul;-28.77534;-52.02617;1523;16.22;13;6;FLAVIO BOLSONARO;PL;915;73,73;LULA;PT;228;18,37;53.84;228;18.7;51.9;53.9
rs;URUGUAIANA;Rio Grande Do Sul;Sul;-29.7618;-57.06929;84488;28.36;767;263;FLAVIO BOLSONARO;PL;35208;59,97;LULA;PT;18875;32,15;26.99;18875;24.3;38.0;46.9
rs;VACARIA;Rio Grande Do Sul;Sul;-28.48527;-50.93679;47383;22.09;587;151;FLAVIO BOLSONARO;PL;24190;68,34;LULA;PT;8729;24,66;41.88;8729;24.4;45.4;46.8
rs;VALE DO SOL;Rio Grande Do Sul;Sul;-29.59965;-52.68273;8086;17.03;158;29;FLAVIO BOLSONARO;PL;3830;60,99;LULA;PT;1847;29,41;29.56;1847;22.7;69.1;49.9
rs;VALE REAL;Rio Grande Do Sul;Sul;-29.38669;-51.2505;4872;14.72;64;16;FLAVIO BOLSONARO;PL;2574;64,25;LULA;PT;1005;25,09;37.76;1005;21.3;51.8;50.5
rs;VALE VERDE;Rio Grande Do Sul;Sul;-29.82001;-52.15769;3292;22.24;72;11;FLAVIO BOLSONARO;PL;1408;58,30;LULA;PT;805;33,33;23.55;805;22.8;56.9;50.7
rs;VANINI;Rio Grande Do Sul;Sul;-28.47831;-51.84573;2018;16.4;23;6;FLAVIO BOLSONARO;PL;1142;71,02;LULA;PT;361;22,45;46.3;361;21.7;45.1;50.1
rs;VENÂNCIO AIRES;Rio Grande Do Sul;Sul;-29.59885;-52.19112;53327;19.31;890;170;FLAVIO BOLSONARO;PL;26076;63,49;LULA;PT;11182;27,23;34.61;11182;22.4;49.1;47.6
rs;VERA CRUZ;Rio Grande Do Sul;Sul;-29.7203;-52.52472;19445;13.47;384;67;FLAVIO BOLSONARO;PL;9537;59,55;LULA;PT;5035;31,44;26.76;5035;24.3;45.9;47.9
rs;VERANÓPOLIS;Rio Grande Do Sul;Sul;-28.94238;-51.55146;18621;16.33;256;61;FLAVIO BOLSONARO;PL;11559;76,83;LULA;PT;2264;15,05;59.66;2264;20.5;35.3;47.3
rs;VESPASIANO CORRÊA;Rio Grande Do Sul;Sul;-29.06596;-51.85721;2485;17.46;10;10;FLAVIO BOLSONARO;PL;1659;82,83;LULA;PT;203;10,13;70.99;203;18.5;49.4;52.2
rs;VIADUTOS;Rio Grande Do Sul;Sul;-27.56306;-52.00914;4028;15.34;56;15;FLAVIO BOLSONARO;PL;2347;71,45;LULA;PT;748;22,77;46.89;748;19.6;54.0;50.3
rs;VIAMÃO;Rio Grande Do Sul;Sul;-30.08653;-51.05081;161662;23.72;3155;483;LULA;PT;53863;46,31;FLAVIO BOLSONARO;PL;51080;43,92;2.26;51080;27.0;36.6;45.8
rs;VICENTE DUTRA;Rio Grande Do Sul;Sul;-27.16879;-53.40242;3837;20.75;54;14;FLAVIO BOLSONARO;PL;1831;62,64;LULA;PT;971;33,22;28.28;971;23.1;61.7;50.3
rs;VICTOR GRAEFF;Rio Grande Do Sul;Sul;-28.56306;-52.72388;2531;15.96;29;8;FLAVIO BOLSONARO;PL;1490;71,81;LULA;PT;443;21,35;49.22;443;21.4;40.2;49.1
rs;VILA FLORES;Rio Grande Do Sul;Sul;-28.8591;-51.55243;3442;13.74;35;12;FLAVIO BOLSONARO;PL;2205;76,35;LULA;PT;456;15,79;58.91;456;19.9;45.3;50.6
rs;VILA LÂNGARO;Rio Grande Do Sul;Sul;-28.12877;-52.14011;2175;14.11;31;10;FLAVIO BOLSONARO;PL;1354;75,14;LULA;PT;347;19,26;53.91;347;20.8;52.9;51.2
rs;VILA MARIA;Rio Grande Do Sul;Sul;-28.55069;-52.14684;3675;15.13;46;12;FLAVIO BOLSONARO;PL;2187;72,42;LULA;PT;690;22,85;48.0;690;20.5;45.4;49.3
rs;VILA NOVA DO SUL;Rio Grande Do Sul;Sul;-30.33199;-53.8934;3746;22.32;67;15;LULA;PT;1314;47,89;FLAVIO BOLSONARO;PL;1246;45,41;2.34;1246;22.0;53.3;49.7
rs;VISTA ALEGRE;Rio Grande Do Sul;Sul;-27.35141;-53.50121;2612;16.92;47;7;FLAVIO BOLSONARO;PL;1175;56,14;LULA;PT;797;38,08;17.42;797;24.3;48.4;49.4
rs;VISTA ALEGRE DO PRATA;Rio Grande Do Sul;Sul;-28.80775;-51.7875;1657;15.75;30;5;FLAVIO BOLSONARO;PL;978;73,09;LULA;PT;191;14,28;56.38;191;17.8;49.5;53.0
rs;VISTA GAÚCHA;Rio Grande Do Sul;Sul;-27.27268;-53.6965;2652;17.8;49;12;FLAVIO BOLSONARO;PL;1215;58,02;LULA;PT;726;34,67;22.43;726;23.0;46.7;50.6
rs;VITÓRIA DAS MISSÕES;Rio Grande Do Sul;Sul;-28.37298;-54.46335;3443;20.27;44;12;FLAVIO BOLSONARO;PL;1406;52,90;LULA;PT;1121;42,17;10.38;1121;21.1;59.1;51.0
rs;WESTFALIA;Rio Grande Do Sul;Sul;-29.41207;-51.7525;2689;13.02;23;9;FLAVIO BOLSONARO;PL;1594;70,22;LULA;PT;402;17,71;50.96;402;20.8;47.2;51.4
rs;XANGRI-LÁ;Rio Grande Do Sul;Sul;-29.80672;-50.05067;14765;20.6;137;42;FLAVIO BOLSONARO;PL;7703;67,25;LULA;PT;2886;25,20;41.09;2886;23.7;34.1;46.9
rs;ÁGUA SANTA;Rio Grande Do Sul;Sul;-28.19034;-52.05563;3300;15.48;30;14;FLAVIO BOLSONARO;PL;1912;70,32;LULA;PT;680;25,01;44.17;680;24.2;48.6;49.9
rs;ÁUREA;Rio Grande Do Sul;Sul;-27.70453;-52.06246;3213;12.36;43;11;FLAVIO BOLSONARO;PL;1851;68,76;LULA;PT;650;24,15;42.65;650;21.3;54.7;50.2
ro;ALTA FLORESTA D'OESTE;Rondônia;Norte;-12.02203;-62.06677;18187;21.09;178;78;FLAVIO BOLSONARO;PL;9816;70,06;LULA;PT;3533;25,22;43.78;3533;26.2;50.0;49.6
ro;ALTO ALEGRE DOS PARECIS;Rondônia;Norte;-12.17827;-61.85453;8837;20.07;91;31;FLAVIO BOLSONARO;PL;4627;67,17;LULA;PT;1931;28,03;38.17;1931;26.7;58.9;50.7
ro;ALTO PARAÍSO;Rondônia;Norte;-9.68582;-63.33545;12087;22.04;117;43;FLAVIO BOLSONARO;PL;7110;77,06;LULA;PT;1746;18,92;56.92;1746;26.7;54.3;50.4
ro;ALVORADA DO OESTE;Rondônia;Norte;-11.33984;-62.29836;11029;21.32;122;49;FLAVIO BOLSONARO;PL;5358;63,18;LULA;PT;2658;31,34;31.11;2658;24.2;49.4;49.6
ro;ARIQUEMES;Rondônia;Norte;-9.91685;-63.04343;72512;23.24;577;280;FLAVIO BOLSONARO;PL;41652;76,30;LULA;PT;9939;18,21;56.97;9939;28.7;37.5;47.6
ro;BURITIS;Rondônia;Norte;-10.19646;-63.83873;23318;23.72;189;80;FLAVIO BOLSONARO;PL;13793;78,92;LULA;PT;2889;16,53;61.3;2889;28.3;53.1;49.5
ro;CABIXI;Rondônia;Norte;-13.47706;-60.54023;4950;20.16;49;22;FLAVIO BOLSONARO;PL;2646;68,37;LULA;PT;1046;27,03;40.49;1046;21.8;50.2;50.4
ro;CACAULÂNDIA;Rondônia;Norte;-10.32821;-62.90871;3901;20.51;42;18;FLAVIO BOLSONARO;PL;2278;75,11;LULA;PT;599;19,75;54.14;599;23.6;51.6;50.6
ro;CACOAL;Rondônia;Norte;-11.41901;-61.4279;69974;21.35;691;256;FLAVIO BOLSONARO;PL;37751;70,15;LULA;PT;12099;22,48;46.61;12099;27.7;36.2;47.3
ro;CAMPO NOVO DE RONDÔNIA;Rondônia;Norte;-10.44798;-63.7799;7516;21.31;49;29;FLAVIO BOLSONARO;PL;4218;72,41;LULA;PT;1270;21,80;49.85;1270;26.9;61.4;51.9
ro;CANDEIAS DO JAMARI;Rondônia;Norte;-8.85662;-63.62491;20465;24.16;216;76;FLAVIO BOLSONARO;PL;9310;61,27;LULA;PT;4864;32,01;28.65;4864;28.5;48.9;50.9
ro;CASTANHEIRAS;Rondônia;Norte;-11.45954;-61.92238;3409;20.36;37;12;FLAVIO BOLSONARO;PL;1616;60,89;LULA;PT;879;33,12;27.15;879;26.7;51.3;51.3
ro;CEREJEIRAS;Rondônia;Norte;-13.19259;-60.81791;13278;21.59;110;49;FLAVIO BOLSONARO;PL;7945;77,63;LULA;PT;1805;17,64;58.98;1805;25.5;43.5;48.2
ro;CHUPINGUAIA;Rondônia;Norte;-12.49176;-60.93508;7696;28.55;61;30;FLAVIO BOLSONARO;PL;3752;69,56;LULA;PT;1426;26,44;42.3;1426;29.2;49.1;52.6
ro;COLORADO DO OESTE;Rondônia;Norte;-13.12733;-60.54905;13478;24.71;139;55;FLAVIO BOLSONARO;PL;7050;71,47;LULA;PT;2228;22,59;47.52;2228;23.9;46.0;49.5
ro;CORUMBIARA;Rondônia;Norte;-12.99204;-60.93609;5751;20.26;52;24;FLAVIO BOLSONARO;PL;2944;65,49;LULA;PT;1317;29,30;35.48;1317;26.0;53.2;51.9
ro;COSTA MARQUES;Rondônia;Norte;-12.32349;-64.17765;9103;22.61;82;37;FLAVIO BOLSONARO;PL;4413;63,91;LULA;PT;2216;32,09;31.19;2216;29.3;47.9;51.3
ro;CUJUBIM;Rondônia;Norte;-9.38165;-62.60972;11176;22.89;98;39;FLAVIO BOLSONARO;PL;6631;78,45;LULA;PT;1481;17,52;59.76;1481;28.0;56.8;49.6
ro;ESPIGÃO DO OESTE;Rondônia;Norte;-11.4752;-60.95536;23348;21.14;202;90;FLAVIO BOLSONARO;PL;13446;74,60;LULA;PT;3530;19,59;53.86;3530;26.1;52.1;49.1
ro;GOVERNADOR JORGE TEIXEIRA;Rondônia;Norte;-10.62064;-62.85721;7203;20.03;85;27;FLAVIO BOLSONARO;PL;3949;70,10;LULA;PT;1339;23,77;45.31;1339;25.6;57.2;50.8
ro;GUAJARÁ-MIRIM;Rondônia;Norte;-10.83607;-65.28882;28928;24.25;286;113;FLAVIO BOLSONARO;PL;12523;58,39;LULA;PT;7825;36,48;21.44;7825;29.6;41.7;48.6
ro;ITAPUÃ DO OESTE;Rondônia;Norte;-9.19481;-63.1888;7204;24.44;63;25;FLAVIO BOLSONARO;PL;3460;64,84;LULA;PT;1485;27,83;36.29;1485;28.2;49.1;50.7
ro;JARU;Rondônia;Norte;-10.4861;-62.50616;41260;23.16;422;155;FLAVIO BOLSONARO;PL;22967;74,17;LULA;PT;6201;20,03;52.88;6201;28.8;43.2;48.4
ro;JI-PARANÁ;Rondônia;Norte;-10.88113;-61.92822;97939;22.8;826;334;FLAVIO BOLSONARO;PL;52832;71,30;LULA;PT;16702;22,54;47.78;16702;27.7;36.3;47.2
ro;MACHADINHO D'OESTE;Rondônia;Norte;-9.45107;-62.04019;25008;25.96;158;97;FLAVIO BOLSONARO;PL;12914;70,90;LULA;PT;4362;23,95;46.18;4362;26.4;54.9;50.8
ro;MINISTRO ANDREAZZA;Rondônia;Norte;-11.19054;-61.52144;6153;19.86;66;26;FLAVIO BOLSONARO;PL;3093;64,28;LULA;PT;1471;30,57;32.89;1471;26.1;54.1;49.8
ro;MIRANTE DA SERRA;Rondônia;Norte;-11.03251;-62.67779;8333;20.0;105;35;FLAVIO BOLSONARO;PL;4003;61,63;LULA;PT;2125;32,72;28.17;2125;25.4;56.2;49.5
ro;MONTE NEGRO;Rondônia;Norte;-10.22973;-63.2988;10191;23.22;94;39;FLAVIO BOLSONARO;PL;5613;73,05;LULA;PT;1662;21,63;50.49;1662;25.9;53.4;49.8
ro;NOVA BRASILÂNDIA D'OESTE;Rondônia;Norte;-11.71634;-62.31267;13407;17.69;123;51;FLAVIO BOLSONARO;PL;7601;70,25;LULA;PT;2620;24,21;45.14;2620;26.3;50.3;50.0
ro;NOVA MAMORÉ;Rondônia;Norte;-10.35164;-65.01847;19455;21.67;147;75;FLAVIO BOLSONARO;PL;11731;78,26;LULA;PT;2781;18,55;58.73;2781;29.1;55.7;50.5
ro;NOVA UNIÃO;Rondônia;Norte;-10.91537;-62.55485;5350;18.67;43;23;FLAVIO BOLSONARO;PL;2424;56,72;LULA;PT;1634;38,23;18.16;1634;25.7;55.9;50.8
ro;NOVO HORIZONTE DO OESTE;Rondônia;Norte;-11.715;-62.05873;7035;17.06;63;30;FLAVIO BOLSONARO;PL;3639;63,67;LULA;PT;1737;30,39;32.6;1737;24.3;51.8;50.8
ro;OURO PRETO DO OESTE;Rondônia;Norte;-10.70225;-62.23495;28282;22.82;286;114;FLAVIO BOLSONARO;PL;14956;70,04;LULA;PT;5142;24,08;44.96;5142;25.0;45.0;47.4
ro;PARECIS;Rondônia;Norte;-12.22002;-61.54979;3875;23.59;42;16;FLAVIO BOLSONARO;PL;1765;60,82;LULA;PT;942;32,46;27.79;942;28.3;54.4;53.3
ro;PIMENTA BUENO;Rondônia;Norte;-11.69565;-61.15576;27485;22.24;356;117;FLAVIO BOLSONARO;PL;15080;72,53;LULA;PT;4520;21,74;49.41;4520;27.3;40.1;49.0
ro;PIMENTEIRAS DO OESTE;Rondônia;Norte;-13.48098;-61.04774;2286;23.1;16;8;FLAVIO BOLSONARO;PL;1185;68,26;LULA;PT;485;27,94;39.82;485;26.1;44.4;51.9
ro;PORTO VELHO;Rondônia;Norte;-8.8301;-63.96868;367902;19.98;4696;1285;FLAVIO BOLSONARO;PL;169992;59,37;LULA;PT;90889;31,74;26.87;90889;28.6;30.2;47.4
ro;PRESIDENTE MÉDICI;Rondônia;Norte;-11.17543;-61.88559;15677;22.78;139;75;FLAVIO BOLSONARO;PL;8293;70,14;LULA;PT;2807;23,74;45.32;2807;23.4;48.1;48.8
ro;PRIMAVERA DE RONDÔNIA;Rondônia;Norte;-11.86512;-61.33163;3047;17.89;40;13;FLAVIO BOLSONARO;PL;1746;71,67;LULA;PT;540;22,17;48.2;540;23.6;51.0;50.9
ro;RIO CRESPO;Rondônia;Norte;-9.70381;-62.89879;3508;23.57;26;13;FLAVIO BOLSONARO;PL;1981;75,35;LULA;PT;539;20,50;53.79;539;26.2;52.1;51.6
ro;ROLIM DE MOURA;Rondônia;Norte;-11.72594;-61.76016;41088;23.67;448;147;FLAVIO BOLSONARO;PL;21501;70,44;LULA;PT;7001;22,94;46.23;7001;27.1;38.3;47.7
ro;SANTA LUZIA D'OESTE;Rondônia;Norte;-11.91519;-61.76924;6813;21.77;78;28;FLAVIO BOLSONARO;PL;3293;63,63;LULA;PT;1580;30,53;32.14;1580;22.9;50.8;49.7
ro;SERINGUEIRAS;Rondônia;Norte;-11.8039;-63.03872;9666;18.44;83;37;FLAVIO BOLSONARO;PL;5117;66,18;LULA;PT;2248;29,07;36.39;2248;27.6;54.1;51.4
ro;SÃO FELIPE D'OESTE;Rondônia;Norte;-11.87126;-61.48977;4530;20.2;61;19;FLAVIO BOLSONARO;PL;2293;65,35;LULA;PT;1007;28,70;35.57;1007;22.0;52.6;50.9
ro;SÃO FRANCISCO DO GUAPORÉ;Rondônia;Norte;-12.08044;-63.57363;12702;20.49;92;47;FLAVIO BOLSONARO;PL;7180;72,26;LULA;PT;2210;22,24;49.21;2210;28.4;48.5;49.8
ro;SÃO MIGUEL DO GUAPORÉ;Rondônia;Norte;-11.71113;-62.69021;17091;19.64;160;59;FLAVIO BOLSONARO;PL;8939;66,53;LULA;PT;3704;27,57;38.12;3704;29.0;48.6;49.5
ro;TEIXEIRÓPOLIS;Rondônia;Norte;-10.93273;-62.25747;3927;19.17;37;16;FLAVIO BOLSONARO;PL;1938;62,42;LULA;PT;1035;33,33;28.45;1035;25.1;54.6;51.1
ro;THEOBROMA;Rondônia;Norte;-10.16551;-62.3543;7587;20.56;70;31;FLAVIO BOLSONARO;PL;3966;67,10;LULA;PT;1638;27,71;38.63;1638;23.2;59.1;52.5
ro;URUPÁ;Rondônia;Norte;-11.12921;-62.37725;9186;20.48;92;35;FLAVIO BOLSONARO;PL;4765;66,72;LULA;PT;2027;28,38;37.48;2027;24.6;56.6;49.7
ro;VALE DO ANARI;Rondônia;Norte;-9.83095;-62.15467;6627;21.9;64;24;FLAVIO BOLSONARO;PL;3524;69,30;LULA;PT;1270;24,98;43.55;1270;24.1;56.9;51.5
ro;VALE DO PARAÍSO;Rondônia;Norte;-10.3939;-62.11362;5538;20.31;62;25;FLAVIO BOLSONARO;PL;2755;63,73;LULA;PT;1356;31,37;31.7;1356;23.7;57.5;50.3
ro;VILHENA;Rondônia;Norte;-12.73565;-60.13482;71595;23.74;744;261;FLAVIO BOLSONARO;PL;39614;74,39;LULA;PT;10327;19,39;53.64;10327;27.7;33.7;47.0
rr;ALTO ALEGRE;Roraima;Norte;3.02776;-61.2834;13408;15.37;173;50;FLAVIO BOLSONARO;PL;7951;71,59;LULA;PT;2657;23,92;46.66;2657;32.0;37.2;52.2
rr;AMAJARI;Roraima;Norte;3.6746;-61.38564;7631;14.56;145;30;FLAVIO BOLSONARO;PL;4635;73,07;LULA;PT;1426;22,48;49.22;1426;33.4;37.5;53.2
rr;BOA VISTA;Roraima;Norte;2.82729;-60.71479;241509;17.36;2492;869;FLAVIO BOLSONARO;PL;143225;73,38;LULA;PT;37547;19,24;52.95;37547;31.9;22.2;47.3
rr;BONFIM;Roraima;Norte;2.99337;-60.01385;12329;18.15;151;49;FLAVIO BOLSONARO;PL;6564;66,36;LULA;PT;3037;30,70;34.95;3037;33.6;42.5;50.6
rr;CANTÁ;Roraima;Norte;2.3797;-60.5971;17613;16.91;207;72;FLAVIO BOLSONARO;PL;10037;69,89;LULA;PT;3667;25,53;43.53;3667;30.1;40.5;52.5
rr;CARACARAÍ;Roraima;Norte;1.51446;-61.05195;15259;18.4;192;62;FLAVIO BOLSONARO;PL;8598;70,65;LULA;PT;2987;24,54;45.06;2987;31.5;44.7;52.4
rr;CAROEBE;Roraima;Norte;0.84302;-59.59045;7649;13.56;93;30;FLAVIO BOLSONARO;PL;4989;77,07;LULA;PT;1201;18,55;57.29;1201;29.9;46.2;52.6
rr;IRACEMA;Roraima;Norte;2.22236;-61.16085;7593;18.96;121;30;FLAVIO BOLSONARO;PL;4384;73,27;LULA;PT;1295;21,64;50.2;1295;33.1;40.9;52.0
rr;MUCAJAÍ;Roraima;Norte;2.50093;-61.06624;14383;16.55;193;61;FLAVIO BOLSONARO;PL;9218;78,56;LULA;PT;2022;17,23;59.95;2022;31.5;38.8;51.4
rr;NORMANDIA;Roraima;Norte;3.89792;-59.98568;9686;13.62;96;42;FLAVIO BOLSONARO;PL;4440;53,84;LULA;PT;3558;43,14;10.54;3558;38.6;34.7;50.7
rr;PACARAIMA;Roraima;Norte;4.3906;-61.0561;9762;17.19;114;42;FLAVIO BOLSONARO;PL;4619;58,17;LULA;PT;3065;38,60;19.22;3065;34.0;34.2;49.9
rr;RORAINÓPOLIS;Roraima;Norte;0.74076;-60.49918;23761;19.81;333;96;FLAVIO BOLSONARO;PL;13503;72,62;LULA;PT;4189;22,53;48.88;4189;32.2;42.4;51.5
rr;SÃO JOÃO DA BALIZA;Roraima;Norte;0.96032;-59.91086;5728;15.45;76;23;FLAVIO BOLSONARO;PL;3319;70,18;LULA;PT;1154;24,40;44.7;1154;31.4;38.7;51.7
rr;SÃO LUIZ;Roraima;Norte;1.00775;-60.06843;6082;15.92;99;25;FLAVIO BOLSONARO;PL;3513;70,50;LULA;PT;1240;24,88;44.45;1240;30.6;40.0;52.6
rr;UIRAMUTÃ;Roraima;Norte;4.59944;-60.27789;9128;13.17;124;38;LULA;PT;5375;68,95;FLAVIO BOLSONARO;PL;2327;29,85;38.46;2327;38.8;46.7;51.3
sc;ABDON BATISTA;Santa Catarina;Sul;-27.59298;-51.03989;2681;16.41;29;9;FLAVIO BOLSONARO;PL;1421;64,83;LULA;PT;650;29,65;34.4;650;22.8;51.2;51.4
sc;ABELARDO LUZ;Santa Catarina;Sul;-26.57853;-52.2869;12625;24.08;114;45;FLAVIO BOLSONARO;PL;5619;60,12;LULA;PT;3207;34,31;25.16;3207;25.9;47.4;49.0
sc;AGROLÂNDIA;Santa Catarina;Sul;-27.41795;-49.83218;8211;15.15;89;26;FLAVIO BOLSONARO;PL;5357;79,05;LULA;PT;1091;16,10;61.23;1091;24.4;46.7;48.6
sc;AGRONÔMICA;Santa Catarina;Sul;-27.29828;-49.71339;4554;11.75;63;16;FLAVIO BOLSONARO;PL;3193;81,35;LULA;PT;522;13,30;66.46;522;24.4;43.0;50.2
sc;ALFREDO WAGNER;Santa Catarina;Sul;-27.67807;-49.35634;8139;13.91;84;28;FLAVIO BOLSONARO;PL;5242;76,69;LULA;PT;1202;17,59;57.66;1202;24.3;55.9;50.7
sc;ALTO BELA VISTA;Santa Catarina;Sul;-27.42674;-51.91081;1764;15.19;31;7;FLAVIO BOLSONARO;PL;897;62,16;LULA;PT;372;25,78;35.09;372;18.4;47.5;50.9
sc;ANCHIETA;Santa Catarina;Sul;-26.5319;-53.32693;4991;16.35;77;17;FLAVIO BOLSONARO;PL;2330;57,66;LULA;PT;1403;34,72;22.2;1403;21.7;47.6;50.1
sc;ANGELINA;Santa Catarina;Sul;-27.54276;-49.02913;5017;12.5;78;18;FLAVIO BOLSONARO;PL;2605;61,63;LULA;PT;1227;29,03;31.39;1227;22.4;55.9;52.4
sc;ANITA GARIBALDI;Santa Catarina;Sul;-27.7081;-51.10095;6943;19.23;112;27;FLAVIO BOLSONARO;PL;2878;53,73;LULA;PT;2098;39,17;13.91;2098;24.8;47.4;50.3
sc;ANITÁPOLIS;Santa Catarina;Sul;-27.91361;-49.12664;3343;15.29;49;13;FLAVIO BOLSONARO;PL;1806;65,94;LULA;PT;715;26,10;38.52;715;20.9;52.5;50.8
sc;ANTÔNIO CARLOS;Santa Catarina;Sul;-27.51379;-48.78683;9356;13.25;128;28;FLAVIO BOLSONARO;PL;6045;76,45;LULA;PT;1194;15,10;59.77;1194;24.5;39.1;48.8
sc;APIÚNA;Santa Catarina;Sul;-27.08192;-49.39082;8375;16.6;126;34;FLAVIO BOLSONARO;PL;4944;73,10;LULA;PT;1329;19,65;51.75;1329;25.0;53.3;49.8
sc;ARABUTÃ;Santa Catarina;Sul;-27.14833;-52.17183;3907;13.16;73;13;FLAVIO BOLSONARO;PL;2228;67,84;LULA;PT;798;24,30;42.15;798;22.5;45.8;53.0
sc;ARAQUARI;Santa Catarina;Sul;-26.42628;-48.76203;28342;21.51;311;78;FLAVIO BOLSONARO;PL;14615;67,72;LULA;PT;5469;25,34;41.11;5469;28.8;35.8;49.1
sc;ARARANGUÁ;Santa Catarina;Sul;-28.94688;-49.48746;55064;20.19;671;159;FLAVIO BOLSONARO;PL;28755;67,34;LULA;PT;10473;24,53;41.6;10473;24.8;35.9;47.0
sc;ARMAZÉM;Santa Catarina;Sul;-28.25529;-49.013;7195;14.65;82;23;FLAVIO BOLSONARO;PL;4379;73,00;LULA;PT;1236;20,60;51.18;1236;24.0;46.6;48.9
sc;ARROIO TRINTA;Santa Catarina;Sul;-26.92694;-51.33271;3124;16.36;31;11;FLAVIO BOLSONARO;PL;1903;74,36;LULA;PT;432;16,88;56.3;432;22.0;45.4;48.7
sc;ARVOREDO;Santa Catarina;Sul;-27.07928;-52.44498;2620;14.27;22;9;FLAVIO BOLSONARO;PL;1271;57,69;LULA;PT;699;31,73;25.47;699;24.2;45.3;53.3
sc;ASCURRA;Santa Catarina;Sul;-26.96164;-49.37348;6551;17.49;96;23;FLAVIO BOLSONARO;PL;4130;79,15;LULA;PT;740;14,18;62.72;740;22.4;49.2;47.9
sc;ATALANTA;Santa Catarina;Sul;-27.42593;-49.76689;2919;12.64;24;13;FLAVIO BOLSONARO;PL;2014;80,62;LULA;PT;340;13,61;65.65;340;24.6;44.2;49.5
sc;AURORA;Santa Catarina;Sul;-27.3289;-49.61286;5541;11.91;44;21;FLAVIO BOLSONARO;PL;3878;80,93;LULA;PT;619;12,92;66.77;619;25.9;45.4;50.9
sc;BALNEÁRIO ARROIO DO SILVA;Santa Catarina;Sul;-28.99126;-49.42223;13141;22.25;194;37;FLAVIO BOLSONARO;PL;6027;61,13;LULA;PT;3146;31,91;28.2;3146;20.3;39.0;47.7
sc;BALNEÁRIO BARRA DO SUL;Santa Catarina;Sul;-26.45349;-48.61896;11418;23.0;132;32;FLAVIO BOLSONARO;PL;5884;68,65;LULA;PT;2151;25,10;42.46;2151;19.2;38.9;48.8
sc;BALNEÁRIO CAMBORIÚ;Santa Catarina;Sul;-26.99596;-48.63433;111138;22.68;1133;318;FLAVIO BOLSONARO;PL;59601;70,96;LULA;PT;17694;21,07;48.77;17694;23.9;17.2;45.1
sc;BALNEÁRIO GAIVOTA;Santa Catarina;Sul;-29.15417;-49.59241;12988;23.62;161;37;FLAVIO BOLSONARO;PL;6116;63,51;LULA;PT;2788;28,95;33.55;2788;19.9;42.9;46.9
sc;BALNEÁRIO PIÇARRAS;Santa Catarina;Sul;-26.75787;-48.68589;23277;23.95;265;69;FLAVIO BOLSONARO;PL;12090;70,26;LULA;PT;3927;22,82;46.11;3927;23.8;27.6;47.6
sc;BALNEÁRIO RINCÃO;Santa Catarina;Sul;-28.82742;-49.24276;13698;22.92;185;39;FLAVIO BOLSONARO;PL;6580;64,42;LULA;PT;3019;29,55;33.73;3019;22.2;43.7;48.2
sc;BANDEIRANTE;Santa Catarina;Sul;-26.76835;-53.65157;2976;16.87;37;10;FLAVIO BOLSONARO;PL;1325;55,30;LULA;PT;866;36,14;18.55;866;23.6;52.0;52.7
sc;BARRA BONITA;Santa Catarina;Sul;-26.66422;-53.4337;1855;15.26;19;7;FLAVIO BOLSONARO;PL;844;55,53;LULA;PT;520;34,21;20.61;520;23.0;51.8;52.6
sc;BARRA VELHA;Santa Catarina;Sul;-26.65398;-48.69494;29651;22.47;354;88;FLAVIO BOLSONARO;PL;16003;71,78;LULA;PT;4892;21,94;48.33;4892;24.7;32.9;47.1
sc;BELA VISTA DO TOLDO;Santa Catarina;Sul;-26.33632;-50.4888;5321;17.4;62;19;FLAVIO BOLSONARO;PL;2949;69,54;LULA;PT;1012;23,86;44.07;1012;26.0;51.0;51.6
sc;BELMONTE;Santa Catarina;Sul;-26.84895;-53.57689;2400;15.04;28;8;FLAVIO BOLSONARO;PL;1285;64,96;LULA;PT;568;28,72;35.16;568;23.6;46.9;50.9
sc;BENEDITO NOVO;Santa Catarina;Sul;-26.78105;-49.38945;8293;15.76;116;27;FLAVIO BOLSONARO;PL;5394;79,76;LULA;PT;886;13,10;64.53;886;22.4;50.3;50.3
sc;BIGUAÇU;Santa Catarina;Sul;-27.49294;-48.65731;57679;20.0;1017;166;FLAVIO BOLSONARO;PL;27718;62,66;LULA;PT;12501;28,26;32.98;12501;27.2;34.9;47.5
sc;BLUMENAU;Santa Catarina;Sul;-26.89609;-49.09079;269370;18.94;4627;754;FLAVIO BOLSONARO;PL;145080;68,83;LULA;PT;43960;20,85;46.31;43960;24.9;27.1;47.0
sc;BOCAINA DO SUL;Santa Catarina;Sul;-27.76384;-49.91741;3180;14.84;42;10;FLAVIO BOLSONARO;PL;1706;64,92;LULA;PT;778;29,60;34.27;778;25.3;48.3;51.2
sc;BOM JARDIM DA SERRA;Santa Catarina;Sul;-28.34957;-49.64701;3852;21.03;41;14;FLAVIO BOLSONARO;PL;1820;61,55;LULA;PT;977;33,04;27.71;977;25.3;54.9;50.8
sc;BOM JESUS;Santa Catarina;Sul;-26.73684;-52.39155;2593;16.04;31;8;FLAVIO BOLSONARO;PL;1171;54,95;LULA;PT;838;39,32;15.3;838;27.8;43.4;49.2
sc;BOM JESUS DO OESTE;Santa Catarina;Sul;-26.6888;-53.09702;1876;12.47;23;9;FLAVIO BOLSONARO;PL;1070;67,17;LULA;PT;416;26,11;39.83;416;22.4;48.5;50.7
sc;BOM RETIRO;Santa Catarina;Sul;-27.78022;-49.51668;6588;19.0;87;25;FLAVIO BOLSONARO;PL;3493;67,54;LULA;PT;1324;25,60;40.65;1324;26.7;49.5;49.0
sc;BOMBINHAS;Santa Catarina;Sul;-27.16293;-48.51057;19110;21.19;345;54;FLAVIO BOLSONARO;PL;9935;68,37;LULA;PT;3478;23,93;42.87;3478;25.6;29.3;47.9
sc;BOTUVERÁ;Santa Catarina;Sul;-27.20617;-49.11056;4908;13.71;101;18;FLAVIO BOLSONARO;PL;3117;77,04;LULA;PT;691;17,08;57.28;691;21.5;52.2;50.8
sc;BRAÇO DO NORTE;Santa Catarina;Sul;-28.26623;-49.15579;25562;16.37;268;76;FLAVIO BOLSONARO;PL;15991;76,75;LULA;PT;3229;15,50;59.7;3229;26.7;39.4;47.4
sc;BRAÇO DO TROMBUDO;Santa Catarina;Sul;-27.3595;-49.89594;3307;13.94;28;11;FLAVIO BOLSONARO;PL;2206;79,15;LULA;PT;415;14,89;62.93;415;23.6;42.3;49.6
sc;BRUNÓPOLIS;Santa Catarina;Sul;-27.34739;-50.82486;2907;17.54;35;12;FLAVIO BOLSONARO;PL;1469;63,10;LULA;PT;774;33,25;28.99;774;26.5;53.5;50.8
sc;BRUSQUE;Santa Catarina;Sul;-27.10616;-48.91101;101563;16.61;1315;283;FLAVIO BOLSONARO;PL;61228;74,49;LULA;PT;14981;18,23;54.61;14981;25.8;30.8;47.2
sc;CAIBI;Santa Catarina;Sul;-27.05086;-53.25441;5294;16.87;60;19;FLAVIO BOLSONARO;PL;3145;73,07;LULA;PT;940;21,84;50.1;940;22.5;50.9;49.1
sc;CALMON;Santa Catarina;Sul;-26.61649;-51.11792;3186;23.67;39;12;LULA;PT;1318;55,97;FLAVIO BOLSONARO;PL;906;38,47;16.94;906;30.1;57.0;51.1
sc;CAMBORIÚ;Santa Catarina;Sul;-27.02181;-48.65735;62278;22.48;838;167;FLAVIO BOLSONARO;PL;32572;69,75;LULA;PT;10583;22,66;45.55;10583;29.9;34.1;46.8
sc;CAMPO ALEGRE;Santa Catarina;Sul;-26.14692;-49.26814;10133;18.11;104;29;FLAVIO BOLSONARO;PL;6398;79,23;LULA;PT;1180;14,61;62.88;1180;23.6;45.5;49.7
sc;CAMPO BELO DO SUL;Santa Catarina;Sul;-27.84733;-50.76728;5981;19.56;102;23;FLAVIO BOLSONARO;PL;2657;57,69;LULA;PT;1722;37,39;19.43;1722;23.2;54.4;51.0
sc;CAMPO ERÊ;Santa Catarina;Sul;-26.40433;-53.08983;7540;20.23;111;26;FLAVIO BOLSONARO;PL;2932;50,40;LULA;PT;2575;44,26;5.94;2575;28.0;44.8;48.4
sc;CAMPOS NOVOS;Santa Catarina;Sul;-27.39937;-51.2327;26900;22.05;264;90;FLAVIO BOLSONARO;PL;13738;67,80;LULA;PT;5321;26,26;40.14;5321;25.5;43.6;48.0
sc;CANELINHA;Santa Catarina;Sul;-27.25679;-48.78421;10123;18.17;157;30;FLAVIO BOLSONARO;PL;5930;74,45;LULA;PT;1597;20,05;52.31;1597;25.4;49.4;48.6
sc;CANOINHAS;Santa Catarina;Sul;-26.19395;-50.43127;42693;20.82;487;132;FLAVIO BOLSONARO;PL;22012;67,62;LULA;PT;7871;24,18;41.83;7871;25.0;37.5;48.5
sc;CAPINZAL;Santa Catarina;Sul;-27.36709;-51.61293;17174;18.65;241;57;FLAVIO BOLSONARO;PL;8630;63,85;LULA;PT;3900;28,85;33.86;3900;25.1;40.3;48.9
sc;CAPIVARI DE BAIXO;Santa Catarina;Sul;-28.44196;-48.95655;18207;17.75;283;59;FLAVIO BOLSONARO;PL;9234;63,88;LULA;PT;4091;28,30;34.34;4091;24.4;36.6;46.0
sc;CAPÃO ALTO;Santa Catarina;Sul;-27.99221;-50.53806;3120;17.44;33;11;FLAVIO BOLSONARO;PL;1598;63,89;LULA;PT;673;26,91;35.91;673;21.8;44.4;53.1
sc;CATANDUVAS;Santa Catarina;Sul;-27.06435;-51.66194;8118;14.73;87;25;FLAVIO BOLSONARO;PL;4408;65,54;LULA;PT;1862;27,68;36.78;1862;26.9;42.1;47.9
sc;CAXAMBU DO SUL;Santa Catarina;Sul;-27.14928;-52.89603;4374;14.75;56;17;FLAVIO BOLSONARO;PL;1931;53,36;LULA;PT;1501;41,48;11.53;1501;23.1;49.5;50.2
sc;CAÇADOR;Santa Catarina;Sul;-26.78102;-51.01037;53297;22.94;753;175;FLAVIO BOLSONARO;PL;23758;60,31;LULA;PT;12361;31,38;27.75;12361;27.0;44.5;48.1
sc;CELSO RAMOS;Santa Catarina;Sul;-27.64601;-51.31347;2766;17.14;39;9;FLAVIO BOLSONARO;PL;1274;57,70;LULA;PT;760;34,42;22.43;760;23.8;47.3;50.0
sc;CERRO NEGRO;Santa Catarina;Sul;-27.72937;-50.91222;3206;16.78;48;13;LULA;PT;1240;48,02;FLAVIO BOLSONARO;PL;1211;46,90;1.09;1211;25.1;58.0;52.2
sc;CHAPADÃO DO LAGEADO;Santa Catarina;Sul;-27.58659;-49.55455;2708;11.48;31;9;FLAVIO BOLSONARO;PL;1666;71,41;LULA;PT;466;19,97;50.06;466;26.7;48.8;51.9
sc;CHAPECÓ;Santa Catarina;Sul;-27.09892;-52.62798;164327;18.17;1900;458;FLAVIO BOLSONARO;PL;80783;61,81;LULA;PT;39204;30,00;30.92;39204;26.2;32.6;47.2
sc;COCAL DO SUL;Santa Catarina;Sul;-28.59766;-49.32368;14810;20.7;239;47;FLAVIO BOLSONARO;PL;8114;71,35;LULA;PT;2205;19,39;50.32;2205;22.6;35.4;48.5
sc;CONCÓRDIA;Santa Catarina;Sul;-27.23276;-52.01875;60391;18.94;715;193;FLAVIO BOLSONARO;PL;32573;68,55;LULA;PT;11047;23,25;43.97;11047;23.1;35.8;48.1
sc;CORDILHEIRA ALTA;Santa Catarina;Sul;-26.97353;-52.62467;4131;13.12;39;12;FLAVIO BOLSONARO;PL;2330;66,59;LULA;PT;950;27,15;38.45;950;23.1;42.4;51.6
sc;CORONEL FREITAS;Santa Catarina;Sul;-26.89536;-52.71552;8081;16.09;102;26;FLAVIO BOLSONARO;PL;4177;63,52;LULA;PT;2070;31,48;31.07;2070;21.1;50.4;48.9
sc;CORONEL MARTINS;Santa Catarina;Sul;-26.51105;-52.66538;2010;15.92;29;7;FLAVIO BOLSONARO;PL;940;57,63;LULA;PT;576;35,32;21.54;576;26.9;47.6;50.8
sc;CORREIA PINTO;Santa Catarina;Sul;-27.58491;-50.37127;12108;17.1;163;44;FLAVIO BOLSONARO;PL;5636;58,33;LULA;PT;3446;35,67;21.82;3446;25.5;47.8;48.5
sc;CORUPÁ;Santa Catarina;Sul;-26.42926;-49.24776;11990;13.59;213;39;FLAVIO BOLSONARO;PL;7582;75,74;LULA;PT;1709;17,07;56.68;1709;24.3;39.0;49.1
sc;CRICIÚMA;Santa Catarina;Sul;-28.68811;-49.38712;154435;20.63;2094;446;FLAVIO BOLSONARO;PL;79745;67,25;LULA;PT;27729;23,38;42.43;27729;24.1;32.4;46.4
sc;CUNHA PORÃ;Santa Catarina;Sul;-26.88986;-53.18164;8864;13.23;142;27;FLAVIO BOLSONARO;PL;6072;81,56;LULA;PT;945;12,69;66.66;945;22.8;43.9;48.7
sc;CUNHATAÍ;Santa Catarina;Sul;-26.97222;-53.10387;1868;11.56;19;5;FLAVIO BOLSONARO;PL;1140;70,76;LULA;PT;339;21,04;48.49;339;25.4;47.8;52.0
sc;CURITIBANOS;Santa Catarina;Sul;-27.28912;-50.57927;31343;23.43;460;104;FLAVIO BOLSONARO;PL;14572;63,73;LULA;PT;6653;29,09;33.0;6653;26.7;41.8;47.7
sc;DESCANSO;Santa Catarina;Sul;-26.8471;-53.49216;7241;15.44;75;23;FLAVIO BOLSONARO;PL;3808;63,76;LULA;PT;1625;27,21;35.65;1625;21.3;47.6;50.2
sc;DIONÍSIO CERQUEIRA;Santa Catarina;Sul;-26.2886;-53.61135;12090;24.85;151;42;FLAVIO BOLSONARO;PL;5130;58,10;LULA;PT;3222;36,49;21.0;3222;24.5;50.5;48.1
sc;DONA EMMA;Santa Catarina;Sul;-26.98955;-49.77109;3429;16.59;55;11;FLAVIO BOLSONARO;PL;1949;70,54;LULA;PT;526;19,04;49.76;526;25.3;49.8;50.3
sc;DOUTOR PEDRINHO;Santa Catarina;Sul;-26.73674;-49.48696;3081;17.04;35;10;FLAVIO BOLSONARO;PL;1905;76,72;LULA;PT;366;14,74;60.21;366;21.9;52.0;48.9
sc;ENTRE RIOS;Santa Catarina;Sul;-26.72198;-52.56824;3097;16.31;41;9;LULA;PT;1393;55,28;FLAVIO BOLSONARO;PL;1040;41,27;13.62;1040;33.1;52.0;50.1
sc;ERMO;Santa Catarina;Sul;-28.98617;-49.64802;2711;12.65;25;8;FLAVIO BOLSONARO;PL;1748;75,28;LULA;PT;433;18,65;55.53;433;25.4;42.7;51.5
sc;ERVAL VELHO;Santa Catarina;Sul;-27.2813;-51.44302;3844;16.36;51;13;FLAVIO BOLSONARO;PL;2223;71,30;LULA;PT;705;22,61;47.22;705;22.6;45.0;49.8
sc;FAXINAL DOS GUEDES;Santa Catarina;Sul;-26.85092;-52.24795;8705;15.73;150;27;FLAVIO BOLSONARO;PL;3690;52,28;LULA;PT;2898;41,06;10.8;2898;25.3;41.5;49.5
sc;FLOR DO SERTÃO;Santa Catarina;Sul;-26.7688;-53.33339;1772;15.8;23;6;FLAVIO BOLSONARO;PL;815;56,64;LULA;PT;474;32,94;22.86;474;26.4;50.0;50.9
sc;FLORIANÓPOLIS;Santa Catarina;Sul;-27.57426;-48.5126;423969;20.4;6221;1207;FLAVIO BOLSONARO;PL;158954;48,63;LULA;PT;133443;40,83;7.56;133443;24.5;15.2;45.9
sc;FORMOSA DO SUL;Santa Catarina;Sul;-26.64453;-52.79051;2622;18.38;25;8;FLAVIO BOLSONARO;PL;1147;55,14;LULA;PT;795;38,22;16.45;795;27.2;46.8;50.0
sc;FORQUILHINHA;Santa Catarina;Sul;-28.74985;-49.46801;22444;17.04;231;67;FLAVIO BOLSONARO;PL;12705;70,07;LULA;PT;4187;23,09;45.75;4187;28.4;43.1;48.9
sc;FRAIBURGO;Santa Catarina;Sul;-27.03972;-50.91634;26265;19.93;367;93;FLAVIO BOLSONARO;PL;13478;66,54;LULA;PT;5350;26,41;38.65;5350;27.5;39.5;48.1
sc;FREI ROGÉRIO;Santa Catarina;Sul;-27.17556;-50.77502;2251;14.93;24;10;FLAVIO BOLSONARO;PL;1282;68,92;LULA;PT;456;24,52;43.13;456;25.7;45.1;52.0
sc;GALVÃO;Santa Catarina;Sul;-26.4542;-52.68845;2750;15.75;39;12;FLAVIO BOLSONARO;PL;1408;63,08;LULA;PT;718;32,17;29.78;718;22.8;47.2;49.7
sc;GAROPABA;Santa Catarina;Sul;-28.04566;-48.64049;24086;19.97;343;72;FLAVIO BOLSONARO;PL;11018;59,09;LULA;PT;6126;32,86;25.38;6126;22.6;32.3;47.1
sc;GARUVA;Santa Catarina;Sul;-26.03944;-48.85402;12187;18.52;162;38;FLAVIO BOLSONARO;PL;6926;72,03;LULA;PT;2085;21,68;48.75;2085;28.4;38.6;49.4
sc;GASPAR;Santa Catarina;Sul;-26.92941;-48.9598;51557;18.8;742;148;FLAVIO BOLSONARO;PL;28827;71,16;LULA;PT;8375;20,67;48.85;8375;25.3;38.4;47.4
sc;GOVERNADOR CELSO RAMOS;Santa Catarina;Sul;-27.35272;-48.57562;16835;17.04;228;50;FLAVIO BOLSONARO;PL;10068;74,21;LULA;PT;2564;18,90;53.73;2564;23.1;37.6;50.1
sc;GRAVATAL;Santa Catarina;Sul;-28.34646;-49.03019;9437;15.02;78;31;FLAVIO BOLSONARO;PL;5778;73,64;LULA;PT;1483;18,90;53.55;1483;22.5;42.9;48.2
sc;GRÃO-PARÁ;Santa Catarina;Sul;-28.17913;-49.25851;5610;12.03;92;22;FLAVIO BOLSONARO;PL;3689;77,32;LULA;PT;747;15,66;59.61;747;24.1;48.8;50.4
sc;GUABIRUBA;Santa Catarina;Sul;-27.09454;-48.99181;17162;13.17;275;48;FLAVIO BOLSONARO;PL;10921;75,98;LULA;PT;2416;16,81;57.08;2416;24.3;42.7;48.9
sc;GUARACIABA;Santa Catarina;Sul;-26.58546;-53.5505;8880;13.12;98;31;FLAVIO BOLSONARO;PL;4697;62,55;LULA;PT;2180;29,03;32.62;2180;22.5;46.4;50.5
sc;GUARAMIRIM;Santa Catarina;Sul;-26.47691;-48.97607;33628;18.9;339;98;FLAVIO BOLSONARO;PL;19367;72,88;LULA;PT;5229;19,68;51.84;5229;27.4;34.0;48.9
sc;GUARUJÁ DO SUL;Santa Catarina;Sul;-26.39134;-53.52148;3992;18.91;57;14;FLAVIO BOLSONARO;PL;1938;61,98;LULA;PT;937;29,96;30.92;937;20.7;49.3;47.5
sc;GUATAMBÚ;Santa Catarina;Sul;-27.11554;-52.77694;6236;15.12;83;21;FLAVIO BOLSONARO;PL;2561;49,89;LULA;PT;2228;43,41;6.29;2228;24.8;42.3;52.3
sc;HERVAL D'OESTE;Santa Catarina;Sul;-27.17265;-51.48621;16804;19.79;179;56;FLAVIO BOLSONARO;PL;8620;65,81;LULA;PT;3533;26,97;37.74;3533;23.6;41.2;48.4
sc;IBIAM;Santa Catarina;Sul;-27.17893;-51.23747;1985;16.57;13;6;FLAVIO BOLSONARO;PL;1098;67,49;LULA;PT;423;26,00;40.76;423;22.4;49.1;49.7
sc;IBICARÉ;Santa Catarina;Sul;-27.09102;-51.36646;3018;16.0;38;14;FLAVIO BOLSONARO;PL;1831;74,43;LULA;PT;492;20,00;52.82;492;20.5;50.1;50.9
sc;IBIRAMA;Santa Catarina;Sul;-27.06345;-49.52532;15466;21.69;235;45;FLAVIO BOLSONARO;PL;8560;73,07;LULA;PT;2108;17,99;53.27;2108;24.9;43.7;48.7
sc;ILHOTA;Santa Catarina;Sul;-26.8875;-48.83735;12431;19.32;189;38;FLAVIO BOLSONARO;PL;7287;75,14;LULA;PT;1773;18,28;54.98;1773;24.8;45.0;48.6
sc;IMARUÍ;Santa Catarina;Sul;-28.29395;-48.81912;10187;21.17;194;33;FLAVIO BOLSONARO;PL;4200;54,62;LULA;PT;2996;38,96;14.99;2996;21.4;52.2;50.2
sc;IMBITUBA;Santa Catarina;Sul;-28.22805;-48.68925;42184;23.84;699;120;FLAVIO BOLSONARO;PL;17603;57,00;LULA;PT;10648;34,48;21.65;10648;21.2;34.8;47.4
sc;IMBUIA;Santa Catarina;Sul;-27.49875;-49.41596;5201;12.48;72;20;FLAVIO BOLSONARO;PL;3419;77,56;LULA;PT;707;16,04;59.58;707;26.2;50.9;49.2
sc;INDAIAL;Santa Catarina;Sul;-26.89713;-49.23658;50898;19.44;844;154;FLAVIO BOLSONARO;PL;29041;73,34;LULA;PT;7033;17,76;53.67;7033;25.8;37.7;47.9
sc;IOMERÊ;Santa Catarina;Sul;-26.99849;-51.25921;2888;13.64;25;9;FLAVIO BOLSONARO;PL;1795;73,78;LULA;PT;442;18,17;54.25;442;20.7;39.8;49.7
sc;IPIRA;Santa Catarina;Sul;-27.38232;-51.78447;3857;13.09;53;13;FLAVIO BOLSONARO;PL;2011;62,18;LULA;PT;987;30,52;30.55;987;21.3;47.9;48.4
sc;IPORÃ DO OESTE;Santa Catarina;Sul;-26.99748;-53.50653;7715;15.26;116;29;FLAVIO BOLSONARO;PL;4358;68,89;LULA;PT;1331;21,04;46.3;1331;22.2;46.0;49.5
sc;IPUAÇU;Santa Catarina;Sul;-26.67799;-52.46703;5697;20.31;78;20;LULA;PT;2442;55,30;FLAVIO BOLSONARO;PL;1777;40,24;14.65;1777;32.2;48.4;50.1
sc;IPUMIRIM;Santa Catarina;Sul;-27.05849;-52.14543;6026;19.78;115;18;FLAVIO BOLSONARO;PL;2603;56,29;LULA;PT;1598;34,56;20.79;1598;23.1;47.3;49.9
sc;IRACEMINHA;Santa Catarina;Sul;-26.83939;-53.31035;3717;12.99;33;14;FLAVIO BOLSONARO;PL;2230;70,57;LULA;PT;706;22,34;47.12;706;23.0;50.4;51.0
sc;IRANI;Santa Catarina;Sul;-27.03149;-51.89826;7724;16.7;91;25;FLAVIO BOLSONARO;PL;3882;62,50;LULA;PT;1806;29,08;32.27;1806;24.5;46.4;48.6
sc;IRATI;Santa Catarina;Sul;-26.65836;-52.89467;2036;17.39;29;7;FLAVIO BOLSONARO;PL;910;55,93;LULA;PT;635;39,03;16.35;635;26.7;50.8;50.9
sc;IRINEÓPOLIS;Santa Catarina;Sul;-26.30951;-50.77544;8228;16.82;112;29;FLAVIO BOLSONARO;PL;4607;69,61;LULA;PT;1540;23,27;44.81;1540;26.1;52.1;50.3
sc;ITAIÓPOLIS;Santa Catarina;Sul;-26.39422;-49.9056;16680;18.14;215;54;FLAVIO BOLSONARO;PL;10200;77,40;LULA;PT;2249;17,07;58.23;2249;27.6;46.2;50.7
sc;ITAJAÍ;Santa Catarina;Sul;-26.90925;-48.69183;183857;19.21;2527;525;FLAVIO BOLSONARO;PL;98583;68,56;LULA;PT;33204;23,09;44.01;33204;27.7;24.4;46.9
sc;ITAPEMA;Santa Catarina;Sul;-27.11466;-48.6126;60041;22.0;577;168;FLAVIO BOLSONARO;PL;34048;74,35;LULA;PT;8758;19,13;54.0;8758;26.1;26.0;46.5
sc;ITAPIRANGA;Santa Catarina;Sul;-27.13475;-53.71124;12187;18.4;136;42;FLAVIO BOLSONARO;PL;6821;70,28;LULA;PT;1941;20,00;49.07;1941;23.7;39.6;49.9
sc;ITAPOÁ;Santa Catarina;Sul;-26.08771;-48.61244;21623;24.41;327;59;FLAVIO BOLSONARO;PL;10514;66,70;LULA;PT;4072;25,83;39.42;4072;20.8;29.4;47.7
sc;ITUPORANGA;Santa Catarina;Sul;-27.43455;-49.5789;19872;15.71;186;67;FLAVIO BOLSONARO;PL;12866;78,60;LULA;PT;2473;15,11;62.04;2473;26.1;44.2;48.0
sc;ITÁ;Santa Catarina;Sul;-27.25262;-52.33148;5888;15.85;88;21;FLAVIO BOLSONARO;PL;2666;55,56;LULA;PT;1588;33,10;21.76;1588;23.5;37.4;50.6
sc;IÇARA;Santa Catarina;Sul;-28.72755;-49.29217;43842;19.25;527;135;FLAVIO BOLSONARO;PL;24515;71,29;LULA;PT;7254;21,09;48.76;7254;24.5;41.3;47.9
sc;JABORÁ;Santa Catarina;Sul;-27.1616;-51.75025;3843;13.04;43;13;FLAVIO BOLSONARO;PL;2325;71,14;LULA;PT;703;21,51;48.53;703;22.8;48.2;50.3
sc;JACINTO MACHADO;Santa Catarina;Sul;-28.99653;-49.78305;9165;16.49;112;29;FLAVIO BOLSONARO;PL;5619;75,72;LULA;PT;1304;17,57;56.38;1304;23.4;50.8;49.6
sc;JAGUARUNA;Santa Catarina;Sul;-28.64497;-49.02933;16425;18.33;187;52;FLAVIO BOLSONARO;PL;9193;70,73;LULA;PT;2949;22,69;46.55;2949;22.0;46.2;47.8
sc;JARAGUÁ DO SUL;Santa Catarina;Sul;-26.48532;-49.10557;131454;15.17;1620;384;FLAVIO BOLSONARO;PL;78938;72,67;LULA;PT;20528;18,90;52.38;20528;25.4;24.3;48.0
sc;JARDINÓPOLIS;Santa Catarina;Sul;-26.71928;-52.86028;1699;12.3;15;6;FLAVIO BOLSONARO;PL;882;60,83;LULA;PT;443;30,55;29.46;443;26.4;48.4;50.4
sc;JOAÇABA;Santa Catarina;Sul;-27.16938;-51.52076;22370;19.43;228;79;FLAVIO BOLSONARO;PL;12319;70,20;LULA;PT;3863;22,01;46.92;3863;22.2;29.9;46.9
sc;JOINVILLE;Santa Catarina;Sul;-26.29642;-48.8381;443225;17.85;6475;1234;FLAVIO BOLSONARO;PL;246309;69,80;LULA;PT;72919;20,66;47.62;72919;26.1;23.4;47.4
sc;JOSÉ BOITEUX;Santa Catarina;Sul;-26.91547;-49.64223;4540;18.33;49;17;FLAVIO BOLSONARO;PL;2222;61,33;LULA;PT;1183;32,65;28.02;1183;30.5;48.1;50.1
sc;JUPIÁ;Santa Catarina;Sul;-26.39764;-52.72449;2255;15.03;32;8;FLAVIO BOLSONARO;PL;1105;59,34;LULA;PT;629;33,78;24.84;629;27.5;48.1;50.8
sc;LACERDÓPOLIS;Santa Catarina;Sul;-27.25413;-51.56235;1979;12.18;24;8;FLAVIO BOLSONARO;PL;1280;75,74;LULA;PT;312;18,46;55.7;312;21.9;42.4;49.3
sc;LAGES;Santa Catarina;Sul;-27.81364;-50.31937;125222;20.99;1538;393;FLAVIO BOLSONARO;PL;62339;65,33;LULA;PT;25809;27,05;36.92;25809;25.4;35.5;46.7
sc;LAGUNA;Santa Catarina;Sul;-28.4713;-48.79399;36422;20.97;570;118;FLAVIO BOLSONARO;PL;15914;57,46;LULA;PT;9505;34,32;22.27;9505;21.9;37.9;46.9
sc;LAJEADO GRANDE;Santa Catarina;Sul;-26.85786;-52.5638;1593;13.94;11;6;FLAVIO BOLSONARO;PL;893;66,74;LULA;PT;362;27,06;38.73;362;24.0;44.7;50.2
sc;LAURENTINO;Santa Catarina;Sul;-27.21651;-49.73197;6020;11.51;88;19;FLAVIO BOLSONARO;PL;3919;75,91;LULA;PT;896;17,35;56.75;896;23.4;41.3;49.0
sc;LAURO MÜLLER;Santa Catarina;Sul;-28.39561;-49.40591;12330;18.3;251;44;FLAVIO BOLSONARO;PL;6226;64,57;LULA;PT;2607;27,04;35.92;2607;23.4;43.9;48.8
sc;LEBON RÉGIS;Santa Catarina;Sul;-26.92273;-50.69576;8737;20.88;145;30;FLAVIO BOLSONARO;PL;3245;49,17;LULA;PT;2899;43,92;5.01;2899;29.3;50.3;49.5
sc;LEOBERTO LEAL;Santa Catarina;Sul;-27.47503;-49.27073;3293;13.94;51;12;FLAVIO BOLSONARO;PL;1968;72,19;LULA;PT;542;19,88;50.32;542;24.6;56.2;51.7
sc;LINDÓIA DO SUL;Santa Catarina;Sul;-27.04331;-52.07304;3810;19.58;43;13;FLAVIO BOLSONARO;PL;1949;65,42;LULA;PT;773;25,95;38.38;773;22.1;49.4;50.6
sc;LONTRAS;Santa Catarina;Sul;-27.16653;-49.52944;9347;17.44;123;31;FLAVIO BOLSONARO;PL;5686;76,12;LULA;PT;1307;17,50;56.74;1307;25.4;47.0;48.6
sc;LUIZ ALVES;Santa Catarina;Sul;-26.71939;-48.89747;10211;12.57;105;33;FLAVIO BOLSONARO;PL;6909;79,13;LULA;PT;1270;14,55;63.17;1270;29.7;43.3;50.4
sc;LUZERNA;Santa Catarina;Sul;-27.12295;-51.47428;4829;11.64;45;19;FLAVIO BOLSONARO;PL;3164;75,84;LULA;PT;675;16,18;58.33;675;22.1;33.0;49.4
sc;MACIEIRA;Santa Catarina;Sul;-26.82092;-51.32721;2360;18.56;23;7;FLAVIO BOLSONARO;PL;1107;59,23;LULA;PT;646;34,56;23.99;646;27.3;57.1;51.7
sc;MAFRA;Santa Catarina;Sul;-26.14841;-49.83367;42431;18.41;578;136;FLAVIO BOLSONARO;PL;24036;72,35;LULA;PT;6418;19,32;50.89;6418;25.3;34.5;48.6
sc;MAJOR GERCINO;Santa Catarina;Sul;-27.42371;-49.03276;3305;20.85;53;12;FLAVIO BOLSONARO;PL;1770;70,35;LULA;PT;566;22,50;46.02;566;22.7;51.5;52.0
sc;MAJOR VIEIRA;Santa Catarina;Sul;-26.42904;-50.3429;6050;17.8;110;21;FLAVIO BOLSONARO;PL;3173;66,83;LULA;PT;1185;24,96;39.98;1185;25.5;52.1;50.1
sc;MARACAJÁ;Santa Catarina;Sul;-28.86048;-49.44774;6447;14.5;95;20;FLAVIO BOLSONARO;PL;3585;67,22;LULA;PT;1296;24,30;41.53;1296;26.0;42.6;49.6
sc;MARAVILHA;Santa Catarina;Sul;-26.76608;-53.18486;20395;16.06;213;60;FLAVIO BOLSONARO;PL;11639;69,66;LULA;PT;3684;22,05;46.47;3684;24.9;35.2;47.8
sc;MAREMA;Santa Catarina;Sul;-26.8104;-52.62035;2215;15.12;28;9;FLAVIO BOLSONARO;PL;1225;67,05;LULA;PT;494;27,04;38.88;494;25.7;49.5;50.6
sc;MASSARANDUBA;Santa Catarina;Sul;-26.62013;-48.98889;13335;15.48;183;43;FLAVIO BOLSONARO;PL;8736;79,67;LULA;PT;1434;13,08;64.79;1434;22.8;41.5;49.4
sc;MATOS COSTA;Santa Catarina;Sul;-26.46418;-51.14551;2463;22.78;31;10;FLAVIO BOLSONARO;PL;911;49,97;LULA;PT;785;43,06;6.62;785;27.5;51.6;52.1
sc;MELEIRO;Santa Catarina;Sul;-28.85019;-49.61289;5868;12.3;58;18;FLAVIO BOLSONARO;PL;3938;78,35;LULA;PT;792;15,76;61.13;792;23.1;42.7;49.7
sc;MIRIM DOCE;Santa Catarina;Sul;-27.1945;-50.11042;2265;13.86;19;9;FLAVIO BOLSONARO;PL;1407;73,94;LULA;PT;405;21,28;51.36;405;25.7;46.5;50.6
sc;MODELO;Santa Catarina;Sul;-26.77922;-53.05839;3479;12.73;32;12;FLAVIO BOLSONARO;PL;1865;62,92;LULA;PT;788;26,59;35.47;788;24.4;42.8;50.4
sc;MONDAÍ;Santa Catarina;Sul;-27.09952;-53.42132;7441;13.92;112;28;FLAVIO BOLSONARO;PL;3721;59,70;LULA;PT;1910;30,64;28.27;1910;23.4;38.7;49.4
sc;MONTE CARLO;Santa Catarina;Sul;-27.22097;-50.97581;6989;20.99;111;24;FLAVIO BOLSONARO;PL;2860;54,65;LULA;PT;2053;39,23;14.61;2053;31.8;52.4;49.8
sc;MONTE CASTELO;Santa Catarina;Sul;-26.51391;-50.24074;6982;17.43;99;25;FLAVIO BOLSONARO;PL;3503;63,27;LULA;PT;1677;30,29;31.67;1677;27.6;48.0;51.0
sc;MORRO DA FUMAÇA;Santa Catarina;Sul;-28.64421;-49.221;14207;17.84;132;41;FLAVIO BOLSONARO;PL;8875;77,92;LULA;PT;1799;15,79;60.62;1799;24.9;47.4;48.3
sc;MORRO GRANDE;Santa Catarina;Sul;-28.78044;-49.72927;2721;13.01;28;8;FLAVIO BOLSONARO;PL;1774;76,86;LULA;PT;388;16,81;58.56;388;24.0;46.3;51.1
sc;NAVEGANTES;Santa Catarina;Sul;-26.87085;-48.66612;66392;22.36;878;208;FLAVIO BOLSONARO;PL;32775;65,78;LULA;PT;12780;25,65;38.79;12780;29.1;29.7;47.6
sc;NOVA ERECHIM;Santa Catarina;Sul;-26.90023;-52.9054;4037;15.36;59;13;FLAVIO BOLSONARO;PL;2054;61,85;LULA;PT;1006;30,29;30.67;1006;25.0;45.3;49.7
sc;NOVA ITABERABA;Santa Catarina;Sul;-26.94695;-52.8241;3921;12.22;42;13;FLAVIO BOLSONARO;PL;1831;54,64;LULA;PT;1286;38,38;15.83;1286;24.5;49.7;52.2
sc;NOVA TRENTO;Santa Catarina;Sul;-27.28703;-48.9599;11343;15.82;184;34;FLAVIO BOLSONARO;PL;6982;75,86;LULA;PT;1588;17,25;56.49;1588;23.2;44.4;48.9
sc;NOVA VENEZA;Santa Catarina;Sul;-28.67165;-49.51324;12429;15.65;120;38;FLAVIO BOLSONARO;PL;7814;76,32;LULA;PT;1807;17,65;57.3;1807;24.4;42.8;49.3
sc;NOVO HORIZONTE;Santa Catarina;Sul;-26.44964;-52.8246;2570;15.18;32;11;FLAVIO BOLSONARO;PL;1334;63,04;LULA;PT;663;31,33;30.78;663;25.5;50.7;52.2
sc;ORLEANS;Santa Catarina;Sul;-28.34844;-49.29128;19333;18.4;230;61;FLAVIO BOLSONARO;PL;12012;78,39;LULA;PT;2357;15,38;61.2;2357;25.0;41.2;48.2
sc;OTACÍLIO COSTA;Santa Catarina;Sul;-27.50767;-50.10225;12683;15.64;157;47;FLAVIO BOLSONARO;PL;6918;66,76;LULA;PT;2729;26,34;39.15;2729;27.5;36.9;48.8
sc;OURO;Santa Catarina;Sul;-27.31584;-51.63734;5678;16.26;85;22;FLAVIO BOLSONARO;PL;3286;71,51;LULA;PT;981;21,35;48.48;981;20.8;46.9;48.6
sc;OURO VERDE;Santa Catarina;Sul;-26.69292;-52.30975;2040;15.78;25;6;FLAVIO BOLSONARO;PL;1124;67,39;LULA;PT;461;27,64;38.59;461;26.0;46.5;51.1
sc;PAIAL;Santa Catarina;Sul;-27.25623;-52.49897;1999;16.16;19;7;FLAVIO BOLSONARO;PL;829;50,83;LULA;PT;679;41,63;8.95;679;23.7;46.7;53.2
sc;PAINEL;Santa Catarina;Sul;-27.90412;-50.05379;2599;18.24;26;8;FLAVIO BOLSONARO;PL;1231;59,41;LULA;PT;678;32,72;26.02;678;22.0;49.4;54.6
sc;PALHOÇA;Santa Catarina;Sul;-27.67029;-48.6679;154633;19.59;2513;415;FLAVIO BOLSONARO;PL;74587;62,35;LULA;PT;33189;27,74;33.29;33189;27.2;29.1;46.9
sc;PALMA SOLA;Santa Catarina;Sul;-26.35462;-53.29581;5410;16.97;68;18;FLAVIO BOLSONARO;PL;2327;53,45;LULA;PT;1704;39,14;13.87;1704;25.3;47.1;49.5
sc;PALMEIRA;Santa Catarina;Sul;-27.58211;-50.14422;3317;18.33;46;10;FLAVIO BOLSONARO;PL;1731;65,79;LULA;PT;718;27,29;37.39;718;23.1;46.7;52.2
sc;PALMITOS;Santa Catarina;Sul;-27.08086;-53.16768;12297;17.66;127;43;FLAVIO BOLSONARO;PL;7084;71,92;LULA;PT;2100;21,32;49.22;2100;21.2;46.9;48.6
sc;PAPANDUVA;Santa Catarina;Sul;-26.44217;-50.14877;14658;17.21;221;54;FLAVIO BOLSONARO;PL;7387;63,90;LULA;PT;3459;29,92;32.37;3459;27.8;48.0;50.2
sc;PARAÍSO;Santa Catarina;Sul;-26.63821;-53.6739;3609;18.07;50;14;FLAVIO BOLSONARO;PL;1570;55,03;LULA;PT;1057;37,05;17.35;1057;23.8;52.2;50.5
sc;PASSO DE TORRES;Santa Catarina;Sul;-29.30787;-49.71006;9128;20.62;123;26;FLAVIO BOLSONARO;PL;4487;64,01;LULA;PT;1980;28,25;34.6;1980;22.7;40.5;48.4
sc;PASSOS MAIA;Santa Catarina;Sul;-26.7489;-52.02953;3505;21.23;45;12;FLAVIO BOLSONARO;PL;1376;51,32;LULA;PT;1159;43,23;7.86;1159;28.2;49.7;50.4
sc;PAULO LOPES;Santa Catarina;Sul;-27.99438;-48.68712;7411;15.65;115;24;FLAVIO BOLSONARO;PL;4047;67,11;LULA;PT;1618;26,83;38.86;1618;24.3;48.7;48.7
sc;PEDRAS GRANDES;Santa Catarina;Sul;-28.4595;-49.18951;4152;17.05;67;17;FLAVIO BOLSONARO;PL;2483;74,79;LULA;PT;596;17,95;54.79;596;21.5;49.7;50.3
sc;PENHA;Santa Catarina;Sul;-26.79389;-48.63506;26267;21.91;350;76;FLAVIO BOLSONARO;PL;13945;70,15;LULA;PT;4288;21,57;47.08;4288;25.9;31.3;46.8
sc;PERITIBA;Santa Catarina;Sul;-27.35687;-51.89293;2879;11.29;35;10;FLAVIO BOLSONARO;PL;1837;73,92;LULA;PT;465;18,71;53.72;465;20.8;44.0;50.3
sc;PESCARIA BRAVA;Santa Catarina;Sul;-28.4084;-48.89198;8428;12.4;127;27;FLAVIO BOLSONARO;PL;4361;61,11;LULA;PT;2189;30,68;29.42;2189;24.6;41.0;49.1
sc;PETROLÂNDIA;Santa Catarina;Sul;-27.5185;-49.68325;5523;11.99;59;20;FLAVIO BOLSONARO;PL;3708;78,11;LULA;PT;786;16,56;60.11;786;24.7;51.0;51.0
sc;PINHALZINHO;Santa Catarina;Sul;-26.84123;-52.98429;15631;15.9;232;42;FLAVIO BOLSONARO;PL;7827;61,44;LULA;PT;3748;29,42;31.03;3748;26.3;36.1;47.6
sc;PINHEIRO PRETO;Santa Catarina;Sul;-27.04429;-51.22963;3010;18.94;32;8;FLAVIO BOLSONARO;PL;1567;66,12;LULA;PT;619;26,12;38.85;619;28.2;42.3;50.3
sc;PIRATUBA;Santa Catarina;Sul;-27.43775;-51.77635;5246;15.25;87;18;FLAVIO BOLSONARO;PL;2914;67,70;LULA;PT;1048;24,35;41.97;1048;23.1;41.2;49.2
sc;PLANALTO ALEGRE;Santa Catarina;Sul;-27.05845;-52.8674;2907;14.41;55;11;FLAVIO BOLSONARO;PL;1208;50,50;LULA;PT;1017;42,52;7.68;1017;24.9;49.3;52.4
sc;POMERODE;Santa Catarina;Sul;-26.73686;-49.16949;27227;19.41;453;79;FLAVIO BOLSONARO;PL;15879;74,88;LULA;PT;3408;16,07;56.84;3408;23.4;37.3;49.2
sc;PONTE ALTA;Santa Catarina;Sul;-27.46586;-50.37878;4025;17.39;73;18;FLAVIO BOLSONARO;PL;1945;61,01;LULA;PT;1109;34,79;25.14;1109;27.0;51.2;49.8
sc;PONTE ALTA DO NORTE;Santa Catarina;Sul;-27.16114;-50.47035;2635;23.3;57;8;FLAVIO BOLSONARO;PL;1144;59,71;LULA;PT;682;35,59;22.86;682;28.2;50.6;49.1
sc;PONTE SERRADA;Santa Catarina;Sul;-26.87365;-52.01878;8142;21.52;123;30;FLAVIO BOLSONARO;PL;3481;56,29;LULA;PT;2392;38,68;17.04;2392;27.7;48.0;48.4
sc;PORTO BELO;Santa Catarina;Sul;-27.16106;-48.57504;20041;22.83;236;55;FLAVIO BOLSONARO;PL;10933;72,75;LULA;PT;3028;20,15;51.12;3028;25.8;31.1;46.8
sc;PORTO UNIÃO;Santa Catarina;Sul;-26.27706;-51.06038;25684;23.01;348;82;FLAVIO BOLSONARO;PL;12554;65,90;LULA;PT;4850;25,46;38.96;4850;24.3;36.4;48.1
sc;POUSO REDONDO;Santa Catarina;Sul;-27.26839;-49.93743;12260;18.11;104;37;FLAVIO BOLSONARO;PL;7576;77,38;LULA;PT;1671;17,07;58.81;1671;25.1;51.9;48.9
sc;PRAIA GRANDE;Santa Catarina;Sul;-29.19196;-49.95136;6688;16.97;98;21;FLAVIO BOLSONARO;PL;3388;63,01;LULA;PT;1530;28,45;33.46;1530;22.9;49.6;48.9
sc;PRESIDENTE CASTELLO BRANCO;Santa Catarina;Sul;-27.22818;-51.79961;1670;11.62;11;6;FLAVIO BOLSONARO;PL;1116;77,07;LULA;PT;244;16,85;59.08;244;25.1;48.7;50.5
sc;PRESIDENTE GETÚLIO;Santa Catarina;Sul;-27.05197;-49.64495;14268;17.34;173;42;FLAVIO BOLSONARO;PL;8864;77,32;LULA;PT;1866;16,28;59.34;1866;27.1;44.4;48.8
sc;PRESIDENTE NEREU;Santa Catarina;Sul;-27.27903;-49.38988;2237;16.58;27;10;FLAVIO BOLSONARO;PL;1329;73,67;LULA;PT;368;20,40;51.5;368;22.8;51.6;51.0
sc;PRINCESA;Santa Catarina;Sul;-26.44323;-53.5988;2564;13.88;31;9;FLAVIO BOLSONARO;PL;1430;66,64;LULA;PT;524;24,42;41.03;524;25.3;50.5;50.6
sc;QUILOMBO;Santa Catarina;Sul;-26.72871;-52.71858;8066;16.77;128;24;FLAVIO BOLSONARO;PL;3764;58,01;LULA;PT;2340;36,07;21.21;2340;23.3;42.4;49.4
sc;RANCHO QUEIMADO;Santa Catarina;Sul;-27.66141;-49.07268;3744;15.14;42;12;FLAVIO BOLSONARO;PL;2237;72,68;LULA;PT;601;19,53;51.5;601;19.6;39.2;50.5
sc;RIO DAS ANTAS;Santa Catarina;Sul;-26.91002;-51.08515;5383;16.05;65;20;FLAVIO BOLSONARO;PL;3066;69,94;LULA;PT;1059;24,16;44.41;1059;24.9;53.2;51.1
sc;RIO DO CAMPO;Santa Catarina;Sul;-26.90502;-50.09758;5436;13.93;54;17;FLAVIO BOLSONARO;PL;3461;75,60;LULA;PT;805;17,58;56.76;805;24.3;48.5;51.6
sc;RIO DO OESTE;Santa Catarina;Sul;-27.17293;-49.82785;6043;14.69;70;25;FLAVIO BOLSONARO;PL;3613;71,99;LULA;PT;951;18,95;51.64;951;23.2;49.3;50.0
sc;RIO DO SUL;Santa Catarina;Sul;-27.21303;-49.6407;51075;18.89;629;151;FLAVIO BOLSONARO;PL;29363;72,85;LULA;PT;7559;18,75;52.63;7559;24.0;34.1;47.1
sc;RIO DOS CEDROS;Santa Catarina;Sul;-26.70916;-49.29013;8999;14.29;142;30;FLAVIO BOLSONARO;PL;5703;76,47;LULA;PT;1225;16,43;58.06;1225;22.5;44.3;50.3
sc;RIO FORTUNA;Santa Catarina;Sul;-28.11617;-49.13725;4372;8.87;50;16;FLAVIO BOLSONARO;PL;3141;80,77;LULA;PT;436;11,21;67.9;436;23.2;42.6;51.3
sc;RIO NEGRINHO;Santa Catarina;Sul;-26.28186;-49.53123;31740;21.38;416;100;FLAVIO BOLSONARO;PL;17568;72,80;LULA;PT;4753;19,70;51.36;4753;25.7;42.8;48.7
sc;RIO RUFINO;Santa Catarina;Sul;-27.88089;-49.74706;2423;15.72;13;10;FLAVIO BOLSONARO;PL;1262;63,16;LULA;PT;586;29,33;33.1;586;26.7;50.1;51.8
sc;RIQUEZA;Santa Catarina;Sul;-27.02096;-53.33148;3992;14.93;48;16;FLAVIO BOLSONARO;PL;2000;60,50;LULA;PT;1075;32,52;27.24;1075;24.1;50.7;51.7
sc;RODEIO;Santa Catarina;Sul;-26.89696;-49.35075;9464;13.81;164;35;FLAVIO BOLSONARO;PL;5909;75,32;LULA;PT;1299;16,56;56.52;1299;20.8;44.0;48.3
sc;ROMELÂNDIA;Santa Catarina;Sul;-26.66389;-53.31709;4125;16.78;49;16;FLAVIO BOLSONARO;PL;1958;59,17;LULA;PT;1106;33,42;24.82;1106;20.1;56.1;50.6
sc;SALETE;Santa Catarina;Sul;-26.96841;-50.00158;6344;15.72;93;21;FLAVIO BOLSONARO;PL;3849;74,25;LULA;PT;944;18,21;54.33;944;24.0;42.9;49.6
sc;SALTINHO;Santa Catarina;Sul;-26.59609;-53.05101;3274;17.81;46;11;LULA;PT;1195;46,37;FLAVIO BOLSONARO;PL;1188;46,10;0.26;1188;26.6;52.4;51.2
sc;SALTO VELOSO;Santa Catarina;Sul;-26.90621;-51.40741;3446;16.89;59;11;FLAVIO BOLSONARO;PL;1905;68,77;LULA;PT;665;24,01;43.3;665;23.9;46.0;49.7
sc;SANGÃO;Santa Catarina;Sul;-28.65346;-49.11917;8877;17.06;88;26;FLAVIO BOLSONARO;PL;5629;78,21;LULA;PT;1237;17,19;59.65;1237;27.4;55.0;48.9
sc;SANTA CECÍLIA;Santa Catarina;Sul;-26.951;-50.43128;12255;24.58;157;38;FLAVIO BOLSONARO;PL;5603;63,52;LULA;PT;2779;31,50;30.55;2779;29.0;50.1;48.7
sc;SANTA HELENA;Santa Catarina;Sul;-26.93617;-53.62781;2208;12.45;39;7;FLAVIO BOLSONARO;PL;1129;61,13;LULA;PT;559;30,27;29.49;559;22.3;48.2;49.9
sc;SANTA ROSA DE LIMA;Santa Catarina;Sul;-28.02801;-49.14638;2019;12.13;29;8;FLAVIO BOLSONARO;PL;1150;67,17;LULA;PT;378;22,08;43.52;378;24.1;44.3;52.0
sc;SANTA ROSA DO SUL;Santa Catarina;Sul;-29.13323;-49.72279;7760;18.49;87;24;FLAVIO BOLSONARO;PL;4328;70,26;LULA;PT;1404;22,79;46.23;1404;23.9;53.7;49.3
sc;SANTA TEREZINHA;Santa Catarina;Sul;-26.67639;-50.01773;6527;16.44;63;24;FLAVIO BOLSONARO;PL;3923;74,44;LULA;PT;1037;19,68;52.92;1037;25.4;54.8;52.8
sc;SANTA TEREZINHA DO PROGRESSO;Santa Catarina;Sul;-26.60968;-53.19103;2456;18.69;29;10;FLAVIO BOLSONARO;PL;918;47,81;LULA;PT;855;44,53;3.15;855;26.4;53.7;52.4
sc;SANTIAGO DO SUL;Santa Catarina;Sul;-26.63615;-52.67319;1538;17.82;21;5;FLAVIO BOLSONARO;PL;659;53,62;LULA;PT;482;39,22;14.0;482;25.9;49.4;49.8
sc;SANTO AMARO DA IMPERATRIZ;Santa Catarina;Sul;-27.68818;-48.76865;20294;14.81;344;69;FLAVIO BOLSONARO;PL;11127;66,50;LULA;PT;4073;24,34;40.8;4073;24.1;33.9;48.4
sc;SAUDADES;Santa Catarina;Sul;-26.91056;-53.02065;7589;12.06;95;25;FLAVIO BOLSONARO;PL;4119;63,30;LULA;PT;1751;26,91;35.48;1751;23.2;42.7;50.4
sc;SCHROEDER;Santa Catarina;Sul;-26.40384;-49.07428;14004;13.61;166;39;FLAVIO BOLSONARO;PL;8713;73,89;LULA;PT;2212;18,76;53.74;2212;24.2;30.8;49.5
sc;SEARA;Santa Catarina;Sul;-27.14983;-52.32649;13942;17.46;214;45;FLAVIO BOLSONARO;PL;6368;57,47;LULA;PT;3680;33,21;23.36;3680;24.0;41.7;49.9
sc;SERRA ALTA;Santa Catarina;Sul;-26.71077;-53.03835;2818;11.92;31;10;FLAVIO BOLSONARO;PL;1628;67,52;LULA;PT;631;26,17;40.17;631;24.2;44.4;49.2
sc;SIDERÓPOLIS;Santa Catarina;Sul;-28.59882;-49.42784;11784;21.43;156;34;FLAVIO BOLSONARO;PL;5856;65,36;LULA;PT;2275;25,39;38.68;2275;23.0;41.4;48.5
sc;SOMBRIO;Santa Catarina;Sul;-29.10335;-49.63888;22226;16.9;277;70;FLAVIO BOLSONARO;PL;12474;69,54;LULA;PT;4082;22,76;45.44;4082;27.0;41.8;47.2
sc;SUL BRASIL;Santa Catarina;Sul;-26.71578;-52.95838;2414;11.39;33;11;FLAVIO BOLSONARO;PL;1137;54,90;LULA;PT;786;37,95;16.41;786;24.7;51.0;51.7
sc;SÃO BENTO DO SUL;Santa Catarina;Sul;-26.24396;-49.38669;63838;19.32;833;185;FLAVIO BOLSONARO;PL;36609;73,49;LULA;PT;8730;17,52;54.13;8730;24.5;35.2;48.0
sc;SÃO BERNARDINO;Santa Catarina;Sul;-26.47156;-52.97206;2576;16.42;41;9;FLAVIO BOLSONARO;PL;1091;52,48;LULA;PT;843;40,55;11.52;843;27.7;49.6;51.7
sc;SÃO BONIFÁCIO;Santa Catarina;Sul;-27.96813;-48.935;2932;15.28;43;11;FLAVIO BOLSONARO;PL;1859;77,81;LULA;PT;354;14,82;60.59;354;18.9;49.3;51.1
sc;SÃO CARLOS;Santa Catarina;Sul;-27.05782;-53.01833;8222;15.22;105;29;FLAVIO BOLSONARO;PL;4295;63,47;LULA;PT;1933;28,57;33.88;1933;21.9;43.6;48.9
sc;SÃO CRISTÓVÃO DO SUL;Santa Catarina;Sul;-27.26401;-50.44088;3557;23.5;35;12;FLAVIO BOLSONARO;PL;1609;61,11;LULA;PT;870;33,04;27.16;870;27.5;53.8;48.4
sc;SÃO DOMINGOS;Santa Catarina;Sul;-26.56338;-52.5425;7343;16.98;98;26;FLAVIO BOLSONARO;PL;3697;62,88;LULA;PT;1906;32,42;29.38;1906;24.1;45.0;48.8
sc;SÃO FRANCISCO DO SUL;Santa Catarina;Sul;-26.24989;-48.60271;42667;24.69;555;124;FLAVIO BOLSONARO;PL;20476;65,88;LULA;PT;8196;26,37;38.22;8196;22.4;33.6;48.1
sc;SÃO JOAQUIM;Santa Catarina;Sul;-28.29419;-49.9464;19522;23.75;247;67;FLAVIO BOLSONARO;PL;9202;64,41;LULA;PT;3849;26,94;35.96;3849;23.4;50.2;48.9
sc;SÃO JOSÉ;Santa Catarina;Sul;-27.57925;-48.63175;195574;19.34;3224;550;FLAVIO BOLSONARO;PL;89505;58,87;LULA;PT;46951;30,88;26.98;46951;25.5;21.6;46.0
sc;SÃO JOSÉ DO CEDRO;Santa Catarina;Sul;-26.46297;-53.51994;10947;14.96;154;36;FLAVIO BOLSONARO;PL;6472;71,83;LULA;PT;1908;21,18;49.03;1908;22.2;46.8;49.2
sc;SÃO JOSÉ DO CERRITO;Santa Catarina;Sul;-27.60594;-50.65487;7722;14.71;108;33;FLAVIO BOLSONARO;PL;3318;52,09;LULA;PT;2665;41,84;9.91;2665;22.8;55.7;51.6
sc;SÃO JOÃO BATISTA;Santa Catarina;Sul;-27.28654;-48.85092;23144;18.91;284;65;FLAVIO BOLSONARO;PL;13834;75,95;LULA;PT;3167;17,39;56.84;3167;26.7;43.9;48.4
sc;SÃO JOÃO DO ITAPERIÚ;Santa Catarina;Sul;-26.61325;-48.78312;4277;15.83;48;15;FLAVIO BOLSONARO;PL;2792;79,21;LULA;PT;574;16,28;61.61;574;26.6;45.3;51.1
sc;SÃO JOÃO DO OESTE;Santa Catarina;Sul;-27.08684;-53.59522;5102;11.92;72;19;FLAVIO BOLSONARO;PL;3192;72,89;LULA;PT;713;16,28;55.16;713;21.0;42.4;50.7
sc;SÃO JOÃO DO SUL;Santa Catarina;Sul;-29.21221;-49.80073;7398;15.61;81;24;FLAVIO BOLSONARO;PL;4379;72,21;LULA;PT;1195;19,71;51.0;1195;24.7;53.0;49.9
sc;SÃO LOURENÇO DO OESTE;Santa Catarina;Sul;-26.38004;-52.85201;19026;19.48;208;61;FLAVIO BOLSONARO;PL;9554;64,23;LULA;PT;4243;28,53;34.67;4243;24.8;41.0;48.6
sc;SÃO LUDGERO;Santa Catarina;Sul;-28.33861;-49.17133;9949;14.22;85;31;FLAVIO BOLSONARO;PL;6355;76,24;LULA;PT;1368;16,41;58.44;1368;26.9;42.0;48.9
sc;SÃO MARTINHO;Santa Catarina;Sul;-28.13249;-48.98005;3230;11.11;32;11;FLAVIO BOLSONARO;PL;2185;77,81;LULA;PT;406;14,46;61.96;406;21.9;47.9;51.5
sc;SÃO MIGUEL DA BOA VISTA;Santa Catarina;Sul;-26.69098;-53.25128;1757;17.3;23;5;FLAVIO BOLSONARO;PL;729;51,48;LULA;PT;525;37,08;14.04;525;21.9;52.1;52.0
sc;SÃO MIGUEL DO OESTE;Santa Catarina;Sul;-26.73139;-53.51757;32021;20.35;298;101;FLAVIO BOLSONARO;PL;16088;64,62;LULA;PT;6383;25,64;38.05;6383;22.2;33.8;46.9
sc;SÃO PEDRO DE ALCÂNTARA;Santa Catarina;Sul;-27.57181;-48.79794;4795;13.7;76;14;FLAVIO BOLSONARO;PL;2785;69,42;LULA;PT;903;22,51;45.48;903;19.8;35.6;51.2
sc;TAIÓ;Santa Catarina;Sul;-27.10817;-50.01079;14737;19.62;166;47;FLAVIO BOLSONARO;PL;9300;80,51;LULA;PT;1589;13,76;65.09;1589;24.1;44.2;49.0
sc;TANGARÁ;Santa Catarina;Sul;-27.11986;-51.21549;6620;17.69;77;26;FLAVIO BOLSONARO;PL;3817;72,36;LULA;PT;1099;20,83;49.88;1099;23.5;45.2;50.1
sc;TIGRINHOS;Santa Catarina;Sul;-26.67338;-53.19602;2043;16.15;19;6;FLAVIO BOLSONARO;PL;960;57,83;LULA;PT;578;34,82;22.3;578;23.6;52.0;51.4
sc;TIJUCAS;Santa Catarina;Sul;-27.2443;-48.64971;36911;21.93;530;102;FLAVIO BOLSONARO;PL;19722;70,71;LULA;PT;6064;21,74;47.39;6064;27.8;34.3;48.3
sc;TIMBÉ DO SUL;Santa Catarina;Sul;-28.8291;-49.83203;4542;13.94;59;15;FLAVIO BOLSONARO;PL;2716;71,55;LULA;PT;844;22,23;47.89;844;23.9;48.7;49.9
sc;TIMBÓ;Santa Catarina;Sul;-26.82518;-49.27097;35846;17.39;572;101;FLAVIO BOLSONARO;PL;21690;75,65;LULA;PT;4416;15,40;58.34;4416;24.1;33.3;47.8
sc;TIMBÓ GRANDE;Santa Catarina;Sul;-26.60972;-50.67083;5898;24.62;74;19;FLAVIO BOLSONARO;PL;2395;55,97;LULA;PT;1621;37,88;17.41;1621;30.9;52.4;50.4
sc;TREVISO;Santa Catarina;Sul;-28.51257;-49.46145;3946;16.98;60;13;FLAVIO BOLSONARO;PL;2015;63,56;LULA;PT;824;25,99;36.36;824;21.2;42.9;51.3
sc;TREZE DE MAIO;Santa Catarina;Sul;-28.5657;-49.14772;6518;13.03;59;20;FLAVIO BOLSONARO;PL;4455;80,66;LULA;PT;747;13,53;65.41;747;23.9;52.1;49.7
sc;TREZE TÍLIAS;Santa Catarina;Sul;-26.99865;-51.4112;6439;15.14;75;20;FLAVIO BOLSONARO;PL;4067;76,29;LULA;PT;877;16,45;58.38;877;26.6;34.3;48.7
sc;TROMBUDO CENTRAL;Santa Catarina;Sul;-27.30204;-49.79751;5524;16.26;55;18;FLAVIO BOLSONARO;PL;3467;76,79;LULA;PT;790;17,50;57.87;790;23.2;40.8;48.7
sc;TRÊS BARRAS;Santa Catarina;Sul;-26.13829;-50.32414;15074;22.36;221;46;FLAVIO BOLSONARO;PL;6899;61,85;LULA;PT;3332;29,87;30.48;3332;26.8;43.4;48.5
sc;TUBARÃO;Santa Catarina;Sul;-28.47756;-49.01926;82210;19.24;1208;248;FLAVIO BOLSONARO;PL;45432;70,66;LULA;PT;13559;21,09;48.01;13559;22.1;32.4;46.0
sc;TUNÁPOLIS;Santa Catarina;Sul;-26.98366;-53.64574;4043;11.06;67;15;FLAVIO BOLSONARO;PL;2528;72,35;LULA;PT;607;17,37;53.42;607;22.6;43.6;50.0
sc;TURVO;Santa Catarina;Sul;-28.91397;-49.68928;10409;14.08;94;33;FLAVIO BOLSONARO;PL;6974;79,68;LULA;PT;1284;14,67;63.63;1284;24.0;39.5;47.8
sc;UNIÃO DO OESTE;Santa Catarina;Sul;-26.76592;-52.84956;2463;16.08;27;8;FLAVIO BOLSONARO;PL;1276;62,98;LULA;PT;621;30,65;31.69;621;22.6;51.8;51.9
sc;URUBICI;Santa Catarina;Sul;-28.00184;-49.58356;8139;16.88;76;30;FLAVIO BOLSONARO;PL;4822;72,89;LULA;PT;1327;20,06;51.66;1327;23.6;43.1;48.7
sc;URUPEMA;Santa Catarina;Sul;-27.98779;-49.89047;2525;19.09;33;8;FLAVIO BOLSONARO;PL;1241;62,96;LULA;PT;554;28,11;33.63;554;22.8;51.8;50.3
sc;URUSSANGA;Santa Catarina;Sul;-28.51324;-49.32454;17330;24.99;213;53;FLAVIO BOLSONARO;PL;9183;72,90;LULA;PT;2321;18,43;52.78;2321;20.7;40.1;47.5
sc;VARGEM;Santa Catarina;Sul;-27.48815;-50.95001;2628;17.54;39;11;FLAVIO BOLSONARO;PL;1194;57,21;LULA;PT;777;37,23;19.24;777;23.8;55.9;50.4
sc;VARGEM BONITA;Santa Catarina;Sul;-26.98638;-51.75859;3962;16.58;51;13;FLAVIO BOLSONARO;PL;1944;60,54;LULA;PT;1049;32,67;27.08;1049;27.1;43.6;50.1
sc;VARGEÃO;Santa Catarina;Sul;-26.82765;-52.13948;2999;18.41;42;10;FLAVIO BOLSONARO;PL;1349;57,21;LULA;PT;818;34,69;21.7;818;26.9;44.7;49.7
sc;VIDAL RAMOS;Santa Catarina;Sul;-27.39803;-49.36308;5308;13.43;73;20;FLAVIO BOLSONARO;PL;3358;75,56;LULA;PT;827;18,61;55.08;827;25.3;48.7;51.1
sc;VIDEIRA;Santa Catarina;Sul;-27.00727;-51.14907;39175;20.9;481;117;FLAVIO BOLSONARO;PL;21226;70,78;LULA;PT;6682;22,28;46.94;6682;25.6;37.1;47.5
sc;VITOR MEIRELES;Santa Catarina;Sul;-26.83789;-49.83015;4377;15.56;53;16;FLAVIO BOLSONARO;PL;2504;69,77;LULA;PT;819;22,82;45.59;819;27.1;53.2;51.1
sc;WITMARSUM;Santa Catarina;Sul;-26.93621;-49.81776;3494;14.05;77;11;FLAVIO BOLSONARO;PL;2103;72,94;LULA;PT;540;18,73;52.05;540;25.7;49.2;50.1
sc;XANXERÊ;Santa Catarina;Sul;-26.87682;-52.40378;34911;16.71;427;113;FLAVIO BOLSONARO;PL;17483;61,86;LULA;PT;8667;30,67;30.32;8667;25.2;33.0;46.8
sc;XAVANTINA;Santa Catarina;Sul;-27.03646;-52.3357;3388;13.61;35;14;FLAVIO BOLSONARO;PL;1711;60,54;LULA;PT;930;32,91;26.68;930;20.2;48.1;53.2
sc;XAXIM;Santa Catarina;Sul;-26.96338;-52.53408;22987;17.23;270;70;FLAVIO BOLSONARO;PL;12369;66,99;LULA;PT;4937;26,74;39.06;4937;24.4;41.6;47.6
sc;ZORTÉA;Santa Catarina;Sul;-27.46549;-51.55268;3214;15.12;46;10;FLAVIO BOLSONARO;PL;1631;61,62;LULA;PT;871;32,91;27.86;871;25.7;42.4;48.8
sc;ÁGUA DOCE;Santa Catarina;Sul;-26.97649;-51.55673;5464;19.14;57;19;FLAVIO BOLSONARO;PL;3112;72,24;LULA;PT;940;21,82;49.16;940;24.4;48.7;51.6
sc;ÁGUAS DE CHAPECÓ;Santa Catarina;Sul;-27.05158;-52.96129;4732;18.17;69;13;FLAVIO BOLSONARO;PL;1986;52,96;LULA;PT;1542;41,12;11.47;1542;23.5;53.5;50.3
sc;ÁGUAS FRIAS;Santa Catarina;Sul;-26.86358;-52.86386;2566;11.96;29;9;FLAVIO BOLSONARO;PL;1302;59,05;LULA;PT;699;31,70;26.69;699;24.5;46.7;51.2
sc;ÁGUAS MORNAS;Santa Catarina;Sul;-27.70887;-48.89077;6493;12.92;135;23;FLAVIO BOLSONARO;PL;3818;70,72;LULA;PT;1108;20,52;47.93;1108;22.3;49.0;50.6
se;AMPARO DE SÃO FRANCISCO;Sergipe;Nordeste;-10.13292;-36.92718;3095;17.58;58;10;LULA;PT;1618;65,69;FLAVIO BOLSONARO;PL;719;29,19;35.24;719;28.4;42.9;49.6
se;AQUIDABÃ;Sergipe;Nordeste;-10.27933;-37.02966;17283;17.18;465;68;LULA;PT;9505;69,54;FLAVIO BOLSONARO;PL;3403;24,90;42.63;3403;27.4;55.7;48.1
se;ARACAJU;Sergipe;Nordeste;-10.93291;-37.07283;422179;16.58;10692;1354;LULA;PT;181481;54,07;FLAVIO BOLSONARO;PL;125252;37,31;15.96;125252;25.0;24.7;44.5
se;ARAUÁ;Sergipe;Nordeste;-11.27367;-37.61254;9692;18.35;236;35;LULA;PT;5591;74,00;FLAVIO BOLSONARO;PL;1602;21,20;50.4;1602;27.3;54.8;48.7
se;AREIA BRANCA;Sergipe;Nordeste;-10.77829;-37.33409;15286;14.88;574;53;LULA;PT;8136;66,96;FLAVIO BOLSONARO;PL;3289;27,07;37.25;3289;30.5;58.4;47.2
se;BARRA DOS COQUEIROS;Sergipe;Nordeste;-10.90238;-37.02592;31707;17.6;689;112;LULA;PT;14554;58,22;FLAVIO BOLSONARO;PL;8676;34,71;22.5;8676;28.3;31.9;46.2
se;BOQUIM;Sergipe;Nordeste;-11.13781;-37.61261;22028;19.03;640;81;LULA;PT;11208;66,31;FLAVIO BOLSONARO;PL;4736;28,02;36.29;4736;26.1;54.6;47.6
se;BREJO GRANDE;Sergipe;Nordeste;-10.44719;-36.46709;8118;22.14;203;24;LULA;PT;4448;73,92;FLAVIO BOLSONARO;PL;1324;22,00;49.42;1324;33.6;55.5;49.7
se;CAMPO DO BRITO;Sergipe;Nordeste;-10.75148;-37.49756;15710;18.15;524;46;LULA;PT;8354;68,93;FLAVIO BOLSONARO;PL;3073;25,36;41.07;3073;27.2;58.2;46.9
se;CANHOBA;Sergipe;Nordeste;-10.15658;-36.99224;4709;15.27;117;17;LULA;PT;2880;75,37;FLAVIO BOLSONARO;PL;735;19,24;53.76;735;29.1;55.0;51.0
se;CANINDÉ DE SÃO FRANCISCO;Sergipe;Nordeste;-9.68253;-37.82211;24727;23.62;670;77;LULA;PT;12724;70,62;FLAVIO BOLSONARO;PL;4343;24,10;44.37;4343;32.7;61.4;48.9
se;CAPELA;Sergipe;Nordeste;-10.4999;-37.04442;27103;22.08;922;86;LULA;PT;12998;65,83;FLAVIO BOLSONARO;PL;5595;28,34;35.05;5595;29.8;51.7;48.0
se;CARIRA;Sergipe;Nordeste;-10.36643;-37.70494;17134;18.57;594;59;LULA;PT;8800;66,87;FLAVIO BOLSONARO;PL;3576;27,17;37.44;3576;26.4;66.5;47.9
se;CARMÓPOLIS;Sergipe;Nordeste;-10.65571;-36.97649;12534;23.62;369;42;LULA;PT;5835;64,58;FLAVIO BOLSONARO;PL;2721;30,11;32.53;2721;29.4;46.6;47.7
se;CEDRO DE SÃO JOÃO;Sergipe;Nordeste;-10.25668;-36.88576;5345;14.82;129;17;LULA;PT;2813;64,28;FLAVIO BOLSONARO;PL;1353;30,92;32.07;1353;26.1;44.3;48.1
se;CRISTINÁPOLIS;Sergipe;Nordeste;-11.47529;-37.75161;14633;22.81;295;52;LULA;PT;7942;73,20;FLAVIO BOLSONARO;PL;2390;22,03;49.15;2390;31.0;59.0;47.6
se;CUMBE;Sergipe;Nordeste;-10.36505;-37.17896;4501;14.57;164;17;LULA;PT;2100;58,04;FLAVIO BOLSONARO;PL;1268;35,05;21.64;1268;29.0;53.2;49.6
se;DIVINA PASTORA;Sergipe;Nordeste;-10.67989;-37.15098;4411;17.84;114;14;LULA;PT;2569;74,40;FLAVIO BOLSONARO;PL;718;20,79;51.08;718;29.1;45.7;48.2
se;ESTÂNCIA;Sergipe;Nordeste;-11.25748;-37.42652;50966;19.62;1328;178;LULA;PT;26942;69,35;FLAVIO BOLSONARO;PL;9428;24,27;42.75;9428;27.9;46.2;46.9
se;FEIRA NOVA;Sergipe;Nordeste;-10.26452;-37.31827;6299;13.16;182;25;LULA;PT;3759;71,83;FLAVIO BOLSONARO;PL;1250;23,89;45.87;1250;29.7;55.3;48.0
se;FREI PAULO;Sergipe;Nordeste;-10.53595;-37.5529;13549;16.71;482;39;LULA;PT;5974;56,51;FLAVIO BOLSONARO;PL;4012;37,95;17.39;4012;27.9;62.6;47.2
se;GARARU;Sergipe;Nordeste;-10.00667;-37.15174;9619;18.3;253;28;LULA;PT;5934;78,91;FLAVIO BOLSONARO;PL;1310;17,42;58.84;1310;28.1;59.5;50.3
se;GENERAL MAYNARD;Sergipe;Nordeste;-10.68611;-36.97876;3345;17.01;79;12;LULA;PT;1874;70,37;FLAVIO BOLSONARO;PL;610;22,91;45.53;610;29.6;40.8;48.5
se;GRACCHO CARDOSO;Sergipe;Nordeste;-10.22621;-37.20357;6449;14.81;141;27;LULA;PT;3961;74,96;FLAVIO BOLSONARO;PL;1107;20,95;51.95;1107;27.4;57.5;49.8
se;ILHA DAS FLORES;Sergipe;Nordeste;-10.43645;-36.54328;7753;20.97;185;28;LULA;PT;4309;73,80;FLAVIO BOLSONARO;PL;1316;22,54;48.85;1316;30.3;54.8;47.8
se;INDIAROBA;Sergipe;Nordeste;-11.49141;-37.51277;13697;21.63;348;51;LULA;PT;7874;76,93;FLAVIO BOLSONARO;PL;1833;17,91;56.27;1833;30.7;57.4;48.9
se;ITABAIANA;Sergipe;Nordeste;-10.69538;-37.42532;76645;13.8;3370;274;LULA;PT;34172;55,71;FLAVIO BOLSONARO;PL;22644;36,91;17.45;22644;28.5;52.3;46.2
se;ITABAIANINHA;Sergipe;Nordeste;-11.28632;-37.78603;32189;15.87;906;105;LULA;PT;15014;58,36;FLAVIO BOLSONARO;PL;9418;36,61;20.67;9418;30.2;61.5;47.8
se;ITABI;Sergipe;Nordeste;-10.13443;-37.11242;4734;17.17;154;16;LULA;PT;2448;65,95;FLAVIO BOLSONARO;PL;1056;28,45;35.5;1056;26.6;50.3;48.4
se;ITAPORANGA D'AJUDA;Sergipe;Nordeste;-11.01009;-37.33071;29786;19.2;984;109;LULA;PT;15076;66,87;FLAVIO BOLSONARO;PL;5962;26,44;37.87;5962;28.5;54.4;48.2
se;JAPARATUBA;Sergipe;Nordeste;-10.5953;-36.93042;14930;21.09;355;51;LULA;PT;7993;71,38;FLAVIO BOLSONARO;PL;2598;23,20;45.79;2598;29.0;49.7;48.0
se;JAPOATÃ;Sergipe;Nordeste;-10.39594;-36.79003;11510;18.71;289;46;LULA;PT;6453;72,49;FLAVIO BOLSONARO;PL;2074;23,30;46.8;2074;29.5;55.7;48.9
se;LAGARTO;Sergipe;Nordeste;-10.91892;-37.64283;82331;15.02;2864;308;LULA;PT;43033;65,29;FLAVIO BOLSONARO;PL;18660;28,31;34.84;18660;28.3;51.9;46.9
se;LARANJEIRAS;Sergipe;Nordeste;-10.79848;-37.16061;22132;17.82;650;80;LULA;PT;11262;65,64;FLAVIO BOLSONARO;PL;4917;28,66;34.89;4917;29.0;43.6;47.5
se;MACAMBIRA;Sergipe;Nordeste;-10.66617;-37.54372;6860;16.3;258;20;LULA;PT;3653;67,61;FLAVIO BOLSONARO;PL;1486;27,50;37.74;1486;27.8;59.5;48.2
se;MALHADA DOS BOIS;Sergipe;Nordeste;-10.35177;-36.92526;4297;20.18;97;16;LULA;PT;2390;72,47;FLAVIO BOLSONARO;PL;761;23,07;47.49;761;29.2;49.5;49.9
se;MALHADOR;Sergipe;Nordeste;-10.66138;-37.30383;10440;16.23;368;44;LULA;PT;5681;69,16;FLAVIO BOLSONARO;PL;2103;25,60;40.91;2103;27.0;58.7;48.2
se;MARUIM;Sergipe;Nordeste;-10.74124;-37.0896;13208;20.62;287;50;LULA;PT;7489;75,04;FLAVIO BOLSONARO;PL;2003;20,07;52.33;2003;28.8;48.4;47.5
se;MOITA BONITA;Sergipe;Nordeste;-10.59214;-37.34377;9837;16.54;478;38;LULA;PT;4488;59,63;FLAVIO BOLSONARO;PL;2536;33,70;23.78;2536;25.9;62.7;47.2
se;MONTE ALEGRE DE SERGIPE;Sergipe;Nordeste;-10.03909;-37.57156;12763;18.69;319;38;LULA;PT;6602;66,59;FLAVIO BOLSONARO;PL;2894;29,19;35.73;2894;32.2;63.7;49.5
se;MURIBECA;Sergipe;Nordeste;-10.3989;-36.96164;7511;16.9;162;27;LULA;PT;4045;67,74;FLAVIO BOLSONARO;PL;1610;26,96;39.01;1610;28.9;51.1;48.9
se;NEÓPOLIS;Sergipe;Nordeste;-10.32602;-36.61935;14406;20.23;318;56;LULA;PT;7966;72,19;FLAVIO BOLSONARO;PL;2621;23,75;46.51;2621;27.4;48.7;48.1
se;NOSSA SENHORA APARECIDA;Sergipe;Nordeste;-10.38558;-37.47106;7652;16.57;279;33;LULA;PT;3666;61,43;FLAVIO BOLSONARO;PL;2047;34,30;25.36;2047;26.3;62.6;49.3
se;NOSSA SENHORA DA GLÓRIA;Sergipe;Nordeste;-10.20818;-37.45478;30467;14.9;679;108;LULA;PT;17417;70,05;FLAVIO BOLSONARO;PL;5935;23,87;44.28;5935;29.7;54.7;47.2
se;NOSSA SENHORA DAS DORES;Sergipe;Nordeste;-10.48054;-37.20059;21460;15.8;768;80;LULA;PT;10407;61,55;FLAVIO BOLSONARO;PL;5511;32,60;27.1;5511;27.9;55.3;47.0
se;NOSSA SENHORA DE LOURDES;Sergipe;Nordeste;-10.06629;-37.03447;6277;15.02;168;17;LULA;PT;3869;75,52;FLAVIO BOLSONARO;PL;1043;20,36;52.98;1043;28.2;49.9;48.9
se;NOSSA SENHORA DO SOCORRO;Sergipe;Nordeste;-10.86513;-37.09795;123924;15.35;3550;375;LULA;PT;54778;55,26;FLAVIO BOLSONARO;PL;36266;36,59;17.65;36266;31.0;40.3;45.7
se;PACATUBA;Sergipe;Nordeste;-10.49696;-36.64232;11850;20.96;307;39;LULA;PT;6976;78,38;FLAVIO BOLSONARO;PL;1457;16,37;58.93;1457;29.2;54.8;49.2
se;PEDRA MOLE;Sergipe;Nordeste;-10.61566;-37.6832;3372;16.13;119;12;LULA;PT;1780;66,74;FLAVIO BOLSONARO;PL;748;28,05;36.49;748;28.4;57.2;50.8
se;PEDRINHAS;Sergipe;Nordeste;-11.19391;-37.66909;7917;19.35;217;28;LULA;PT;4206;69,04;FLAVIO BOLSONARO;PL;1611;26,44;40.64;1611;29.7;54.7;47.2
se;PINHÃO;Sergipe;Nordeste;-10.57212;-37.72612;5635;17.11;200;19;LULA;PT;3166;71,87;FLAVIO BOLSONARO;PL;994;22,57;46.5;994;26.5;59.8;48.6
se;PIRAMBU;Sergipe;Nordeste;-10.71274;-36.84375;8575;22.6;202;30;LULA;PT;4396;69,52;FLAVIO BOLSONARO;PL;1513;23,93;43.44;1513;29.0;50.9;50.0
se;PORTO DA FOLHA;Sergipe;Nordeste;-9.91389;-37.38427;25098;16.62;575;86;LULA;PT;14534;72,53;FLAVIO BOLSONARO;PL;4396;21,94;48.44;4396;29.4;59.4;49.4
se;POÇO REDONDO;Sergipe;Nordeste;-9.86538;-37.68231;22765;20.57;601;71;LULA;PT;12006;69,45;FLAVIO BOLSONARO;PL;4466;25,83;41.7;4466;33.1;63.7;49.0
se;POÇO VERDE;Sergipe;Nordeste;-10.71858;-38.15084;19505;18.83;514;73;LULA;PT;10749;71,28;FLAVIO BOLSONARO;PL;3389;22,47;46.49;3389;27.3;60.2;48.1
se;PROPRIÁ;Sergipe;Nordeste;-10.2217;-36.8307;20113;17.56;428;74;LULA;PT;9437;59,39;FLAVIO BOLSONARO;PL;5700;35,87;22.54;5700;26.5;40.1;46.6
se;RIACHUELO;Sergipe;Nordeste;-10.73114;-37.19425;8232;20.58;209;29;LULA;PT;4442;71,43;FLAVIO BOLSONARO;PL;1487;23,91;45.2;1487;28.9;46.6;47.0
se;RIACHÃO DO DANTAS;Sergipe;Nordeste;-11.06574;-37.77867;17768;16.16;498;69;LULA;PT;10985;77,48;FLAVIO BOLSONARO;PL;2500;17,63;56.96;2500;29.2;65.9;49.1
se;RIBEIRÓPOLIS;Sergipe;Nordeste;-10.53748;-37.43292;14762;17.53;610;57;LULA;PT;7041;62,22;FLAVIO BOLSONARO;PL;3653;32,28;27.83;3653;25.7;57.0;47.6
se;ROSÁRIO DO CATETE;Sergipe;Nordeste;-10.6892;-37.03902;8984;21.06;205;31;LULA;PT;4950;73,04;FLAVIO BOLSONARO;PL;1501;22,15;48.63;1501;28.8;47.0;45.9
se;SALGADO;Sergipe;Nordeste;-11.03088;-37.47955;17916;16.15;520;61;LULA;PT;10275;72,04;FLAVIO BOLSONARO;PL;3174;22,25;47.27;3174;27.4;57.3;48.9
se;SANTA LUZIA DO ITANHY;Sergipe;Nordeste;-11.36111;-37.49346;12169;21.97;401;45;LULA;PT;6727;75,41;FLAVIO BOLSONARO;PL;1745;19,56;52.47;1745;31.8;60.2;48.2
se;SANTA ROSA DE LIMA;Sergipe;Nordeste;-10.63161;-37.22182;4659;16.44;127;19;LULA;PT;2488;67,65;FLAVIO BOLSONARO;PL;988;26,86;38.53;988;29.4;48.3;48.2
se;SANTANA DO SÃO FRANCISCO;Sergipe;Nordeste;-10.28166;-36.61632;6340;19.97;155;21;LULA;PT;3316;68,74;FLAVIO BOLSONARO;PL;1329;27,55;39.16;1329;29.4;48.2;47.9
se;SANTO AMARO DAS BROTAS;Sergipe;Nordeste;-10.77728;-37.03834;10453;25.28;220;35;LULA;PT;5958;79,75;FLAVIO BOLSONARO;PL;1186;15,87;61.09;1186;26.5;47.8;48.8
se;SIMÃO DIAS;Sergipe;Nordeste;-10.74939;-37.82497;37093;17.01;1447;141;LULA;PT;19464;67,73;FLAVIO BOLSONARO;PL;7480;26,03;38.93;7480;28.5;58.4;47.4
se;SIRIRI;Sergipe;Nordeste;-10.59829;-37.11142;6787;17.25;152;26;LULA;PT;3887;72,41;FLAVIO BOLSONARO;PL;1202;22,39;47.81;1202;28.3;48.1;48.8
se;SÃO CRISTÓVÃO;Sergipe;Nordeste;-10.96397;-37.16053;61859;15.51;1869;203;LULA;PT;30166;61,27;FLAVIO BOLSONARO;PL;15555;31,59;27.95;15555;28.7;41.1;46.8
se;SÃO DOMINGOS;Sergipe;Nordeste;-10.79202;-37.56542;8598;21.27;386;25;LULA;PT;3925;62,71;FLAVIO BOLSONARO;PL;2066;33,01;27.46;2066;27.2;59.8;47.7
se;SÃO FRANCISCO;Sergipe;Nordeste;-10.35153;-36.88513;3798;15.69;96;13;LULA;PT;2123;68,97;FLAVIO BOLSONARO;PL;814;26,45;40.88;814;28.6;53.0;49.5
se;SÃO MIGUEL DO ALEIXO;Sergipe;Nordeste;-10.39899;-37.37521;3982;15.92;149;16;LULA;PT;2203;69,87;FLAVIO BOLSONARO;PL;774;24,55;42.68;774;29.0;62.2;48.8
se;TELHA;Sergipe;Nordeste;-10.20516;-36.87968;3641;15.33;61;14;LULA;PT;1935;65,09;FLAVIO BOLSONARO;PL;924;31,08;32.79;924;29.5;48.2;49.0
se;TOBIAS BARRETO;Sergipe;Nordeste;-11.12584;-38.00606;42750;16.41;1117;142;LULA;PT;21687;63,42;FLAVIO BOLSONARO;PL;10541;30,82;31.19;10541;28.5;61.4;47.3
se;TOMAR DO GERU;Sergipe;Nordeste;-11.3751;-37.84361;10522;20.49;344;35;LULA;PT;5316;67,23;FLAVIO BOLSONARO;PL;2210;27,95;37.13;2210;27.8;63.6;48.8
se;UMBAÚBA;Sergipe;Nordeste;-11.38442;-37.65846;19761;18.24;542;66;LULA;PT;9796;63,93;FLAVIO BOLSONARO;PL;4652;30,36;31.84;4652;29.4;56.4;46.6
sp;ADAMANTINA;São Paulo;Sudeste;-21.68554;-51.0741;25494;22.42;445;83;FLAVIO BOLSONARO;PL;13609;72,12;LULA;PT;3957;20,97;48.8;3957;21.2;28.0;47.1
sp;ADOLFO;São Paulo;Sudeste;-21.23336;-49.64172;3977;21.93;84;14;FLAVIO BOLSONARO;PL;1974;66,42;LULA;PT;865;29,10;35.72;865;22.2;42.8;49.3
sp;AGUAÍ;São Paulo;Sudeste;-22.05775;-46.97758;24235;25.13;732;70;FLAVIO BOLSONARO;PL;9806;58,39;LULA;PT;5594;33,31;23.21;5594;24.9;41.2;48.3
sp;AGUDOS;São Paulo;Sudeste;-22.48075;-48.99789;28853;22.39;881;96;FLAVIO BOLSONARO;PL;13759;65,53;LULA;PT;5754;27,40;35.75;5754;24.8;29.7;48.1
sp;ALAMBARI;São Paulo;Sudeste;-23.55356;-47.88906;5139;20.57;120;21;FLAVIO BOLSONARO;PL;2568;66,32;LULA;PT;1075;27,76;36.58;1075;25.0;38.6;50.3
sp;ALFREDO MARCONDES;São Paulo;Sudeste;-21.95331;-51.41426;3964;20.21;81;11;FLAVIO BOLSONARO;PL;1905;63,06;LULA;PT;984;32,57;29.12;984;21.6;34.9;49.6
sp;ALTAIR;São Paulo;Sudeste;-20.52543;-49.06891;2954;18.58;72;11;FLAVIO BOLSONARO;PL;1377;60,34;LULA;PT;818;35,85;23.24;818;25.4;40.7;52.3
sp;ALTINÓPOLIS;São Paulo;Sudeste;-21.02183;-47.37989;12706;22.0;357;49;FLAVIO BOLSONARO;PL;4946;53,53;LULA;PT;3465;37,50;14.94;3465;23.3;40.1;48.2
sp;ALTO ALEGRE;São Paulo;Sudeste;-21.58914;-50.1944;3662;20.84;73;16;FLAVIO BOLSONARO;PL;1927;69,42;LULA;PT;728;26,22;41.36;728;19.4;45.1;50.3
sp;ALUMÍNIO;São Paulo;Sudeste;-23.52461;-47.25402;14040;20.49;284;44;FLAVIO BOLSONARO;PL;5333;50,26;LULA;PT;4061;38,28;11.39;4061;27.0;25.5;49.4
sp;ALVINLÂNDIA;São Paulo;Sudeste;-22.4404;-49.76469;2634;20.16;59;10;FLAVIO BOLSONARO;PL;1075;53,80;LULA;PT;841;42,09;11.13;841;26.0;38.6;48.7
sp;AMERICANA;São Paulo;Sudeste;-22.73612;-47.32437;181216;21.01;3986;517;FLAVIO BOLSONARO;PL;86854;63,59;LULA;PT;37768;27,65;34.29;37768;21.2;29.8;46.9
sp;AMPARO;São Paulo;Sudeste;-22.70956;-46.77926;53743;21.81;1533;167;FLAVIO BOLSONARO;PL;25719;65,28;LULA;PT;10258;26,04;36.79;10258;22.9;30.7;48.0
sp;AMÉRICO BRASILIENSE;São Paulo;Sudeste;-21.7326;-48.11087;27310;20.39;895;103;LULA;PT;9640;47,46;FLAVIO BOLSONARO;PL;9080;44,70;2.58;9080;26.6;33.2;49.4
sp;AMÉRICO DE CAMPOS;São Paulo;Sudeste;-20.29899;-49.7317;4769;17.61;101;15;FLAVIO BOLSONARO;PL;2437;64,83;LULA;PT;1093;29,08;34.21;1093;21.6;41.8;48.0
sp;ANALÂNDIA;São Paulo;Sudeste;-22.12543;-47.66388;4681;29.82;96;16;FLAVIO BOLSONARO;PL;2077;66,25;LULA;PT;838;26,73;37.72;838;24.1;35.4;50.6
sp;ANDRADINA;São Paulo;Sudeste;-20.90001;-51.37805;42476;22.79;858;142;FLAVIO BOLSONARO;PL;19337;62,05;LULA;PT;9695;31,11;29.4;9695;22.3;28.9;46.8
sp;ANGATUBA;São Paulo;Sudeste;-23.50243;-48.40271;17865;24.63;515;57;FLAVIO BOLSONARO;PL;6951;55,17;LULA;PT;4612;36,61;17.37;4612;24.3;42.3;49.0
sp;ANHEMBI;São Paulo;Sudeste;-22.83565;-48.14083;5471;29.94;113;19;FLAVIO BOLSONARO;PL;2283;63,00;LULA;PT;1153;31,82;29.48;1153;26.2;41.6;50.7
sp;ANHUMAS;São Paulo;Sudeste;-22.29821;-51.38515;3315;20.54;59;10;FLAVIO BOLSONARO;PL;1563;61,56;LULA;PT;842;33,16;27.37;842;24.0;36.1;47.9
sp;APARECIDA;São Paulo;Sudeste;-22.84458;-45.231;26836;17.92;417;86;FLAVIO BOLSONARO;PL;12371;58,30;LULA;PT;6815;32,12;25.22;6815;23.3;28.3;46.8
sp;APARECIDA D'OESTE;São Paulo;Sudeste;-20.45305;-50.87943;3777;21.79;55;12;FLAVIO BOLSONARO;PL;1563;54,61;LULA;PT;1156;40,39;13.78;1156;21.1;43.6;48.3
sp;APIAÍ;São Paulo;Sudeste;-24.48314;-48.86386;18737;24.55;529;71;FLAVIO BOLSONARO;PL;7059;53,49;LULA;PT;5202;39,42;13.14;5202;27.1;37.7;49.0
sp;ARAMINA;São Paulo;Sudeste;-20.08475;-47.79011;4523;21.98;87;15;FLAVIO BOLSONARO;PL;1798;53,07;LULA;PT;1376;40,61;11.96;1376;22.2;41.6;47.5
sp;ARANDU;São Paulo;Sudeste;-23.13576;-49.05457;5528;21.31;122;16;FLAVIO BOLSONARO;PL;2669;64,70;LULA;PT;1229;29,79;33.1;1229;25.9;40.7;51.0
sp;ARAPEÍ;São Paulo;Sudeste;-22.67448;-44.44534;2505;20.6;89;8;FLAVIO BOLSONARO;PL;928;49,60;LULA;PT;843;45,06;4.27;843;23.3;43.5;49.5
sp;ARARAQUARA;São Paulo;Sudeste;-21.78203;-48.16694;170310;21.79;4837;602;FLAVIO BOLSONARO;PL;57432;45,83;LULA;PT;56181;44,83;0.94;56181;22.6;22.9;46.5
sp;ARARAS;São Paulo;Sudeste;-22.35765;-47.37284;96612;19.61;2763;285;FLAVIO BOLSONARO;PL;47054;64,56;LULA;PT;19003;26,07;36.12;19003;23.6;27.8;47.7
sp;ARAÇARIGUAMA;São Paulo;Sudeste;-23.43657;-47.06335;17829;25.9;325;50;FLAVIO BOLSONARO;PL;7114;56,53;LULA;PT;4437;35,26;20.26;4437;30.3;34.4;49.3
sp;ARAÇATUBA;São Paulo;Sudeste;-21.20424;-50.44686;145128;22.41;2714;493;FLAVIO BOLSONARO;PL;70541;65,32;LULA;PT;28686;26,56;37.17;28686;22.0;25.0;46.1
sp;ARAÇOIABA DA SERRA;São Paulo;Sudeste;-23.51885;-47.61464;26408;22.57;621;76;FLAVIO BOLSONARO;PL;12431;64,32;LULA;PT;5366;27,76;34.55;5366;23.4;32.0;48.2
sp;ARCO-ÍRIS;São Paulo;Sudeste;-21.77429;-50.46611;2331;26.13;31;6;FLAVIO BOLSONARO;PL;1144;68,87;LULA;PT;440;26,49;40.88;440;22.3;38.2;50.3
sp;AREALVA;São Paulo;Sudeste;-22.03251;-48.92709;6343;24.47;157;21;FLAVIO BOLSONARO;PL;3026;67,04;LULA;PT;1225;27,14;37.59;1225;20.5;45.9;49.0
sp;AREIAS;São Paulo;Sudeste;-22.58153;-44.69172;3463;20.65;66;12;LULA;PT;1401;53,07;FLAVIO BOLSONARO;PL;1036;39,24;13.28;1036;26.6;38.1;49.1
sp;AREIÓPOLIS;São Paulo;Sudeste;-22.67199;-48.66609;8193;18.76;208;32;FLAVIO BOLSONARO;PL;3337;53,78;LULA;PT;2439;39,31;13.49;2439;28.7;40.4;50.8
sp;ARIRANHA;São Paulo;Sudeste;-21.18998;-48.78743;6455;20.71;161;23;FLAVIO BOLSONARO;PL;3085;64,15;LULA;PT;1453;30,21;31.89;1453;22.3;41.4;49.5
sp;ARTUR NOGUEIRA;São Paulo;Sudeste;-22.56804;-47.16337;38528;18.3;1033;113;FLAVIO BOLSONARO;PL;18749;63,03;LULA;PT;8832;29,69;31.5;8832;26.7;36.2;47.9
sp;ARUJÁ;São Paulo;Sudeste;-23.39419;-46.3238;71347;20.0;1882;220;FLAVIO BOLSONARO;PL;28627;53,19;LULA;PT;19322;35,90;16.3;19322;27.7;24.6;47.7
sp;ASPÁSIA;São Paulo;Sudeste;-20.15902;-50.7251;1875;20.43;26;7;FLAVIO BOLSONARO;PL;820;56,32;LULA;PT;555;38,12;17.76;555;21.7;43.6;49.1
sp;ASSIS;São Paulo;Sudeste;-22.66058;-50.42167;69743;23.29;1293;219;FLAVIO BOLSONARO;PL;31310;61,16;LULA;PT;15889;31,04;28.82;15889;22.5;23.0;46.2
sp;ATIBAIA;São Paulo;Sudeste;-23.12283;-46.56778;119210;20.93;3008;360;FLAVIO BOLSONARO;PL;53602;60,21;LULA;PT;25773;28,95;29.52;25773;23.8;27.6;46.9
sp;AURIFLAMA;São Paulo;Sudeste;-20.68662;-50.55281;11053;21.79;210;33;FLAVIO BOLSONARO;PL;5621;67,80;LULA;PT;2289;27,61;38.55;2289;21.7;35.1;47.6
sp;AVANHANDAVA;São Paulo;Sudeste;-21.44652;-49.99368;7452;22.18;164;28;FLAVIO BOLSONARO;PL;2956;53,98;LULA;PT;2166;39,55;13.62;2166;25.9;41.8;48.6
sp;AVARÉ;São Paulo;Sudeste;-23.10303;-48.92257;64380;23.34;1714;218;FLAVIO BOLSONARO;PL;28677;62,02;LULA;PT;13487;29,17;30.78;13487;24.1;29.7;47.4
sp;AVAÍ;São Paulo;Sudeste;-22.15724;-49.33334;4189;25.42;83;17;FLAVIO BOLSONARO;PL;1521;51,09;LULA;PT;1296;43,53;7.2;1296;24.7;42.6;48.9
sp;BADY BASSITT;São Paulo;Sudeste;-20.91583;-49.45199;16956;22.51;358;49;FLAVIO BOLSONARO;PL;8284;65,88;LULA;PT;3272;26,02;38.15;3272;23.6;32.5;46.7
sp;BALBINOS;São Paulo;Sudeste;-21.90183;-49.35748;1423;26.21;25;6;FLAVIO BOLSONARO;PL;578;57,92;LULA;PT;356;35,67;21.14;356;20.7;33.6;47.9
sp;BANANAL;São Paulo;Sudeste;-22.68742;-44.32053;8233;20.21;239;27;LULA;PT;2941;47,50;FLAVIO BOLSONARO;PL;2827;45,66;1.74;2827;23.3;40.2;48.5
sp;BARBOSA;São Paulo;Sudeste;-21.26697;-49.95086;4970;23.82;115;22;FLAVIO BOLSONARO;PL;2130;58,94;LULA;PT;1315;36,39;21.53;1315;25.1;45.4;46.8
sp;BARIRI;São Paulo;Sudeste;-22.0759;-48.74229;23149;22.87;645;68;FLAVIO BOLSONARO;PL;11292;67,77;LULA;PT;4064;24,39;40.48;4064;23.2;35.5;48.1
sp;BARRA BONITA;São Paulo;Sudeste;-22.48368;-48.55903;28333;20.19;725;97;FLAVIO BOLSONARO;PL;13626;63,87;LULA;PT;5911;27,71;34.12;5911;20.7;30.1;47.9
sp;BARRA DO CHAPÉU;São Paulo;Sudeste;-24.4622;-49.03802;4672;24.14;121;16;FLAVIO BOLSONARO;PL;1919;57,61;LULA;PT;1210;36,33;20.01;1210;28.1;45.2;52.1
sp;BARRA DO TURVO;São Paulo;Sudeste;-24.75609;-48.50388;6314;31.56;127;24;FLAVIO BOLSONARO;PL;2075;50,21;LULA;PT;1858;44,96;5.02;1858;26.0;48.3;51.2
sp;BARRETOS;São Paulo;Sudeste;-20.55592;-48.56958;85200;23.57;1661;257;FLAVIO BOLSONARO;PL;37186;59,86;LULA;PT;19752;31,80;26.77;19752;22.8;26.6;46.2
sp;BARRINHA;São Paulo;Sudeste;-21.18986;-48.15631;23638;18.41;539;85;FLAVIO BOLSONARO;PL;8897;48,91;LULA;PT;7932;43,60;5.0;7932;28.3;38.4;48.3
sp;BARUERI;São Paulo;Sudeste;-23.51177;-46.87133;298024;22.51;6629;814;FLAVIO BOLSONARO;PL;106619;48,66;LULA;PT;89466;40,83;7.43;89466;26.1;29.1;44.8
sp;BARÃO DE ANTONINA;São Paulo;Sudeste;-23.62835;-49.56548;2926;25.84;84;10;FLAVIO BOLSONARO;PL;1109;54,42;LULA;PT;804;39,45;14.06;804;25.7;41.8;49.9
sp;BASTOS;São Paulo;Sudeste;-21.92117;-50.73144;16975;24.78;288;49;FLAVIO BOLSONARO;PL;8701;71,57;LULA;PT;2712;22,31;46.9;2712;24.1;37.9;47.8
sp;BATATAIS;São Paulo;Sudeste;-20.89535;-47.5857;42270;19.84;1027;146;FLAVIO BOLSONARO;PL;17582;55,16;LULA;PT;11161;35,01;18.95;11161;23.5;33.5;47.3
sp;BAURU;São Paulo;Sudeste;-22.31898;-49.07357;278336;25.11;6782;877;FLAVIO BOLSONARO;PL;112236;57,12;LULA;PT;64967;33,06;22.68;64967;22.9;27.6;45.9
sp;BEBEDOURO;São Paulo;Sudeste;-20.94845;-48.48802;56372;22.81;1070;181;FLAVIO BOLSONARO;PL;27408;66,04;LULA;PT;10720;25,83;38.35;10720;22.5;31.2;46.9
sp;BENTO DE ABREU;São Paulo;Sudeste;-21.27015;-50.81504;2146;24.98;38;7;FLAVIO BOLSONARO;PL;925;59,52;LULA;PT;580;37,32;21.43;580;23.5;33.7;49.3
sp;BERNARDINO DE CAMPOS;São Paulo;Sudeste;-23.01429;-49.47476;7724;22.06;166;23;FLAVIO BOLSONARO;PL;3537;62,17;LULA;PT;1750;30,76;29.68;1750;23.6;39.0;47.5
sp;BERTIOGA;São Paulo;Sudeste;-23.81493;-46.07376;52928;26.54;963;161;FLAVIO BOLSONARO;PL;20207;54,32;LULA;PT;13965;37,54;16.05;13965;26.3;35.4;47.8
sp;BILAC;São Paulo;Sudeste;-21.40383;-50.47148;6346;22.61;99;21;FLAVIO BOLSONARO;PL;3224;68,05;LULA;PT;1277;26,95;39.65;1277;21.2;35.1;48.4
sp;BIRIGUI;São Paulo;Sudeste;-21.29091;-50.33543;84471;21.93;2397;263;FLAVIO BOLSONARO;PL;43666;70,23;LULA;PT;14393;23,15;44.39;14393;22.4;30.6;46.6
sp;BIRITIBA MIRIM;São Paulo;Sudeste;-23.57312;-46.04198;24212;24.04;582;72;FLAVIO BOLSONARO;PL;9816;57,37;LULA;PT;5695;33,28;22.41;5695;26.4;39.4;49.5
sp;BOA ESPERANÇA DO SUL;São Paulo;Sudeste;-21.9949;-48.38761;9706;22.13;333;32;FLAVIO BOLSONARO;PL;3383;48,53;LULA;PT;3125;44,83;3.41;3125;26.3;42.6;48.2
sp;BOCAINA;São Paulo;Sudeste;-22.13968;-48.52466;8535;20.52;264;31;FLAVIO BOLSONARO;PL;4264;67,47;LULA;PT;1583;25,05;39.52;1583;23.8;40.5;48.7
sp;BOFETE;São Paulo;Sudeste;-23.11228;-48.26537;8935;27.03;262;26;FLAVIO BOLSONARO;PL;3653;59,78;LULA;PT;2069;33,86;24.29;2069;22.0;41.9;50.8
sp;BOITUVA;São Paulo;Sudeste;-23.28346;-47.67179;47624;22.68;1380;129;FLAVIO BOLSONARO;PL;21770;62,75;LULA;PT;10083;29,06;31.74;10083;24.6;28.3;48.1
sp;BOM JESUS DOS PERDÕES;São Paulo;Sudeste;-23.13584;-46.47013;18368;20.54;457;57;FLAVIO BOLSONARO;PL;8278;60,20;LULA;PT;4112;29,90;28.54;4112;26.3;34.4;48.7
sp;BOM SUCESSO DE ITARARÉ;São Paulo;Sudeste;-24.31908;-49.14258;3289;22.62;47;11;FLAVIO BOLSONARO;PL;1249;50,96;LULA;PT;1057;43,13;7.54;1057;32.7;43.1;50.7
sp;BORACÉIA;São Paulo;Sudeste;-22.19414;-48.7781;3884;20.62;89;12;FLAVIO BOLSONARO;PL;1797;61,56;LULA;PT;934;32,00;27.99;934;26.5;39.6;50.2
sp;BORBOREMA;São Paulo;Sudeste;-21.62164;-49.07951;10738;21.56;254;32;FLAVIO BOLSONARO;PL;5454;68,05;LULA;PT;2040;25,45;40.53;2040;21.2;42.5;48.5
sp;BOREBI;São Paulo;Sudeste;-22.57208;-48.97146;2400;21.25;53;8;FLAVIO BOLSONARO;PL;1096;61,02;LULA;PT;593;33,02;26.61;593;26.1;40.6;47.7
sp;BORÁ;São Paulo;Sudeste;-22.27308;-50.5453;1094;21.21;22;4;FLAVIO BOLSONARO;PL;537;65,33;LULA;PT;247;30,05;33.64;247;21.1;35.2;50.8
sp;BOTUCATU;São Paulo;Sudeste;-22.88493;-48.44506;111048;22.8;3377;327;FLAVIO BOLSONARO;PL;43436;54,19;LULA;PT;27979;34,91;18.03;27979;24.2;22.7;47.0
sp;BRAGANÇA PAULISTA;São Paulo;Sudeste;-22.94349;-46.54075;131308;20.0;3456;371;FLAVIO BOLSONARO;PL;61726;62,46;LULA;PT;26994;27,32;33.07;26994;24.6;27.6;47.1
sp;BRAÚNA;São Paulo;Sudeste;-21.50268;-50.31806;4231;19.45;77;15;FLAVIO BOLSONARO;PL;2250;68,70;LULA;PT;903;27,57;39.52;903;23.4;41.1;48.1
sp;BREJO ALEGRE;São Paulo;Sudeste;-21.16597;-50.18538;2875;25.98;51;9;FLAVIO BOLSONARO;PL;1027;50,69;LULA;PT;898;44,32;6.06;898;23.1;41.5;49.9
sp;BRODOWSKI;São Paulo;Sudeste;-20.98717;-47.65269;17196;17.28;427;52;FLAVIO BOLSONARO;PL;9098;67,40;LULA;PT;3343;24,76;40.46;3343;24.8;35.0;47.4
sp;BROTAS;São Paulo;Sudeste;-22.28914;-48.11634;17821;24.5;454;57;FLAVIO BOLSONARO;PL;8559;67,69;LULA;PT;3126;24,72;40.38;3126;24.4;34.2;48.9
sp;BURI;São Paulo;Sudeste;-23.79255;-48.60525;14878;22.68;325;48;FLAVIO BOLSONARO;PL;7013;64,36;LULA;PT;3376;30,98;31.62;3376;28.0;46.1;49.6
sp;BURITAMA;São Paulo;Sudeste;-21.06524;-50.14545;13143;23.94;288;38;FLAVIO BOLSONARO;PL;6141;64,34;LULA;PT;2889;30,27;32.53;2889;21.2;35.1;47.5
sp;BURITIZAL;São Paulo;Sudeste;-20.19267;-47.70991;4125;21.24;63;13;FLAVIO BOLSONARO;PL;2163;68,62;LULA;PT;827;26,24;41.12;827;24.2;38.0;48.1
sp;BÁLSAMO;São Paulo;Sudeste;-20.7353;-49.58299;7397;20.85;136;20;FLAVIO BOLSONARO;PL;3816;68,37;LULA;PT;1357;24,31;42.0;1357;21.0;37.2;47.5
sp;CABREÚVA;São Paulo;Sudeste;-23.27144;-47.07812;36426;22.29;909;105;FLAVIO BOLSONARO;PL;16272;60,95;LULA;PT;8047;30,14;29.06;8047;27.8;40.8;48.6
sp;CABRÁLIA PAULISTA;São Paulo;Sudeste;-22.45814;-49.33576;3698;24.04;70;11;FLAVIO BOLSONARO;PL;1489;55,54;LULA;PT;991;36,96;17.73;991;27.2;42.7;50.4
sp;CACHOEIRA PAULISTA;São Paulo;Sudeste;-22.664;-45.0123;23891;21.63;466;79;FLAVIO BOLSONARO;PL;10113;56,52;LULA;PT;6209;34,70;20.85;6209;23.2;25.5;47.3
sp;CACONDE;São Paulo;Sudeste;-21.52852;-46.63335;13333;23.47;337;41;FLAVIO BOLSONARO;PL;5378;56,07;LULA;PT;3481;36,29;18.59;3481;24.7;39.8;48.4
sp;CAFELÂNDIA;São Paulo;Sudeste;-21.77614;-49.57823;12245;23.79;264;41;FLAVIO BOLSONARO;PL;5398;61,19;LULA;PT;2791;31,64;27.94;2791;22.7;36.7;47.5
sp;CAIABU;São Paulo;Sudeste;-21.97645;-51.22568;3330;19.73;70;13;FLAVIO BOLSONARO;PL;1377;54,26;LULA;PT;1019;40,15;13.39;1019;21.6;37.6;50.2
sp;CAIEIRAS;São Paulo;Sudeste;-23.36283;-46.73662;72229;22.79;2039;195;FLAVIO BOLSONARO;PL;25538;48,84;LULA;PT;21382;40,89;7.45;21382;26.6;30.1;46.9
sp;CAIUÁ;São Paulo;Sudeste;-21.77896;-51.97961;3755;27.27;66;15;LULA;PT;1257;47,79;FLAVIO BOLSONARO;PL;1239;47,11;0.66;1239;22.5;41.2;48.8
sp;CAJAMAR;São Paulo;Sudeste;-23.37362;-46.84521;70021;20.52;1869;213;FLAVIO BOLSONARO;PL;26010;49,81;LULA;PT;20433;39,13;10.02;20433;29.0;26.0;48.4
sp;CAJATI;São Paulo;Sudeste;-24.73518;-48.12401;22016;23.47;407;79;FLAVIO BOLSONARO;PL;10715;66,61;LULA;PT;4395;27,32;37.51;4395;27.7;37.0;50.0
sp;CAJOBI;São Paulo;Sudeste;-20.87212;-48.80738;7437;15.18;184;24;FLAVIO BOLSONARO;PL;3766;62,83;LULA;PT;1876;31,30;29.96;1876;23.1;41.5;49.6
sp;CAJURU;São Paulo;Sudeste;-21.27508;-47.30529;18240;21.85;476;60;FLAVIO BOLSONARO;PL;7179;53,45;LULA;PT;5265;39,20;13.43;5265;25.4;38.8;48.3
sp;CAMPINA DO MONTE ALEGRE;São Paulo;Sudeste;-23.59165;-48.47842;4857;21.31;104;16;FLAVIO BOLSONARO;PL;2213;60,66;LULA;PT;1201;32,92;26.48;1201;24.9;40.9;50.1
sp;CAMPINAS;São Paulo;Sudeste;-22.91898;-47.09078;873613;23.57;20935;2531;FLAVIO BOLSONARO;PL;329733;52,07;LULA;PT;241972;38,21;13.14;241972;23.1;27.0;46.2
sp;CAMPO LIMPO PAULISTA;São Paulo;Sudeste;-23.21256;-46.77101;59440;21.36;1780;213;FLAVIO BOLSONARO;PL;23507;53,72;LULA;PT;15625;35,71;16.86;15625;26.2;27.7;47.7
sp;CAMPOS DO JORDÃO;São Paulo;Sudeste;-22.73939;-45.59077;38107;23.23;1010;131;FLAVIO BOLSONARO;PL;16257;59,35;LULA;PT;8117;29,63;27.83;8117;25.8;36.0;46.9
sp;CAMPOS NOVOS PAULISTA;São Paulo;Sudeste;-22.60219;-50.00241;3805;22.84;49;11;FLAVIO BOLSONARO;PL;1828;64,30;LULA;PT;896;31,52;31.74;896;26.3;42.8;49.9
sp;CANANÉIA;São Paulo;Sudeste;-25.01822;-47.94133;10410;26.45;199;38;FLAVIO BOLSONARO;PL;3998;54,52;LULA;PT;2848;38,84;15.02;2848;25.0;34.7;49.0
sp;CANAS;São Paulo;Sudeste;-22.70209;-45.05162;3959;18.74;99;12;FLAVIO BOLSONARO;PL;1754;57,26;LULA;PT;1071;34,97;21.23;1071;28.8;34.7;48.0
sp;CANITAR;São Paulo;Sudeste;-23.00611;-49.78513;4337;23.01;96;13;FLAVIO BOLSONARO;PL;1703;54,44;LULA;PT;1210;38,68;14.76;1210;29.6;40.1;48.9
sp;CAPELA DO ALTO;São Paulo;Sudeste;-23.47783;-47.73646;14543;20.41;333;39;FLAVIO BOLSONARO;PL;7373;67,64;LULA;PT;2836;26,02;39.2;2836;27.4;41.2;48.8
sp;CAPIVARI;São Paulo;Sudeste;-22.99778;-47.50845;37609;19.64;957;123;FLAVIO BOLSONARO;PL;18583;65,01;LULA;PT;7639;26,72;36.21;7639;25.9;33.5;48.1
sp;CAPÃO BONITO;São Paulo;Sudeste;-23.99738;-48.34319;34293;21.36;709;122;FLAVIO BOLSONARO;PL;15272;59,92;LULA;PT;8190;32,14;26.26;8190;26.7;36.9;48.8
sp;CARAGUATATUBA;São Paulo;Sudeste;-23.64485;-45.41837;106446;22.69;2638;383;FLAVIO BOLSONARO;PL;43425;55,89;LULA;PT;27242;35,06;19.67;27242;24.5;26.8;47.2
sp;CARAPICUÍBA;São Paulo;Sudeste;-23.54246;-46.83707;290495;25.14;7665;840;LULA;PT;94231;46,30;FLAVIO BOLSONARO;PL;88178;43,33;2.78;88178;28.0;31.9;46.8
sp;CARDOSO;São Paulo;Sudeste;-20.08156;-49.9321;9593;28.74;197;35;FLAVIO BOLSONARO;PL;3590;55,01;LULA;PT;2603;39,89;14.44;2603;20.0;39.7;48.4
sp;CASA BRANCA;São Paulo;Sudeste;-21.79133;-47.08226;19558;25.25;490;66;FLAVIO BOLSONARO;PL;8681;63,40;LULA;PT;3836;28,01;33.14;3836;23.7;28.9;47.6
sp;CASTILHO;São Paulo;Sudeste;-20.86218;-51.49709;15377;23.65;291;48;LULA;PT;5417;48,26;FLAVIO BOLSONARO;PL;5179;46,14;2.03;5179;22.8;37.1;48.7
sp;CATANDUVA;São Paulo;Sudeste;-21.13604;-48.97184;86119;22.98;2161;268;FLAVIO BOLSONARO;PL;42040;66,90;LULA;PT;16022;25,50;39.22;16022;21.3;27.4;46.6
sp;CATIGUÁ;São Paulo;Sudeste;-21.05332;-49.0624;5688;18.2;224;18;FLAVIO BOLSONARO;PL;2825;65,39;LULA;PT;1282;29,68;33.16;1282;23.0;37.1;49.4
sp;CAÇAPAVA;São Paulo;Sudeste;-23.10465;-45.706;72595;19.98;1911;243;FLAVIO BOLSONARO;PL;33129;60,57;LULA;PT;16135;29,50;29.25;16135;23.8;25.4;47.9
sp;CEDRAL;São Paulo;Sudeste;-20.90338;-49.26694;8582;21.1;164;25;FLAVIO BOLSONARO;PL;4391;67,59;LULA;PT;1580;24,32;41.52;1580;21.2;33.7;47.5
sp;CERQUEIRA CÉSAR;São Paulo;Sudeste;-23.03424;-49.16214;14958;26.87;304;44;FLAVIO BOLSONARO;PL;6301;61,29;LULA;PT;3052;29,69;29.7;3052;24.6;36.0;48.0
sp;CERQUILHO;São Paulo;Sudeste;-23.16392;-47.7469;36003;21.45;1034;123;FLAVIO BOLSONARO;PL;18458;69,33;LULA;PT;5950;22,35;44.23;5950;23.1;31.1;47.8
sp;CESÁRIO LANGE;São Paulo;Sudeste;-23.21973;-47.94574;13804;22.79;512;49;FLAVIO BOLSONARO;PL;6790;69,52;LULA;PT;2390;24,47;41.28;2390;24.3;42.4;49.5
sp;CHARQUEADA;São Paulo;Sudeste;-22.52682;-47.75636;13212;21.68;284;46;FLAVIO BOLSONARO;PL;6708;68,07;LULA;PT;2525;25,62;40.42;2525;24.0;43.4;49.9
sp;CHAVANTES;São Paulo;Sudeste;-23.04348;-49.71306;8675;20.92;172;31;FLAVIO BOLSONARO;PL;3907;59,94;LULA;PT;2135;32,76;25.83;2135;24.6;37.6;48.0
sp;CLEMENTINA;São Paulo;Sudeste;-21.56132;-50.45074;5273;19.25;105;17;FLAVIO BOLSONARO;PL;2675;65,28;LULA;PT;1217;29,70;34.24;1217;24.3;36.6;49.4
sp;COLINA;São Paulo;Sudeste;-20.716;-48.53868;14048;22.91;298;39;FLAVIO BOLSONARO;PL;5023;48,74;LULA;PT;3238;31,42;16.48;3238;24.4;33.7;48.3
sp;COLÔMBIA;São Paulo;Sudeste;-20.19439;-48.6938;5800;25.24;130;17;FLAVIO BOLSONARO;PL;2161;52,16;LULA;PT;1753;42,31;9.41;1753;24.9;42.3;49.9
sp;CONCHAL;São Paulo;Sudeste;-22.34087;-47.16599;20926;17.03;446;72;FLAVIO BOLSONARO;PL;11709;71,14;LULA;PT;3897;23,68;44.99;3897;27.7;43.2;48.7
sp;CONCHAS;São Paulo;Sudeste;-23.01588;-48.01744;12626;28.08;227;38;FLAVIO BOLSONARO;PL;5863;67,65;LULA;PT;2184;25,20;40.51;2184;23.8;37.5;49.3
sp;CORDEIRÓPOLIS;São Paulo;Sudeste;-22.48084;-47.45927;19567;19.12;468;69;FLAVIO BOLSONARO;PL;9796;65,17;LULA;PT;4002;26,62;36.61;4002;26.0;32.8;48.5
sp;COROADOS;São Paulo;Sudeste;-21.35434;-50.28368;4020;19.55;75;13;FLAVIO BOLSONARO;PL;2118;68,28;LULA;PT;840;27,08;39.52;840;22.2;38.5;48.4
sp;CORONEL MACEDO;São Paulo;Sudeste;-23.6359;-49.31217;3793;19.8;64;14;LULA;PT;1534;52,81;FLAVIO BOLSONARO;PL;1242;42,75;9.6;1242;23.3;47.9;50.3
sp;CORUMBATAÍ;São Paulo;Sudeste;-22.22064;-47.62657;3523;23.64;102;15;FLAVIO BOLSONARO;PL;1735;68,71;LULA;PT;587;23,25;42.68;587;22.8;38.2;50.4
sp;COSMORAMA;São Paulo;Sudeste;-20.47217;-49.76612;7030;20.73;109;20;FLAVIO BOLSONARO;PL;3341;62,43;LULA;PT;1770;33,07;28.19;1770;24.5;43.7;48.6
sp;COSMÓPOLIS;São Paulo;Sudeste;-22.63835;-47.18984;44573;21.71;1249;137;FLAVIO BOLSONARO;PL;18023;54,92;LULA;PT;12237;37,29;16.58;12237;25.8;32.2;48.6
sp;COTIA;São Paulo;Sudeste;-23.61997;-46.92784;194159;22.7;4683;558;FLAVIO BOLSONARO;PL;65331;46,21;LULA;PT;59084;41,79;4.16;59084;27.5;29.3;47.1
sp;CRAVINHOS;São Paulo;Sudeste;-21.33944;-47.73985;27124;24.73;792;84;FLAVIO BOLSONARO;PL;12009;62,90;LULA;PT;5301;27,77;32.86;5301;24.1;38.1;48.3
sp;CRISTAIS PAULISTA;São Paulo;Sudeste;-20.4071;-47.42115;7311;22.99;160;22;FLAVIO BOLSONARO;PL;3118;58,15;LULA;PT;1798;33,53;23.45;1798;23.8;41.6;49.9
sp;CRUZEIRO;São Paulo;Sudeste;-22.57383;-44.96156;56188;20.87;1607;174;FLAVIO BOLSONARO;PL;23478;56,16;LULA;PT;13867;33,17;21.62;13867;23.2;24.3;46.9
sp;CRUZÁLIA;São Paulo;Sudeste;-22.74183;-50.79054;1966;16.53;28;8;FLAVIO BOLSONARO;PL;1051;66,86;LULA;PT;446;28,37;36.87;446;21.3;31.4;49.2
sp;CUBATÃO;São Paulo;Sudeste;-23.90323;-46.42624;90311;20.32;2056;303;LULA;PT;31652;46,27;FLAVIO BOLSONARO;PL;30373;44,40;1.78;30373;26.6;30.2;48.0
sp;CUNHA;São Paulo;Sudeste;-23.05616;-44.93864;18135;21.94;445;57;FLAVIO BOLSONARO;PL;7621;57,22;LULA;PT;4850;36,42;19.57;4850;23.8;48.4;50.4
sp;CÁSSIA DOS COQUEIROS;São Paulo;Sudeste;-21.2825;-47.16871;2667;21.67;98;10;FLAVIO BOLSONARO;PL;1045;53,70;LULA;PT;765;39,31;13.4;765;23.1;40.3;51.1
sp;CÂNDIDO MOTA;São Paulo;Sudeste;-22.75288;-50.38842;22894;21.17;512;76;FLAVIO BOLSONARO;PL;11608;67,94;LULA;PT;4340;25,40;40.27;4340;22.6;33.0;48.3
sp;CÂNDIDO RODRIGUES;São Paulo;Sudeste;-21.32662;-48.63238;2853;24.11;47;8;FLAVIO BOLSONARO;PL;1435;69,56;LULA;PT;526;25,50;41.99;526;21.3;40.0;48.0
sp;DESCALVADO;São Paulo;Sudeste;-21.90961;-47.61984;24907;25.93;760;73;FLAVIO BOLSONARO;PL;11312;66,06;LULA;PT;4177;24,39;38.68;4177;21.5;35.9;48.0
sp;DIADEMA;São Paulo;Sudeste;-23.69161;-46.61155;331016;22.61;10002;937;LULA;PT;125594;52,43;FLAVIO BOLSONARO;PL;89832;37,50;13.96;89832;26.0;32.4;46.6
sp;DIRCE REIS;São Paulo;Sudeste;-20.46451;-50.60646;1702;20.45;28;6;FLAVIO BOLSONARO;PL;694;53,34;LULA;PT;522;40,12;12.7;522;21.2;40.4;50.6
sp;DIVINOLÂNDIA;São Paulo;Sudeste;-21.66886;-46.72828;9543;20.67;350;35;FLAVIO BOLSONARO;PL;4814;68,36;LULA;PT;1763;25,04;40.3;1763;21.2;46.7;48.0
sp;DOBRADA;São Paulo;Sudeste;-21.51892;-48.39442;6727;22.27;178;20;FLAVIO BOLSONARO;PL;2329;47,18;LULA;PT;2273;46,05;1.07;2273;27.0;37.4;49.2
sp;DOIS CÓRREGOS;São Paulo;Sudeste;-22.36277;-48.3867;18565;24.53;438;71;FLAVIO BOLSONARO;PL;8674;65,72;LULA;PT;3689;27,95;35.58;3689;23.9;38.6;48.3
sp;DOLCINÓPOLIS;São Paulo;Sudeste;-20.12343;-50.51319;2355;19.24;54;8;LULA;PT;972;53,82;FLAVIO BOLSONARO;PL;736;40,75;12.41;736;24.3;41.3;51.4
sp;DOURADO;São Paulo;Sudeste;-22.11069;-48.31473;6798;20.3;287;22;FLAVIO BOLSONARO;PL;2967;60,07;LULA;PT;1578;31,95;25.64;1578;22.8;37.6;49.6
sp;DRACENA;São Paulo;Sudeste;-21.49245;-51.53847;33614;24.48;525;98;FLAVIO BOLSONARO;PL;17378;71,14;LULA;PT;5457;22,34;46.96;5457;20.6;28.5;46.3
sp;DUARTINA;São Paulo;Sudeste;-22.41326;-49.40815;9858;23.7;243;28;FLAVIO BOLSONARO;PL;4219;59,27;LULA;PT;2362;33,18;24.69;2362;21.9;37.7;47.5
sp;DUMONT;São Paulo;Sudeste;-21.2422;-47.97583;7337;19.49;181;24;FLAVIO BOLSONARO;PL;3615;64,54;LULA;PT;1523;27,19;35.42;1523;25.6;40.2;48.3
sp;ECHAPORÃ;São Paulo;Sudeste;-22.43062;-50.20267;5070;23.94;108;17;FLAVIO BOLSONARO;PL;2418;65,35;LULA;PT;1108;29,95;33.97;1108;23.5;36.4;48.0
sp;ELDORADO;São Paulo;Sudeste;-24.54864;-48.17032;10787;28.08;215;50;FLAVIO BOLSONARO;PL;3950;53,56;LULA;PT;3061;41,51;11.46;3061;27.8;38.2;49.7
sp;ELIAS FAUSTO;São Paulo;Sudeste;-23.04471;-47.35749;13526;18.71;446;43;FLAVIO BOLSONARO;PL;6844;66,71;LULA;PT;2714;26,45;37.56;2714;26.4;40.0;49.2
sp;ELISIÁRIO;São Paulo;Sudeste;-21.16826;-49.10805;2737;20.17;60;9;FLAVIO BOLSONARO;PL;1414;67,82;LULA;PT;548;26,28;39.63;548;21.1;40.1;50.2
sp;EMBAÚBA;São Paulo;Sudeste;-20.98283;-48.83468;2448;17.73;61;8;FLAVIO BOLSONARO;PL;1170;61,26;LULA;PT;655;34,29;25.57;655;21.0;40.5;51.2
sp;EMBU DAS ARTES;São Paulo;Sudeste;-23.65465;-46.82015;206389;21.81;6177;634;LULA;PT;73774;49,07;FLAVIO BOLSONARO;PL;61194;40,70;7.8;61194;28.8;30.1;46.4
sp;EMBU-GUAÇU;São Paulo;Sudeste;-23.84687;-46.81257;53717;25.28;1635;150;FLAVIO BOLSONARO;PL;17338;46,50;LULA;PT;15697;42,10;4.09;15697;26.6;28.6;48.1
sp;EMILIANÓPOLIS;São Paulo;Sudeste;-21.83326;-51.48434;2716;24.26;52;8;FLAVIO BOLSONARO;PL;1108;56,27;LULA;PT;790;40,12;15.46;790;21.3;37.9;49.0
sp;ENGENHEIRO COELHO;São Paulo;Sudeste;-22.49193;-47.20272;14967;21.49;306;50;FLAVIO BOLSONARO;PL;7129;63,46;LULA;PT;3287;29,26;32.7;3287;33.2;33.7;49.4
sp;ESPÍRITO SANTO DO PINHAL;São Paulo;Sudeste;-22.19528;-46.75183;30946;23.69;784;111;FLAVIO BOLSONARO;PL;13097;59,15;LULA;PT;6613;29,86;27.46;6613;22.2;34.8;47.5
sp;ESPÍRITO SANTO DO TURVO;São Paulo;Sudeste;-22.69379;-49.4304;3546;26.06;70;10;FLAVIO BOLSONARO;PL;1408;56,12;LULA;PT;953;37,98;17.35;953;27.9;44.1;49.6
sp;ESTIVA GERBI;São Paulo;Sudeste;-22.27596;-46.95238;9490;19.73;299;27;FLAVIO BOLSONARO;PL;4753;65,96;LULA;PT;1990;27,62;36.27;1990;25.1;34.5;48.5
sp;ESTRELA D'OESTE;São Paulo;Sudeste;-20.28799;-50.39559;7128;22.03;144;23;FLAVIO BOLSONARO;PL;3592;67,98;LULA;PT;1352;25,59;40.3;1352;23.0;35.7;49.2
sp;ESTRELA DO NORTE;São Paulo;Sudeste;-22.48552;-51.66135;2464;22.4;43;8;FLAVIO BOLSONARO;PL;881;47,60;LULA;PT;869;46,95;0.63;869;23.5;35.0;50.0
sp;EUCLIDES DA CUNHA PAULISTA;São Paulo;Sudeste;-22.55567;-52.59294;6336;28.58;91;21;LULA;PT;2581;59,09;FLAVIO BOLSONARO;PL;1614;36,95;21.37;1614;24.1;41.0;48.0
sp;FARTURA;São Paulo;Sudeste;-23.38927;-49.50599;12518;23.32;260;39;FLAVIO BOLSONARO;PL;5029;55,15;LULA;PT;3335;36,57;17.65;3335;22.0;40.5;47.1
sp;FERNANDO PRESTES;São Paulo;Sudeste;-21.2942;-48.70268;5086;22.12;125;17;FLAVIO BOLSONARO;PL;2465;66,41;LULA;PT;995;26,80;37.11;995;20.5;40.4;48.2
sp;FERNANDÓPOLIS;São Paulo;Sudeste;-20.2795;-50.24835;50193;23.73;882;154;FLAVIO BOLSONARO;PL;22834;62,31;LULA;PT;11144;30,41;30.53;11144;22.0;28.3;46.4
sp;FERNÃO;São Paulo;Sudeste;-22.3578;-49.51929;1689;21.91;32;6;FLAVIO BOLSONARO;PL;854;67,94;LULA;PT;335;26,65;39.35;335;22.0;41.2;48.9
sp;FERRAZ DE VASCONCELOS;São Paulo;Sudeste;-23.54285;-46.37206;128931;19.6;4268;445;LULA;PT;46739;48,55;FLAVIO BOLSONARO;PL;39648;41,18;6.84;39648;29.5;28.8;47.3
sp;FLORA RICA;São Paulo;Sudeste;-21.67623;-51.38247;1428;25.91;25;6;FLAVIO BOLSONARO;PL;543;53,55;LULA;PT;431;42,50;10.59;431;20.3;36.6;49.4
sp;FLOREAL;São Paulo;Sudeste;-20.67732;-50.14398;2670;23.45;61;8;FLAVIO BOLSONARO;PL;1105;56,93;LULA;PT;707;36,42;19.47;707;20.1;39.1;48.9
sp;FLORÍNEA;São Paulo;Sudeste;-22.90097;-50.72643;2673;22.33;30;8;FLAVIO BOLSONARO;PL;1017;50,70;LULA;PT;843;42,02;8.38;843;22.3;33.2;49.3
sp;FLÓRIDA PAULISTA;São Paulo;Sudeste;-21.59681;-51.1676;7407;23.03;134;24;FLAVIO BOLSONARO;PL;3552;65,19;LULA;PT;1651;30,30;33.35;1651;22.4;39.7;48.9
sp;FRANCA;São Paulo;Sudeste;-20.52889;-47.39944;241902;21.49;5489;732;FLAVIO BOLSONARO;PL;108462;60,11;LULA;PT;54199;30,04;28.57;54199;23.8;32.8;46.2
sp;FRANCISCO MORATO;São Paulo;Sudeste;-23.27916;-46.73833;126796;24.8;3927;353;LULA;PT;46068;52,25;FLAVIO BOLSONARO;PL;33873;38,42;12.79;33873;31.0;31.8;47.4
sp;FRANCO DA ROCHA;São Paulo;Sudeste;-23.32058;-46.72381;107865;25.92;3775;292;LULA;PT;34732;47,18;FLAVIO BOLSONARO;PL;31599;42,93;3.92;31599;28.2;32.9;47.4
sp;GABRIEL MONTEIRO;São Paulo;Sudeste;-21.53214;-50.55471;2682;18.61;76;8;FLAVIO BOLSONARO;PL;1497;71,90;LULA;PT;483;23,20;46.45;483;19.8;34.7;49.5
sp;GARÇA;São Paulo;Sudeste;-22.21234;-49.66153;32368;23.1;902;121;FLAVIO BOLSONARO;PL;14942;64,54;LULA;PT;6384;27,57;34.38;6384;23.1;29.7;46.9
sp;GASTÃO VIDIGAL;São Paulo;Sudeste;-20.7983;-50.18934;2869;20.25;38;10;LULA;PT;1077;48,91;FLAVIO BOLSONARO;PL;987;44,82;3.93;987;22.7;43.3;49.6
sp;GAVIÃO PEIXOTO;São Paulo;Sudeste;-21.8357;-48.49533;4165;21.8;100;14;LULA;PT;1455;47,49;FLAVIO BOLSONARO;PL;1395;45,53;1.84;1395;26.0;37.2;50.3
sp;GENERAL SALGADO;São Paulo;Sudeste;-20.63809;-50.37921;7966;24.67;133;26;FLAVIO BOLSONARO;PL;3732;64,79;LULA;PT;1723;29,91;33.48;1723;20.5;38.9;48.6
sp;GETULINA;São Paulo;Sudeste;-21.79302;-49.95057;7043;28.84;163;25;FLAVIO BOLSONARO;PL;2684;57,14;LULA;PT;1708;36,36;19.47;1708;23.6;38.9;47.9
sp;GLICÉRIO;São Paulo;Sudeste;-21.3262;-50.19892;3987;22.82;88;16;FLAVIO BOLSONARO;PL;1818;61,79;LULA;PT;969;32,94;27.59;969;22.0;43.1;49.6
sp;GUAIMBÊ;São Paulo;Sudeste;-21.91076;-49.8958;4479;24.56;115;15;FLAVIO BOLSONARO;PL;1750;55,07;LULA;PT;1247;39,24;14.89;1247;25.3;40.6;48.5
sp;GUAIÇARA;São Paulo;Sudeste;-21.62184;-49.79603;8162;25.45;184;29;FLAVIO BOLSONARO;PL;3502;61,20;LULA;PT;1835;32,07;27.4;1835;24.5;35.9;48.6
sp;GUAPIARA;São Paulo;Sudeste;-24.18933;-48.53825;13629;23.52;356;52;LULA;PT;4821;49,25;FLAVIO BOLSONARO;PL;4437;45,33;3.68;4437;26.5;47.4;50.7
sp;GUAPIAÇU;São Paulo;Sudeste;-20.79604;-49.22534;15943;22.78;378;48;FLAVIO BOLSONARO;PL;7292;62,60;LULA;PT;3511;30,14;30.71;3511;22.7;45.5;48.1
sp;GUARACI;São Paulo;Sudeste;-20.49686;-48.94542;8095;21.4;191;27;FLAVIO BOLSONARO;PL;3064;50,64;LULA;PT;2620;43,31;6.98;2620;23.2;35.1;49.6
sp;GUARANI D'OESTE;São Paulo;Sudeste;-20.07649;-50.34346;1783;23.39;39;5;FLAVIO BOLSONARO;PL;625;47,78;LULA;PT;605;46,25;1.46;605;19.7;41.3;48.1
sp;GUARANTÃ;São Paulo;Sudeste;-21.89732;-49.58905;4765;23.92;83;17;FLAVIO BOLSONARO;PL;2126;61,84;LULA;PT;1095;31,85;28.44;1095;25.4;42.9;48.7
sp;GUARARAPES;São Paulo;Sudeste;-21.25151;-50.64378;23595;24.9;473;78;FLAVIO BOLSONARO;PL;11131;65,86;LULA;PT;4633;27,41;36.67;4633;21.6;31.1;47.5
sp;GUARAREMA;São Paulo;Sudeste;-23.38752;-46.06285;26373;21.8;599;79;FLAVIO BOLSONARO;PL;12347;63,35;LULA;PT;5752;29,51;31.98;5752;23.7;35.8;48.5
sp;GUARATINGUETÁ;São Paulo;Sudeste;-22.80084;-45.19429;90805;20.14;1560;324;FLAVIO BOLSONARO;PL;41429;59,85;LULA;PT;20859;30,13;28.36;20859;23.2;24.8;46.8
sp;GUARAÇAÍ;São Paulo;Sudeste;-21.03187;-51.21016;6153;24.31;130;21;FLAVIO BOLSONARO;PL;2866;64,59;LULA;PT;1314;29,61;33.33;1314;19.9;38.6;48.9
sp;GUAREÍ;São Paulo;Sudeste;-23.37286;-48.18255;8903;19.16;335;28;FLAVIO BOLSONARO;PL;4369;66,98;LULA;PT;1731;26,54;36.65;1731;25.3;46.2;51.1
sp;GUARIBA;São Paulo;Sudeste;-21.36249;-48.22967;28368;20.5;607;101;FLAVIO BOLSONARO;PL;11439;53,54;LULA;PT;8112;37,97;14.75;8112;25.8;36.8;48.1
sp;GUARUJÁ;São Paulo;Sudeste;-23.96814;-46.26547;238913;23.22;5997;696;FLAVIO BOLSONARO;PL;89532;51,92;LULA;PT;66023;38,29;12.82;66023;26.1;37.8;46.7
sp;GUARULHOS;São Paulo;Sudeste;-23.44046;-46.4851;948908;19.25;33047;2851;FLAVIO BOLSONARO;PL;351178;49,22;LULA;PT;286898;40,21;8.39;286898;28.3;23.6;46.3
sp;GUARÁ;São Paulo;Sudeste;-20.43287;-47.82474;14159;20.51;304;48;FLAVIO BOLSONARO;PL;5566;51,90;LULA;PT;4428;41,29;10.11;4428;26.0;39.5;46.7
sp;GUATAPARÁ;São Paulo;Sudeste;-21.49806;-48.03583;5765;25.69;140;20;FLAVIO BOLSONARO;PL;2020;50,40;LULA;PT;1705;42,54;7.35;1705;25.1;43.3;49.9
sp;GUAÍRA;São Paulo;Sudeste;-20.32068;-48.31491;28555;26.3;627;84;FLAVIO BOLSONARO;PL;12619;63,34;LULA;PT;5830;29,26;32.26;5830;22.9;35.8;47.4
sp;GUZOLÂNDIA;São Paulo;Sudeste;-20.64737;-50.66079;3558;25.01;72;12;FLAVIO BOLSONARO;PL;1286;50,79;LULA;PT;1121;44,27;6.18;1121;24.4;46.3;49.6
sp;GÁLIA;São Paulo;Sudeste;-22.29253;-49.55077;4626;22.61;135;19;FLAVIO BOLSONARO;PL;1702;50,73;LULA;PT;1424;42,44;7.77;1424;20.4;42.2;48.2
sp;HERCULÂNDIA;São Paulo;Sudeste;-21.99708;-50.38488;6937;24.59;172;20;FLAVIO BOLSONARO;PL;3281;66,32;LULA;PT;1452;29,35;34.96;1452;24.6;42.0;47.6
sp;HOLAMBRA;São Paulo;Sudeste;-22.63592;-47.05557;12570;18.97;273;35;FLAVIO BOLSONARO;PL;6538;67,38;LULA;PT;2335;24,06;41.27;2335;24.7;31.1;49.0
sp;HORTOLÂNDIA;São Paulo;Sudeste;-22.88063;-47.20522;164481;19.29;3915;489;FLAVIO BOLSONARO;PL;66202;52,62;LULA;PT;47873;38,05;13.81;47873;27.8;27.6;46.7
sp;IACANGA;São Paulo;Sudeste;-21.89865;-49.02438;8269;21.01;167;31;FLAVIO BOLSONARO;PL;4188;67,17;LULA;PT;1660;26,62;38.7;1660;23.1;38.4;49.2
sp;IACRI;São Paulo;Sudeste;-21.86064;-50.69159;4766;25.43;95;16;FLAVIO BOLSONARO;PL;2338;68,99;LULA;PT;892;26,32;40.69;892;22.0;44.4;47.9
sp;IARAS;São Paulo;Sudeste;-22.8715;-49.16392;4414;30.09;88;18;FLAVIO BOLSONARO;PL;1407;48,04;LULA;PT;1335;45,58;2.33;1335;26.0;40.1;50.8
sp;IBATÉ;São Paulo;Sudeste;-21.95155;-48.00117;26265;23.14;768;103;FLAVIO BOLSONARO;PL;10283;55,03;LULA;PT;6914;37,00;16.69;6914;26.2;41.0;48.8
sp;IBIRAREMA;São Paulo;Sudeste;-22.81567;-50.07015;5070;20.75;113;14;FLAVIO BOLSONARO;PL;2605;68,86;LULA;PT;981;25,93;40.42;981;24.1;39.5;48.3
sp;IBIRÁ;São Paulo;Sudeste;-21.08437;-49.23335;9094;18.62;195;31;FLAVIO BOLSONARO;PL;4868;68,75;LULA;PT;1828;25,82;41.08;1828;22.0;38.8;48.2
sp;IBITINGA;São Paulo;Sudeste;-21.75675;-48.83059;41272;21.15;965;144;FLAVIO BOLSONARO;PL;19795;64,56;LULA;PT;8698;28,37;34.1;8698;23.0;39.2;47.3
sp;IBIÚNA;São Paulo;Sudeste;-23.67188;-47.2163;61951;23.06;1818;192;FLAVIO BOLSONARO;PL;28049;63,03;LULA;PT;12381;27,82;32.87;12381;25.7;43.0;49.1
sp;ICÉM;São Paulo;Sudeste;-20.34167;-49.19872;6049;21.66;130;22;FLAVIO BOLSONARO;PL;2435;53,45;LULA;PT;1843;40,45;12.49;1843;23.7;36.8;49.2
sp;IEPÊ;São Paulo;Sudeste;-22.66209;-51.07335;5971;20.31;118;19;FLAVIO BOLSONARO;PL;2823;61,69;LULA;PT;1494;32,65;27.93;1494;23.0;34.0;47.4
sp;IGARAPAVA;São Paulo;Sudeste;-20.04098;-47.74901;19718;24.8;371;62;FLAVIO BOLSONARO;PL;7253;51,30;LULA;PT;5687;40,22;10.56;5687;22.8;36.4;47.7
sp;IGARATÁ;São Paulo;Sudeste;-23.20809;-46.157;9443;22.13;250;28;FLAVIO BOLSONARO;PL;4241;61,07;LULA;PT;2078;29,92;29.42;2078;24.0;39.4;49.3
sp;IGARAÇU DO TIETÊ;São Paulo;Sudeste;-22.51581;-48.56185;17539;19.61;646;59;FLAVIO BOLSONARO;PL;7652;59,33;LULA;PT;4316;33,47;23.66;4316;23.5;40.5;48.4
sp;IGUAPE;São Paulo;Sudeste;-24.67655;-47.55129;22106;25.13;449;72;FLAVIO BOLSONARO;PL;8806;55,96;LULA;PT;6014;38,22;16.87;6014;22.6;35.4;48.9
sp;ILHA COMPRIDA;São Paulo;Sudeste;-24.75873;-47.57506;13297;32.75;323;37;FLAVIO BOLSONARO;PL;4498;53,24;LULA;PT;3332;39,44;13.04;3332;18.0;35.2;48.0
sp;ILHA SOLTEIRA;São Paulo;Sudeste;-20.4269;-51.33889;20245;29.87;506;63;FLAVIO BOLSONARO;PL;7282;54,20;LULA;PT;5065;37,70;15.62;5065;21.6;25.1;47.2
sp;ILHABELA;São Paulo;Sudeste;-23.82129;-45.36979;31086;24.36;609;103;FLAVIO BOLSONARO;PL;12001;53,51;LULA;PT;8385;37,39;15.38;8385;26.2;26.7;47.8
sp;INDAIATUBA;São Paulo;Sudeste;-23.10034;-47.21982;192534;18.64;4975;571;FLAVIO BOLSONARO;PL;89515;60,29;LULA;PT;43398;29,23;29.44;43398;24.1;22.1;47.2
sp;INDIANA;São Paulo;Sudeste;-22.17601;-51.25968;4063;18.9;85;14;FLAVIO BOLSONARO;PL;2042;64,99;LULA;PT;939;29,89;33.47;939;21.8;34.6;48.4
sp;INDIAPORÃ;São Paulo;Sudeste;-19.97762;-50.28844;3164;22.5;53;10;FLAVIO BOLSONARO;PL;1219;51,65;LULA;PT;997;42,25;9.05;997;19.6;38.3;48.4
sp;INÚBIA PAULISTA;São Paulo;Sudeste;-21.76888;-50.96045;3159;19.25;80;10;FLAVIO BOLSONARO;PL;1750;72,55;LULA;PT;551;22,84;47.0;551;22.0;32.5;48.8
sp;IPAUSSU;São Paulo;Sudeste;-23.05285;-49.62717;9987;20.26;184;28;FLAVIO BOLSONARO;PL;4762;63,03;LULA;PT;2163;28,63;32.63;2163;25.3;37.8;48.1
sp;IPERÓ;São Paulo;Sudeste;-23.38213;-47.64347;21605;24.26;659;59;FLAVIO BOLSONARO;PL;7950;52,28;LULA;PT;5940;39,06;12.28;5940;26.9;33.1;48.4
sp;IPEÚNA;São Paulo;Sudeste;-22.43436;-47.71705;5852;23.63;129;21;FLAVIO BOLSONARO;PL;2967;69,52;LULA;PT;1047;24,53;42.96;1047;26.7;37.3;50.2
sp;IPIGUÁ;São Paulo;Sudeste;-20.65568;-49.38584;4916;24.84;79;15;FLAVIO BOLSONARO;PL;2432;68,53;LULA;PT;915;25,78;41.06;915;22.7;42.1;49.4
sp;IPORANGA;São Paulo;Sudeste;-24.57747;-48.58402;3303;23.86;76;13;LULA;PT;1298;54,40;FLAVIO BOLSONARO;PL;957;40,11;13.56;957;26.3;35.3;49.5
sp;IPUÃ;São Paulo;Sudeste;-20.44668;-48.01254;11207;21.58;211;32;FLAVIO BOLSONARO;PL;4115;49,19;LULA;PT;3636;43,46;5.45;3636;26.6;38.4;49.1
sp;IRACEMÁPOLIS;São Paulo;Sudeste;-22.58713;-47.51596;17617;16.64;390;60;FLAVIO BOLSONARO;PL;9319;66,53;LULA;PT;3687;26,32;38.35;3687;24.7;32.0;49.2
sp;IRAPURU;São Paulo;Sudeste;-21.56742;-51.35341;4556;23.86;115;17;FLAVIO BOLSONARO;PL;1984;60,99;LULA;PT;1088;33,45;25.83;1088;20.6;37.3;48.8
sp;IRAPUÃ;São Paulo;Sudeste;-21.28017;-49.41039;5489;23.17;104;20;FLAVIO BOLSONARO;PL;2885;71,98;LULA;PT;990;24,70;44.94;990;23.9;43.6;49.5
sp;ITABERÁ;São Paulo;Sudeste;-23.87856;-49.14137;13507;20.38;212;47;FLAVIO BOLSONARO;PL;5931;57,91;LULA;PT;3744;36,56;20.34;3744;25.4;42.7;49.5
sp;ITAJOBI;São Paulo;Sudeste;-21.3141;-49.06771;12328;19.33;299;39;FLAVIO BOLSONARO;PL;6929;73,19;LULA;PT;2044;21,59;49.12;2044;23.7;44.4;48.4
sp;ITAJU;São Paulo;Sudeste;-21.98361;-48.80266;3176;23.24;56;9;FLAVIO BOLSONARO;PL;1406;60,37;LULA;PT;774;33,23;25.92;774;23.7;40.8;50.5
sp;ITANHAÉM;São Paulo;Sudeste;-24.18316;-46.80518;85052;28.0;2113;248;FLAVIO BOLSONARO;PL;29274;50,80;LULA;PT;23188;40,24;9.94;23188;22.4;28.9;45.9
sp;ITAOCA;São Paulo;Sudeste;-24.63409;-48.83958;3039;24.78;54;12;LULA;PT;1144;52,07;FLAVIO BOLSONARO;PL;964;43,88;7.87;964;26.5;38.0;50.2
sp;ITAPECERICA DA SERRA;São Paulo;Sudeste;-23.72199;-46.83038;124081;21.74;3452;361;LULA;PT;44540;49,04;FLAVIO BOLSONARO;PL;37068;40,81;7.69;37068;28.8;31.2;47.8
sp;ITAPETININGA;São Paulo;Sudeste;-23.59369;-48.0591;114451;21.59;2952;386;FLAVIO BOLSONARO;PL;55271;65,54;LULA;PT;22147;26,26;36.91;22147;26.6;28.1;47.9
sp;ITAPEVA;São Paulo;Sudeste;-23.97591;-48.87057;68478;23.78;1386;226;FLAVIO BOLSONARO;PL;30581;62,04;LULA;PT;15240;30,92;29.39;15240;26.8;34.1;47.9
sp;ITAPEVI;São Paulo;Sudeste;-23.54759;-46.94152;168609;24.41;4303;487;LULA;PT;56175;47,23;FLAVIO BOLSONARO;PL;49798;41,87;5.0;49798;30.5;34.2;46.9
sp;ITAPIRA;São Paulo;Sudeste;-22.43343;-46.81509;53362;19.89;1863;161;FLAVIO BOLSONARO;PL;25885;65,55;LULA;PT;10212;25,86;36.67;10212;23.2;31.1;48.1
sp;ITAPIRAPUÃ PAULISTA;São Paulo;Sudeste;-24.54884;-49.18102;3305;22.42;79;10;FLAVIO BOLSONARO;PL;1315;54,70;LULA;PT;990;41,18;12.68;990;29.6;42.7;51.1
sp;ITAPORANGA;São Paulo;Sudeste;-23.70652;-49.48911;11006;24.3;207;36;FLAVIO BOLSONARO;PL;4862;61,17;LULA;PT;2636;33,17;26.72;2636;23.2;43.4;48.7
sp;ITAPURA;São Paulo;Sudeste;-20.64306;-51.49283;3647;27.2;84;12;LULA;PT;1583;62,57;FLAVIO BOLSONARO;PL;793;31,34;29.76;793;23.3;40.4;49.7
sp;ITAPUÍ;São Paulo;Sudeste;-22.23363;-48.72373;9473;19.54;225;34;FLAVIO BOLSONARO;PL;4349;61,04;LULA;PT;2256;31,66;27.46;2256;24.7;40.0;48.4
sp;ITAQUAQUECETUBA;São Paulo;Sudeste;-23.4684;-46.34031;258019;24.02;8213;747;LULA;PT;83516;46,05;FLAVIO BOLSONARO;PL;79910;44,06;1.84;79910;30.3;33.9;47.1
sp;ITARARÉ;São Paulo;Sudeste;-24.10261;-49.33585;33780;24.9;632;113;FLAVIO BOLSONARO;PL;15088;62,80;LULA;PT;7095;29,53;31.51;7095;25.7;39.1;47.4
sp;ITARIRI;São Paulo;Sudeste;-24.2928;-47.14285;9789;26.82;210;29;FLAVIO BOLSONARO;PL;4051;59,30;LULA;PT;2381;34,86;23.31;2381;24.5;36.1;49.5
sp;ITATIBA;São Paulo;Sudeste;-23.00745;-46.83579;85162;19.54;2018;243;FLAVIO BOLSONARO;PL;40307;61,97;LULA;PT;18113;27,85;32.39;18113;23.8;27.8;47.2
sp;ITATINGA;São Paulo;Sudeste;-23.10132;-48.61523;14071;23.91;398;45;FLAVIO BOLSONARO;PL;5954;59,65;LULA;PT;3203;32,09;25.69;3203;28.3;39.8;50.5
sp;ITAÍ;São Paulo;Sudeste;-23.41725;-49.09418;16732;22.42;382;46;FLAVIO BOLSONARO;PL;6532;53,35;LULA;PT;4939;40,34;12.27;4939;24.7;42.2;48.4
sp;ITIRAPINA;São Paulo;Sudeste;-22.25037;-47.82144;10400;24.8;263;35;FLAVIO BOLSONARO;PL;4246;57,83;LULA;PT;2573;35,04;21.39;2573;24.1;34.8;48.9
sp;ITIRAPUÃ;São Paulo;Sudeste;-20.6403;-47.22155;5150;26.27;91;16;FLAVIO BOLSONARO;PL;1709;46,96;LULA;PT;1685;46,30;0.63;1685;24.5;46.1;49.6
sp;ITOBI;São Paulo;Sudeste;-21.73178;-46.97303;6007;21.16;129;18;FLAVIO BOLSONARO;PL;2606;58,60;LULA;PT;1516;34,09;23.02;1516;24.8;39.7;50.4
sp;ITU;São Paulo;Sudeste;-23.29288;-47.30596;128825;24.25;3374;373;FLAVIO BOLSONARO;PL;55736;60,63;LULA;PT;26916;29,28;29.53;26916;23.9;36.0;47.5
sp;ITUPEVA;São Paulo;Sudeste;-23.15146;-47.055;48390;22.35;1208;146;FLAVIO BOLSONARO;PL;21462;60,40;LULA;PT;10639;29,94;28.81;10639;26.7;28.7;48.4
sp;ITUVERAVA;São Paulo;Sudeste;-20.32528;-47.79887;27366;23.77;555;99;FLAVIO BOLSONARO;PL;11847;59,67;LULA;PT;6613;33,31;25.09;6613;22.8;34.0;46.6
sp;ITÁPOLIS;São Paulo;Sudeste;-21.58331;-48.80412;28904;21.74;567;88;FLAVIO BOLSONARO;PL;14916;69,33;LULA;PT;5184;24,10;43.02;5184;22.7;37.5;47.5
sp;JABORANDI;São Paulo;Sudeste;-20.69173;-48.41078;5006;19.6;136;14;FLAVIO BOLSONARO;PL;2035;53,71;LULA;PT;1469;38,77;14.06;1469;23.4;40.3;49.9
sp;JABOTICABAL;São Paulo;Sudeste;-21.25488;-48.32108;50931;23.0;937;161;FLAVIO BOLSONARO;PL;22901;61,16;LULA;PT;11143;29,76;29.98;11143;22.9;28.2;46.8
sp;JACAREÍ;São Paulo;Sudeste;-23.30144;-45.96985;171394;20.11;4011;553;FLAVIO BOLSONARO;PL;75767;58,26;LULA;PT;41901;32,22;24.73;41901;24.4;23.1;47.1
sp;JACI;São Paulo;Sudeste;-20.88409;-49.57089;5828;22.34;141;15;FLAVIO BOLSONARO;PL;2553;59,46;LULA;PT;1439;33,51;24.61;1439;24.8;39.0;49.8
sp;JACUPIRANGA;São Paulo;Sudeste;-24.70155;-48.00591;12334;24.58;219;46;FLAVIO BOLSONARO;PL;5889;65,99;LULA;PT;2404;26,94;37.47;2404;25.3;37.0;49.2
sp;JAGUARIÚNA;São Paulo;Sudeste;-22.6957;-46.98736;45186;20.65;1031;144;FLAVIO BOLSONARO;PL;21186;62,32;LULA;PT;9461;27,83;32.7;9461;25.5;23.3;47.4
sp;JALES;São Paulo;Sudeste;-20.27014;-50.54663;36025;20.94;895;125;FLAVIO BOLSONARO;PL;18113;67,19;LULA;PT;7063;26,20;38.8;7063;20.5;30.0;47.1
sp;JAMBEIRO;São Paulo;Sudeste;-23.25596;-45.69288;4996;20.92;113;16;FLAVIO BOLSONARO;PL;2255;59,88;LULA;PT;1191;31,63;26.93;1191;23.2;31.8;50.4
sp;JANDIRA;São Paulo;Sudeste;-23.53962;-46.90582;76022;21.15;1943;232;FLAVIO BOLSONARO;PL;25516;45,39;LULA;PT;24546;43,66;1.62;24546;29.3;27.7;48.1
sp;JARDINÓPOLIS;São Paulo;Sudeste;-21.02775;-47.7724;29784;23.98;739;81;FLAVIO BOLSONARO;PL;13263;62,62;LULA;PT;6140;28,99;31.46;6140;25.7;34.9;47.8
sp;JARINU;São Paulo;Sudeste;-23.10855;-46.71546;26768;24.66;671;77;FLAVIO BOLSONARO;PL;11454;60,28;LULA;PT;5802;30,54;28.02;5802;26.0;34.2;49.6
sp;JAÚ;São Paulo;Sudeste;-22.29829;-48.56581;98725;19.22;2320;330;FLAVIO BOLSONARO;PL;51878;68,85;LULA;PT;17705;23,50;42.85;17705;22.8;31.6;47.3
sp;JERIQUARA;São Paulo;Sudeste;-20.31156;-47.5936;3344;20.66;72;10;FLAVIO BOLSONARO;PL;1270;49,82;LULA;PT;1060;41,58;7.92;1060;27.3;38.2;48.8
sp;JOANÓPOLIS;São Paulo;Sudeste;-22.93108;-46.27467;9451;18.98;257;31;FLAVIO BOLSONARO;PL;4751;66,10;LULA;PT;1865;25,95;37.69;1865;22.0;45.5;48.9
sp;JOSÉ BONIFÁCIO;São Paulo;Sudeste;-21.05726;-49.69249;27281;22.11;495;83;FLAVIO BOLSONARO;PL;13238;65,30;LULA;PT;5461;26,94;36.6;5461;23.8;34.2;47.9
sp;JOÃO RAMALHO;São Paulo;Sudeste;-22.2493;-50.77054;3518;25.92;111;13;FLAVIO BOLSONARO;PL;1369;56,15;LULA;PT;949;38,93;16.12;949;24.8;39.6;49.2
sp;JUMIRIM;São Paulo;Sudeste;-23.08513;-47.79156;2457;21.33;41;7;FLAVIO BOLSONARO;PL;1218;66,16;LULA;PT;491;26,67;37.61;491;25.9;38.1;50.2
sp;JUNDIAÍ;São Paulo;Sudeste;-23.18143;-46.8996;337851;21.17;9341;974;FLAVIO BOLSONARO;PL;145880;57,93;LULA;PT;76564;30,40;26.03;76564;21.9;24.0;46.8
sp;JUNQUEIRÓPOLIS;São Paulo;Sudeste;-21.51298;-51.42995;14112;24.16;293;50;FLAVIO BOLSONARO;PL;6784;66,69;LULA;PT;2679;26,33;38.35;2679;21.6;32.2;48.0
sp;JUQUITIBA;São Paulo;Sudeste;-23.94018;-47.0723;22815;21.53;611;76;FLAVIO BOLSONARO;PL;8344;49,53;LULA;PT;6972;41,39;7.66;6972;27.1;35.9;49.9
sp;JUQUIÁ;São Paulo;Sudeste;-24.29156;-47.6369;15229;27.93;335;65;FLAVIO BOLSONARO;PL;6200;59,43;LULA;PT;3585;34,36;23.83;3585;25.1;38.3;49.7
sp;JÚLIO MESQUITA;São Paulo;Sudeste;-22.0094;-49.78704;3690;24.36;90;12;FLAVIO BOLSONARO;PL;1281;49,06;LULA;PT;1188;45,50;3.33;1188;27.6;37.5;48.2
sp;LAGOINHA;São Paulo;Sudeste;-23.09048;-45.18887;5475;21.79;122;16;FLAVIO BOLSONARO;PL;2298;56,68;LULA;PT;1392;34,34;21.16;1392;20.6;45.1;51.8
sp;LARANJAL PAULISTA;São Paulo;Sudeste;-23.04218;-47.84243;20780;23.19;449;69;FLAVIO BOLSONARO;PL;10912;71,95;LULA;PT;3192;21,05;48.37;3192;24.5;38.1;48.1
sp;LAVRINHAS;São Paulo;Sudeste;-22.55285;-44.9084;6102;17.63;196;22;FLAVIO BOLSONARO;PL;2430;51,67;LULA;PT;1822;38,74;12.1;1822;26.7;31.6;49.7
sp;LAVÍNIA;São Paulo;Sudeste;-21.17128;-51.04195;3884;22.5;104;15;FLAVIO BOLSONARO;PL;1604;56,50;LULA;PT;1062;37,41;18.01;1062;21.2;34.2;47.1
sp;LEME;São Paulo;Sudeste;-22.18505;-47.37818;72901;21.2;2061;209;FLAVIO BOLSONARO;PL;34155;63,53;LULA;PT;15762;29,32;32.02;15762;24.6;37.7;47.8
sp;LENÇÓIS PAULISTA;São Paulo;Sudeste;-22.59872;-48.79745;50784;21.05;1143;194;FLAVIO BOLSONARO;PL;26942;70,91;LULA;PT;8014;21,09;47.21;8014;23.9;31.0;48.2
sp;LIMEIRA;São Paulo;Sudeste;-22.57551;-47.40522;219483;17.97;5256;734;FLAVIO BOLSONARO;PL;118783;69,28;LULA;PT;39100;22,81;44.26;39100;23.5;27.8;47.5
sp;LINDÓIA;São Paulo;Sudeste;-22.52337;-46.64595;5869;19.63;172;22;FLAVIO BOLSONARO;PL;3103;69,17;LULA;PT;1095;24,41;42.57;1095;23.2;36.5;47.7
sp;LINS;São Paulo;Sudeste;-21.67341;-49.74729;53771;24.87;1124;186;FLAVIO BOLSONARO;PL;26053;67,91;LULA;PT;9307;24,26;41.45;9307;23.1;24.5;46.8
sp;LORENA;São Paulo;Sudeste;-22.73754;-45.11594;61172;19.43;1208;194;FLAVIO BOLSONARO;PL;28205;60,01;LULA;PT;14475;30,80;27.86;14475;24.4;24.8;46.7
sp;LOURDES;São Paulo;Sudeste;-20.96714;-50.22681;1877;21.26;31;7;FLAVIO BOLSONARO;PL;850;59,44;LULA;PT;438;30,63;27.88;438;22.3;39.3;49.6
sp;LOUVEIRA;São Paulo;Sudeste;-23.08809;-46.96424;39253;20.98;762;104;FLAVIO BOLSONARO;PL;18102;60,97;LULA;PT;8855;29,82;29.81;8855;27.9;29.2;48.5
sp;LUCIANÓPOLIS;São Paulo;Sudeste;-22.4322;-49.52225;2146;23.25;38;7;FLAVIO BOLSONARO;PL;843;53,35;LULA;PT;657;41,58;11.29;657;25.5;38.8;51.6
sp;LUCÉLIA;São Paulo;Sudeste;-21.72474;-51.0196;13549;26.3;274;50;FLAVIO BOLSONARO;PL;6101;64,21;LULA;PT;2762;29,07;33.44;2762;22.2;32.8;48.2
sp;LUIZIÂNIA;São Paulo;Sudeste;-21.67639;-50.32695;3792;20.23;78;15;FLAVIO BOLSONARO;PL;1719;59,34;LULA;PT;1050;36,24;22.12;1050;22.3;46.6;48.8
sp;LUPÉRCIO;São Paulo;Sudeste;-22.40135;-49.79606;3317;23.76;74;15;FLAVIO BOLSONARO;PL;1280;53,38;LULA;PT;993;41,41;11.35;993;24.1;38.6;47.6
sp;LUTÉCIA;São Paulo;Sudeste;-22.34109;-50.39313;2380;21.34;40;8;FLAVIO BOLSONARO;PL;968;53,66;LULA;PT;747;41,41;11.81;747;23.3;35.4;48.8
sp;LUÍS ANTÔNIO;São Paulo;Sudeste;-21.5537;-47.70627;10065;24.65;256;27;FLAVIO BOLSONARO;PL;3859;53,82;LULA;PT;2706;37,74;15.2;2706;28.2;36.6;49.3
sp;MACATUBA;São Paulo;Sudeste;-22.51226;-48.7168;12402;18.88;268;44;FLAVIO BOLSONARO;PL;6232;65,66;LULA;PT;2586;27,24;36.24;2586;25.3;36.2;49.2
sp;MACAUBAL;São Paulo;Sudeste;-20.80823;-49.96442;5924;17.78;128;18;FLAVIO BOLSONARO;PL;3176;68,83;LULA;PT;1161;25,16;41.37;1161;20.1;41.0;49.2
sp;MACEDÔNIA;São Paulo;Sudeste;-20.14793;-50.19652;4105;25.48;77;11;FLAVIO BOLSONARO;PL;1827;62,50;LULA;PT;898;30,72;30.37;898;21.4;41.6;49.8
sp;MAGDA;São Paulo;Sudeste;-20.64608;-50.22401;2793;20.69;49;9;FLAVIO BOLSONARO;PL;1225;57,86;LULA;PT;789;37,27;19.68;789;20.7;39.7;49.9
sp;MAIRINQUE;São Paulo;Sudeste;-23.52959;-47.19332;38466;21.43;1184;119;FLAVIO BOLSONARO;PL;14763;52,47;LULA;PT;10289;36,57;14.8;10289;25.9;31.0;48.3
sp;MAIRIPORÃ;São Paulo;Sudeste;-23.31428;-46.59133;65733;22.11;1782;209;FLAVIO BOLSONARO;PL;27633;57,41;LULA;PT;16105;33,46;22.51;16105;25.5;27.9;47.9
sp;MANDURI;São Paulo;Sudeste;-23.01029;-49.30851;7096;21.18;182;22;FLAVIO BOLSONARO;PL;3140;59,99;LULA;PT;1603;30,63;27.48;1603;24.2;40.9;49.4
sp;MARABÁ PAULISTA;São Paulo;Sudeste;-22.10705;-51.96391;3188;29.49;50;10;LULA;PT;1071;49,40;FLAVIO BOLSONARO;PL;998;46,03;3.25;998;20.0;42.9;51.5
sp;MARACAÍ;São Paulo;Sudeste;-22.62168;-50.67947;10406;19.58;188;41;FLAVIO BOLSONARO;PL;5095;63,47;LULA;PT;2450;30,52;31.61;2450;23.4;34.1;49.1
sp;MARAPOAMA;São Paulo;Sudeste;-21.25893;-49.13298;2797;18.38;51;9;FLAVIO BOLSONARO;PL;1646;74,75;LULA;PT;440;19,98;52.83;440;22.2;42.1;49.2
sp;MARINÓPOLIS;São Paulo;Sudeste;-20.44139;-50.82043;1754;17.62;39;7;FLAVIO BOLSONARO;PL;749;54,39;LULA;PT;562;40,81;12.94;562;23.6;39.4;49.9
sp;MARIÁPOLIS;São Paulo;Sudeste;-21.79659;-51.18455;2872;18.66;65;10;FLAVIO BOLSONARO;PL;1273;57,65;LULA;PT;784;35,51;20.93;784;21.2;36.8;49.2
sp;MARTINÓPOLIS;São Paulo;Sudeste;-22.13331;-51.16074;18046;23.37;368;61;FLAVIO BOLSONARO;PL;8092;61,42;LULA;PT;4223;32,05;27.98;4223;23.3;33.8;47.5
sp;MARÍLIA;São Paulo;Sudeste;-22.20779;-49.95175;172936;23.43;4093;579;FLAVIO BOLSONARO;PL;83178;66,36;LULA;PT;32441;25,88;38.32;32441;23.0;23.6;46.1
sp;MATÃO;São Paulo;Sudeste;-21.60168;-48.36576;63725;21.07;1697;218;FLAVIO BOLSONARO;PL;28421;60,06;LULA;PT;15256;32,24;26.17;15256;23.0;32.8;47.8
sp;MAUÁ;São Paulo;Sudeste;-23.66784;-46.44547;310407;22.68;10972;927;LULA;PT;102086;45,84;FLAVIO BOLSONARO;PL;95900;43,06;2.58;95900;26.1;30.6;47.0
sp;MENDONÇA;São Paulo;Sudeste;-21.1846;-49.58029;5260;22.21;129;15;FLAVIO BOLSONARO;PL;2407;61,86;LULA;PT;1301;33,44;27.03;1301;22.2;37.6;49.1
sp;MERIDIANO;São Paulo;Sudeste;-20.36581;-50.17666;3765;20.98;83;12;FLAVIO BOLSONARO;PL;1683;59,28;LULA;PT;958;33,74;24.37;958;23.5;39.6;48.4
sp;MESÓPOLIS;São Paulo;Sudeste;-19.96572;-50.6217;1887;23.69;21;7;FLAVIO BOLSONARO;PL;818;58,81;LULA;PT;513;36,88;21.18;513;24.2;40.1;49.5
sp;MIGUELÓPOLIS;São Paulo;Sudeste;-20.18237;-48.02633;15123;23.26;256;52;FLAVIO BOLSONARO;PL;6124;54,94;LULA;PT;4441;39,84;14.5;4441;25.0;40.0;48.0
sp;MINEIROS DO TIETÊ;São Paulo;Sudeste;-22.41793;-48.44636;8683;21.64;238;33;FLAVIO BOLSONARO;PL;4286;67,89;LULA;PT;1592;25,22;39.59;1592;23.2;39.7;48.3
sp;MIRA ESTRELA;São Paulo;Sudeste;-19.98199;-50.13502;2892;23.37;58;8;FLAVIO BOLSONARO;PL;1237;58,21;LULA;PT;785;36,94;20.4;785;18.5;39.1;49.5
sp;MIRACATU;São Paulo;Sudeste;-24.26361;-47.43738;15311;26.97;340;58;FLAVIO BOLSONARO;PL;6295;59,22;LULA;PT;3758;35,35;22.69;3758;25.8;40.3;49.0
sp;MIRANDÓPOLIS;São Paulo;Sudeste;-21.11426;-51.10052;17999;25.98;476;62;FLAVIO BOLSONARO;PL;8475;67,62;LULA;PT;3216;25,66;39.47;3216;20.2;30.9;48.2
sp;MIRANTE DO PARANAPANEMA;São Paulo;Sudeste;-22.31717;-51.93222;12713;27.62;193;43;LULA;PT;4500;50,86;FLAVIO BOLSONARO;PL;3937;44,50;6.12;3937;21.8;38.4;48.8
sp;MIRASSOL;São Paulo;Sudeste;-20.81873;-49.5071;43661;21.01;937;132;FLAVIO BOLSONARO;PL;21179;64,66;LULA;PT;8899;27,17;35.6;8899;22.5;29.5;47.5
sp;MIRASSOLÂNDIA;São Paulo;Sudeste;-20.60754;-49.46562;4130;22.3;88;11;FLAVIO BOLSONARO;PL;1892;61,81;LULA;PT;986;32,21;28.23;986;23.5;42.6;50.2
sp;MOCOCA;São Paulo;Sudeste;-21.46358;-47.00064;49126;24.01;1452;156;FLAVIO BOLSONARO;PL;21848;62,94;LULA;PT;9944;28,64;31.89;9944;22.4;32.9;48.2
sp;MOGI DAS CRUZES;São Paulo;Sudeste;-23.53555;-46.19986;334039;23.2;9236;978;FLAVIO BOLSONARO;PL;124249;51,78;LULA;PT;88346;36,82;13.99;88346;25.7;25.3;46.6
sp;MOGI GUAÇU;São Paulo;Sudeste;-22.35385;-46.94592;114358;19.73;3109;348;FLAVIO BOLSONARO;PL;57443;66,38;LULA;PT;21740;25,12;38.89;21740;23.9;29.4;47.7
sp;MOGI MIRIM;São Paulo;Sudeste;-22.43665;-46.95756;67646;20.09;1759;215;FLAVIO BOLSONARO;PL;33902;66,51;LULA;PT;12646;24,81;39.32;12646;23.0;27.7;47.3
sp;MOMBUCA;São Paulo;Sudeste;-22.92782;-47.57116;3151;20.72;98;11;FLAVIO BOLSONARO;PL;1613;68,81;LULA;PT;577;24,62;41.47;577;25.3;42.7;48.8
sp;MONGAGUÁ;São Paulo;Sudeste;-24.11168;-46.66511;50491;30.7;1222;148;FLAVIO BOLSONARO;PL;15684;47,66;LULA;PT;14198;43,15;4.25;14198;21.9;31.3;46.1
sp;MONTE ALEGRE DO SUL;São Paulo;Sudeste;-22.6987;-46.66952;6336;19.21;230;22;FLAVIO BOLSONARO;PL;3096;64,99;LULA;PT;1270;26,66;35.67;1270;20.3;37.1;48.6
sp;MONTE ALTO;São Paulo;Sudeste;-21.2623;-48.49552;36025;22.62;793;116;FLAVIO BOLSONARO;PL;17490;66,41;LULA;PT;6401;24,31;39.78;6401;21.5;32.2;47.5
sp;MONTE APRAZÍVEL;São Paulo;Sudeste;-20.76658;-49.7229;16980;22.57;371;51;FLAVIO BOLSONARO;PL;7723;61,91;LULA;PT;3829;30,70;29.62;3829;21.3;32.9;48.2
sp;MONTE AZUL PAULISTA;São Paulo;Sudeste;-20.90419;-48.64612;14242;21.39;319;45;FLAVIO BOLSONARO;PL;7069;66,63;LULA;PT;2763;26,04;38.46;2763;22.0;38.4;48.2
sp;MONTE CASTELO;São Paulo;Sudeste;-21.29818;-51.56729;3327;20.92;69;11;FLAVIO BOLSONARO;PL;1442;57,20;LULA;PT;973;38,60;17.83;973;21.0;40.7;48.2
sp;MONTE MOR;São Paulo;Sudeste;-22.93944;-47.28264;47316;22.09;1294;161;FLAVIO BOLSONARO;PL;18255;52,87;LULA;PT;13140;38,06;13.88;13140;27.7;33.0;48.4
sp;MONTEIRO LOBATO;São Paulo;Sudeste;-22.94657;-45.83884;3833;19.57;100;13;FLAVIO BOLSONARO;PL;1561;53,28;LULA;PT;1179;40,24;12.39;1179;21.2;34.7;50.8
sp;MONÇÕES;São Paulo;Sudeste;-20.84986;-50.08997;2121;18.76;45;7;FLAVIO BOLSONARO;PL;985;59,73;LULA;PT;550;33,35;25.25;550;18.6;37.6;49.5
sp;MORRO AGUDO;São Paulo;Sudeste;-20.73027;-48.05238;20181;21.33;572;61;FLAVIO BOLSONARO;PL;8632;57,87;LULA;PT;5236;35,10;21.39;5236;25.2;39.9;48.4
sp;MORUNGABA;São Paulo;Sudeste;-22.87828;-46.79329;10613;18.72;311;31;FLAVIO BOLSONARO;PL;5462;67,09;LULA;PT;2073;25,46;39.29;2073;24.9;35.9;48.0
sp;MOTUCA;São Paulo;Sudeste;-21.51033;-48.15386;3384;21.42;98;11;FLAVIO BOLSONARO;PL;1244;49,78;LULA;PT;1098;43,94;5.49;1098;23.6;40.8;49.1
sp;MURUTINGA DO SUL;São Paulo;Sudeste;-20.98948;-51.27951;3341;22.84;75;13;FLAVIO BOLSONARO;PL;1590;64,85;LULA;PT;755;30,79;32.39;755;20.3;35.4;49.0
sp;NANTES;São Paulo;Sudeste;-22.62125;-51.23587;2206;23.84;29;7;FLAVIO BOLSONARO;PL;881;54,08;LULA;PT;672;41,25;12.44;672;25.7;35.8;48.6
sp;NARANDIBA;São Paulo;Sudeste;-22.42423;-51.52916;4458;19.87;72;13;FLAVIO BOLSONARO;PL;1749;50,89;LULA;PT;1459;42,45;8.12;1459;26.0;36.1;48.9
sp;NATIVIDADE DA SERRA;São Paulo;Sudeste;-23.41791;-45.40265;5669;22.21;158;22;FLAVIO BOLSONARO;PL;2508;60,06;LULA;PT;1341;32,11;26.46;1341;20.4;49.5;53.2
sp;NAZARÉ PAULISTA;São Paulo;Sudeste;-23.17683;-46.39281;14473;21.27;440;47;FLAVIO BOLSONARO;PL;6534;61,32;LULA;PT;3115;29,23;30.01;3115;23.4;40.8;50.2
sp;NEVES PAULISTA;São Paulo;Sudeste;-20.84812;-49.63347;7059;20.1;188;22;FLAVIO BOLSONARO;PL;3180;60,28;LULA;PT;1709;32,40;26.08;1709;18.9;38.7;48.2
sp;NHANDEARA;São Paulo;Sudeste;-20.69447;-50.02929;7745;23.67;125;25;FLAVIO BOLSONARO;PL;3928;69,33;LULA;PT;1384;24,43;43.03;1384;18.7;36.5;47.5
sp;NIPOÃ;São Paulo;Sudeste;-20.91073;-49.77947;3881;22.31;79;12;FLAVIO BOLSONARO;PL;1703;59,09;LULA;PT;994;34,49;23.52;994;25.0;43.6;51.6
sp;NOVA ALIANÇA;São Paulo;Sudeste;-21.03401;-49.51169;5431;22.68;144;18;FLAVIO BOLSONARO;PL;2578;64,81;LULA;PT;1156;29,06;33.87;1156;21.7;43.5;48.5
sp;NOVA CAMPINA;São Paulo;Sudeste;-24.15165;-48.92282;6959;21.54;124;23;FLAVIO BOLSONARO;PL;3031;58,01;LULA;PT;1915;36,65;20.44;1915;31.4;43.2;49.8
sp;NOVA CANAÃ PAULISTA;São Paulo;Sudeste;-20.38783;-50.94703;2275;26.73;58;7;FLAVIO BOLSONARO;PL;816;51,68;LULA;PT;645;40,85;10.26;645;19.4;44.5;50.7
sp;NOVA CASTILHO;São Paulo;Sudeste;-20.76228;-50.3412;1375;21.67;19;4;FLAVIO BOLSONARO;PL;659;63,00;LULA;PT;324;30,98;31.1;324;24.5;33.9;51.5
sp;NOVA EUROPA;São Paulo;Sudeste;-21.78257;-48.56573;7172;21.29;180;26;FLAVIO BOLSONARO;PL;2485;46,95;LULA;PT;2382;45,00;1.82;2382;24.3;36.8;49.0
sp;NOVA GRANADA;São Paulo;Sudeste;-20.52726;-49.32347;14794;23.91;353;51;FLAVIO BOLSONARO;PL;5963;55,95;LULA;PT;4018;37,70;17.28;4018;23.6;38.2;48.8
sp;NOVA GUATAPORANGA;São Paulo;Sudeste;-21.33376;-51.64596;2019;23.92;52;10;FLAVIO BOLSONARO;PL;792;54,58;LULA;PT;605;41,70;12.17;605;21.7;42.1;49.4
sp;NOVA INDEPENDÊNCIA;São Paulo;Sudeste;-21.10596;-51.49325;3505;24.76;79;14;FLAVIO BOLSONARO;PL;1451;57,83;LULA;PT;945;37,66;19.19;945;26.5;33.9;49.5
sp;NOVA LUZITÂNIA;São Paulo;Sudeste;-20.85512;-50.26277;2635;20.27;58;8;FLAVIO BOLSONARO;PL;967;48,33;LULA;PT;882;44,08;4.05;882;21.4;36.4;50.2
sp;NOVA ODESSA;São Paulo;Sudeste;-22.78849;-47.29622;47408;17.78;1076;143;FLAVIO BOLSONARO;PL;22205;59,75;LULA;PT;11562;31,11;27.31;11562;23.8;26.4;47.8
sp;NOVAIS;São Paulo;Sudeste;-20.99482;-48.91936;3922;20.32;131;14;FLAVIO BOLSONARO;PL;1781;61,06;LULA;PT;996;34,14;25.12;996;27.9;42.6;50.1
sp;NOVO HORIZONTE;São Paulo;Sudeste;-21.4703;-49.22285;28606;24.19;477;90;FLAVIO BOLSONARO;PL;14302;68,85;LULA;PT;5217;25,12;41.89;5217;22.8;37.2;48.6
sp;NUPORANGA;São Paulo;Sudeste;-20.72945;-47.75327;6023;21.87;158;23;FLAVIO BOLSONARO;PL;2813;63,40;LULA;PT;1305;29,41;32.04;1305;22.7;39.6;49.0
sp;OCAUÇU;São Paulo;Sudeste;-22.43794;-49.9229;3441;23.68;67;13;FLAVIO BOLSONARO;PL;1480;58,82;LULA;PT;894;35,53;22.32;894;23.0;40.8;49.7
sp;OLÍMPIA;São Paulo;Sudeste;-20.73246;-48.91534;41874;22.22;872;141;FLAVIO BOLSONARO;PL;19840;64,14;LULA;PT;8606;27,82;34.49;8606;22.7;30.0;47.7
sp;ONDA VERDE;São Paulo;Sudeste;-20.61067;-49.29642;4387;23.09;85;14;FLAVIO BOLSONARO;PL;1826;56,67;LULA;PT;1167;36,22;19.53;1167;25.1;35.9;49.5
sp;ORIENTE;São Paulo;Sudeste;-22.15439;-50.09238;5159;22.68;135;16;FLAVIO BOLSONARO;PL;2438;64,74;LULA;PT;1135;30,14;32.66;1135;20.9;30.0;48.2
sp;ORINDIÚVA;São Paulo;Sudeste;-20.17852;-49.34714;5003;21.97;133;17;FLAVIO BOLSONARO;PL;1996;53,82;LULA;PT;1445;38,96;14.11;1445;23.8;31.7;49.5
sp;ORLÂNDIA;São Paulo;Sudeste;-20.71568;-47.88168;29493;20.97;835;103;FLAVIO BOLSONARO;PL;13024;59,48;LULA;PT;6990;31,93;25.89;6990;23.7;31.7;47.6
sp;OSASCO;São Paulo;Sudeste;-23.53472;-46.7908;583991;23.29;15315;1641;FLAVIO BOLSONARO;PL;191726;45,46;LULA;PT;182778;43,34;2.0;182778;25.3;27.5;46.3
sp;OSCAR BRESSANE;São Paulo;Sudeste;-22.31558;-50.27959;2450;23.8;29;8;FLAVIO BOLSONARO;PL;1295;71,35;LULA;PT;432;23,80;46.22;432;18.8;36.7;47.4
sp;OSVALDO CRUZ;São Paulo;Sudeste;-21.79655;-50.88;22809;24.25;444;80;FLAVIO BOLSONARO;PL;11605;70,44;LULA;PT;3830;23,25;45.0;3830;20.9;30.0;46.5
sp;OURINHOS;São Paulo;Sudeste;-22.97886;-49.87177;76480;23.27;1647;248;FLAVIO BOLSONARO;PL;33838;60,85;LULA;PT;17114;30,78;28.5;17114;23.5;28.7;46.6
sp;OURO VERDE;São Paulo;Sudeste;-21.48761;-51.70037;6097;25.39;100;16;FLAVIO BOLSONARO;PL;2364;54,28;LULA;PT;1796;41,24;12.49;1796;22.4;41.2;47.4
sp;OUROESTE;São Paulo;Sudeste;-19.98825;-50.37889;7997;23.41;180;22;FLAVIO BOLSONARO;PL;3551;60,72;LULA;PT;1964;33,58;25.91;1964;23.3;33.8;47.5
sp;PACAEMBU;São Paulo;Sudeste;-21.56504;-51.26422;7523;23.39;161;26;FLAVIO BOLSONARO;PL;3593;65,45;LULA;PT;1597;29,09;34.63;1597;19.3;38.7;47.6
sp;PALESTINA;São Paulo;Sudeste;-20.36706;-49.44447;8996;23.83;182;30;FLAVIO BOLSONARO;PL;3916;60,06;LULA;PT;2217;34,00;24.8;2217;21.9;42.1;49.2
sp;PALMARES PAULISTA;São Paulo;Sudeste;-21.08535;-48.80505;7352;16.31;266;24;FLAVIO BOLSONARO;PL;3152;55,19;LULA;PT;2187;38,29;15.68;2187;26.3;37.3;50.5
sp;PALMEIRA D'OESTE;São Paulo;Sudeste;-20.42669;-50.76122;7437;23.81;144;22;FLAVIO BOLSONARO;PL;3295;61,18;LULA;PT;1754;32,57;27.2;1754;20.6;39.2;49.2
sp;PALMITAL;São Paulo;Sudeste;-22.78563;-50.21785;16108;22.18;318;48;FLAVIO BOLSONARO;PL;7880;65,94;LULA;PT;3290;27,53;36.61;3290;21.8;34.7;47.3
sp;PANORAMA;São Paulo;Sudeste;-21.36045;-51.85581;9923;20.87;235;39;FLAVIO BOLSONARO;PL;4551;61,26;LULA;PT;2531;34,07;25.73;2531;24.5;39.3;47.8
sp;PARAGUAÇU PAULISTA;São Paulo;Sudeste;-22.42444;-50.58032;29958;24.77;566;96;FLAVIO BOLSONARO;PL;12647;58,97;LULA;PT;7446;34,72;23.08;7446;24.4;29.6;47.4
sp;PARAIBUNA;São Paulo;Sudeste;-23.39005;-45.66137;13836;20.69;269;47;FLAVIO BOLSONARO;PL;5564;52,78;LULA;PT;4210;39,94;12.34;4210;23.8;36.4;49.7
sp;PARANAPANEMA;São Paulo;Sudeste;-23.40262;-48.77458;13591;19.62;320;41;FLAVIO BOLSONARO;PL;6313;60,71;LULA;PT;3529;33,94;25.48;3529;25.8;40.4;49.1
sp;PARANAPUÃ;São Paulo;Sudeste;-20.10757;-50.58265;3392;17.6;74;13;FLAVIO BOLSONARO;PL;1610;60,62;LULA;PT;943;35,50;23.86;943;23.2;40.9;49.9
sp;PARAPUÃ;São Paulo;Sudeste;-21.78041;-50.79044;7605;21.59;204;28;FLAVIO BOLSONARO;PL;3650;65,48;LULA;PT;1602;28,74;34.35;1602;21.6;39.5;48.1
sp;PARAÍSO;São Paulo;Sudeste;-21.01733;-48.77325;4547;17.51;163;15;FLAVIO BOLSONARO;PL;2314;66,23;LULA;PT;940;26,90;36.63;940;22.1;38.7;49.3
sp;PARDINHO;São Paulo;Sudeste;-23.0821;-48.37535;6139;26.13;149;18;FLAVIO BOLSONARO;PL;2714;63,16;LULA;PT;1254;29,18;32.19;1254;24.9;36.4;50.3
sp;PARIQUERA-AÇU;São Paulo;Sudeste;-24.70111;-47.88101;14302;21.55;358;48;FLAVIO BOLSONARO;PL;7032;66,41;LULA;PT;2894;27,33;36.88;2894;25.6;34.4;48.6
sp;PARISI;São Paulo;Sudeste;-20.30261;-50.01242;3085;25.06;66;9;FLAVIO BOLSONARO;PL;1425;64,45;LULA;PT;676;30,57;32.4;676;22.0;42.8;49.0
sp;PATROCÍNIO PAULISTA;São Paulo;Sudeste;-20.6424;-47.2808;10549;22.53;185;32;FLAVIO BOLSONARO;PL;4628;59,23;LULA;PT;2474;31,66;26.36;2474;24.0;40.2;48.3
sp;PAULICÉIA;São Paulo;Sudeste;-21.31519;-51.82979;5955;24.58;96;18;FLAVIO BOLSONARO;PL;2771;64,32;LULA;PT;1341;31,13;31.84;1341;24.7;40.0;49.3
sp;PAULISTÂNIA;São Paulo;Sudeste;-22.57308;-49.39774;1993;24.79;40;6;FLAVIO BOLSONARO;PL;896;62,40;LULA;PT;457;31,82;29.29;457;27.2;39.9;50.5
sp;PAULO DE FARIA;São Paulo;Sudeste;-20.02984;-49.40164;6111;26.94;170;21;FLAVIO BOLSONARO;PL;2130;50,37;LULA;PT;1832;43,32;6.67;1832;22.5;38.4;48.9
sp;PAULÍNIA;São Paulo;Sudeste;-22.76124;-47.16328;89901;19.17;1727;247;FLAVIO BOLSONARO;PL;39264;56,28;LULA;PT;23575;33,79;21.59;23575;25.4;22.9;48.1
sp;PEDERNEIRAS;São Paulo;Sudeste;-22.34536;-48.78698;32588;19.64;735;103;FLAVIO BOLSONARO;PL;16572;66,88;LULA;PT;6409;25,86;38.81;6409;25.1;34.3;48.7
sp;PEDRA BELA;São Paulo;Sudeste;-22.79349;-46.44283;4810;20.46;117;14;FLAVIO BOLSONARO;PL;2189;60,84;LULA;PT;1125;31,27;27.81;1125;21.7;48.0;50.2
sp;PEDRANÓPOLIS;São Paulo;Sudeste;-20.22845;-50.10014;2682;23.04;45;8;FLAVIO BOLSONARO;PL;1158;58,48;LULA;PT;704;35,56;22.0;704;20.5;41.1;50.9
sp;PEDREGULHO;São Paulo;Sudeste;-20.22789;-47.45957;12296;22.67;291;42;FLAVIO BOLSONARO;PL;4448;49,41;LULA;PT;4022;44,67;4.48;4022;24.5;40.2;49.2
sp;PEDREIRA;São Paulo;Sudeste;-22.73688;-46.89902;33383;19.77;1048;108;FLAVIO BOLSONARO;PL;17474;69,55;LULA;PT;5780;23,00;43.66;5780;23.9;35.1;48.4
sp;PEDRINHAS PAULISTA;São Paulo;Sudeste;-22.81573;-50.79247;2726;20.21;50;9;FLAVIO BOLSONARO;PL;1451;68,90;LULA;PT;518;24,60;42.9;518;22.6;25.8;49.3
sp;PEDRO DE TOLEDO;São Paulo;Sudeste;-24.27787;-47.23308;7891;29.77;143;27;FLAVIO BOLSONARO;PL;2824;53,43;LULA;PT;2065;39,07;13.7;2065;24.7;35.0;49.1
sp;PENÁPOLIS;São Paulo;Sudeste;-21.41761;-50.0774;43746;21.38;989;160;FLAVIO BOLSONARO;PL;21170;64,67;LULA;PT;9312;28,45;34.48;9312;22.6;31.3;46.7
sp;PEREIRA BARRETO;São Paulo;Sudeste;-20.64366;-51.10233;19125;27.52;367;75;FLAVIO BOLSONARO;PL;7498;56,80;LULA;PT;4868;36,88;18.97;4868;21.5;33.3;47.9
sp;PEREIRAS;São Paulo;Sudeste;-23.07741;-47.97477;6469;23.13;154;19;FLAVIO BOLSONARO;PL;2918;62,03;LULA;PT;1463;31,10;29.26;1463;23.9;40.4;49.8
sp;PERUÍBE;São Paulo;Sudeste;-24.30179;-46.99574;59840;27.85;1281;176;FLAVIO BOLSONARO;PL;21904;53,43;LULA;PT;15550;37,93;14.72;15550;22.7;29.3;46.3
sp;PIACATU;São Paulo;Sudeste;-21.5973;-50.59998;4487;21.44;110;15;FLAVIO BOLSONARO;PL;2151;63,71;LULA;PT;1084;32,11;30.27;1084;22.0;39.9;49.5
sp;PIEDADE;São Paulo;Sudeste;-23.71898;-47.4158;42011;24.98;1009;118;FLAVIO BOLSONARO;PL;17910;60,63;LULA;PT;9014;30,51;28.23;9014;23.9;41.7;49.0
sp;PILAR DO SUL;São Paulo;Sudeste;-23.81269;-47.72368;22434;24.02;520;63;FLAVIO BOLSONARO;PL;10501;65,33;LULA;PT;4458;27,73;35.45;4458;25.4;42.1;49.4
sp;PINDAMONHANGABA;São Paulo;Sudeste;-22.92709;-45.44194;119275;20.66;3122;396;FLAVIO BOLSONARO;PL;52407;58,93;LULA;PT;27531;30,96;26.29;27531;24.8;24.3;47.3
sp;PINDORAMA;São Paulo;Sudeste;-21.19684;-48.91745;10497;18.98;255;38;FLAVIO BOLSONARO;PL;5292;65,87;LULA;PT;2204;27,43;36.31;2204;21.6;37.3;48.4
sp;PINHALZINHO;São Paulo;Sudeste;-22.78325;-46.59095;11384;21.64;353;35;FLAVIO BOLSONARO;PL;5431;65,43;LULA;PT;2277;27,43;35.36;2277;22.0;38.4;49.2
sp;PIQUEROBI;São Paulo;Sudeste;-21.88611;-51.72845;3115;24.62;86;9;FLAVIO BOLSONARO;PL;1196;53,95;LULA;PT;941;42,44;10.86;941;21.8;42.0;47.6
sp;PIQUETE;São Paulo;Sudeste;-22.61044;-45.17966;10045;24.74;209;31;FLAVIO BOLSONARO;PL;4334;60,55;LULA;PT;2188;30,57;28.39;2188;22.1;27.9;46.7
sp;PIRACAIA;São Paulo;Sudeste;-23.06044;-46.36216;21552;20.41;539;62;FLAVIO BOLSONARO;PL;10426;64,27;LULA;PT;4282;26,40;35.82;4282;23.9;36.7;47.9
sp;PIRACICABA;São Paulo;Sudeste;-22.72285;-47.65493;311212;23.12;7086;907;FLAVIO BOLSONARO;PL;143775;63,35;LULA;PT;62618;27,59;33.92;62618;23.1;31.4;46.9
sp;PIRAJU;São Paulo;Sudeste;-23.19676;-49.38385;21986;25.04;578;68;FLAVIO BOLSONARO;PL;8961;57,91;LULA;PT;5085;32,86;23.52;5085;22.7;32.8;47.4
sp;PIRAJUÍ;São Paulo;Sudeste;-21.9868;-49.44704;14814;23.5;325;58;FLAVIO BOLSONARO;PL;6696;62,57;LULA;PT;3215;30,04;30.72;3215;22.7;28.7;47.3
sp;PIRANGI;São Paulo;Sudeste;-21.09527;-48.66265;7897;20.89;162;29;FLAVIO BOLSONARO;PL;4168;70,36;LULA;PT;1354;22,86;45.05;1354;21.2;40.1;48.2
sp;PIRAPORA DO BOM JESUS;São Paulo;Sudeste;-23.40444;-46.99582;14158;24.68;290;43;FLAVIO BOLSONARO;PL;4634;45,69;LULA;PT;4626;45,61;0.08;4626;30.9;35.9;48.8
sp;PIRAPOZINHO;São Paulo;Sudeste;-22.28588;-51.50554;19385;21.72;352;66;FLAVIO BOLSONARO;PL;8574;58,98;LULA;PT;4853;33,39;24.52;4853;24.6;30.3;47.4
sp;PIRASSUNUNGA;São Paulo;Sudeste;-21.99332;-47.4199;55163;22.14;1332;187;FLAVIO BOLSONARO;PL;26402;65,15;LULA;PT;10388;25,63;37.29;10388;22.9;26.2;47.6
sp;PIRATININGA;São Paulo;Sudeste;-22.41439;-49.13761;10141;21.53;196;34;FLAVIO BOLSONARO;PL;5067;66,56;LULA;PT;1933;25,39;39.38;1933;22.6;26.3;47.8
sp;PITANGUEIRAS;São Paulo;Sudeste;-21.00949;-48.23029;24981;20.75;674;84;FLAVIO BOLSONARO;PL;10212;54,98;LULA;PT;7041;37,91;16.02;7041;27.2;35.6;49.4
sp;PLANALTO;São Paulo;Sudeste;-21.0343;-49.92752;3962;23.09;105;12;FLAVIO BOLSONARO;PL;1600;55,10;LULA;PT;1182;40,70;13.72;1182;24.7;42.3;49.1
sp;PLATINA;São Paulo;Sudeste;-22.63199;-50.20577;2775;23.68;50;8;FLAVIO BOLSONARO;PL;1365;67,18;LULA;PT;563;27,71;37.87;563;23.2;41.2;50.8
sp;POLONI;São Paulo;Sudeste;-20.7843;-49.81546;4510;19.93;105;15;FLAVIO BOLSONARO;PL;2137;62,43;LULA;PT;1114;32,54;28.33;1114;21.4;38.3;48.6
sp;POMPÉIA;São Paulo;Sudeste;-22.10414;-50.18236;16138;20.78;341;49;FLAVIO BOLSONARO;PL;8930;72,96;LULA;PT;2549;20,83;49.91;2549;21.7;27.6;47.8
sp;PONGAÍ;São Paulo;Sudeste;-21.7359;-49.35765;2952;21.54;66;11;FLAVIO BOLSONARO;PL;1499;67,80;LULA;PT;586;26,50;39.42;586;20.1;39.1;50.4
sp;PONTAL;São Paulo;Sudeste;-21.01641;-48.0385;28287;18.54;1018;102;FLAVIO BOLSONARO;PL;11460;53,84;LULA;PT;8148;38,28;14.37;8148;28.1;40.6;49.4
sp;PONTALINDA;São Paulo;Sudeste;-20.44204;-50.52248;3157;21.51;59;12;FLAVIO BOLSONARO;PL;1222;51,60;LULA;PT;1029;43,45;7.79;1029;23.6;45.5;51.3
sp;PONTES GESTAL;São Paulo;Sudeste;-20.18067;-49.70159;2368;23.52;41;8;FLAVIO BOLSONARO;PL;1049;60,22;LULA;PT;609;34,96;24.3;609;22.2;39.1;50.7
sp;POPULINA;São Paulo;Sudeste;-19.9416;-50.54105;3679;21.8;100;12;LULA;PT;1317;48,31;FLAVIO BOLSONARO;PL;1280;46,96;1.29;1280;20.4;42.0;49.4
sp;PORANGABA;São Paulo;Sudeste;-23.1758;-48.12122;7483;24.42;198;20;FLAVIO BOLSONARO;PL;3165;59,35;LULA;PT;1844;34,58;23.36;1844;20.7;41.2;50.1
sp;PORTO FELIZ;São Paulo;Sudeste;-23.20916;-47.52391;41162;20.52;895;117;FLAVIO BOLSONARO;PL;20277;65,55;LULA;PT;8121;26,25;37.16;8121;24.6;32.5;48.6
sp;PORTO FERREIRA;São Paulo;Sudeste;-21.85519;-47.48019;39960;22.9;1043;124;FLAVIO BOLSONARO;PL;18883;65,43;LULA;PT;7306;25,31;37.57;7306;23.1;32.7;47.4
sp;POTIM;São Paulo;Sudeste;-22.8362;-45.25698;12546;18.14;220;43;FLAVIO BOLSONARO;PL;5554;56,36;LULA;PT;3416;34,67;20.82;3416;27.8;36.9;47.5
sp;POTIRENDABA;São Paulo;Sudeste;-21.04515;-49.37658;13860;21.15;313;41;FLAVIO BOLSONARO;PL;6684;64,50;LULA;PT;3030;29,24;33.44;3030;21.5;44.5;47.7
sp;POÁ;São Paulo;Sudeste;-23.52711;-46.34665;89811;18.88;2567;273;FLAVIO BOLSONARO;PL;31643;46,21;LULA;PT;29359;42,88;3.13;29359;27.2;22.0;47.1
sp;PRACINHA;São Paulo;Sudeste;-21.85274;-51.08893;1476;23.31;25;5;FLAVIO BOLSONARO;PL;629;57,65;LULA;PT;409;37,49;19.43;409;25.3;37.6;48.7
sp;PRADÓPOLIS;São Paulo;Sudeste;-21.36282;-48.06966;13603;17.31;393;42;FLAVIO BOLSONARO;PL;6051;57,12;LULA;PT;3605;34,03;21.75;3605;24.9;33.8;48.9
sp;PRAIA GRANDE;São Paulo;Sudeste;-24.02148;-46.47577;265311;27.18;5853;764;FLAVIO BOLSONARO;PL;98944;54,15;LULA;PT;66444;36,36;16.82;66444;23.6;29.4;45.0
sp;PRATÂNIA;São Paulo;Sudeste;-22.81119;-48.66477;4725;23.79;106;16;FLAVIO BOLSONARO;PL;2010;59,36;LULA;PT;1166;34,44;23.44;1166;29.1;43.8;50.4
sp;PRESIDENTE ALVES;São Paulo;Sudeste;-22.08576;-49.40926;3391;23.95;87;11;FLAVIO BOLSONARO;PL;1399;56,80;LULA;PT;906;36,78;19.12;906;21.2;37.4;49.4
sp;PRESIDENTE BERNARDES;São Paulo;Sudeste;-22.03646;-51.56593;10209;25.62;159;34;FLAVIO BOLSONARO;PL;4540;62,25;LULA;PT;2362;32,39;28.68;2362;20.3;30.7;48.1
sp;PRESIDENTE EPITÁCIO;São Paulo;Sudeste;-21.76046;-52.1064;29804;26.2;563;92;FLAVIO BOLSONARO;PL;11934;56,95;LULA;PT;7733;36,90;19.1;7733;22.6;34.4;46.7
sp;PRESIDENTE PRUDENTE;São Paulo;Sudeste;-22.11423;-51.4;165528;22.21;2850;580;FLAVIO BOLSONARO;PL;80401;65,06;LULA;PT;33929;27,46;36.09;33929;23.2;23.6;46.1
sp;PRESIDENTE VENCESLAU;São Paulo;Sudeste;-21.87787;-51.84378;26379;23.78;528;90;FLAVIO BOLSONARO;PL;12868;67,24;LULA;PT;5014;26,20;39.06;5014;20.7;30.3;45.9
sp;PROMISSÃO;São Paulo;Sudeste;-21.54298;-49.86071;26512;27.3;603;85;FLAVIO BOLSONARO;PL;10868;59,65;LULA;PT;6110;33,53;24.68;6110;23.8;35.2;47.5
sp;QUADRA;São Paulo;Sudeste;-23.29828;-48.05669;4032;27.13;82;11;FLAVIO BOLSONARO;PL;1730;61,74;LULA;PT;888;31,69;28.66;888;22.7;45.7;50.6
sp;QUATÁ;São Paulo;Sudeste;-22.24757;-50.70039;10121;23.2;175;33;FLAVIO BOLSONARO;PL;4814;64,62;LULA;PT;2182;29,29;33.86;2182;23.6;32.1;48.6
sp;QUEIROZ;São Paulo;Sudeste;-21.79983;-50.24024;3299;25.43;67;11;FLAVIO BOLSONARO;PL;1410;59,95;LULA;PT;869;36,95;21.99;869;27.8;37.5;49.8
sp;QUELUZ;São Paulo;Sudeste;-22.53862;-44.77567;7112;23.03;119;25;FLAVIO BOLSONARO;PL;2446;46,59;LULA;PT;2385;45,43;1.11;2385;26.5;36.4;49.0
sp;QUINTANA;São Paulo;Sudeste;-22.07053;-50.30593;5214;21.88;130;16;FLAVIO BOLSONARO;PL;2568;66,49;LULA;PT;1101;28,51;36.02;1101;24.1;38.3;48.7
sp;RAFARD;São Paulo;Sudeste;-23.01553;-47.53081;7253;16.63;177;24;FLAVIO BOLSONARO;PL;3890;67,53;LULA;PT;1446;25,10;40.42;1446;24.0;35.1;49.2
sp;RANCHARIA;São Paulo;Sudeste;-22.25488;-50.89433;22888;24.07;383;80;FLAVIO BOLSONARO;PL;9527;57,23;LULA;PT;5825;34,99;21.3;5825;23.8;31.8;47.5
sp;REDENÇÃO DA SERRA;São Paulo;Sudeste;-23.28065;-45.53517;4304;24.05;95;13;FLAVIO BOLSONARO;PL;1689;54,31;LULA;PT;1155;37,14;16.34;1155;20.8;46.8;52.9
sp;REGENTE FEIJÓ;São Paulo;Sudeste;-22.22123;-51.30656;15711;21.21;302;67;FLAVIO BOLSONARO;PL;7406;62,60;LULA;PT;3669;31,01;30.19;3669;22.8;31.8;47.8
sp;REGINÓPOLIS;São Paulo;Sudeste;-21.88866;-49.22189;4734;21.88;109;14;FLAVIO BOLSONARO;PL;2430;69,35;LULA;PT;833;23,77;43.19;833;22.6;36.4;48.7
sp;REGISTRO;São Paulo;Sudeste;-24.4986;-47.84329;45214;24.36;778;155;FLAVIO BOLSONARO;PL;19326;59,10;LULA;PT;10853;33,19;24.77;10853;24.7;30.1;47.9
sp;RESTINGA;São Paulo;Sudeste;-20.60037;-47.48011;6817;24.31;114;20;FLAVIO BOLSONARO;PL;2653;53,68;LULA;PT;1931;39,07;13.99;1931;27.7;40.5;50.4
sp;RIBEIRA;São Paulo;Sudeste;-24.65218;-49.00511;2889;23.43;46;12;LULA;PT;1084;50,96;FLAVIO BOLSONARO;PL;955;44,90;5.83;955;24.9;39.4;51.8
sp;RIBEIRÃO BONITO;São Paulo;Sudeste;-22.05578;-48.18481;8616;26.79;234;26;FLAVIO BOLSONARO;PL;3168;53,69;LULA;PT;2306;39,08;13.67;2306;24.9;39.3;48.8
sp;RIBEIRÃO BRANCO;São Paulo;Sudeste;-24.23763;-48.82137;14335;22.83;316;50;FLAVIO BOLSONARO;PL;5703;54,37;LULA;PT;4340;41,38;12.32;4340;28.7;50.2;49.9
sp;RIBEIRÃO CORRENTE;São Paulo;Sudeste;-20.45937;-47.58946;4387;24.87;97;12;FLAVIO BOLSONARO;PL;1686;53,68;LULA;PT;1279;40,72;12.35;1279;27.0;47.2;49.4
sp;RIBEIRÃO DO SUL;São Paulo;Sudeste;-22.78678;-49.92946;3926;18.85;72;11;FLAVIO BOLSONARO;PL;1684;55,09;LULA;PT;1206;39,45;15.0;1206;22.0;39.1;49.1
sp;RIBEIRÃO DOS ÍNDIOS;São Paulo;Sudeste;-21.83918;-51.60284;1918;22.58;55;7;FLAVIO BOLSONARO;PL;721;51,61;LULA;PT;620;44,38;6.8;620;20.9;42.8;47.1
sp;RIBEIRÃO GRANDE;São Paulo;Sudeste;-24.11329;-48.3728;6413;19.4;154;24;FLAVIO BOLSONARO;PL;2232;46,19;LULA;PT;2203;45,59;0.56;2203;25.0;41.6;51.5
sp;RIBEIRÃO PIRES;São Paulo;Sudeste;-23.70252;-46.40244;85765;19.77;2785;262;FLAVIO BOLSONARO;PL;30399;47,21;LULA;PT;26550;41,23;5.59;26550;23.7;23.1;47.7
sp;RIBEIRÃO PRETO;São Paulo;Sudeste;-21.17008;-47.80676;473134;23.75;12318;1449;FLAVIO BOLSONARO;PL;188761;55,25;LULA;PT;116116;33,99;20.14;116116;23.3;26.9;45.7
sp;RIFAINA;São Paulo;Sudeste;-20.08055;-47.42331;5127;26.1;53;16;FLAVIO BOLSONARO;PL;2204;59,97;LULA;PT;1254;34,12;25.07;1254;24.0;32.9;50.8
sp;RINCÃO;São Paulo;Sudeste;-21.59109;-48.059;7171;23.33;237;27;FLAVIO BOLSONARO;PL;2459;48,33;LULA;PT;2319;45,58;2.55;2319;24.7;37.4;49.1
sp;RINÓPOLIS;São Paulo;Sudeste;-21.72933;-50.72358;7452;26.57;157;24;FLAVIO BOLSONARO;PL;3648;70,29;LULA;PT;1275;24,57;43.37;1275;21.6;41.4;48.2
sp;RIO CLARO;São Paulo;Sudeste;-22.39791;-47.56781;151298;21.19;4556;447;FLAVIO BOLSONARO;PL;71036;63,38;LULA;PT;31307;27,93;33.32;31307;23.6;25.4;46.8
sp;RIO DAS PEDRAS;São Paulo;Sudeste;-22.84285;-47.60561;25297;20.93;558;80;FLAVIO BOLSONARO;PL;12313;64,96;LULA;PT;5198;27,42;35.57;5198;24.7;38.3;49.5
sp;RIO GRANDE DA SERRA;São Paulo;Sudeste;-23.74525;-46.39228;33722;20.31;1140;115;LULA;PT;12124;48,89;FLAVIO BOLSONARO;PL;10158;40,96;7.32;10158;28.0;27.5;48.5
sp;RIOLÂNDIA;São Paulo;Sudeste;-19.98124;-49.67989;7103;22.38;160;22;FLAVIO BOLSONARO;PL;2721;51,66;LULA;PT;2345;44,52;6.82;2345;24.1;41.1;48.7
sp;RIVERSUL;São Paulo;Sudeste;-23.82805;-49.43268;4559;21.25;107;16;FLAVIO BOLSONARO;PL;1875;54,99;LULA;PT;1335;39,15;15.04;1335;23.8;46.2;49.1
sp;ROSANA;São Paulo;Sudeste;-22.5472;-52.97651;14263;31.37;240;52;LULA;PT;4683;49,89;FLAVIO BOLSONARO;PL;4241;45,18;4.52;4241;22.4;35.5;48.3
sp;ROSEIRA;São Paulo;Sudeste;-22.89638;-45.30294;8328;17.9;152;30;FLAVIO BOLSONARO;PL;3895;59,65;LULA;PT;2052;31,42;26.96;2052;25.7;31.7;48.3
sp;RUBINÉIA;São Paulo;Sudeste;-20.20371;-51.01277;3917;24.02;93;12;FLAVIO BOLSONARO;PL;1778;62,52;LULA;PT;894;31,43;29.7;894;18.1;40.2;50.1
sp;RUBIÁCEA;São Paulo;Sudeste;-21.34282;-50.75976;2390;24.14;44;9;FLAVIO BOLSONARO;PL;1115;64,19;LULA;PT;543;31,26;31.55;543;24.8;41.2;49.7
sp;SABINO;São Paulo;Sudeste;-21.45861;-49.57419;4352;27.16;112;14;FLAVIO BOLSONARO;PL;1798;60,34;LULA;PT;1027;34,46;24.32;1027;20.0;42.1;48.7
sp;SAGRES;São Paulo;Sudeste;-21.88325;-50.95996;2091;25.39;44;7;FLAVIO BOLSONARO;PL;792;53,66;LULA;PT;601;40,72;12.24;601;24.5;38.1;47.9
sp;SALES;São Paulo;Sudeste;-21.34161;-49.49684;5354;22.26;108;15;FLAVIO BOLSONARO;PL;2839;71,14;LULA;PT;963;24,13;45.07;963;20.9;39.4;49.1
sp;SALES OLIVEIRA;São Paulo;Sudeste;-20.76334;-47.84463;8527;19.9;230;30;FLAVIO BOLSONARO;PL;4088;63,53;LULA;PT;1764;27,41;34.03;1764;22.7;36.6;48.0
sp;SALESÓPOLIS;São Paulo;Sudeste;-23.53527;-45.87844;14725;19.09;376;51;FLAVIO BOLSONARO;PL;6471;57,69;LULA;PT;3595;32,05;24.14;3595;25.7;36.9;50.2
sp;SALMOURÃO;São Paulo;Sudeste;-21.62383;-50.85826;3874;24.34;90;12;FLAVIO BOLSONARO;PL;1750;63,27;LULA;PT;919;33,22;28.35;919;24.5;41.4;49.8
sp;SALTINHO;São Paulo;Sudeste;-22.84514;-47.67862;7141;17.94;92;19;FLAVIO BOLSONARO;PL;4465;78,71;LULA;PT;865;15,25;61.43;865;21.3;35.8;48.5
sp;SALTO;São Paulo;Sudeste;-23.1989;-47.28948;95308;20.21;2544;273;FLAVIO BOLSONARO;PL;41488;57,77;LULA;PT;22773;31,71;24.61;22773;25.1;25.1;47.8
sp;SALTO DE PIRAPORA;São Paulo;Sudeste;-23.65001;-47.57683;31402;23.95;1000;87;FLAVIO BOLSONARO;PL;12779;58,02;LULA;PT;7346;33,35;22.75;7346;25.6;35.0;48.3
sp;SALTO GRANDE;São Paulo;Sudeste;-22.88871;-49.98481;6580;22.22;161;19;FLAVIO BOLSONARO;PL;2928;60,68;LULA;PT;1538;31,88;27.16;1538;23.6;39.3;47.8
sp;SANDOVALINA;São Paulo;Sudeste;-22.46304;-51.78979;4876;29.84;74;14;LULA;PT;1966;59,36;FLAVIO BOLSONARO;PL;1199;36,20;22.42;1199;22.4;38.5;52.2
sp;SANTA ADÉLIA;São Paulo;Sudeste;-21.25697;-48.80121;10828;23.37;267;39;FLAVIO BOLSONARO;PL;4822;61,43;LULA;PT;2395;30,51;29.25;2395;23.1;37.4;48.9
sp;SANTA ALBERTINA;São Paulo;Sudeste;-20.03371;-50.72809;5093;19.56;110;17;FLAVIO BOLSONARO;PL;2527;64,43;LULA;PT;1224;31,21;31.8;1224;20.1;42.8;48.7
sp;SANTA BRANCA;São Paulo;Sudeste;-23.40044;-45.88459;11889;23.07;236;43;FLAVIO BOLSONARO;PL;5210;59,78;LULA;PT;2769;31,77;26.69;2769;23.0;34.5;49.4
sp;SANTA BÁRBARA D'OESTE;São Paulo;Sudeste;-22.7489;-47.39325;138487;18.38;3468;395;FLAVIO BOLSONARO;PL;67949;63,40;LULA;PT;29759;27,77;33.79;29759;23.5;30.0;47.8
sp;SANTA CLARA D'OESTE;São Paulo;Sudeste;-20.09414;-50.92624;2441;23.8;34;7;FLAVIO BOLSONARO;PL;1075;60,16;LULA;PT;623;34,86;24.3;623;20.8;40.0;49.7
sp;SANTA CRUZ DA CONCEIÇÃO;São Paulo;Sudeste;-22.13623;-47.45204;4140;21.64;118;11;FLAVIO BOLSONARO;PL;2156;70,05;LULA;PT;717;23,29;44.36;717;19.3;34.7;49.1
sp;SANTA CRUZ DA ESPERANÇA;São Paulo;Sudeste;-21.29025;-47.42999;2342;23.78;72;7;FLAVIO BOLSONARO;PL;981;58,36;LULA;PT;590;35,10;21.9;590;23.4;35.1;49.5
sp;SANTA CRUZ DAS PALMEIRAS;São Paulo;Sudeste;-21.82645;-47.2492;21443;23.82;590;65;FLAVIO BOLSONARO;PL;9169;60,10;LULA;PT;4756;31,18;27.02;4756;24.2;41.3;48.9
sp;SANTA CRUZ DO RIO PARDO;São Paulo;Sudeste;-22.89668;-49.62125;34041;23.66;614;100;FLAVIO BOLSONARO;PL;17550;70,82;LULA;PT;5535;22,34;46.23;5535;23.9;34.1;47.5
sp;SANTA ERNESTINA;São Paulo;Sudeste;-21.46614;-48.39131;5040;19.21;121;15;FLAVIO BOLSONARO;PL;2176;56,43;LULA;PT;1408;36,51;18.86;1408;26.5;32.9;50.3
sp;SANTA FÉ DO SUL;São Paulo;Sudeste;-20.20604;-50.92794;25810;24.33;556;80;FLAVIO BOLSONARO;PL;12581;67,83;LULA;PT;4718;25,44;40.26;4718;22.2;30.7;46.5
sp;SANTA GERTRUDES;São Paulo;Sudeste;-22.45348;-47.53714;19153;19.76;440;60;FLAVIO BOLSONARO;PL;9526;65,07;LULA;PT;4029;27,52;35.77;4029;28.1;36.5;49.8
sp;SANTA ISABEL;São Paulo;Sudeste;-23.31941;-46.22566;41696;20.16;1206;129;FLAVIO BOLSONARO;PL;18316;58,58;LULA;PT;10116;32,35;24.63;10116;25.6;31.1;48.5
sp;SANTA LÚCIA;São Paulo;Sudeste;-21.68812;-48.08438;6326;21.06;262;29;LULA;PT;2202;48,32;FLAVIO BOLSONARO;PL;1969;43,21;4.67;1969;26.1;33.6;49.2
sp;SANTA MARIA DA SERRA;São Paulo;Sudeste;-22.56894;-48.15733;4225;24.17;101;13;FLAVIO BOLSONARO;PL;2008;66,45;LULA;PT;874;28,92;35.39;874;24.1;45.2;48.2
sp;SANTA MERCEDES;São Paulo;Sudeste;-21.34371;-51.74203;2679;24.41;42;11;FLAVIO BOLSONARO;PL;1104;56,94;LULA;PT;754;38,89;17.28;754;25.7;38.5;51.0
sp;SANTA RITA D'OESTE;São Paulo;Sudeste;-20.14468;-50.82974;2471;20.68;34;7;FLAVIO BOLSONARO;PL;1075;57,06;LULA;PT;689;36,57;19.69;689;19.3;40.5;48.5
sp;SANTA RITA DO PASSA QUATRO;São Paulo;Sudeste;-21.70716;-47.4782;19993;24.67;388;60;FLAVIO BOLSONARO;PL;9696;67,51;LULA;PT;3445;23,99;41.51;3445;18.8;32.8;46.6
sp;SANTA ROSA DE VITERBO;São Paulo;Sudeste;-21.48378;-47.36873;18030;22.47;594;58;FLAVIO BOLSONARO;PL;7067;54,61;LULA;PT;4638;35,84;17.38;4638;23.1;31.6;47.9
sp;SANTA SALETE;São Paulo;Sudeste;-20.24406;-50.68814;1836;16.34;30;6;FLAVIO BOLSONARO;PL;1045;70,23;LULA;PT;368;24,73;44.08;368;20.4;36.1;51.5
sp;SANTANA DA PONTE PENSA;São Paulo;Sudeste;-20.25448;-50.79961;1925;25.19;45;6;FLAVIO BOLSONARO;PL;828;60,39;LULA;PT;450;32,82;26.25;450;19.8;39.7;50.4
sp;SANTANA DE PARNAÍBA;São Paulo;Sudeste;-23.44082;-46.88725;111635;22.59;2312;305;FLAVIO BOLSONARO;PL;43095;52,44;LULA;PT;29460;35,85;15.78;29460;27.7;25.8;47.0
sp;SANTO ANASTÁCIO;São Paulo;Sudeste;-21.97585;-51.6522;15054;25.18;331;47;FLAVIO BOLSONARO;PL;6430;60,27;LULA;PT;3568;33,44;25.41;3568;21.8;32.9;47.0
sp;SANTO ANDRÉ;São Paulo;Sudeste;-23.66694;-46.51723;573503;23.34;17309;1742;FLAVIO BOLSONARO;PL;195045;47,21;LULA;PT;170225;41,20;5.65;170225;21.6;25.4;46.3
sp;SANTO ANTÔNIO DA ALEGRIA;São Paulo;Sudeste;-21.09228;-47.15227;5700;20.74;167;20;FLAVIO BOLSONARO;PL;2377;55,86;LULA;PT;1604;37,70;17.11;1604;22.2;43.2;49.5
sp;SANTO ANTÔNIO DE POSSE;São Paulo;Sudeste;-22.60588;-46.91689;16288;19.12;356;54;FLAVIO BOLSONARO;PL;8227;66,00;LULA;PT;3394;27,23;36.69;3394;26.9;40.8;48.6
sp;SANTO ANTÔNIO DO ARACANGUÁ;São Paulo;Sudeste;-20.9179;-50.44944;7290;21.03;101;27;FLAVIO BOLSONARO;PL;3256;58,30;LULA;PT;1999;35,79;21.83;1999;21.5;40.6;50.5
sp;SANTO ANTÔNIO DO JARDIM;São Paulo;Sudeste;-22.11453;-46.68255;5173;22.04;130;18;FLAVIO BOLSONARO;PL;2396;63,40;LULA;PT;1079;28,55;32.66;1079;21.2;45.7;49.7
sp;SANTO ANTÔNIO DO PINHAL;São Paulo;Sudeste;-22.82493;-45.66211;6113;18.44;172;20;FLAVIO BOLSONARO;PL;2723;58,21;LULA;PT;1527;32,64;23.99;1527;22.6;37.8;49.7
sp;SANTO EXPEDITO;São Paulo;Sudeste;-21.85344;-51.39576;2682;23.97;60;9;FLAVIO BOLSONARO;PL;1069;54,88;LULA;PT;785;40,30;13.93;785;21.6;35.8;48.7
sp;SANTOS;São Paulo;Sudeste;-23.95802;-46.33336;348832;24.34;7110;1076;FLAVIO BOLSONARO;PL;125561;49,77;LULA;PT;98538;39,06;10.24;98538;19.4;20.2;44.4
sp;SANTÓPOLIS DO AGUAPEÍ;São Paulo;Sudeste;-21.63904;-50.49978;3231;17.08;76;11;FLAVIO BOLSONARO;PL;1616;62,88;LULA;PT;841;32,72;28.93;841;24.6;33.9;48.4
sp;SARAPUÍ;São Paulo;Sudeste;-23.64508;-47.81431;7398;19.28;229;25;FLAVIO BOLSONARO;PL;3184;56,84;LULA;PT;2083;37,18;18.44;2083;26.0;37.5;49.6
sp;SARUTAIÁ;São Paulo;Sudeste;-23.2766;-49.47682;3202;25.73;73;11;FLAVIO BOLSONARO;PL;1080;47,77;LULA;PT;1062;46,97;0.76;1062;26.2;45.3;49.8
sp;SEBASTIANÓPOLIS DO SUL;São Paulo;Sudeste;-20.65714;-49.9244;3007;19.06;67;9;FLAVIO BOLSONARO;PL;1499;64,98;LULA;PT;637;27,61;35.41;637;20.9;38.6;49.4
sp;SERRA AZUL;São Paulo;Sudeste;-21.31271;-47.56362;7366;22.36;180;24;FLAVIO BOLSONARO;PL;2695;49,64;LULA;PT;2349;43,27;6.05;2349;28.4;40.4;49.5
sp;SERRA NEGRA;São Paulo;Sudeste;-22.61015;-46.7015;22277;22.44;527;81;FLAVIO BOLSONARO;PL;10696;65,20;LULA;PT;4418;26,93;36.34;4418;20.4;34.8;47.0
sp;SERRANA;São Paulo;Sudeste;-21.20704;-47.60388;33570;21.26;803;101;FLAVIO BOLSONARO;PL;13353;53,44;LULA;PT;9465;37,88;14.71;9465;27.9;36.5;48.0
sp;SERTÃOZINHO;São Paulo;Sudeste;-21.12792;-47.99108;93301;19.88;2702;308;FLAVIO BOLSONARO;PL;38741;55,30;LULA;PT;24907;35,55;18.51;24907;24.9;32.3;47.8
sp;SETE BARRAS;São Paulo;Sudeste;-24.37293;-47.92962;10260;25.87;238;37;FLAVIO BOLSONARO;PL;4398;60,85;LULA;PT;2455;33,97;25.55;2455;24.2;42.9;49.8
sp;SEVERÍNIA;São Paulo;Sudeste;-20.80833;-48.80555;11642;17.46;229;39;FLAVIO BOLSONARO;PL;5495;59,86;LULA;PT;3164;34,47;24.26;3164;27.1;43.1;50.3
sp;SILVEIRAS;São Paulo;Sudeste;-22.70896;-44.84835;5404;19.99;120;17;FLAVIO BOLSONARO;PL;2205;53,90;LULA;PT;1510;36,91;16.07;1510;24.3;41.4;49.8
sp;SOCORRO;São Paulo;Sudeste;-22.59459;-46.53031;30482;19.03;803;94;FLAVIO BOLSONARO;PL;16614;70,86;LULA;PT;4835;20,62;47.72;4835;21.0;38.4;48.1
sp;SOROCABA;São Paulo;Sudeste;-23.47756;-47.46877;531342;20.89;16051;1664;FLAVIO BOLSONARO;PL;222939;56,53;LULA;PT;129576;32,86;22.21;129576;24.8;21.6;46.8
sp;SUD MENNUCCI;São Paulo;Sudeste;-20.67335;-50.89919;6041;23.77;114;22;FLAVIO BOLSONARO;PL;2367;53,93;LULA;PT;1857;42,31;11.07;1857;22.6;35.5;49.0
sp;SUMARÉ;São Paulo;Sudeste;-22.82118;-47.22068;199975;22.65;4485;579;FLAVIO BOLSONARO;PL;81394;55,50;LULA;PT;53018;36,15;18.34;53018;26.2;33.8;47.8
sp;SUZANO;São Paulo;Sudeste;-23.54864;-46.3089;235588;22.79;6834;718;FLAVIO BOLSONARO;PL;83257;49,19;LULA;PT;68212;40,30;8.27;68212;27.6;28.6;46.8
sp;SUZANÁPOLIS;São Paulo;Sudeste;-20.49881;-51.02847;2988;22.26;69;9;FLAVIO BOLSONARO;PL;1124;51,21;LULA;PT;969;44,15;6.67;969;22.8;38.8;50.6
sp;SÃO BENTO DO SAPUCAÍ;São Paulo;Sudeste;-22.689;-45.72879;9073;20.26;251;32;FLAVIO BOLSONARO;PL;4061;59,55;LULA;PT;2098;30,76;27.13;2098;21.5;38.2;48.6
sp;SÃO BERNARDO DO CAMPO;São Paulo;Sudeste;-23.71724;-46.56166;626647;21.78;19148;2011;LULA;PT;215232;46,77;FLAVIO BOLSONARO;PL;192478;41,83;4.64;192478;23.6;25.4;46.3
sp;SÃO CAETANO DO SUL;São Paulo;Sudeste;-23.62809;-46.56528;147744;17.14;3153;391;FLAVIO BOLSONARO;PL;63410;53,96;LULA;PT;39455;33,57;19.57;39455;19.4;14.2;45.2
sp;SÃO CARLOS;São Paulo;Sudeste;-22.0148;-47.89351;196964;23.65;6034;578;FLAVIO BOLSONARO;PL;69472;49,47;LULA;PT;57731;41,11;7.81;57731;23.3;26.2;47.3
sp;SÃO FRANCISCO;São Paulo;Sudeste;-20.35809;-50.69514;2505;20.96;52;9;FLAVIO BOLSONARO;PL;1081;57,07;LULA;PT;711;37,54;18.69;711;22.1;41.6;49.4
sp;SÃO JOAQUIM DA BARRA;São Paulo;Sudeste;-20.5869;-47.86422;35828;22.99;791;104;FLAVIO BOLSONARO;PL;14014;53,72;LULA;PT;9890;37,91;14.95;9890;23.4;30.7;47.6
sp;SÃO JOSÉ DA BELA VISTA;São Paulo;Sudeste;-20.59191;-47.63828;6916;28.5;154;22;FLAVIO BOLSONARO;PL;2327;50,12;LULA;PT;2052;44,20;5.56;2052;27.0;46.9;50.1
sp;SÃO JOSÉ DO BARREIRO;São Paulo;Sudeste;-22.66052;-44.56504;3579;21.15;92;12;LULA;PT;1280;47,71;FLAVIO BOLSONARO;PL;1225;45,66;1.95;1225;23.9;40.8;50.7
sp;SÃO JOSÉ DO RIO PARDO;São Paulo;Sudeste;-21.60021;-46.89528;39191;23.78;955;120;FLAVIO BOLSONARO;PL;17402;62,00;LULA;PT;8042;28,65;31.33;8042;21.7;33.7;47.4
sp;SÃO JOSÉ DO RIO PRETO;São Paulo;Sudeste;-20.80138;-49.38113;344760;23.73;7193;1041;FLAVIO BOLSONARO;PL;156807;62,46;LULA;PT;71275;28,39;32.53;71275;21.8;28.2;45.6
sp;SÃO JOSÉ DOS CAMPOS;São Paulo;Sudeste;-23.20765;-45.87326;540217;18.75;10858;1561;FLAVIO BOLSONARO;PL;240721;57,35;LULA;PT;136451;32,51;23.76;136451;24.2;19.6;47.1
sp;SÃO JOÃO DA BOA VISTA;São Paulo;Sudeste;-21.97657;-46.79003;67128;21.35;1613;202;FLAVIO BOLSONARO;PL;30945;62,05;LULA;PT;14238;28,55;31.64;14238;22.1;29.2;47.0
sp;SÃO JOÃO DAS DUAS PONTES;São Paulo;Sudeste;-20.38805;-50.37935;2242;18.87;38;8;FLAVIO BOLSONARO;PL;850;48,88;LULA;PT;809;46,52;2.25;809;23.6;39.0;49.1
sp;SÃO JOÃO DE IRACEMA;São Paulo;Sudeste;-20.51502;-50.35267;1809;24.54;25;5;LULA;PT;637;48,22;FLAVIO BOLSONARO;PL;600;45,42;2.71;600;25.3;39.3;48.8
sp;SÃO JOÃO DO PAU D'ALHO;São Paulo;Sudeste;-21.26678;-51.66603;1906;20.3;29;8;FLAVIO BOLSONARO;PL;735;50,00;LULA;PT;640;43,54;6.25;640;20.3;39.0;50.5
sp;SÃO LOURENÇO DA SERRA;São Paulo;Sudeste;-23.85486;-46.94617;11946;21.8;324;40;FLAVIO BOLSONARO;PL;4372;50,03;LULA;PT;3548;40,60;8.82;3548;26.5;31.8;49.0
sp;SÃO LUÍS DO PARAITINGA;São Paulo;Sudeste;-23.22676;-45.29554;10204;21.0;257;30;FLAVIO BOLSONARO;PL;3899;51,15;LULA;PT;3105;40,74;9.85;3105;22.3;44.0;51.0
sp;SÃO MANUEL;São Paulo;Sudeste;-22.73926;-48.57443;29305;21.04;929;107;FLAVIO BOLSONARO;PL;13164;61,53;LULA;PT;6565;30,69;28.52;6565;24.3;32.4;48.3
sp;SÃO MIGUEL ARCANJO;São Paulo;Sudeste;-23.88648;-48.01031;24440;22.53;719;80;FLAVIO BOLSONARO;PL;10990;61,96;LULA;PT;5493;30,97;29.03;5493;25.2;43.9;49.5
sp;SÃO PAULO;São Paulo;Sudeste;-23.57435;-46.61181;9145124;23.39;278977;26683;LULA;PT;3052349;46,58;FLAVIO BOLSONARO;PL;2760747;42,13;4.16;2760747;24.1;26.6;45.7
sp;SÃO PEDRO;São Paulo;Sudeste;-22.55332;-47.90405;28554;25.36;596;91;FLAVIO BOLSONARO;PL;13897;68,32;LULA;PT;5034;24,75;41.58;5034;21.8;35.7;46.6
sp;SÃO PEDRO DO TURVO;São Paulo;Sudeste;-22.74892;-49.73967;5673;21.4;96;15;FLAVIO BOLSONARO;PL;2612;61,00;LULA;PT;1478;34,52;25.43;1478;25.1;44.6;49.6
sp;SÃO ROQUE;São Paulo;Sudeste;-23.54411;-47.12433;60260;22.39;1693;182;FLAVIO BOLSONARO;PL;23452;53,66;LULA;PT;15462;35,38;17.08;15462;23.8;28.8;47.5
sp;SÃO SEBASTIÃO;São Paulo;Sudeste;-23.77557;-45.51807;68037;22.54;1448;213;FLAVIO BOLSONARO;PL;25027;49,86;LULA;PT;21005;41,85;7.63;21005;26.4;28.3;48.1
sp;SÃO SEBASTIÃO DA GRAMA;São Paulo;Sudeste;-21.71043;-46.82711;8398;23.2;272;31;FLAVIO BOLSONARO;PL;3612;60,24;LULA;PT;1864;31,09;27.1;1864;22.4;41.0;48.6
sp;SÃO SIMÃO;São Paulo;Sudeste;-21.47316;-47.5645;11158;23.27;278;34;FLAVIO BOLSONARO;PL;4559;56,29;LULA;PT;2718;33,56;21.5;2718;23.2;29.9;48.1
sp;SÃO VICENTE;São Paulo;Sudeste;-23.96274;-46.41216;256025;26.18;5972;766;FLAVIO BOLSONARO;PL;87214;49,00;LULA;PT;73549;41,32;7.23;73549;25.4;34.2;45.7
sp;TABAPUÃ;São Paulo;Sudeste;-20.96191;-49.03085;8762;18.88;259;27;FLAVIO BOLSONARO;PL;4570;68,54;LULA;PT;1748;26,21;39.7;1748;21.6;40.2;48.8
sp;TABATINGA;São Paulo;Sudeste;-21.73361;-48.67602;10716;20.99;261;42;FLAVIO BOLSONARO;PL;4883;61,44;LULA;PT;2624;33,01;26.68;2624;24.1;46.1;49.7
sp;TABOÃO DA SERRA;São Paulo;Sudeste;-23.62436;-46.78565;212014;19.57;6196;599;LULA;PT;79435;49,63;FLAVIO BOLSONARO;PL;62653;39,15;9.84;62653;27.5;25.8;45.8
sp;TACIBA;São Paulo;Sudeste;-22.38905;-51.28786;5069;19.04;83;20;FLAVIO BOLSONARO;PL;2098;52,81;LULA;PT;1659;41,76;10.7;1659;23.0;37.9;48.0
sp;TAGUAÍ;São Paulo;Sudeste;-23.45501;-49.40546;9253;19.55;173;30;FLAVIO BOLSONARO;PL;4395;61,75;LULA;PT;2279;32,02;28.43;2279;26.0;43.0;47.0
sp;TAIAÇU;São Paulo;Sudeste;-21.14523;-48.51054;4509;20.36;101;15;FLAVIO BOLSONARO;PL;1901;56,14;LULA;PT;1319;38,95;16.21;1319;26.2;41.7;49.2
sp;TAIÚVA;São Paulo;Sudeste;-21.12327;-48.45075;4396;20.63;63;15;FLAVIO BOLSONARO;PL;2234;66,65;LULA;PT;893;26,64;38.44;893;21.8;35.3;49.4
sp;TAMBAÚ;São Paulo;Sudeste;-21.70052;-47.27004;15898;22.1;399;51;FLAVIO BOLSONARO;PL;6296;54,05;LULA;PT;4187;35,95;17.03;4187;22.9;39.2;47.8
sp;TANABI;São Paulo;Sudeste;-20.61079;-49.65113;19937;21.56;373;63;FLAVIO BOLSONARO;PL;9496;63,37;LULA;PT;4376;29,20;32.74;4376;20.7;38.5;48.4
sp;TAPIRATIBA;São Paulo;Sudeste;-21.47159;-46.74733;9228;19.46;315;29;FLAVIO BOLSONARO;PL;3626;52,44;LULA;PT;2707;39,15;12.37;2707;24.0;38.6;47.9
sp;TAPIRAÍ;São Paulo;Sudeste;-23.96174;-47.50483;6269;26.19;123;20;FLAVIO BOLSONARO;PL;2520;57,32;LULA;PT;1573;35,78;20.47;1573;26.7;42.6;48.5
sp;TAQUARAL;São Paulo;Sudeste;-21.0735;-48.41395;2275;18.51;45;7;FLAVIO BOLSONARO;PL;1078;60,73;LULA;PT;617;34,76;24.87;617;24.1;42.9;50.1
sp;TAQUARITINGA;São Paulo;Sudeste;-21.40832;-48.51304;38620;24.15;882;125;FLAVIO BOLSONARO;PL;16556;60,13;LULA;PT;8644;31,39;27.01;8644;22.4;34.4;47.3
sp;TAQUARITUBA;São Paulo;Sudeste;-23.53309;-49.24564;18080;20.94;383;64;FLAVIO BOLSONARO;PL;7881;58,63;LULA;PT;4667;34,72;22.48;4667;24.6;43.0;48.1
sp;TAQUARIVAÍ;São Paulo;Sudeste;-23.94409;-48.68707;5121;22.12;118;16;FLAVIO BOLSONARO;PL;2142;56,68;LULA;PT;1407;37,23;18.43;1407;28.9;45.6;49.8
sp;TARABAI;São Paulo;Sudeste;-22.30477;-51.5611;5176;20.6;113;17;FLAVIO BOLSONARO;PL;1937;49,21;LULA;PT;1742;44,26;4.74;1742;25.9;36.5;48.5
sp;TARUMÃ;São Paulo;Sudeste;-22.74857;-50.57852;11526;20.89;180;35;FLAVIO BOLSONARO;PL;5406;61,61;LULA;PT;2828;32,23;28.27;2828;25.3;33.4;48.8
sp;TATUÍ;São Paulo;Sudeste;-23.3518;-47.84896;88765;24.44;2847;245;FLAVIO BOLSONARO;PL;40608;65,19;LULA;PT;16465;26,43;36.0;16465;25.4;30.4;47.3
sp;TAUBATÉ;São Paulo;Sudeste;-23.02508;-45.56301;239956;23.14;5736;729;FLAVIO BOLSONARO;PL;104820;60,12;LULA;PT;50107;28,74;29.67;50107;23.1;27.8;46.5
sp;TEJUPÁ;São Paulo;Sudeste;-23.37208;-49.33565;3456;21.61;74;14;FLAVIO BOLSONARO;PL;1336;51,66;LULA;PT;1133;43,81;7.49;1133;27.3;50.5;50.9
sp;TEODORO SAMPAIO;São Paulo;Sudeste;-22.50606;-52.19294;17020;26.75;271;55;LULA;PT;5812;48,52;FLAVIO BOLSONARO;PL;5660;47,25;1.22;5660;25.3;34.0;47.9
sp;TERRA ROXA;São Paulo;Sudeste;-20.78867;-48.33134;6363;19.82;170;22;FLAVIO BOLSONARO;PL;2805;58,51;LULA;PT;1640;34,21;22.83;1640;23.4;36.9;50.3
sp;TIETÊ;São Paulo;Sudeste;-23.09876;-47.71337;29070;20.34;718;98;FLAVIO BOLSONARO;PL;14607;66,39;LULA;PT;5460;24,82;39.5;5460;23.7;32.1;48.4
sp;TIMBURI;São Paulo;Sudeste;-23.20494;-49.60656;2427;22.17;67;8;FLAVIO BOLSONARO;PL;1018;56,94;LULA;PT;648;36,24;19.59;648;20.5;43.4;49.5
sp;TORRE DE PEDRA;São Paulo;Sudeste;-23.24692;-48.1959;2545;21.89;69;9;FLAVIO BOLSONARO;PL;1242;65,96;LULA;PT;532;28,25;35.71;532;20.1;42.6;50.8
sp;TORRINHA;São Paulo;Sudeste;-22.43177;-48.17251;6691;20.24;153;21;FLAVIO BOLSONARO;PL;3581;71,33;LULA;PT;1150;22,91;45.55;1150;21.1;41.8;49.6
sp;TRABIJU;São Paulo;Sudeste;-22.04004;-48.33353;1649;20.86;35;5;FLAVIO BOLSONARO;PL;574;46,18;LULA;PT;574;46,18;0.0;574;27.2;37.9;49.0
sp;TREMEMBÉ;São Paulo;Sudeste;-22.96982;-45.55331;29627;20.11;687;102;FLAVIO BOLSONARO;PL;13500;60,13;LULA;PT;6688;29,79;28.78;6688;24.5;26.7;47.5
sp;TRÊS FRONTEIRAS;São Paulo;Sudeste;-20.23672;-50.88885;5256;23.12;126;17;FLAVIO BOLSONARO;PL;2292;60,36;LULA;PT;1274;33,55;25.19;1274;22.2;39.9;48.2
sp;TUIUTI;São Paulo;Sudeste;-22.81094;-46.69641;5542;21.09;151;16;FLAVIO BOLSONARO;PL;2803;68,13;LULA;PT;1041;25,30;40.29;1041;20.3;41.5;48.9
sp;TUPI PAULISTA;São Paulo;Sudeste;-21.38822;-51.5741;10833;22.57;212;41;FLAVIO BOLSONARO;PL;5227;64,96;LULA;PT;2263;28,13;35.34;2263;19.9;31.4;46.9
sp;TUPÃ;São Paulo;Sudeste;-21.93506;-50.51279;47261;23.83;928;162;FLAVIO BOLSONARO;PL;23559;68,56;LULA;PT;8245;23,99;42.54;8245;21.2;28.6;46.1
sp;TURIÚBA;São Paulo;Sudeste;-20.94975;-50.1057;1661;22.64;31;6;FLAVIO BOLSONARO;PL;821;66,00;LULA;PT;349;28,05;36.73;349;19.5;35.1;50.4
sp;TURMALINA;São Paulo;Sudeste;-20.06009;-50.47417;1955;23.27;59;7;FLAVIO BOLSONARO;PL;668;47,08;LULA;PT;627;44,19;2.73;627;21.2;38.0;48.9
sp;UBARANA;São Paulo;Sudeste;-21.16529;-49.7179;4496;23.49;99;14;FLAVIO BOLSONARO;PL;1824;55,63;LULA;PT;1268;38,67;16.16;1268;27.6;41.7;50.6
sp;UBATUBA;São Paulo;Sudeste;-23.44575;-45.09297;77900;24.69;1591;238;FLAVIO BOLSONARO;PL;33252;59,36;LULA;PT;18571;33,15;25.02;18571;24.9;28.7;48.0
sp;UBIRAJARA;São Paulo;Sudeste;-22.52759;-49.66068;3995;24.98;62;12;FLAVIO BOLSONARO;PL;1720;59,66;LULA;PT;1022;35,45;23.29;1022;25.8;42.0;51.9
sp;UCHOA;São Paulo;Sudeste;-20.95412;-49.17282;8307;22.58;236;29;FLAVIO BOLSONARO;PL;3605;59,68;LULA;PT;1932;31,98;26.01;1932;20.6;44.6;48.0
sp;UNIÃO PAULISTA;São Paulo;Sudeste;-20.88705;-49.897;1703;21.73;26;6;FLAVIO BOLSONARO;PL;735;56,84;LULA;PT;509;39,37;16.95;509;27.8;43.6;51.1
sp;URU;São Paulo;Sudeste;-21.78589;-49.28209;1622;23.86;43;5;FLAVIO BOLSONARO;PL;785;66,75;LULA;PT;320;27,21;37.65;320;19.5;39.4;49.4
sp;URUPÊS;São Paulo;Sudeste;-21.20207;-49.28416;10624;21.49;201;33;FLAVIO BOLSONARO;PL;5613;70,53;LULA;PT;1932;24,28;44.13;1932;21.1;38.6;48.4
sp;URÂNIA;São Paulo;Sudeste;-20.24491;-50.64579;6898;18.98;166;27;FLAVIO BOLSONARO;PL;3425;64,79;LULA;PT;1590;30,08;32.83;1590;21.2;38.2;48.1
sp;VALENTIM GENTIL;São Paulo;Sudeste;-20.42445;-50.08472;10146;19.32;219;31;FLAVIO BOLSONARO;PL;4987;63,85;LULA;PT;2349;30,07;32.23;2349;24.6;37.8;48.4
sp;VALINHOS;São Paulo;Sudeste;-22.96839;-46.99516;94676;18.9;2192;276;FLAVIO BOLSONARO;PL;44022;60,17;LULA;PT;21448;29,32;29.4;21448;22.4;22.5;47.8
sp;VALPARAÍSO;São Paulo;Sudeste;-21.22389;-50.86883;15952;29.54;248;44;FLAVIO BOLSONARO;PL;6772;62,80;LULA;PT;3446;31,96;29.59;3446;24.5;32.7;48.8
sp;VARGEM;São Paulo;Sudeste;-22.89073;-46.41707;6582;22.01;201;20;FLAVIO BOLSONARO;PL;3066;63,95;LULA;PT;1294;26,99;34.52;1294;23.8;41.8;49.3
sp;VARGEM GRANDE DO SUL;São Paulo;Sudeste;-21.83502;-46.89802;30430;23.26;671;93;FLAVIO BOLSONARO;PL;13918;63,56;LULA;PT;6003;27,41;33.89;6003;23.8;42.9;47.7
sp;VARGEM GRANDE PAULISTA;São Paulo;Sudeste;-23.61463;-47.01375;42997;22.47;1034;128;FLAVIO BOLSONARO;PL;16390;52,08;LULA;PT;11594;36,84;14.39;11594;26.4;29.7;47.9
sp;VERA CRUZ;São Paulo;Sudeste;-22.22243;-49.82084;7886;21.71;225;25;FLAVIO BOLSONARO;PL;3683;63,22;LULA;PT;1792;30,76;30.63;1792;23.2;30.3;47.8
sp;VINHEDO;São Paulo;Sudeste;-23.02995;-46.9876;65669;21.48;1297;172;FLAVIO BOLSONARO;PL;30691;62,25;LULA;PT;13483;27,35;33.37;13483;22.5;23.7;47.5
sp;VIRADOURO;São Paulo;Sudeste;-20.86899;-48.29583;13103;18.21;288;47;FLAVIO BOLSONARO;PL;6811;66,83;LULA;PT;2700;26,49;38.36;2700;25.3;34.7;48.9
sp;VISTA ALEGRE DO ALTO;São Paulo;Sudeste;-21.17407;-48.62922;5990;21.7;145;20;FLAVIO BOLSONARO;PL;2747;62,19;LULA;PT;1404;31,79;28.64;1404;26.7;41.1;49.5
sp;VITÓRIA BRASIL;São Paulo;Sudeste;-20.19603;-50.48477;1673;14.35;42;7;FLAVIO BOLSONARO;PL;813;59,91;LULA;PT;493;36,33;22.33;493;21.5;39.9;49.2
sp;VOTORANTIM;São Paulo;Sudeste;-23.54773;-47.45029;92608;22.97;2399;282;FLAVIO BOLSONARO;PL;38477;57,27;LULA;PT;22000;32,75;23.1;22000;26.2;25.6;47.6
sp;VOTUPORANGA;São Paulo;Sudeste;-20.41781;-49.97334;68927;21.04;1622;243;FLAVIO BOLSONARO;PL;34199;66,00;LULA;PT;13875;26,78;37.34;13875;22.1;29.0;46.9
sp;VÁRZEA PAULISTA;São Paulo;Sudeste;-23.21098;-46.83277;84729;21.39;2476;255;FLAVIO BOLSONARO;PL;35108;56,21;LULA;PT;21261;34,04;20.79;21261;27.3;31.4;48.1
sp;ZACARIAS;São Paulo;Sudeste;-21.05134;-50.05119;2570;23.85;65;8;FLAVIO BOLSONARO;PL;1157;62,20;LULA;PT;621;33,39;27.39;621;19.9;39.4;49.8
sp;ÁGUAS DA PRATA;São Paulo;Sudeste;-21.91516;-46.71748;5911;20.01;140;19;FLAVIO BOLSONARO;PL;2743;60,97;LULA;PT;1387;30,83;28.68;1387;18.8;35.7;48.7
sp;ÁGUAS DE LINDÓIA;São Paulo;Sudeste;-22.47779;-46.61263;14061;18.16;394;48;FLAVIO BOLSONARO;PL;7494;68,85;LULA;PT;2614;24,02;42.41;2614;21.4;37.3;47.2
sp;ÁGUAS DE SANTA BÁRBARA;São Paulo;Sudeste;-22.88342;-49.24037;5392;25.61;138;15;FLAVIO BOLSONARO;PL;2545;66,85;LULA;PT;1024;26,90;37.92;1024;22.4;30.0;48.7
sp;ÁGUAS DE SÃO PEDRO;São Paulo;Sudeste;-22.60261;-47.8755;4335;23.02;83;13;FLAVIO BOLSONARO;PL;2037;63,36;LULA;PT;904;28,12;33.95;904;16.9;18.8;45.4
sp;ÁLVARES FLORENCE;São Paulo;Sudeste;-20.30142;-49.90172;3612;20.4;74;13;FLAVIO BOLSONARO;PL;1819;66,41;LULA;PT;800;29,21;35.44;800;18.0;41.7;50.7
sp;ÁLVARES MACHADO;São Paulo;Sudeste;-22.0808;-51.46436;17955;20.22;386;58;FLAVIO BOLSONARO;PL;8267;60,81;LULA;PT;4420;32,51;26.86;4420;25.0;32.9;47.3
sp;ÁLVARO DE CARVALHO;São Paulo;Sudeste;-22.08025;-49.71937;2756;24.93;107;10;FLAVIO BOLSONARO;PL;1024;54,15;LULA;PT;762;40,30;12.66;762;25.1;40.5;49.0
sp;ÓLEO;São Paulo;Sudeste;-22.95459;-49.37231;2420;20.29;54;10;FLAVIO BOLSONARO;PL;1129;61,39;LULA;PT;566;30,78;29.19;566;23.5;41.8;51.3
to;ABREULÂNDIA;Tocantins;Norte;-9.5877;-49.19846;2525;19.33;52;10;FLAVIO BOLSONARO;PL;1013;51,37;LULA;PT;884;44,83;6.33;884;27.8;45.6;53.9
to;AGUIARNÓPOLIS;Tocantins;Norte;-6.55917;-47.47914;3952;19.99;94;15;LULA;PT;1660;54,46;FLAVIO BOLSONARO;PL;1221;40,06;13.88;1221;30.1;45.0;51.2
to;ALIANÇA DO TOCANTINS;Tocantins;Norte;-11.30413;-48.93959;4304;20.54;93;18;FLAVIO BOLSONARO;PL;1738;52,79;LULA;PT;1361;41,34;11.02;1361;25.7;43.7;49.6
to;ALMAS;Tocantins;Norte;-11.57085;-47.17018;5592;19.38;169;23;LULA;PT;2446;56,88;FLAVIO BOLSONARO;PL;1590;36,98;18.99;1590;29.3;44.0;51.1
to;ALVORADA;Tocantins;Norte;-12.47987;-49.12467;8052;22.88;194;31;FLAVIO BOLSONARO;PL;3557;59,53;LULA;PT;2101;35,16;23.45;2101;27.5;39.9;48.1
to;ANANÁS;Tocantins;Norte;-6.36394;-48.08805;7593;16.48;169;32;LULA;PT;3337;54,54;FLAVIO BOLSONARO;PL;2493;40,75;13.31;2493;28.8;43.7;49.7
to;ANGICO;Tocantins;Norte;-6.41805;-47.88788;2806;18.92;49;11;LULA;PT;1101;49,77;FLAVIO BOLSONARO;PL;985;44,53;5.1;985;25.8;45.4;52.6
to;APARECIDA DO RIO NEGRO;Tocantins;Norte;-9.95289;-47.97662;4670;14.22;109;18;FLAVIO BOLSONARO;PL;1997;51,60;LULA;PT;1683;43,49;7.84;1683;27.5;40.0;51.2
to;ARAGOMINAS;Tocantins;Norte;-7.00395;-48.62324;4450;18.07;99;20;LULA;PT;1882;53,48;FLAVIO BOLSONARO;PL;1484;42,17;10.92;1484;24.7;55.0;53.5
to;ARAGUACEMA;Tocantins;Norte;-8.84098;-49.52357;5135;20.76;139;20;LULA;PT;2084;53,31;FLAVIO BOLSONARO;PL;1647;42,13;10.74;1647;26.9;42.5;52.6
to;ARAGUANÃ;Tocantins;Norte;-6.64796;-48.61797;3552;17.82;71;16;FLAVIO BOLSONARO;PL;1397;49,24;LULA;PT;1321;46,56;2.6;1321;28.8;49.3;51.1
to;ARAGUATINS;Tocantins;Norte;-5.66556;-48.12925;22359;20.85;578;84;LULA;PT;8731;51,46;FLAVIO BOLSONARO;PL;7176;42,30;8.79;7176;29.2;42.0;49.7
to;ARAGUAÇU;Tocantins;Norte;-12.92873;-49.82516;6645;21.16;158;25;FLAVIO BOLSONARO;PL;3585;70,96;LULA;PT;1177;23,30;45.96;1177;24.3;41.2;50.0
to;ARAGUAÍNA;Tocantins;Norte;-7.19413;-48.2165;124170;16.71;2753;416;FLAVIO BOLSONARO;PL;57270;57,55;LULA;PT;35210;35,38;21.33;35210;29.9;27.2;45.6
to;ARAPOEMA;Tocantins;Norte;-7.66231;-49.04723;4628;21.93;126;21;FLAVIO BOLSONARO;PL;1658;47,91;LULA;PT;1638;47,33;0.55;1638;27.2;45.9;51.6
to;ARRAIAS;Tocantins;Norte;-12.92997;-46.94384;8201;24.13;276;34;LULA;PT;3928;66,52;FLAVIO BOLSONARO;PL;1650;27,94;36.61;1650;25.7;43.3;50.4
to;AUGUSTINÓPOLIS;Tocantins;Norte;-5.47132;-47.89036;13639;19.78;372;47;LULA;PT;5553;53,07;FLAVIO BOLSONARO;PL;4391;41,96;10.62;4391;29.7;41.1;48.0
to;AURORA DO TOCANTINS;Tocantins;Norte;-12.71364;-46.40914;3314;21.58;139;13;LULA;PT;1288;52,90;FLAVIO BOLSONARO;PL;990;40,66;11.47;990;23.8;45.1;50.9
to;AXIXÁ DO TOCANTINS;Tocantins;Norte;-5.61702;-47.7679;9184;18.34;259;39;LULA;PT;3979;55,36;FLAVIO BOLSONARO;PL;2982;41,49;13.29;2982;29.0;45.3;49.0
to;BABAÇULÂNDIA;Tocantins;Norte;-7.25401;-47.74261;6651;15.11;192;31;LULA;PT;3268;60,59;FLAVIO BOLSONARO;PL;1916;35,52;23.95;1916;25.5;47.0;53.7
to;BANDEIRANTES DO TOCANTINS;Tocantins;Norte;-7.76774;-48.59017;2799;14.65;46;13;FLAVIO BOLSONARO;PL;1308;56,16;LULA;PT;906;38,90;16.83;906;30.8;44.4;52.5
to;BARRA DO OURO;Tocantins;Norte;-7.72049;-47.61713;4021;18.8;131;14;LULA;PT;1758;56,42;FLAVIO BOLSONARO;PL;1263;40,53;15.16;1263;30.4;49.7;53.8
to;BARROLÂNDIA;Tocantins;Norte;-9.83715;-48.72693;4903;16.72;111;18;FLAVIO BOLSONARO;PL;2004;50,99;LULA;PT;1710;43,51;7.2;1710;24.9;46.7;51.1
to;BERNARDO SAYÃO;Tocantins;Norte;-7.91471;-48.93393;3604;16.7;91;17;FLAVIO BOLSONARO;PL;1602;55,39;LULA;PT;1155;39,94;14.89;1155;24.3;47.6;51.6
to;BOM JESUS DO TOCANTINS;Tocantins;Norte;-8.9689;-48.14308;3672;14.98;104;15;FLAVIO BOLSONARO;PL;1483;49,48;LULA;PT;1390;46,38;2.98;1390;31.6;42.5;52.3
to;BRASILÂNDIA DO TOCANTINS;Tocantins;Norte;-8.37002;-48.48131;1994;16.45;58;10;FLAVIO BOLSONARO;PL;762;47,71;LULA;PT;752;47,09;0.6;752;28.2;47.1;51.9
to;BREJINHO DE NAZARÉ;Tocantins;Norte;-10.99907;-48.55335;4228;17.15;116;16;LULA;PT;1612;48,00;FLAVIO BOLSONARO;PL;1562;46,52;1.43;1562;25.9;38.8;50.6
to;BURITI DO TOCANTINS;Tocantins;Norte;-5.3245;-48.20945;6689;17.37;180;24;LULA;PT;2793;52,56;FLAVIO BOLSONARO;PL;2296;43,21;8.99;2296;29.3;46.0;50.0
to;CACHOEIRINHA;Tocantins;Norte;-6.11408;-47.91635;2029;18.14;36;8;LULA;PT;968;59,83;FLAVIO BOLSONARO;PL;553;34,18;24.98;553;31.0;37.2;52.9
to;CAMPOS LINDOS;Tocantins;Norte;-8.00654;-46.81104;6887;17.09;182;25;LULA;PT;2712;49,36;FLAVIO BOLSONARO;PL;2434;44,30;4.87;2434;35.4;50.6;52.8
to;CARIRI DO TOCANTINS;Tocantins;Norte;-11.89031;-49.16261;3798;19.77;78;12;FLAVIO BOLSONARO;PL;1621;54,95;LULA;PT;1184;40,14;14.34;1184;26.5;42.5;50.9
to;CARMOLÂNDIA;Tocantins;Norte;-7.03597;-48.39512;2413;18.23;63;8;LULA;PT;998;52,55;FLAVIO BOLSONARO;PL;809;42,60;9.58;809;28.2;49.1;52.0
to;CARRASCO BONITO;Tocantins;Norte;-5.36192;-48.02736;3567;21.31;114;14;LULA;PT;1575;58,86;FLAVIO BOLSONARO;PL;1031;38,53;19.38;1031;32.4;47.6;53.0
to;CASEARA;Tocantins;Norte;-9.27329;-49.95735;3951;17.82;93;13;FLAVIO BOLSONARO;PL;1518;48,41;LULA;PT;1470;46,88;1.48;1470;28.6;40.7;51.8
to;CENTENÁRIO;Tocantins;Norte;-8.95653;-47.33277;1930;17.51;58;8;LULA;PT;858;56,15;FLAVIO BOLSONARO;PL;599;39,20;16.27;599;25.9;52.3;55.7
to;CHAPADA DA NATIVIDADE;Tocantins;Norte;-11.61429;-47.75036;3103;20.05;104;12;LULA;PT;1550;65,79;FLAVIO BOLSONARO;PL;688;29,20;34.74;688;28.6;47.9;53.4
to;CHAPADA DE AREIA;Tocantins;Norte;-10.14261;-49.17872;2545;20.94;38;9;FLAVIO BOLSONARO;PL;1063;54,15;LULA;PT;767;39,07;14.71;767;24.9;44.3;55.7
to;COLINAS DO TOCANTINS;Tocantins;Norte;-8.05609;-48.47915;25353;20.23;499;91;FLAVIO BOLSONARO;PL;11628;59,57;LULA;PT;6858;35,13;23.59;6858;28.4;38.7;47.0
to;COLMÉIA;Tocantins;Norte;-8.72972;-48.75743;6526;16.96;176;29;FLAVIO BOLSONARO;PL;3168;60,96;LULA;PT;1803;34,69;25.19;1803;24.5;45.1;49.9
to;COMBINADO;Tocantins;Norte;-12.8157;-46.54814;3892;16.16;109;14;FLAVIO BOLSONARO;PL;1548;49,54;LULA;PT;1339;42,85;6.41;1339;24.3;42.1;49.1
to;CONCEIÇÃO DO TOCANTINS;Tocantins;Norte;-12.21932;-47.29413;3643;25.47;132;16;LULA;PT;1636;63,71;FLAVIO BOLSONARO;PL;781;30,41;31.49;781;28.3;49.6;51.3
to;COUTO MAGALHÃES;Tocantins;Norte;-8.35712;-49.18781;4816;20.2;95;18;LULA;PT;1989;53,35;FLAVIO BOLSONARO;PL;1624;43,56;9.5;1624;25.7;52.0;51.6
to;CRISTALÂNDIA;Tocantins;Norte;-10.59923;-49.19531;5530;18.34;98;23;FLAVIO BOLSONARO;PL;2327;52,91;LULA;PT;1834;41,70;10.92;1834;23.2;41.8;50.5
to;CRIXÁS DO TOCANTINS;Tocantins;Norte;-11.10339;-48.91864;1827;19.76;37;7;FLAVIO BOLSONARO;PL;679;47,75;LULA;PT;679;47,75;0.0;679;26.3;43.8;52.5
to;DARCINÓPOLIS;Tocantins;Norte;-6.71894;-47.75677;4743;19.29;102;17;LULA;PT;1929;52,09;FLAVIO BOLSONARO;PL;1600;43,21;8.59;1600;28.8;52.3;50.7
to;DIANÓPOLIS;Tocantins;Norte;-11.62833;-46.82078;13191;20.28;382;51;LULA;PT;5368;53,63;FLAVIO BOLSONARO;PL;3935;39,31;13.63;3935;28.9;36.4;49.2
to;DIVINÓPOLIS DO TOCANTINS;Tocantins;Norte;-9.80103;-49.21154;5779;19.1;170;22;FLAVIO BOLSONARO;PL;2153;48,22;LULA;PT;2086;46,72;1.43;2086;24.8;44.7;49.9
to;DOIS IRMÃOS DO TOCANTINS;Tocantins;Norte;-9.25707;-49.06534;5082;19.32;143;18;LULA;PT;1986;50,50;FLAVIO BOLSONARO;PL;1712;43,53;6.68;1712;22.4;52.3;53.0
to;DUERÉ;Tocantins;Norte;-11.34156;-49.2691;3669;19.16;77;17;LULA;PT;1352;47,19;FLAVIO BOLSONARO;PL;1307;45,62;1.52;1307;25.8;42.3;52.8
to;ESPERANTINA;Tocantins;Norte;-5.34521;-48.51008;6625;21.22;159;24;LULA;PT;3289;65,45;FLAVIO BOLSONARO;PL;1521;30,27;33.88;1521;30.3;52.5;51.7
to;FIGUEIRÓPOLIS;Tocantins;Norte;-12.13802;-49.16798;4679;20.43;88;18;FLAVIO BOLSONARO;PL;2037;56,43;LULA;PT;1365;37,81;18.05;1365;24.5;43.2;50.3
to;FILADÉLFIA;Tocantins;Norte;-7.39776;-47.64468;6244;19.47;158;29;LULA;PT;2649;54,81;FLAVIO BOLSONARO;PL;1965;40,66;13.6;1965;25.8;47.1;52.8
to;FORMOSO DO ARAGUAIA;Tocantins;Norte;-11.80135;-49.56546;14141;21.03;277;59;FLAVIO BOLSONARO;PL;6319;58,48;LULA;PT;4014;37,15;20.64;4014;26.6;44.1;50.7
to;FÁTIMA;Tocantins;Norte;-10.75822;-48.90414;3389;19.8;69;12;FLAVIO BOLSONARO;PL;1482;56,59;LULA;PT;1010;38,56;17.37;1010;27.7;38.9;50.9
to;GOIANORTE;Tocantins;Norte;-8.76957;-48.91442;4496;16.66;86;18;FLAVIO BOLSONARO;PL;1893;52,01;LULA;PT;1516;41,65;10.06;1516;27.7;51.8;52.7
to;GOIATINS;Tocantins;Norte;-7.96156;-47.42059;8809;16.98;277;34;LULA;PT;4537;64,93;FLAVIO BOLSONARO;PL;2163;30,95;32.46;2163;30.3;48.3;52.4
to;GUARAÍ;Tocantins;Norte;-8.83955;-48.50846;17602;17.03;418;64;FLAVIO BOLSONARO;PL;7851;55,78;LULA;PT;5367;38,13;17.01;5367;26.4;36.2;48.2
to;GURUPI;Tocantins;Norte;-11.72767;-49.06766;61239;19.76;1154;218;FLAVIO BOLSONARO;PL;28803;60,74;LULA;PT;15383;32,44;27.31;15383;27.0;27.9;46.4
to;IPUEIRAS;Tocantins;Norte;-11.16773;-48.43865;1997;19.73;37;8;LULA;PT;965;61,98;FLAVIO BOLSONARO;PL;527;33,85;27.32;527;25.9;40.8;53.8
to;ITACAJÁ;Tocantins;Norte;-8.41657;-47.73792;5446;15.31;132;22;LULA;PT;2542;57,11;FLAVIO BOLSONARO;PL;1737;39,02;17.45;1737;29.0;42.3;50.5
to;ITAGUATINS;Tocantins;Norte;-5.76886;-47.52206;4717;17.53;126;25;LULA;PT;2252;60,17;FLAVIO BOLSONARO;PL;1330;35,53;23.7;1330;25.4;49.7;52.3
to;ITAPIRATINS;Tocantins;Norte;-8.38795;-48.1036;3403;15.57;108;12;LULA;PT;1439;52,35;FLAVIO BOLSONARO;PL;1106;40,23;11.59;1106;28.5;52.1;53.3
to;ITAPORÃ DO TOCANTINS;Tocantins;Norte;-8.57391;-48.69051;2703;17.35;44;10;FLAVIO BOLSONARO;PL;1055;48,53;LULA;PT;1022;47,01;1.48;1022;29.2;45.6;52.7
to;JAÚ DO TOCANTINS;Tocantins;Norte;-12.74208;-48.59497;3092;21.28;71;14;FLAVIO BOLSONARO;PL;1165;49,72;LULA;PT;1083;46,22;3.37;1083;22.0;51.8;52.3
to;JUARINA;Tocantins;Norte;-8.12078;-49.09531;2277;17.92;44;10;LULA;PT;901;49,83;FLAVIO BOLSONARO;PL;812;44,91;4.76;812;26.9;51.2;52.4
to;LAGOA DA CONFUSÃO;Tocantins;Norte;-10.91561;-49.7969;10221;19.43;128;37;FLAVIO BOLSONARO;PL;4535;56,15;LULA;PT;3194;39,54;16.28;3194;30.9;42.1;50.2
to;LAGOA DO TOCANTINS;Tocantins;Norte;-10.29735;-47.56497;3307;16.12;104;15;LULA;PT;1443;54,43;FLAVIO BOLSONARO;PL;1060;39,98;13.81;1060;31.4;44.0;52.9
to;LAJEADO;Tocantins;Norte;-9.78334;-48.34236;3504;18.86;49;18;FLAVIO BOLSONARO;PL;1432;51,64;LULA;PT;1187;42,81;8.62;1187;26.5;34.0;50.6
to;LAVANDEIRA;Tocantins;Norte;-12.78746;-46.50521;2002;17.38;64;7;LULA;PT;807;51,17;FLAVIO BOLSONARO;PL;630;39,95;10.7;630;26.5;42.9;52.0
to;LIZARDA;Tocantins;Norte;-9.51615;-46.77969;3099;23.14;124;15;LULA;PT;1412;62,92;FLAVIO BOLSONARO;PL;727;32,40;28.76;727;29.2;47.6;54.2
to;LUZINÓPOLIS;Tocantins;Norte;-6.19044;-47.85322;2601;15.57;92;10;LULA;PT;1109;52,99;FLAVIO BOLSONARO;PL;870;41,57;10.88;870;27.7;43.7;51.4
to;MARIANÓPOLIS DO TOCANTINS;Tocantins;Norte;-9.75965;-49.71403;3803;19.91;92;16;FLAVIO BOLSONARO;PL;1528;52,24;LULA;PT;1265;43,25;8.63;1265;25.8;48.3;52.1
to;MATEIROS;Tocantins;Norte;-10.52797;-46.4063;2000;20.6;52;10;LULA;PT;984;64,61;FLAVIO BOLSONARO;PL;494;32,44;30.86;494;32.7;43.3;52.2
to;MAURILÂNDIA DO TOCANTINS;Tocantins;Norte;-5.95035;-47.5104;3586;18.93;111;14;LULA;PT;1869;67,28;FLAVIO BOLSONARO;PL;786;28,29;37.25;786;29.9;51.3;52.8
to;MIRACEMA DO TOCANTINS;Tocantins;Norte;-9.5891;-48.40971;14418;19.33;370;65;LULA;PT;5810;52,09;FLAVIO BOLSONARO;PL;4603;41,27;10.38;4603;27.0;37.2;48.6
to;MIRANORTE;Tocantins;Norte;-9.5356;-48.59008;10079;18.57;264;38;FLAVIO BOLSONARO;PL;4303;54,62;LULA;PT;3139;39,85;14.18;3139;26.5;43.4;49.1
to;MONTE DO CARMO;Tocantins;Norte;-10.79511;-48.10983;5125;20.7;119;23;LULA;PT;1977;50,43;FLAVIO BOLSONARO;PL;1709;43,60;6.59;1709;26.3;46.4;52.2
to;MONTE SANTO DO TOCANTINS;Tocantins;Norte;-9.98459;-49.02192;2559;19.27;59;10;FLAVIO BOLSONARO;PL;1199;60,28;LULA;PT;702;35,29;24.06;702;22.5;46.4;55.5
to;MURICILÂNDIA;Tocantins;Norte;-7.14037;-48.61089;2874;17.71;62;11;LULA;PT;1254;54,71;FLAVIO BOLSONARO;PL;939;40,97;13.32;939;30.8;47.2;53.2
to;NATIVIDADE;Tocantins;Norte;-11.72463;-47.71012;6806;21.33;225;30;LULA;PT;2522;49,57;FLAVIO BOLSONARO;PL;2187;42,98;6.26;2187;25.6;42.2;50.4
to;NAZARÉ;Tocantins;Norte;-6.35064;-47.73034;4125;15.76;109;15;LULA;PT;2150;64,39;FLAVIO BOLSONARO;PL;968;28,99;34.01;968;25.7;43.3;51.7
to;NOVA OLINDA;Tocantins;Norte;-7.63684;-48.40645;8132;17.27;214;33;LULA;PT;3104;48,08;FLAVIO BOLSONARO;PL;3064;47,46;0.59;3064;27.6;44.1;51.0
to;NOVA ROSALÂNDIA;Tocantins;Norte;-10.56633;-48.91235;2880;16.22;63;10;FLAVIO BOLSONARO;PL;1312;56,24;LULA;PT;901;38,62;17.03;901;25.6;34.2;50.7
to;NOVO ACORDO;Tocantins;Norte;-9.97495;-47.68408;4119;17.33;123;16;FLAVIO BOLSONARO;PL;1598;49,02;LULA;PT;1507;46,23;2.67;1507;30.1;43.3;52.8
to;NOVO ALEGRE;Tocantins;Norte;-12.91773;-46.57674;2099;22.39;83;7;LULA;PT;820;53,52;FLAVIO BOLSONARO;PL;572;37,34;15.22;572;24.3;38.0;52.3
to;NOVO JARDIM;Tocantins;Norte;-11.81066;-46.63918;2344;22.4;63;10;LULA;PT;1034;59,26;FLAVIO BOLSONARO;PL;614;35,19;23.09;614;30.2;47.6;53.3
to;OLIVEIRA DE FÁTIMA;Tocantins;Norte;-10.71048;-48.90637;1692;18.26;28;6;FLAVIO BOLSONARO;PL;657;48,81;LULA;PT;632;46,95;1.81;632;28.0;41.2;52.0
to;PALMAS;Tocantins;Norte;-10.2509;-48.31217;219783;16.63;3468;673;FLAVIO BOLSONARO;PL;103652;58,26;LULA;PT;59524;33,45;24.08;59524;31.1;17.4;46.7
to;PALMEIRANTE;Tocantins;Norte;-7.88741;-48.01568;4317;17.58;118;19;LULA;PT;1886;55,16;FLAVIO BOLSONARO;PL;1367;39,98;14.59;1367;25.8;53.6;55.0
to;PALMEIRAS DO TOCANTINS;Tocantins;Norte;-6.61315;-47.58821;4232;18.76;96;16;LULA;PT;1841;55,47;FLAVIO BOLSONARO;PL;1336;40,25;14.69;1336;27.0;47.4;51.2
to;PALMEIRÓPOLIS;Tocantins;Norte;-13.04185;-48.41081;6163;19.1;154;22;FLAVIO BOLSONARO;PL;2777;57,95;LULA;PT;1716;35,81;21.28;1716;24.6;43.4;48.8
to;PARANÃ;Tocantins;Norte;-12.68012;-47.83505;8577;24.95;349;34;LULA;PT;4160;68,66;FLAVIO BOLSONARO;PL;1562;25,78;40.36;1562;26.5;51.7;51.4
to;PARAÍSO DO TOCANTINS;Tocantins;Norte;-10.17939;-48.88935;36056;18.97;707;135;FLAVIO BOLSONARO;PL;19188;68,10;LULA;PT;7337;26,04;40.56;7337;27.0;30.4;46.6
to;PAU D'ARCO;Tocantins;Norte;-7.52965;-49.24673;3551;18.42;75;16;LULA;PT;1333;47,49;FLAVIO BOLSONARO;PL;1331;47,42;0.07;1331;27.5;51.0;52.2
to;PEDRO AFONSO;Tocantins;Norte;-9.01463;-48.15591;10799;18.91;250;47;FLAVIO BOLSONARO;PL;4586;54,32;LULA;PT;3415;40,45;13.37;3415;29.4;32.9;49.6
to;PEIXE;Tocantins;Norte;-11.99015;-48.56087;7284;21.1;186;30;LULA;PT;3189;57,64;FLAVIO BOLSONARO;PL;2029;36,67;20.18;2029;22.9;47.0;51.0
to;PEQUIZEIRO;Tocantins;Norte;-8.53318;-48.92741;4371;16.84;87;16;LULA;PT;1786;50,62;FLAVIO BOLSONARO;PL;1616;45,80;4.68;1616;27.2;46.9;51.6
to;PINDORAMA DO TOCANTINS;Tocantins;Norte;-11.13699;-47.5786;3710;19.08;113;16;LULA;PT;1463;50,87;FLAVIO BOLSONARO;PL;1283;44,61;6.0;1283;25.3;46.5;52.1
to;PIRAQUÊ;Tocantins;Norte;-6.80028;-48.28241;2394;18.3;44;12;LULA;PT;983;51,57;FLAVIO BOLSONARO;PL;826;43,34;8.03;826;25.4;46.3;56.0
to;PIUM;Tocantins;Norte;-10.39331;-49.3508;5965;21.11;115;23;FLAVIO BOLSONARO;PL;2519;55,19;LULA;PT;1825;39,99;14.75;1825;26.6;43.0;51.9
to;PONTE ALTA DO BOM JESUS;Tocantins;Norte;-12.08726;-46.50962;3642;19.77;105;14;LULA;PT;1609;57,51;FLAVIO BOLSONARO;PL;1014;36,24;20.36;1014;24.3;53.7;52.1
to;PONTE ALTA DO TOCANTINS;Tocantins;Norte;-10.75334;-47.53947;5628;19.55;170;24;FLAVIO BOLSONARO;PL;2221;51,34;LULA;PT;1852;42,81;8.15;1852;26.0;45.4;53.0
to;PORTO ALEGRE DO TOCANTINS;Tocantins;Norte;-11.60956;-47.0493;2639;21.6;71;12;LULA;PT;1140;57,66;FLAVIO BOLSONARO;PL;705;35,66;21.02;705;30.2;44.8;51.8
to;PORTO NACIONAL;Tocantins;Norte;-10.60663;-48.41881;47070;17.88;965;166;FLAVIO BOLSONARO;PL;18594;49,83;LULA;PT;16193;43,40;6.21;16193;27.9;29.3;47.9
to;PRAIA NORTE;Tocantins;Norte;-5.41892;-47.77709;5873;20.93;155;24;LULA;PT;2766;62,14;FLAVIO BOLSONARO;PL;1475;33,14;27.8;1475;30.5;47.1;50.4
to;PRESIDENTE KENNEDY;Tocantins;Norte;-8.5325;-48.50214;2825;16.71;93;12;FLAVIO BOLSONARO;PL;1067;47,57;LULA;PT;1051;46,86;0.68;1051;28.0;40.9;50.6
to;PUGMIL;Tocantins;Norte;-10.42525;-48.89437;2328;17.4;41;9;FLAVIO BOLSONARO;PL;1038;55,51;LULA;PT;743;39,73;15.34;743;28.8;40.3;51.5
to;RECURSOLÂNDIA;Tocantins;Norte;-8.7369;-47.24197;2936;15.36;47;12;LULA;PT;1591;65,53;FLAVIO BOLSONARO;PL;760;31,30;33.44;760;29.9;55.1;54.5
to;RIACHINHO;Tocantins;Norte;-6.46733;-48.11309;3503;16.39;60;16;LULA;PT;1535;53,75;FLAVIO BOLSONARO;PL;1220;42,72;10.75;1220;27.5;51.2;52.6
to;RIO DA CONCEIÇÃO;Tocantins;Norte;-11.39958;-46.88377;2139;26.13;46;9;LULA;PT;894;58,85;FLAVIO BOLSONARO;PL;527;34,69;23.23;527;33.9;40.2;51.7
to;RIO DOS BOIS;Tocantins;Norte;-9.34256;-48.53592;2668;18.89;76;10;LULA;PT;1142;55,04;FLAVIO BOLSONARO;PL;840;40,48;13.96;840;28.1;52.4;51.7
to;RIO SONO;Tocantins;Norte;-9.4643;-47.78588;4294;13.81;68;19;LULA;PT;1783;49,29;FLAVIO BOLSONARO;PL;1690;46,72;2.51;1690;26.5;47.7;54.0
to;SAMPAIO;Tocantins;Norte;-5.35158;-47.88255;4157;24.49;123;14;LULA;PT;1927;64,47;FLAVIO BOLSONARO;PL;966;32,32;30.61;966;32.1;48.1;51.1
to;SANDOLÂNDIA;Tocantins;Norte;-12.49964;-49.90469;3566;22.35;86;15;FLAVIO BOLSONARO;PL;1523;57,00;LULA;PT;1002;37,50;18.82;1002;24.7;49.3;52.7
to;SANTA FÉ DO ARAGUAIA;Tocantins;Norte;-7.13523;-48.75526;5526;18.08;144;22;LULA;PT;2164;49,60;FLAVIO BOLSONARO;PL;2038;46,71;2.78;2038;29.8;47.4;50.0
to;SANTA MARIA DO TOCANTINS;Tocantins;Norte;-8.77553;-47.74612;2546;17.91;50;11;FLAVIO BOLSONARO;PL;1050;51,57;LULA;PT;897;44,06;7.32;897;25.1;47.0;54.3
to;SANTA RITA DO TOCANTINS;Tocantins;Norte;-10.92915;-49.16494;2126;21.17;32;8;FLAVIO BOLSONARO;PL;898;54,89;LULA;PT;643;39,30;15.21;643;29.1;40.4;53.2
to;SANTA ROSA DO TOCANTINS;Tocantins;Norte;-11.41904;-48.09553;4257;18.28;112;18;LULA;PT;1923;57,61;FLAVIO BOLSONARO;PL;1253;37,54;19.26;1253;29.1;45.5;52.6
to;SANTA TEREZA DO TOCANTINS;Tocantins;Norte;-10.28368;-47.79314;3061;15.13;92;13;FLAVIO BOLSONARO;PL;1296;52,01;LULA;PT;1049;42,09;9.51;1049;30.9;37.6;54.1
to;SANTA TEREZINHA DO TOCANTINS;Tocantins;Norte;-6.44055;-47.68788;2106;18.8;59;8;LULA;PT;913;55,70;FLAVIO BOLSONARO;PL;601;36,67;18.25;601;30.1;45.8;51.5
to;SILVANÓPOLIS;Tocantins;Norte;-11.14057;-48.12415;4865;17.27;111;17;LULA;PT;1834;47,20;FLAVIO BOLSONARO;PL;1827;47,01;0.17;1827;26.6;41.6;51.3
to;SUCUPIRA;Tocantins;Norte;-11.98742;-48.91117;1762;16.29;53;7;FLAVIO BOLSONARO;PL;725;51,35;LULA;PT;608;43,06;7.93;608;25.8;45.1;51.6
to;SÃO BENTO DO TOCANTINS;Tocantins;Norte;-6.0149;-47.95165;5456;19.78;107;21;LULA;PT;2518;59,54;FLAVIO BOLSONARO;PL;1476;34,90;23.81;1476;30.6;46.4;52.8
to;SÃO FÉLIX DO TOCANTINS;Tocantins;Norte;-10.16644;-46.63873;1852;15.77;56;8;LULA;PT;878;58,65;FLAVIO BOLSONARO;PL;510;34,07;23.59;510;31.8;37.5;53.7
to;SÃO MIGUEL DO TOCANTINS;Tocantins;Norte;-5.5465;-47.5424;9833;14.41;194;35;LULA;PT;4432;54,26;FLAVIO BOLSONARO;PL;3258;39,89;13.95;3258;30.7;44.8;49.7
to;SÃO SALVADOR DO TOCANTINS;Tocantins;Norte;-12.70183;-48.25366;2701;27.4;73;12;LULA;PT;1155;61,34;FLAVIO BOLSONARO;PL;586;31,12;29.02;586;27.1;46.7;52.8
to;SÃO SEBASTIÃO DO TOCANTINS;Tocantins;Norte;-5.25975;-48.21371;3364;18.88;85;13;LULA;PT;1712;65,24;FLAVIO BOLSONARO;PL;812;30,95;32.98;812;29.3;44.0;50.9
to;SÃO VALÉRIO;Tocantins;Norte;-11.90922;-48.2219;4075;22.11;95;16;LULA;PT;1792;58,60;FLAVIO BOLSONARO;PL;1087;35,55;22.21;1087;24.2;47.3;52.2
to;SÍTIO NOVO DO TOCANTINS;Tocantins;Norte;-5.59191;-47.64868;8078;16.69;171;33;LULA;PT;3992;61,38;FLAVIO BOLSONARO;PL;2187;33,63;26.82;2187;28.0;44.0;49.4
to;TABOCÃO;Tocantins;Norte;-9.05758;-48.52052;3073;19.2;81;11;FLAVIO BOLSONARO;PL;1131;47,48;LULA;PT;1114;46,77;0.68;1114;28.8;44.1;51.4
to;TAGUATINGA;Tocantins;Norte;-12.38767;-46.44286;11231;21.5;393;46;LULA;PT;4524;54,20;FLAVIO BOLSONARO;PL;3353;40,17;13.28;3353;25.6;51.9;49.9
to;TAIPAS DO TOCANTINS;Tocantins;Norte;-12.19528;-46.98914;2033;26.81;67;7;LULA;PT;973;69,25;FLAVIO BOLSONARO;PL;366;26,05;40.79;366;27.1;52.1;53.2
to;TALISMÃ;Tocantins;Norte;-12.75576;-49.08178;2560;24.41;56;12;FLAVIO BOLSONARO;PL;1008;53,93;LULA;PT;763;40,82;12.66;763;24.8;49.0;54.3
to;TOCANTINÓPOLIS;Tocantins;Norte;-6.32195;-47.44001;16077;16.9;347;67;LULA;PT;7921;61,49;FLAVIO BOLSONARO;PL;4330;33,61;26.88;4330;28.6;35.3;47.9
to;TOCANTÍNIA;Tocantins;Norte;-9.58757;-48.29072;5453;13.88;111;28;LULA;PT;3206;70,26;FLAVIO BOLSONARO;PL;1234;27,04;41.99;1234;34.5;39.8;50.9
to;TUPIRAMA;Tocantins;Norte;-8.97686;-48.18897;1851;18.37;45;8;LULA;PT;770;53,14;FLAVIO BOLSONARO;PL;619;42,72;9.99;619;26.5;42.2;54.4
to;TUPIRATINS;Tocantins;Norte;-8.39516;-48.11538;1797;18.92;50;7;LULA;PT;798;57,33;FLAVIO BOLSONARO;PL;526;37,79;18.67;526;25.7;52.0;53.8
to;WANDERLÂNDIA;Tocantins;Norte;-6.90356;-48.01427;7391;19.0;221;30;LULA;PT;2933;51,31;FLAVIO BOLSONARO;PL;2519;44,07;6.91;2519;25.7;44.8;51.1
to;XAMBIOÁ;Tocantins;Norte;-6.41319;-48.52913;8639;18.1;172;35;FLAVIO BOLSONARO;PL;3568;52,00;LULA;PT;3006;43,81;7.94;3006;26.8;40.4;49.7
